scenario,pathway,functional_unit,system_activity_database,system_activity_code,exchange_index,exchange_type,stage,material_code,flow_key,portable_mapping_key,provider_or_flow_name,provider_or_flow_database,provider_or_flow_code,provider_location,biosphere_categories,quantity_per_functional_unit,flow_unit,mass_allocation_fraction,mass_allocated_quantity_per_functional_unit,exchange_formula,exchange_comment,is_internal_zero_impact_link,include_in_lcia
s_c1,BC1,1 kilogram graphite,graphite_system,system::graphite_prod_char::graphtz_char,1,technosphere,"slow pyrolysis, biochar production, no byproduct",diesel,technosphere|ei39_cutoff|b613a0e604fce45d4146006a310d2872,technosphere::market for diesel::RoW::kilogram,market for diesel,ei39_cutoff,b613a0e604fce45d4146006a310d2872,RoW,,0.007136592719637666,kilogram,1.0,0.007136592719637666,tech__slow_pyrolysis_biochar_production_no_byproduct__market_for_diesel,"stage=slow pyrolysis, biochar production, no byproduct; provider_group=background",False,True
s_c1,BC1,1 kilogram graphite,graphite_system,system::graphite_prod_char::graphtz_char,2,technosphere,"slow pyrolysis, biochar production, no byproduct",N2,technosphere|ei39_cutoff|2ba127601085d3c181813d9d3c33b22a,"technosphere::market for nitrogen, liquid::RoW::kilogram","market for nitrogen, liquid",ei39_cutoff,2ba127601085d3c181813d9d3c33b22a,RoW,,0.024779835832075225,kilogram,1.0,0.024779835832075225,(0.024779835832075225)*stage_scale__slow_pyrolysis_biochar_production_no_byproduct,"stage=slow pyrolysis, biochar production, no byproduct; provider_group=background",False,True
s_c1,BC1,1 kilogram graphite,graphite_system,system::graphite_prod_char::graphtz_char,3,technosphere,"slow pyrolysis, biochar production, no byproduct",electricity,technosphere|ei39_cutoff|2df74714a5a7c8cc88d704fee4a848dd,"technosphere::market group for electricity, medium voltage::US::kilowatt hour","market group for electricity, medium voltage",ei39_cutoff,2df74714a5a7c8cc88d704fee4a848dd,US,,0.5940274878856957,kilowatt hour,1.0,0.5940274878856957,tech__slow_pyrolysis_biochar_production_no_byproduct__market_group_for_electricity_medium_voltage,"stage=slow pyrolysis, biochar production, no byproduct; provider_group=background",False,True
s_c1,BC1,1 kilogram graphite,graphite_system,system::graphite_prod_char::graphtz_char,4,technosphere,"treatment of waste water, waste water, to emit, in char graphite, no byproduct",,technosphere|ei39_cutoff|c2656868cbf6ba64e023684bbaf2f2a3,"technosphere::treatment of wastewater, average, wastewater treatment::RoW::cubic meter","treatment of wastewater, average, wastewater treatment",ei39_cutoff,c2656868cbf6ba64e023684bbaf2f2a3,RoW,,-0.0008984972462837766,cubic meter,1.0,-0.0008984972462837766,(-0.0008984972462837766)*stage_scale__treatment_of_waste_water_waste_water_to_emit_in_char_graphite_no_byproduct,"stage=treatment of waste water, waste water, to emit, in char graphite, no byproduct; provider_group=background",False,True
s_c1,BC1,1 kilogram graphite,graphite_system,system::graphite_prod_char::graphtz_char,5,technosphere,"residues production, forestry residue",,technosphere|ei39_cutoff|289eaaf5e6f8ef0f5df16e297e913692,"technosphere::hardwood forestry, beech, sustainable forest management::RoW::kilogram","hardwood forestry, beech, sustainable forest management",ei39_cutoff,289eaaf5e6f8ef0f5df16e297e913692,RoW,,0.2643182365144131,kilogram,1.0,0.2643182365144131,(0.2643182365144131)*stage_scale__residues_production_forestry_residue,"stage=residues production, forestry residue; provider_group=background",False,True
s_c1,BC1,1 kilogram graphite,graphite_system,system::graphite_prod_char::graphtz_char,6,technosphere,"residues production, forestry residue",,technosphere|ei39_cutoff|cc629a57d77e951cdca1ee8b9abb4d32,"technosphere::hardwood forestry, birch, sustainable forest management::RoW::kilogram","hardwood forestry, birch, sustainable forest management",ei39_cutoff,cc629a57d77e951cdca1ee8b9abb4d32,RoW,,0.2643182365144131,kilogram,1.0,0.2643182365144131,(0.2643182365144131)*stage_scale__residues_production_forestry_residue,"stage=residues production, forestry residue; provider_group=background",False,True
s_c1,BC1,1 kilogram graphite,graphite_system,system::graphite_prod_char::graphtz_char,7,technosphere,"residues production, forestry residue",,technosphere|ei39_cutoff|39637a65852c08973cb0b45962f74e09,"technosphere::hardwood forestry, eucalyptus ssp., planted forest management::RoW::kilogram","hardwood forestry, eucalyptus ssp., planted forest management",ei39_cutoff,39637a65852c08973cb0b45962f74e09,RoW,,0.2643182365144131,kilogram,1.0,0.2643182365144131,(0.2643182365144131)*stage_scale__residues_production_forestry_residue,"stage=residues production, forestry residue; provider_group=background",False,True
s_c1,BC1,1 kilogram graphite,graphite_system,system::graphite_prod_char::graphtz_char,8,technosphere,"residues production, forestry residue",,technosphere|ei39_cutoff|c655f5b0ff84702a0077ad38fdf4f750,"technosphere::hardwood forestry, oak, sustainable forest management::RoW::kilogram","hardwood forestry, oak, sustainable forest management",ei39_cutoff,c655f5b0ff84702a0077ad38fdf4f750,RoW,,0.2643182365144131,kilogram,1.0,0.2643182365144131,(0.2643182365144131)*stage_scale__residues_production_forestry_residue,"stage=residues production, forestry residue; provider_group=background",False,True
s_c1,BC1,1 kilogram graphite,graphite_system,system::graphite_prod_char::graphtz_char,9,technosphere,"residues production, forestry residue",,technosphere|ei39_cutoff|7f63fa1d975fd20397933993cfe1bbf2,"technosphere::softwood forestry, pine, sustainable forest management::RoW::kilogram","softwood forestry, pine, sustainable forest management",ei39_cutoff,7f63fa1d975fd20397933993cfe1bbf2,RoW,,0.2643182365144131,kilogram,1.0,0.2643182365144131,(0.2643182365144131)*stage_scale__residues_production_forestry_residue,"stage=residues production, forestry residue; provider_group=background",False,True
s_c1,BC1,1 kilogram graphite,graphite_system,system::graphite_prod_char::graphtz_char,10,technosphere,"residues production, forestry residue",,technosphere|ei39_cutoff|a54115ba044e5f4394c78824ef3e2c6f,"technosphere::softwood forestry, spruce, sustainable forest management::RoW::kilogram","softwood forestry, spruce, sustainable forest management",ei39_cutoff,a54115ba044e5f4394c78824ef3e2c6f,RoW,,0.2643182365144131,kilogram,1.0,0.2643182365144131,(0.2643182365144131)*stage_scale__residues_production_forestry_residue,"stage=residues production, forestry residue; provider_group=background",False,True
s_c1,BC1,1 kilogram graphite,graphite_system,system::graphite_prod_char::graphtz_char,11,technosphere,"pulpwood chips production, poplar",,technosphere|ei39_cutoff|8fcd322e3bfcf29cc506c34e95336f81,"technosphere::willow production, short rotation coppice::RoW::kilogram","willow production, short rotation coppice",ei39_cutoff,8fcd322e3bfcf29cc506c34e95336f81,RoW,,2.2301851113591526,kilogram,1.0,2.2301851113591526,(2.2301851113591526)*stage_scale__pulpwood_chips_production_poplar,"stage=pulpwood chips production, poplar; provider_group=background",False,True
s_c1,BC1,1 kilogram graphite,graphite_system,system::graphite_prod_char::graphtz_char,12,technosphere,"waste processing and sorting, construction and demolition",,technosphere|ei39_cutoff|2df74714a5a7c8cc88d704fee4a848dd,"technosphere::market group for electricity, medium voltage::US::kilowatt hour","market group for electricity, medium voltage",ei39_cutoff,2df74714a5a7c8cc88d704fee4a848dd,US,,4.743785679780109e-06,kilowatt hour,1.0,4.743785679780109e-06,tech__waste_processing_and_sorting_construction_and_demolition__market_group_for_electricity_medium_voltage,"stage=waste processing and sorting, construction and demolition; provider_group=background",False,True
s_c1,BC1,1 kilogram graphite,graphite_system,system::graphite_prod_char::graphtz_char,13,technosphere,"waste processing and sorting, construction and demolition",,technosphere|ei39_cutoff|b613a0e604fce45d4146006a310d2872,technosphere::market for diesel::RoW::kilogram,market for diesel,ei39_cutoff,b613a0e604fce45d4146006a310d2872,RoW,,0.00961260060610376,kilogram,1.0,0.00961260060610376,tech__waste_processing_and_sorting_construction_and_demolition__market_for_diesel,"stage=waste processing and sorting, construction and demolition; provider_group=background",False,True
s_c1,BC1,1 kilogram graphite,graphite_system,system::graphite_prod_char::graphtz_char,14,technosphere,"farming and harvest, switchgrass",,technosphere|ei39_cutoff|3ee7c8858925e7de6a8ca0eb548143f7,"technosphere::market for inorganic nitrogen fertiliser, as N::US::kilogram","market for inorganic nitrogen fertiliser, as N",ei39_cutoff,3ee7c8858925e7de6a8ca0eb548143f7,US,,0.0007993518672560802,kilogram,1.0,0.0007993518672560802,(0.0007993518672560802)*stage_scale__farming_and_harvest_switchgrass,"stage=farming and harvest, switchgrass; provider_group=background",False,True
s_c1,BC1,1 kilogram graphite,graphite_system,system::graphite_prod_char::graphtz_char,15,technosphere,"farming and harvest, switchgrass",,technosphere|ei39_cutoff|697927891e43c4b12144bd4422a3a4a0,"technosphere::market for inorganic phosphorus fertiliser, as P2O5::US::kilogram","market for inorganic phosphorus fertiliser, as P2O5",ei39_cutoff,697927891e43c4b12144bd4422a3a4a0,US,,0.00037822739397764345,kilogram,1.0,0.00037822739397764345,(0.00037822739397764345)*stage_scale__farming_and_harvest_switchgrass,"stage=farming and harvest, switchgrass; provider_group=background",False,True
s_c1,BC1,1 kilogram graphite,graphite_system,system::graphite_prod_char::graphtz_char,16,technosphere,"farming and harvest, switchgrass",,technosphere|ei39_cutoff|0123b5c80d7e3ceeab025ca4b17ad9aa,"technosphere::market for inorganic potassium fertiliser, as K2O::US::kilogram","market for inorganic potassium fertiliser, as K2O",ei39_cutoff,0123b5c80d7e3ceeab025ca4b17ad9aa,US,,0.0005245190678013266,kilogram,1.0,0.0005245190678013266,(0.0005245190678013266)*stage_scale__farming_and_harvest_switchgrass,"stage=farming and harvest, switchgrass; provider_group=background",False,True
s_c1,BC1,1 kilogram graphite,graphite_system,system::graphite_prod_char::graphtz_char,17,technosphere,"farming and harvest, switchgrass",,technosphere|ei39_cutoff|7b62e459ae2e302a703a92dd474a8342,technosphere::market for glyphosate::GLO::kilogram,market for glyphosate,ei39_cutoff,7b62e459ae2e302a703a92dd474a8342,GLO,,8.702813075364455e-06,kilogram,1.0,8.702813075364455e-06,(8.702813075364455e-06)*stage_scale__farming_and_harvest_switchgrass,"stage=farming and harvest, switchgrass; provider_group=background",False,True
s_c1,BC1,1 kilogram graphite,graphite_system,system::graphite_prod_char::graphtz_char,18,technosphere,"farming and harvest, switchgrass",,technosphere|ei39_cutoff|bc2c53ca3fe04d0ed1ff8a1a7706871a,"technosphere::market for calcium carbonate, precipitated::RoW::kilogram","market for calcium carbonate, precipitated",ei39_cutoff,bc2c53ca3fe04d0ed1ff8a1a7706871a,RoW,,0.0009582560995570671,kilogram,1.0,0.0009582560995570671,(0.0009582560995570671)*stage_scale__farming_and_harvest_switchgrass,"stage=farming and harvest, switchgrass; provider_group=background",False,True
s_c1,BC1,1 kilogram graphite,graphite_system,system::graphite_prod_char::graphtz_char,19,technosphere,"farming and harvest, switchgrass",,technosphere|ei39_cutoff|22db46f6ba1211c058e4da0ac386d3e7,"technosphere::market for polyethylene, high density, granulate::GLO::kilogram","market for polyethylene, high density, granulate",ei39_cutoff,22db46f6ba1211c058e4da0ac386d3e7,GLO,,5.530859017258382e-05,kilogram,1.0,5.530859017258382e-05,(5.530859017258382e-05)*stage_scale__farming_and_harvest_switchgrass,"stage=farming and harvest, switchgrass; provider_group=background",False,True
s_c1,BC1,1 kilogram graphite,graphite_system,system::graphite_prod_char::graphtz_char,20,technosphere,"farming and harvest, switchgrass",,technosphere|ei39_cutoff|b613a0e604fce45d4146006a310d2872,technosphere::market for diesel::RoW::kilogram,market for diesel,ei39_cutoff,b613a0e604fce45d4146006a310d2872,RoW,,0.0011501045828183336,kilogram,1.0,0.0011501045828183336,tech__farming_and_harvest_switchgrass__market_for_diesel,"stage=farming and harvest, switchgrass; provider_group=background",False,True
s_c1,BC1,1 kilogram graphite,graphite_system,system::graphite_prod_char::graphtz_char,21,technosphere,"graphite production, from char, no byproduct",Fe,technosphere|ei39_cutoff|6d9198849efff1e8d431ca2bd2837440,"technosphere::market for iron(III) chloride, without water, in 14% iron solution state::GLO::kilogram","market for iron(III) chloride, without water, in 14% iron solution state",ei39_cutoff,6d9198849efff1e8d431ca2bd2837440,GLO,,2.6010537232865563,kilogram,1.0,2.6010537232865563,tech__graphite_production_from_char_no_byproduct__market_for_iron_III_chloride_without_water_in_14_iron_solution_state,"stage=graphite production, from char, no byproduct; provider_group=background",False,True
s_c1,BC1,1 kilogram graphite,graphite_system,system::graphite_prod_char::graphtz_char,22,technosphere,"graphite production, from char, no byproduct",HCl,technosphere|ei39_cutoff|00d51d61fff9d552854a91bd45ad14c4,"technosphere::market for hydrochloric acid, without water, in 30% solution state::RoW::kilogram","market for hydrochloric acid, without water, in 30% solution state",ei39_cutoff,00d51d61fff9d552854a91bd45ad14c4,RoW,,0.19911093687789042,kilogram,1.0,0.19911093687789042,tech__graphite_production_from_char_no_byproduct__market_for_hydrochloric_acid_without_water_in_30_solution_state,"stage=graphite production, from char, no byproduct; provider_group=background",False,True
s_c1,BC1,1 kilogram graphite,graphite_system,system::graphite_prod_char::graphtz_char,23,technosphere,"graphite production, from char, no byproduct",electricity,technosphere|ei39_cutoff|2df74714a5a7c8cc88d704fee4a848dd,"technosphere::market group for electricity, medium voltage::US::kilowatt hour","market group for electricity, medium voltage",ei39_cutoff,2df74714a5a7c8cc88d704fee4a848dd,US,,4.974913366253389,kilowatt hour,1.0,4.974913366253389,tech__graphite_production_from_char_no_byproduct__market_group_for_electricity_medium_voltage,"stage=graphite production, from char, no byproduct; provider_group=background",False,True
s_c1,BC1,1 kilogram graphite,graphite_system,system::graphite_prod_char::graphtz_char,24,technosphere,"graphite production, from char, no byproduct",diesel,technosphere|ei39_cutoff|b613a0e604fce45d4146006a310d2872,technosphere::market for diesel::RoW::kilogram,market for diesel,ei39_cutoff,b613a0e604fce45d4146006a310d2872,RoW,,0.0034061417804942995,kilogram,1.0,0.0034061417804942995,tech__graphite_production_from_char_no_byproduct__market_for_diesel,"stage=graphite production, from char, no byproduct; provider_group=background",False,True
s_c1,BC1,1 kilogram graphite,graphite_system,system::graphite_prod_char::graphtz_char,25,technosphere,"graphite production, from char, no byproduct",natural gas,technosphere|ei39_cutoff|d324aeab28dcbaa4635f5ed8a617cd7f,"technosphere::market for natural gas, high pressure::US::cubic meter","market for natural gas, high pressure",ei39_cutoff,d324aeab28dcbaa4635f5ed8a617cd7f,US,,0.15970194349358846,cubic meter,1.0,0.15970194349358846,tech__graphite_production_from_char_no_byproduct__market_for_natural_gas_high_pressure,"stage=graphite production, from char, no byproduct; provider_group=background",False,True
s_c1,BC1,1 kilogram graphite,graphite_system,system::graphite_prod_char::graphtz_char,26,technosphere,"graphite production, from char, no byproduct",NaOH,technosphere|ei39_cutoff|2f298d6798217ca204f60bdc1efe8ea1,"technosphere::market for sodium hydroxide, without water, in 50% solution state::GLO::kilogram","market for sodium hydroxide, without water, in 50% solution state",ei39_cutoff,2f298d6798217ca204f60bdc1efe8ea1,GLO,,0.23550755974804244,kilogram,1.0,0.23550755974804244,(0.23550755974804244)*stage_scale__graphite_production_from_char_no_byproduct,"stage=graphite production, from char, no byproduct; provider_group=background",False,True
s_c1,BC1,1 kilogram graphite,graphite_system,system::graphite_prod_char::graphtz_char,27,technosphere,"upstream residues collection and production, biomass residues",diesel,technosphere|ei39_cutoff|b613a0e604fce45d4146006a310d2872,technosphere::market for diesel::RoW::kilogram,market for diesel,ei39_cutoff,b613a0e604fce45d4146006a310d2872,RoW,,0.01376036640078405,kilogram,1.0,0.01376036640078405,tech__upstream_residues_collection_and_production_biomass_residues__market_for_diesel,"stage=upstream residues collection and production, biomass residues; provider_group=background",False,True
s_c1,BC1,1 kilogram graphite,graphite_system,system::graphite_prod_char::graphtz_char,28,biosphere,"slow pyrolysis, biochar production, no byproduct",,biosphere|biosphere3|af01e564-f816-4906-bd4f-b7c932f926b9,biosphere::Oxygen::natural resource > in air::kilogram,Oxygen,biosphere3,af01e564-f816-4906-bd4f-b7c932f926b9,,natural resource > in air,4.340526174944945,kilogram,1.0,4.340526174944945,(4.340526174944945)*stage_scale__slow_pyrolysis_biochar_production_no_byproduct,"stage=slow pyrolysis, biochar production, no byproduct; provider_group=biosphere",False,True
s_c1,BC1,1 kilogram graphite,graphite_system,system::graphite_prod_char::graphtz_char,29,biosphere,"slow pyrolysis, biochar production, no byproduct",,biosphere|graphite_prod_char|bio_co2,biosphere::biogenic co2::inventory indicator > output flow::kilogram,biogenic co2,graphite_prod_char,bio_co2,,inventory indicator > output flow,5.505107838732139,kilogram,1.0,5.505107838732139,(5.505107838732139)*stage_scale__slow_pyrolysis_biochar_production_no_byproduct,"stage=slow pyrolysis, biochar production, no byproduct; provider_group=biosphere",False,True
s_c1,BC1,1 kilogram graphite,graphite_system,system::graphite_prod_char::graphtz_char,30,biosphere,"slow pyrolysis, biochar production, no byproduct",,biosphere|graphite_prod_char|ncg_graphtz,"biosphere::non-condensable gas, graphitization::inventory indicator > output flow::kilogram","non-condensable gas, graphitization",graphite_prod_char,ncg_graphtz,,inventory indicator > output flow,-0.2099251807780567,kilogram,1.0,-0.2099251807780567,(-0.2099251807780567)*stage_scale__slow_pyrolysis_biochar_production_no_byproduct,"stage=slow pyrolysis, biochar production, no byproduct; provider_group=biosphere",False,True
s_c1,BC1,1 kilogram graphite,graphite_system,system::graphite_prod_char::graphtz_char,31,biosphere,"treatment of waste water, waste water, to emit, in char graphite, no byproduct",wwt,biosphere|graphite_prod_char|water_wwt,"biosphere::water out, from waste water management::inventory indicator > output flow::kilogram","water out, from waste water management",graphite_prod_char,water_wwt,,inventory indicator > output flow,0.7187977970270213,kilogram,1.0,0.7187977970270213,(0.7187977970270213)*stage_scale__treatment_of_waste_water_waste_water_to_emit_in_char_graphite_no_byproduct,"stage=treatment of waste water, waste water, to emit, in char graphite, no byproduct; provider_group=biosphere",False,True
s_c1,BC1,1 kilogram graphite,graphite_system,system::graphite_prod_char::graphtz_char,32,biosphere,"graphite production, from char, no byproduct",,biosphere|biosphere3|f9749677-9c9f-4678-ab55-c607dfdc2cb9,"biosphere::Carbon dioxide, fossil::air > urban air close to ground::kilogram","Carbon dioxide, fossil",biosphere3,f9749677-9c9f-4678-ab55-c607dfdc2cb9,,air > urban air close to ground,0.30710684772288754,kilogram,1.0,0.30710684772288754,(0.30710684772288754)*stage_scale__graphite_production_from_char_no_byproduct,"stage=graphite production, from char, no byproduct; provider_group=biosphere",False,True
s_c1,BC1,1 kilogram graphite,graphite_system,system::graphite_prod_char::graphtz_char,33,biosphere,"graphite production, from char, no byproduct",,biosphere|biosphere3|5f7aad3d-566c-4d0d-ad59-e765f971aa0f,"biosphere::Methane, fossil::air > urban air close to ground::kilogram","Methane, fossil",biosphere3,5f7aad3d-566c-4d0d-ad59-e765f971aa0f,,air > urban air close to ground,5.813150939736405e-06,kilogram,1.0,5.813150939736405e-06,(5.813150939736405e-06)*stage_scale__graphite_production_from_char_no_byproduct,"stage=graphite production, from char, no byproduct; provider_group=biosphere",False,True
s_c1,BC1,1 kilogram graphite,graphite_system,system::graphite_prod_char::graphtz_char,34,biosphere,"graphite production, from char, no byproduct",,biosphere|biosphere3|6dc1b46f-ee89-4495-95c4-b8a637bcd6cb,biosphere::Dinitrogen monoxide::air > urban air close to ground::kilogram,Dinitrogen monoxide,biosphere3,6dc1b46f-ee89-4495-95c4-b8a637bcd6cb,,air > urban air close to ground,5.637478795953162e-07,kilogram,1.0,5.637478795953162e-07,(5.637478795953162e-07)*stage_scale__graphite_production_from_char_no_byproduct,"stage=graphite production, from char, no byproduct; provider_group=biosphere",False,True
s_c1,BC1,1 kilogram graphite,graphite_system,system::graphite_prod_char::graphtz_char,35,biosphere,"waste processing and sorting, construction and demolition",,biosphere|graphite_prod_char|consdem_res,"biosphere::waste, construction and demolition::emission > soil::kilogram","waste, construction and demolition",graphite_prod_char,consdem_res,,emission > soil,0.9911934091933589,kilogram,1.0,0.9911934091933589,(0.9911934091933589)*stage_scale__waste_processing_and_sorting_construction_and_demolition,"stage=waste processing and sorting, construction and demolition; provider_group=biosphere",False,True
s_c1,BC1,1 kilogram graphite,graphite_system,system::graphite_prod_char::graphtz_char,36,biosphere,"farming and harvest, switchgrass",,biosphere|biosphere3|afd6d670-bbb0-4625-9730-04088a5b035e,biosphere::Dinitrogen monoxide::air > non-urban air or from high stacks::kilogram,Dinitrogen monoxide,biosphere3,afd6d670-bbb0-4625-9730-04088a5b035e,,air > non-urban air or from high stacks,1.7459751945543584e-06,kilogram,1.0,1.7459751945543584e-06,(1.7459751945543584e-06)*stage_scale__farming_and_harvest_switchgrass,"stage=farming and harvest, switchgrass; provider_group=biosphere",False,True
s_c1,BC1,1 kilogram graphite,graphite_system,system::graphite_prod_char::graphtz_char,37,biosphere,"farming and harvest, switchgrass",,biosphere|biosphere3|77357947-ccc5-438e-9996-95e65e1e1bce,biosphere::Nitrogen oxides::air > non-urban air or from high stacks::kilogram,Nitrogen oxides,biosphere3,77357947-ccc5-438e-9996-95e65e1e1bce,,air > non-urban air or from high stacks,1.2633259030131998e-06,kilogram,1.0,1.2633259030131998e-06,(1.2633259030131998e-06)*stage_scale__farming_and_harvest_switchgrass,"stage=farming and harvest, switchgrass; provider_group=biosphere",False,True
s_c1,BC1,1 kilogram graphite,graphite_system,system::graphite_prod_char::graphtz_char,38,biosphere,"graphite production, from char, no byproduct",water,biosphere|biosphere3|8c1494a5-4987-4715-aa2d-1908c495f4eb,"biosphere::Water, turbine use, unspecified natural origin::natural resource > in water::cubic meter","Water, turbine use, unspecified natural origin",biosphere3,8c1494a5-4987-4715-aa2d-1908c495f4eb,,natural resource > in water,0.0015436450052576237,cubic meter,1.0,0.0015436450052576237,(0.0015436450052576237)*stage_scale__graphite_production_from_char_no_byproduct,"stage=graphite production, from char, no byproduct; provider_group=biosphere",False,True
s_c1,BC1,1 kilogram graphite,graphite_system,system::graphite_prod_char::graphtz_char,39,biosphere,"graphite production, from char, no byproduct",HCl,biosphere|graphite_prod_char|water_chem,"biosphere::water, in chemical::inventory indicator > output flow::kilogram","water, in chemical",graphite_prod_char,water_chem,,inventory indicator > output flow,0.7000997457964534,kilogram,1.0,0.7000997457964534,(0.7000997457964534)*stage_scale__graphite_production_from_char_no_byproduct,"stage=graphite production, from char, no byproduct; provider_group=biosphere",False,True
s_c1,BC1,1 kilogram graphite,graphite_system,system::graphite_prod_char::graphtz_char,40,biosphere,"graphite production, from char, no byproduct",,biosphere|graphite_prod_char|ncg_graphtz,"biosphere::non-condensable gas, graphitization::inventory indicator > output flow::kilogram","non-condensable gas, graphitization",graphite_prod_char,ncg_graphtz,,inventory indicator > output flow,0.2099251807780567,kilogram,1.0,0.2099251807780567,(0.2099251807780567)*stage_scale__graphite_production_from_char_no_byproduct,"stage=graphite production, from char, no byproduct; provider_group=biosphere",False,True
s_c1,BC1,1 kilogram graphite,graphite_system,system::graphite_prod_char::graphtz_char,41,biosphere,"graphite production, from char, no byproduct",solid disposal,biosphere|graphite_prod_char|solids_wwt,"biosphere::solids, from waste water management::inventory indicator > output flow::kilogram","solids, from waste water management",graphite_prod_char,solids_wwt,,inventory indicator > output flow,0.08113161049678415,kilogram,1.0,0.08113161049678415,(0.08113161049678415)*stage_scale__graphite_production_from_char_no_byproduct,"stage=graphite production, from char, no byproduct; provider_group=biosphere",False,True
s_c2,BC2,1 kilogram graphite,graphite_system,system::graphite_prod_char::graphtz_char_alloc,1,technosphere,"upstream residues collection and production, biomass residues",diesel,technosphere|ei39_cutoff|b613a0e604fce45d4146006a310d2872,technosphere::market for diesel::RoW::kilogram,market for diesel,ei39_cutoff,b613a0e604fce45d4146006a310d2872,RoW,,0.013760366400784053,kilogram,0.7370271109743906,0.010141763094318943,tech__upstream_residues_collection_and_production_biomass_residues__market_for_diesel,"stage=upstream residues collection and production, biomass residues; provider_group=background",False,True
s_c2,BC2,1 kilogram graphite,graphite_system,system::graphite_prod_char::graphtz_char_alloc,2,technosphere,NiMoAl2O3 catalyst production,,technosphere|ei39_cutoff|4347b9665d0aea69c7956fa09ac8db07,"technosphere::market for nickel, class 1::GLO::kilogram","market for nickel, class 1",ei39_cutoff,4347b9665d0aea69c7956fa09ac8db07,GLO,,2.5661690495357953e-06,kilogram,0.7370271109743906,1.891336160851265e-06,(2.5661690495357953e-06)*stage_scale__NiMoAl2O3_catalyst_production,stage=NiMoAl2O3 catalyst production; provider_group=background,False,True
s_c2,BC2,1 kilogram graphite,graphite_system,system::graphite_prod_char::graphtz_char_alloc,3,technosphere,NiMoAl2O3 catalyst production,,technosphere|ei39_cutoff|052eca926bd9d9041df3b9325e33e8b7,technosphere::market for molybdenum trioxide::GLO::kilogram,market for molybdenum trioxide,ei39_cutoff,052eca926bd9d9041df3b9325e33e8b7,GLO,,1.225876934491622e-05,kilogram,0.7370271109743906,9.035045354385023e-06,(1.225876934491622e-05)*stage_scale__NiMoAl2O3_catalyst_production,stage=NiMoAl2O3 catalyst production; provider_group=background,False,True
s_c2,BC2,1 kilogram graphite,graphite_system,system::graphite_prod_char::graphtz_char_alloc,4,technosphere,NiMoAl2O3 catalyst production,,technosphere|ei39_cutoff|c819ffd8b2666db32408aadf99fc96cb,"technosphere::market for aluminium oxide, metallurgical::RoW::kilogram","market for aluminium oxide, metallurgical",ei39_cutoff,c819ffd8b2666db32408aadf99fc96cb,RoW,,6.619735446254759e-05,kilogram,0.7370271109743906,4.878924491367913e-05,(6.619735446254759e-05)*stage_scale__NiMoAl2O3_catalyst_production,stage=NiMoAl2O3 catalyst production; provider_group=background,False,True
s_c2,BC2,1 kilogram graphite,graphite_system,system::graphite_prod_char::graphtz_char_alloc,5,technosphere,biooil upgrade to fuel,electricity,technosphere|ei39_cutoff|2df74714a5a7c8cc88d704fee4a848dd,"technosphere::market group for electricity, medium voltage::US::kilowatt hour","market group for electricity, medium voltage",ei39_cutoff,2df74714a5a7c8cc88d704fee4a848dd,US,,0.24145478263954012,kilowatt hour,0.7370271109743906,0.1779587208797697,tech__biooil_upgrade_to_fuel__market_group_for_electricity_medium_voltage,stage=biooil upgrade to fuel; provider_group=background,False,True
s_c2,BC2,1 kilogram graphite,graphite_system,system::graphite_prod_char::graphtz_char_alloc,6,technosphere,biooil upgrade to fuel,H2S,technosphere|ei39_cutoff|2f509df8e5e4d5702ca6da6967c537a7,technosphere::market for hydrogen sulfide::RoW::kilogram,market for hydrogen sulfide,ei39_cutoff,2f509df8e5e4d5702ca6da6967c537a7,RoW,,4.9559671664150355e-05,kilogram,0.7370271109743906,3.6526821627468104e-05,(4.9559671664150355e-05)*stage_scale__biooil_upgrade_to_fuel,stage=biooil upgrade to fuel; provider_group=background,False,True
s_c2,BC2,1 kilogram graphite,graphite_system,system::graphite_prod_char::graphtz_char_alloc,7,technosphere,"treatment of waste water, waste water, to emit, in char graphite",electricity,technosphere|ei39_cutoff|2df74714a5a7c8cc88d704fee4a848dd,"technosphere::market group for electricity, medium voltage::US::kilowatt hour","market group for electricity, medium voltage",ei39_cutoff,2df74714a5a7c8cc88d704fee4a848dd,US,,0.009155418240503763,kilowatt hour,0.7370271109743906,0.006747791455560727,tech__treatment_of_waste_water_waste_water_to_emit_in_char_graphite__market_group_for_electricity_medium_voltage,"stage=treatment of waste water, waste water, to emit, in char graphite; provider_group=background",False,True
s_c2,BC2,1 kilogram graphite,graphite_system,system::graphite_prod_char::graphtz_char_alloc,8,technosphere,"pulpwood chips production, poplar",,technosphere|ei39_cutoff|8fcd322e3bfcf29cc506c34e95336f81,"technosphere::willow production, short rotation coppice::RoW::kilogram","willow production, short rotation coppice",ei39_cutoff,8fcd322e3bfcf29cc506c34e95336f81,RoW,,2.230185111359153,kilogram,0.7370271109743906,1.6437068895631362,(2.230185111359153)*stage_scale__pulpwood_chips_production_poplar,"stage=pulpwood chips production, poplar; provider_group=background",False,True
s_c2,BC2,1 kilogram graphite,graphite_system,system::graphite_prod_char::graphtz_char_alloc,9,technosphere,"farming and harvest, switchgrass",,technosphere|ei39_cutoff|3ee7c8858925e7de6a8ca0eb548143f7,"technosphere::market for inorganic nitrogen fertiliser, as N::US::kilogram","market for inorganic nitrogen fertiliser, as N",ei39_cutoff,3ee7c8858925e7de6a8ca0eb548143f7,US,,0.0007993518672560803,kilogram,0.7370271109743906,0.0005891439973757334,(0.0007993518672560803)*stage_scale__farming_and_harvest_switchgrass,"stage=farming and harvest, switchgrass; provider_group=background",False,True
s_c2,BC2,1 kilogram graphite,graphite_system,system::graphite_prod_char::graphtz_char_alloc,10,technosphere,"farming and harvest, switchgrass",,technosphere|ei39_cutoff|697927891e43c4b12144bd4422a3a4a0,"technosphere::market for inorganic phosphorus fertiliser, as P2O5::US::kilogram","market for inorganic phosphorus fertiliser, as P2O5",ei39_cutoff,697927891e43c4b12144bd4422a3a4a0,US,,0.0003782273939776435,kilogram,0.7370271109743906,0.0002787638434747152,(0.0003782273939776435)*stage_scale__farming_and_harvest_switchgrass,"stage=farming and harvest, switchgrass; provider_group=background",False,True
s_c2,BC2,1 kilogram graphite,graphite_system,system::graphite_prod_char::graphtz_char_alloc,11,technosphere,"farming and harvest, switchgrass",,technosphere|ei39_cutoff|0123b5c80d7e3ceeab025ca4b17ad9aa,"technosphere::market for inorganic potassium fertiliser, as K2O::US::kilogram","market for inorganic potassium fertiliser, as K2O",ei39_cutoff,0123b5c80d7e3ceeab025ca4b17ad9aa,US,,0.0005245190678013267,kilogram,0.7370271109743906,0.0003865847731925923,(0.0005245190678013267)*stage_scale__farming_and_harvest_switchgrass,"stage=farming and harvest, switchgrass; provider_group=background",False,True
s_c2,BC2,1 kilogram graphite,graphite_system,system::graphite_prod_char::graphtz_char_alloc,12,technosphere,"farming and harvest, switchgrass",,technosphere|ei39_cutoff|7b62e459ae2e302a703a92dd474a8342,technosphere::market for glyphosate::GLO::kilogram,market for glyphosate,ei39_cutoff,7b62e459ae2e302a703a92dd474a8342,GLO,,8.702813075364456e-06,kilogram,0.7370271109743906,6.414209178286016e-06,(8.702813075364456e-06)*stage_scale__farming_and_harvest_switchgrass,"stage=farming and harvest, switchgrass; provider_group=background",False,True
s_c2,BC2,1 kilogram graphite,graphite_system,system::graphite_prod_char::graphtz_char_alloc,13,technosphere,"farming and harvest, switchgrass",,technosphere|ei39_cutoff|bc2c53ca3fe04d0ed1ff8a1a7706871a,"technosphere::market for calcium carbonate, precipitated::RoW::kilogram","market for calcium carbonate, precipitated",ei39_cutoff,bc2c53ca3fe04d0ed1ff8a1a7706871a,RoW,,0.0009582560995570673,kilogram,0.7370271109743906,0.0007062607246301334,(0.0009582560995570673)*stage_scale__farming_and_harvest_switchgrass,"stage=farming and harvest, switchgrass; provider_group=background",False,True
s_c2,BC2,1 kilogram graphite,graphite_system,system::graphite_prod_char::graphtz_char_alloc,14,technosphere,"farming and harvest, switchgrass",,technosphere|ei39_cutoff|22db46f6ba1211c058e4da0ac386d3e7,"technosphere::market for polyethylene, high density, granulate::GLO::kilogram","market for polyethylene, high density, granulate",ei39_cutoff,22db46f6ba1211c058e4da0ac386d3e7,GLO,,5.530859017258383e-05,kilogram,0.7370271109743906,4.076393042696603e-05,(5.530859017258383e-05)*stage_scale__farming_and_harvest_switchgrass,"stage=farming and harvest, switchgrass; provider_group=background",False,True
s_c2,BC2,1 kilogram graphite,graphite_system,system::graphite_prod_char::graphtz_char_alloc,15,technosphere,"farming and harvest, switchgrass",,technosphere|ei39_cutoff|b613a0e604fce45d4146006a310d2872,technosphere::market for diesel::RoW::kilogram,market for diesel,ei39_cutoff,b613a0e604fce45d4146006a310d2872,RoW,,0.0011501045828183338,kilogram,0.7370271109743906,0.0008476582579930033,tech__farming_and_harvest_switchgrass__market_for_diesel,"stage=farming and harvest, switchgrass; provider_group=background",False,True
s_c2,BC2,1 kilogram graphite,graphite_system,system::graphite_prod_char::graphtz_char_alloc,16,technosphere,"treatment of NCG, hydrogen production, in char graphite",electricity,technosphere|ei39_cutoff|2df74714a5a7c8cc88d704fee4a848dd,"technosphere::market group for electricity, medium voltage::US::kilowatt hour","market group for electricity, medium voltage",ei39_cutoff,2df74714a5a7c8cc88d704fee4a848dd,US,,0.21949395904021676,kilowatt hour,0.7370271109743906,0.16177299850774218,tech__treatment_of_NCG_hydrogen_production_in_char_graphite__market_group_for_electricity_medium_voltage,"stage=treatment of NCG, hydrogen production, in char graphite; provider_group=background",False,True
s_c2,BC2,1 kilogram graphite,graphite_system,system::graphite_prod_char::graphtz_char_alloc,17,technosphere,"waste processing and sorting, construction and demolition",,technosphere|ei39_cutoff|2df74714a5a7c8cc88d704fee4a848dd,"technosphere::market group for electricity, medium voltage::US::kilowatt hour","market group for electricity, medium voltage",ei39_cutoff,2df74714a5a7c8cc88d704fee4a848dd,US,,4.74378567978011e-06,kilowatt hour,0.7370271109743906,3.49629865465002e-06,tech__waste_processing_and_sorting_construction_and_demolition__market_group_for_electricity_medium_voltage,"stage=waste processing and sorting, construction and demolition; provider_group=background",False,True
s_c2,BC2,1 kilogram graphite,graphite_system,system::graphite_prod_char::graphtz_char_alloc,18,technosphere,"waste processing and sorting, construction and demolition",,technosphere|ei39_cutoff|b613a0e604fce45d4146006a310d2872,technosphere::market for diesel::RoW::kilogram,market for diesel,ei39_cutoff,b613a0e604fce45d4146006a310d2872,RoW,,0.009612600606103762,kilogram,0.7370271109743906,0.007084747253667331,tech__waste_processing_and_sorting_construction_and_demolition__market_for_diesel,"stage=waste processing and sorting, construction and demolition; provider_group=background",False,True
s_c2,BC2,1 kilogram graphite,graphite_system,system::graphite_prod_char::graphtz_char_alloc,19,technosphere,"slow pyrolysis, biochar production, biooil as byproduct",diesel,technosphere|ei39_cutoff|b613a0e604fce45d4146006a310d2872,technosphere::market for diesel::RoW::kilogram,market for diesel,ei39_cutoff,b613a0e604fce45d4146006a310d2872,RoW,,0.007136592719637667,kilogram,0.7370271109743906,0.005259862314355418,tech__slow_pyrolysis_biochar_production_biooil_as_byproduct__market_for_diesel,"stage=slow pyrolysis, biochar production, biooil as byproduct; provider_group=background",False,True
s_c2,BC2,1 kilogram graphite,graphite_system,system::graphite_prod_char::graphtz_char_alloc,20,technosphere,"slow pyrolysis, biochar production, biooil as byproduct",N2,technosphere|ei39_cutoff|2ba127601085d3c181813d9d3c33b22a,"technosphere::market for nitrogen, liquid::RoW::kilogram","market for nitrogen, liquid",ei39_cutoff,2ba127601085d3c181813d9d3c33b22a,RoW,,0.024779835832075228,kilogram,0.7370271109743906,0.018263410813734088,(0.024779835832075228)*stage_scale__slow_pyrolysis_biochar_production_biooil_as_byproduct,"stage=slow pyrolysis, biochar production, biooil as byproduct; provider_group=background",False,True
s_c2,BC2,1 kilogram graphite,graphite_system,system::graphite_prod_char::graphtz_char_alloc,21,technosphere,"slow pyrolysis, biochar production, biooil as byproduct",natural gas,technosphere|ei39_cutoff|d324aeab28dcbaa4635f5ed8a617cd7f,"technosphere::market for natural gas, high pressure::US::cubic meter","market for natural gas, high pressure",ei39_cutoff,d324aeab28dcbaa4635f5ed8a617cd7f,US,,0.6325599609811253,cubic meter,0.7370271109743906,0.466213840559992,tech__slow_pyrolysis_biochar_production_biooil_as_byproduct__market_for_natural_gas_high_pressure,"stage=slow pyrolysis, biochar production, biooil as byproduct; provider_group=background",False,True
s_c2,BC2,1 kilogram graphite,graphite_system,system::graphite_prod_char::graphtz_char_alloc,22,technosphere,"slow pyrolysis, biochar production, biooil as byproduct",electricity,technosphere|ei39_cutoff|2df74714a5a7c8cc88d704fee4a848dd,"technosphere::market group for electricity, medium voltage::US::kilowatt hour","market group for electricity, medium voltage",ei39_cutoff,2df74714a5a7c8cc88d704fee4a848dd,US,,0.5943870566958543,kilowatt hour,0.7370271109743906,0.4380793751971168,tech__slow_pyrolysis_biochar_production_biooil_as_byproduct__market_group_for_electricity_medium_voltage,"stage=slow pyrolysis, biochar production, biooil as byproduct; provider_group=background",False,True
s_c2,BC2,1 kilogram graphite,graphite_system,system::graphite_prod_char::graphtz_char_alloc,23,technosphere,"treatment of waste water, waste water, steam as byproduct, in char graphite",electricity,technosphere|ei39_cutoff|2df74714a5a7c8cc88d704fee4a848dd,"technosphere::market group for electricity, medium voltage::US::kilowatt hour","market group for electricity, medium voltage",ei39_cutoff,2df74714a5a7c8cc88d704fee4a848dd,US,,0.0006111008930670575,kilowatt hour,0.7370271109743906,0.0004503979257310834,tech__treatment_of_waste_water_waste_water_steam_as_byproduct_in_char_graphite__market_group_for_electricity_medium_voltage,"stage=treatment of waste water, waste water, steam as byproduct, in char graphite; provider_group=background",False,True
s_c2,BC2,1 kilogram graphite,graphite_system,system::graphite_prod_char::graphtz_char_alloc,24,technosphere,"treatment of waste water, waste water, steam as byproduct, in char graphite",boiler chemical,technosphere|ei39_cutoff|00d51d61fff9d552854a91bd45ad14c4,"technosphere::market for hydrochloric acid, without water, in 30% solution state::RoW::kilogram","market for hydrochloric acid, without water, in 30% solution state",ei39_cutoff,00d51d61fff9d552854a91bd45ad14c4,RoW,,1.29164108735299e-05,kilogram,0.7370271109743906,9.519744990275946e-06,tech__treatment_of_waste_water_waste_water_steam_as_byproduct_in_char_graphite__market_for_hydrochloric_acid_without_water_in_30_solution_state,"stage=treatment of waste water, waste water, steam as byproduct, in char graphite; provider_group=background",False,True
s_c2,BC2,1 kilogram graphite,graphite_system,system::graphite_prod_char::graphtz_char_alloc,25,technosphere,NiAl2O3 catalyst production,,technosphere|ei39_cutoff|c819ffd8b2666db32408aadf99fc96cb,"technosphere::market for aluminium oxide, metallurgical::RoW::kilogram","market for aluminium oxide, metallurgical",ei39_cutoff,c819ffd8b2666db32408aadf99fc96cb,RoW,,4.136756780072485e-06,kilogram,0.7370271109743906,3.048901898420546e-06,(4.136756780072485e-06)*stage_scale__NiAl2O3_catalyst_production,stage=NiAl2O3 catalyst production; provider_group=background,False,True
s_c2,BC2,1 kilogram graphite,graphite_system,system::graphite_prod_char::graphtz_char_alloc,26,technosphere,NiAl2O3 catalyst production,,technosphere|ei39_cutoff|4347b9665d0aea69c7956fa09ac8db07,"technosphere::market for nickel, class 1::GLO::kilogram","market for nickel, class 1",ei39_cutoff,4347b9665d0aea69c7956fa09ac8db07,GLO,,1.0860263136042331e-05,kilogram,0.7370271109743906,8.004308363578954e-06,(1.0860263136042331e-05)*stage_scale__NiAl2O3_catalyst_production,stage=NiAl2O3 catalyst production; provider_group=background,False,True
s_c2,BC2,1 kilogram graphite,graphite_system,system::graphite_prod_char::graphtz_char_alloc,27,technosphere,"graphite production, from char, allocation",Fe,technosphere|ei39_cutoff|6d9198849efff1e8d431ca2bd2837440,"technosphere::market for iron(III) chloride, without water, in 14% iron solution state::GLO::kilogram","market for iron(III) chloride, without water, in 14% iron solution state",ei39_cutoff,6d9198849efff1e8d431ca2bd2837440,GLO,,2.6010537232865563,kilogram,0.7370271109743906,1.9170471111630725,tech__graphite_production_from_char_allocation__market_for_iron_III_chloride_without_water_in_14_iron_solution_state,"stage=graphite production, from char, allocation; provider_group=background",False,True
s_c2,BC2,1 kilogram graphite,graphite_system,system::graphite_prod_char::graphtz_char_alloc,28,technosphere,"graphite production, from char, allocation",HCl,technosphere|ei39_cutoff|00d51d61fff9d552854a91bd45ad14c4,"technosphere::market for hydrochloric acid, without water, in 30% solution state::RoW::kilogram","market for hydrochloric acid, without water, in 30% solution state",ei39_cutoff,00d51d61fff9d552854a91bd45ad14c4,RoW,,0.19911093687789042,kilogram,0.7370271109743906,0.14675015857051582,tech__graphite_production_from_char_allocation__market_for_hydrochloric_acid_without_water_in_30_solution_state,"stage=graphite production, from char, allocation; provider_group=background",False,True
s_c2,BC2,1 kilogram graphite,graphite_system,system::graphite_prod_char::graphtz_char_alloc,29,technosphere,"graphite production, from char, allocation",electricity,technosphere|ei39_cutoff|2df74714a5a7c8cc88d704fee4a848dd,"technosphere::market group for electricity, medium voltage::US::kilowatt hour","market group for electricity, medium voltage",ei39_cutoff,2df74714a5a7c8cc88d704fee4a848dd,US,,4.974913366253389,kilowatt hour,0.7370271109743906,3.6666460256776157,tech__graphite_production_from_char_allocation__market_group_for_electricity_medium_voltage,"stage=graphite production, from char, allocation; provider_group=background",False,True
s_c2,BC2,1 kilogram graphite,graphite_system,system::graphite_prod_char::graphtz_char_alloc,30,technosphere,"graphite production, from char, allocation",diesel,technosphere|ei39_cutoff|b613a0e604fce45d4146006a310d2872,technosphere::market for diesel::RoW::kilogram,market for diesel,ei39_cutoff,b613a0e604fce45d4146006a310d2872,RoW,,0.0034061417804942995,kilogram,0.7370271109743906,0.0025104188360468805,tech__graphite_production_from_char_allocation__market_for_diesel,"stage=graphite production, from char, allocation; provider_group=background",False,True
s_c2,BC2,1 kilogram graphite,graphite_system,system::graphite_prod_char::graphtz_char_alloc,31,technosphere,"graphite production, from char, allocation",natural gas,technosphere|ei39_cutoff|d324aeab28dcbaa4635f5ed8a617cd7f,"technosphere::market for natural gas, high pressure::US::cubic meter","market for natural gas, high pressure",ei39_cutoff,d324aeab28dcbaa4635f5ed8a617cd7f,US,,0.15970194349358846,cubic meter,0.7370271109743906,0.11770466203007487,tech__graphite_production_from_char_allocation__market_for_natural_gas_high_pressure,"stage=graphite production, from char, allocation; provider_group=background",False,True
s_c2,BC2,1 kilogram graphite,graphite_system,system::graphite_prod_char::graphtz_char_alloc,32,technosphere,"graphite production, from char, allocation",NaOH,technosphere|ei39_cutoff|2f298d6798217ca204f60bdc1efe8ea1,"technosphere::market for sodium hydroxide, without water, in 50% solution state::GLO::kilogram","market for sodium hydroxide, without water, in 50% solution state",ei39_cutoff,2f298d6798217ca204f60bdc1efe8ea1,GLO,,0.23550755974804244,kilogram,0.7370271109743906,0.1735754563737284,(0.23550755974804244)*stage_scale__graphite_production_from_char_allocation,"stage=graphite production, from char, allocation; provider_group=background",False,True
s_c2,BC2,1 kilogram graphite,graphite_system,system::graphite_prod_char::graphtz_char_alloc,33,technosphere,"residues production, forestry residue",,technosphere|ei39_cutoff|289eaaf5e6f8ef0f5df16e297e913692,"technosphere::hardwood forestry, beech, sustainable forest management::RoW::kilogram","hardwood forestry, beech, sustainable forest management",ei39_cutoff,289eaaf5e6f8ef0f5df16e297e913692,RoW,,0.26431823651441316,kilogram,0.7370271109743906,0.1948097062360636,(0.26431823651441316)*stage_scale__residues_production_forestry_residue,"stage=residues production, forestry residue; provider_group=background",False,True
s_c2,BC2,1 kilogram graphite,graphite_system,system::graphite_prod_char::graphtz_char_alloc,34,technosphere,"residues production, forestry residue",,technosphere|ei39_cutoff|cc629a57d77e951cdca1ee8b9abb4d32,"technosphere::hardwood forestry, birch, sustainable forest management::RoW::kilogram","hardwood forestry, birch, sustainable forest management",ei39_cutoff,cc629a57d77e951cdca1ee8b9abb4d32,RoW,,0.26431823651441316,kilogram,0.7370271109743906,0.1948097062360636,(0.26431823651441316)*stage_scale__residues_production_forestry_residue,"stage=residues production, forestry residue; provider_group=background",False,True
s_c2,BC2,1 kilogram graphite,graphite_system,system::graphite_prod_char::graphtz_char_alloc,35,technosphere,"residues production, forestry residue",,technosphere|ei39_cutoff|39637a65852c08973cb0b45962f74e09,"technosphere::hardwood forestry, eucalyptus ssp., planted forest management::RoW::kilogram","hardwood forestry, eucalyptus ssp., planted forest management",ei39_cutoff,39637a65852c08973cb0b45962f74e09,RoW,,0.26431823651441316,kilogram,0.7370271109743906,0.1948097062360636,(0.26431823651441316)*stage_scale__residues_production_forestry_residue,"stage=residues production, forestry residue; provider_group=background",False,True
s_c2,BC2,1 kilogram graphite,graphite_system,system::graphite_prod_char::graphtz_char_alloc,36,technosphere,"residues production, forestry residue",,technosphere|ei39_cutoff|c655f5b0ff84702a0077ad38fdf4f750,"technosphere::hardwood forestry, oak, sustainable forest management::RoW::kilogram","hardwood forestry, oak, sustainable forest management",ei39_cutoff,c655f5b0ff84702a0077ad38fdf4f750,RoW,,0.26431823651441316,kilogram,0.7370271109743906,0.1948097062360636,(0.26431823651441316)*stage_scale__residues_production_forestry_residue,"stage=residues production, forestry residue; provider_group=background",False,True
s_c2,BC2,1 kilogram graphite,graphite_system,system::graphite_prod_char::graphtz_char_alloc,37,technosphere,"residues production, forestry residue",,technosphere|ei39_cutoff|7f63fa1d975fd20397933993cfe1bbf2,"technosphere::softwood forestry, pine, sustainable forest management::RoW::kilogram","softwood forestry, pine, sustainable forest management",ei39_cutoff,7f63fa1d975fd20397933993cfe1bbf2,RoW,,0.26431823651441316,kilogram,0.7370271109743906,0.1948097062360636,(0.26431823651441316)*stage_scale__residues_production_forestry_residue,"stage=residues production, forestry residue; provider_group=background",False,True
s_c2,BC2,1 kilogram graphite,graphite_system,system::graphite_prod_char::graphtz_char_alloc,38,technosphere,"residues production, forestry residue",,technosphere|ei39_cutoff|a54115ba044e5f4394c78824ef3e2c6f,"technosphere::softwood forestry, spruce, sustainable forest management::RoW::kilogram","softwood forestry, spruce, sustainable forest management",ei39_cutoff,a54115ba044e5f4394c78824ef3e2c6f,RoW,,0.26431823651441316,kilogram,0.7370271109743906,0.1948097062360636,(0.26431823651441316)*stage_scale__residues_production_forestry_residue,"stage=residues production, forestry residue; provider_group=background",False,True
s_c2,BC2,1 kilogram graphite,graphite_system,system::graphite_prod_char::graphtz_char_alloc,39,technosphere,"cooling for fluegas from H2 production and wwt, in char graphite",cooling chemical,technosphere|ei39_cutoff|a59a845057a75670b39c812c45810d97,technosphere::market for diazole-compound::GLO::kilogram,market for diazole-compound,ei39_cutoff,a59a845057a75670b39c812c45810d97,GLO,,7.320628390732154e-06,kilogram,0.7370271109743906,5.3955015933384214e-06,(7.320628390732154e-06)*stage_scale__cooling_for_fluegas_from_H2_production_and_wwt_in_char_graphite,"stage=cooling for fluegas from H2 production and wwt, in char graphite; provider_group=background",False,True
s_c2,BC2,1 kilogram graphite,graphite_system,system::graphite_prod_char::graphtz_char_alloc,40,technosphere,"cooling for fluegas from H2 production and wwt, in char graphite",electricity,technosphere|ei39_cutoff|2df74714a5a7c8cc88d704fee4a848dd,"technosphere::market group for electricity, medium voltage::US::kilowatt hour","market group for electricity, medium voltage",ei39_cutoff,2df74714a5a7c8cc88d704fee4a848dd,US,,0.014279267225483143,kilowatt hour,0.7370271109743906,0.010524207070029141,tech__cooling_for_fluegas_from_H2_production_and_wwt_in_char_graphite__market_group_for_electricity_medium_voltage,"stage=cooling for fluegas from H2 production and wwt, in char graphite; provider_group=background",False,True
s_c2,BC2,1 kilogram graphite,graphite_system,system::graphite_prod_char::graphtz_char_alloc,41,biosphere,"graphite production, from char, allocation",,biosphere|biosphere3|f9749677-9c9f-4678-ab55-c607dfdc2cb9,"biosphere::Carbon dioxide, fossil::air > urban air close to ground::kilogram","Carbon dioxide, fossil",biosphere3,f9749677-9c9f-4678-ab55-c607dfdc2cb9,,air > urban air close to ground,0.3071068360361609,kilogram,0.7370271109743906,0.22634606412421754,(0.3071068360361609)*stage_scale__graphite_production_from_char_allocation,"stage=graphite production, from char, allocation; provider_group=biosphere",False,True
s_c2,BC2,1 kilogram graphite,graphite_system,system::graphite_prod_char::graphtz_char_alloc,42,biosphere,"graphite production, from char, allocation",,biosphere|biosphere3|5f7aad3d-566c-4d0d-ad59-e765f971aa0f,"biosphere::Methane, fossil::air > urban air close to ground::kilogram","Methane, fossil",biosphere3,5f7aad3d-566c-4d0d-ad59-e765f971aa0f,,air > urban air close to ground,5.813150718521195e-06,kilogram,0.7370271109743906,4.284449679730379e-06,(5.813150718521195e-06)*stage_scale__graphite_production_from_char_allocation,"stage=graphite production, from char, allocation; provider_group=biosphere",False,True
s_c2,BC2,1 kilogram graphite,graphite_system,system::graphite_prod_char::graphtz_char_alloc,43,biosphere,"graphite production, from char, allocation",,biosphere|biosphere3|6dc1b46f-ee89-4495-95c4-b8a637bcd6cb,biosphere::Dinitrogen monoxide::air > urban air close to ground::kilogram,Dinitrogen monoxide,biosphere3,6dc1b46f-ee89-4495-95c4-b8a637bcd6cb,,air > urban air close to ground,5.637478581423027e-07,kilogram,0.7370271109743906,4.154974552046219e-07,(5.637478581423027e-07)*stage_scale__graphite_production_from_char_allocation,"stage=graphite production, from char, allocation; provider_group=biosphere",False,True
s_c2,BC2,1 kilogram graphite,graphite_system,system::graphite_prod_char::graphtz_char_alloc,44,biosphere,"slow pyrolysis, biochar production, biooil as byproduct",,biosphere|biosphere3|f9749677-9c9f-4678-ab55-c607dfdc2cb9,"biosphere::Carbon dioxide, fossil::air > urban air close to ground::kilogram","Carbon dioxide, fossil",biosphere3,f9749677-9c9f-4678-ab55-c607dfdc2cb9,,air > urban air close to ground,1.2164127998096022,kilogram,0.7370271109743906,0.8965292115959408,bio__slow_pyrolysis_biochar_production_biooil_as_byproduct__Carbon_dioxide_fossil,"stage=slow pyrolysis, biochar production, biooil as byproduct; provider_group=biosphere",False,True
s_c2,BC2,1 kilogram graphite,graphite_system,system::graphite_prod_char::graphtz_char_alloc,45,biosphere,"slow pyrolysis, biochar production, biooil as byproduct",,biosphere|biosphere3|5f7aad3d-566c-4d0d-ad59-e765f971aa0f,"biosphere::Methane, fossil::air > urban air close to ground::kilogram","Methane, fossil",biosphere3,5f7aad3d-566c-4d0d-ad59-e765f971aa0f,,air > urban air close to ground,2.3025182482095434e-05,kilogram,0.7370271109743906,1.6970183724436945e-05,(2.3025182482095434e-05)*stage_scale__slow_pyrolysis_biochar_production_biooil_as_byproduct,"stage=slow pyrolysis, biochar production, biooil as byproduct; provider_group=biosphere",False,True
s_c2,BC2,1 kilogram graphite,graphite_system,system::graphite_prod_char::graphtz_char_alloc,46,biosphere,"slow pyrolysis, biochar production, biooil as byproduct",,biosphere|biosphere3|6dc1b46f-ee89-4495-95c4-b8a637bcd6cb,biosphere::Dinitrogen monoxide::air > urban air close to ground::kilogram,Dinitrogen monoxide,biosphere3,6dc1b46f-ee89-4495-95c4-b8a637bcd6cb,,air > urban air close to ground,2.2329366527966173e-06,kilogram,0.7370271109743906,1.6457348501995167e-06,(2.2329366527966173e-06)*stage_scale__slow_pyrolysis_biochar_production_biooil_as_byproduct,"stage=slow pyrolysis, biochar production, biooil as byproduct; provider_group=biosphere",False,True
s_c2,BC2,1 kilogram graphite,graphite_system,system::graphite_prod_char::graphtz_char_alloc,47,biosphere,biooil upgrade to fuel,bioH2,biosphere|graphite_prod_char|h2_by,"biosphere::hydrogen, byproduct::inventory indicator > output flow::kilogram","hydrogen, byproduct",graphite_prod_char,h2_by,,inventory indicator > output flow,-0.04987721799945641,kilogram,0.7370271109743906,-0.03676086188557923,(-0.04987721799945641)*stage_scale__biooil_upgrade_to_fuel,stage=biooil upgrade to fuel; provider_group=biosphere,False,True
s_c2,BC2,1 kilogram graphite,graphite_system,system::graphite_prod_char::graphtz_char_alloc,48,biosphere,biooil upgrade to fuel,hydrocarbon,biosphere|graphite_prod_char|hydrocarbon_hytrt,"biosphere::hydrocarbon, from hydrotreating::inventory indicator > output flow::kilogram","hydrocarbon, from hydrotreating",graphite_prod_char,hydrocarbon_hytrt,,inventory indicator > output flow,0.33884596240647175,kilogram,0.7370271109743906,0.2497386607377788,(0.33884596240647175)*stage_scale__biooil_upgrade_to_fuel,stage=biooil upgrade to fuel; provider_group=biosphere,False,True
s_c2,BC2,1 kilogram graphite,graphite_system,system::graphite_prod_char::graphtz_char_alloc,49,biosphere,"treatment of waste water, waste water, to emit, in char graphite",wwt,biosphere|graphite_prod_char|water_wwt,"biosphere::water out, from waste water management::inventory indicator > output flow::kilogram","water out, from waste water management",graphite_prod_char,water_wwt,,inventory indicator > output flow,0.3697417159564707,kilogram,0.7370271109743906,0.27250966871811133,(0.3697417159564707)*stage_scale__treatment_of_waste_water_waste_water_to_emit_in_char_graphite,"stage=treatment of waste water, waste water, to emit, in char graphite; provider_group=biosphere",False,True
s_c2,BC2,1 kilogram graphite,graphite_system,system::graphite_prod_char::graphtz_char_alloc,50,biosphere,"farming and harvest, switchgrass",,biosphere|biosphere3|afd6d670-bbb0-4625-9730-04088a5b035e,biosphere::Dinitrogen monoxide::air > non-urban air or from high stacks::kilogram,Dinitrogen monoxide,biosphere3,afd6d670-bbb0-4625-9730-04088a5b035e,,air > non-urban air or from high stacks,1.7459751945543586e-06,kilogram,0.7370271109743906,1.2868310534753483e-06,(1.7459751945543586e-06)*stage_scale__farming_and_harvest_switchgrass,"stage=farming and harvest, switchgrass; provider_group=biosphere",False,True
s_c2,BC2,1 kilogram graphite,graphite_system,system::graphite_prod_char::graphtz_char_alloc,51,biosphere,"farming and harvest, switchgrass",,biosphere|biosphere3|77357947-ccc5-438e-9996-95e65e1e1bce,biosphere::Nitrogen oxides::air > non-urban air or from high stacks::kilogram,Nitrogen oxides,biosphere3,77357947-ccc5-438e-9996-95e65e1e1bce,,air > non-urban air or from high stacks,1.2633259030132e-06,kilogram,0.7370271109743906,9.311054405169319e-07,(1.2633259030132e-06)*stage_scale__farming_and_harvest_switchgrass,"stage=farming and harvest, switchgrass; provider_group=biosphere",False,True
s_c2,BC2,1 kilogram graphite,graphite_system,system::graphite_prod_char::graphtz_char_alloc,52,biosphere,"treatment of NCG, hydrogen production, in char graphite",,biosphere|graphite_prod_char|air,biosphere::air::natural resource > in air::kilogram,air,graphite_prod_char,air,,natural resource > in air,1.4243551880308487,kilogram,0.7370271109743906,1.0497883892357613,(1.4243551880308487)*stage_scale__treatment_of_NCG_hydrogen_production_in_char_graphite,"stage=treatment of NCG, hydrogen production, in char graphite; provider_group=biosphere",False,True
s_c2,BC2,1 kilogram graphite,graphite_system,system::graphite_prod_char::graphtz_char_alloc,53,biosphere,"treatment of NCG, hydrogen production, in char graphite",,biosphere|graphite_prod_char|lp_steam,biosphere::low-pressure steam::inventory indicator > output flow::kilogram,low-pressure steam,graphite_prod_char,lp_steam,,inventory indicator > output flow,-0.8545549429422716,kilogram,0.7370271109743906,-0.6298301607656276,(-0.8545549429422716)*stage_scale__treatment_of_NCG_hydrogen_production_in_char_graphite,"stage=treatment of NCG, hydrogen production, in char graphite; provider_group=biosphere",False,True
s_c2,BC2,1 kilogram graphite,graphite_system,system::graphite_prod_char::graphtz_char_alloc,54,biosphere,"treatment of NCG, hydrogen production, in char graphite",bioH2,biosphere|graphite_prod_char|h2_by,"biosphere::hydrogen, byproduct::inventory indicator > output flow::kilogram","hydrogen, byproduct",graphite_prod_char,h2_by,,inventory indicator > output flow,0.06783344795459924,kilogram,0.7370271109743906,0.04999509017340996,(0.06783344795459924)*stage_scale__treatment_of_NCG_hydrogen_production_in_char_graphite,"stage=treatment of NCG, hydrogen production, in char graphite; provider_group=biosphere",False,True
s_c2,BC2,1 kilogram graphite,graphite_system,system::graphite_prod_char::graphtz_char_alloc,55,biosphere,"waste processing and sorting, construction and demolition",,biosphere|graphite_prod_char|consdem_res,"biosphere::waste, construction and demolition::emission > soil::kilogram","waste, construction and demolition",graphite_prod_char,consdem_res,,emission > soil,0.9911934091933591,kilogram,0.7370271109743906,0.7305364147946384,(0.9911934091933591)*stage_scale__waste_processing_and_sorting_construction_and_demolition,"stage=waste processing and sorting, construction and demolition; provider_group=biosphere",False,True
s_c2,BC2,1 kilogram graphite,graphite_system,system::graphite_prod_char::graphtz_char_alloc,56,biosphere,"slow pyrolysis, biochar production, biooil as byproduct",,biosphere|biosphere3|af01e564-f816-4906-bd4f-b7c932f926b9,biosphere::Oxygen::natural resource > in air::kilogram,Oxygen,biosphere3,af01e564-f816-4906-bd4f-b7c932f926b9,,natural resource > in air,2.3219248469835643,kilogram,0.7370271109743906,1.7113215618719502,(2.3219248469835643)*stage_scale__slow_pyrolysis_biochar_production_biooil_as_byproduct,"stage=slow pyrolysis, biochar production, biooil as byproduct; provider_group=biosphere",False,True
s_c2,BC2,1 kilogram graphite,graphite_system,system::graphite_prod_char::graphtz_char_alloc,57,biosphere,"slow pyrolysis, biochar production, biooil as byproduct",,biosphere|graphite_prod_char|bio_co2,biosphere::biogenic co2::inventory indicator > output flow::kilogram,biogenic co2,graphite_prod_char,bio_co2,,inventory indicator > output flow,3.324714137135088,kilogram,0.7370271109743906,2.4504044553083877,(3.324714137135088)*stage_scale__slow_pyrolysis_biochar_production_biooil_as_byproduct,"stage=slow pyrolysis, biochar production, biooil as byproduct; provider_group=biosphere",False,True
s_c2,BC2,1 kilogram graphite,graphite_system,system::graphite_prod_char::graphtz_char_alloc,58,biosphere,"treatment of waste water, waste water, steam as byproduct, in char graphite",water,biosphere|biosphere3|8c1494a5-4987-4715-aa2d-1908c495f4eb,"biosphere::Water, turbine use, unspecified natural origin::natural resource > in water::cubic meter","Water, turbine use, unspecified natural origin",biosphere3,8c1494a5-4987-4715-aa2d-1908c495f4eb,,natural resource > in water,7.489270036562079e-06,cubic meter,0.7370271109743906,5.519795058354417e-06,(7.489270036562079e-06)*stage_scale__treatment_of_waste_water_waste_water_steam_as_byproduct_in_char_graphite,"stage=treatment of waste water, waste water, steam as byproduct, in char graphite; provider_group=biosphere",False,True
s_c2,BC2,1 kilogram graphite,graphite_system,system::graphite_prod_char::graphtz_char_alloc,59,biosphere,"treatment of waste water, waste water, steam as byproduct, in char graphite",,biosphere|graphite_prod_char|lp_steam,biosphere::low-pressure steam::inventory indicator > output flow::kilogram,low-pressure steam,graphite_prod_char,lp_steam,,inventory indicator > output flow,0.9487103786607711,kilogram,0.7370271109743906,0.6992252695357682,(0.9487103786607711)*stage_scale__treatment_of_waste_water_waste_water_steam_as_byproduct_in_char_graphite,"stage=treatment of waste water, waste water, steam as byproduct, in char graphite; provider_group=biosphere",False,True
s_c2,BC2,1 kilogram graphite,graphite_system,system::graphite_prod_char::graphtz_char_alloc,60,biosphere,"graphite production, from char, allocation",water,biosphere|biosphere3|8c1494a5-4987-4715-aa2d-1908c495f4eb,"biosphere::Water, turbine use, unspecified natural origin::natural resource > in water::cubic meter","Water, turbine use, unspecified natural origin",biosphere3,8c1494a5-4987-4715-aa2d-1908c495f4eb,,natural resource > in water,0.0015436450052576237,cubic meter,0.7370271109743906,0.0011377082185950744,(0.0015436450052576237)*stage_scale__graphite_production_from_char_allocation,"stage=graphite production, from char, allocation; provider_group=biosphere",False,True
s_c2,BC2,1 kilogram graphite,graphite_system,system::graphite_prod_char::graphtz_char_alloc,61,biosphere,"graphite production, from char, allocation",HCl,biosphere|graphite_prod_char|water_chem,"biosphere::water, in chemical::inventory indicator > output flow::kilogram","water, in chemical",graphite_prod_char,water_chem,,inventory indicator > output flow,0.7000997457964534,kilogram,0.7370271109743906,0.5159924930382652,(0.7000997457964534)*stage_scale__graphite_production_from_char_allocation,"stage=graphite production, from char, allocation; provider_group=biosphere",False,True
s_c2,BC2,1 kilogram graphite,graphite_system,system::graphite_prod_char::graphtz_char_alloc,62,biosphere,"graphite production, from char, allocation",solid disposal,biosphere|graphite_prod_char|solids_wwt,"biosphere::solids, from waste water management::inventory indicator > output flow::kilogram","solids, from waste water management",graphite_prod_char,solids_wwt,,inventory indicator > output flow,0.08113161049678415,kilogram,0.7370271109743906,0.05979619649314436,(0.08113161049678415)*stage_scale__graphite_production_from_char_allocation,"stage=graphite production, from char, allocation; provider_group=biosphere",False,True
s_c2,BC2,1 kilogram graphite,graphite_system,system::graphite_prod_char::graphtz_char_alloc,63,biosphere,"cooling for fluegas from H2 production and wwt, in char graphite",,biosphere|graphite_prod_char|bio_co2,biosphere::biogenic co2::inventory indicator > output flow::kilogram,biogenic co2,graphite_prod_char,bio_co2,,inventory indicator > output flow,1.1822639757386697,kilogram,0.7370271109743906,0.8713606024477687,(1.1822639757386697)*stage_scale__cooling_for_fluegas_from_H2_production_and_wwt_in_char_graphite,"stage=cooling for fluegas from H2 production and wwt, in char graphite; provider_group=biosphere",False,True
s_c2,BC2,1 kilogram graphite,graphite_system,system::graphite_prod_char::graphtz_char_alloc,64,biosphere,"cooling for fluegas from H2 production and wwt, in char graphite",water,biosphere|biosphere3|8c1494a5-4987-4715-aa2d-1908c495f4eb,"biosphere::Water, turbine use, unspecified natural origin::natural resource > in water::cubic meter","Water, turbine use, unspecified natural origin",biosphere3,8c1494a5-4987-4715-aa2d-1908c495f4eb,,natural resource > in water,0.0015519732188352166,cubic meter,0.7370271109743906,0.0011438463377877453,(0.0015519732188352166)*stage_scale__cooling_for_fluegas_from_H2_production_and_wwt_in_char_graphite,"stage=cooling for fluegas from H2 production and wwt, in char graphite; provider_group=biosphere",False,True
s_o1,BO1,1 kilogram graphite,graphite_system,system::graphite_prod_char::graphtz_coke,1,technosphere,"upstream residues collection and production, biomass residues",diesel,technosphere|ei39_cutoff|b613a0e604fce45d4146006a310d2872,technosphere::market for diesel::RoW::kilogram,market for diesel,ei39_cutoff,b613a0e604fce45d4146006a310d2872,RoW,,0.024462774815379326,kilogram,0.9978021977948273,0.024409010474945442,tech__upstream_residues_collection_and_production_biomass_residues__market_for_diesel,"stage=upstream residues collection and production, biomass residues; provider_group=background",False,True
s_o1,BO1,1 kilogram graphite,graphite_system,system::graphite_prod_char::graphtz_coke,2,technosphere,"farming and harvest, switchgrass",,technosphere|ei39_cutoff|3ee7c8858925e7de6a8ca0eb548143f7,"technosphere::market for inorganic nitrogen fertiliser, as N::US::kilogram","market for inorganic nitrogen fertiliser, as N",ei39_cutoff,3ee7c8858925e7de6a8ca0eb548143f7,US,,0.0014210642476659848,kilogram,0.9978021977948273,0.0014179410295287725,(0.0014210642476659848)*stage_scale__farming_and_harvest_switchgrass,"stage=farming and harvest, switchgrass; provider_group=background",False,True
s_o1,BO1,1 kilogram graphite,graphite_system,system::graphite_prod_char::graphtz_coke,3,technosphere,"farming and harvest, switchgrass",,technosphere|ei39_cutoff|697927891e43c4b12144bd4422a3a4a0,"technosphere::market for inorganic phosphorus fertiliser, as P2O5::US::kilogram","market for inorganic phosphorus fertiliser, as P2O5",ei39_cutoff,697927891e43c4b12144bd4422a3a4a0,US,,0.0006724015406563341,kilogram,0.9978021977948273,0.0006709237350675181,(0.0006724015406563341)*stage_scale__farming_and_harvest_switchgrass,"stage=farming and harvest, switchgrass; provider_group=background",False,True
s_o1,BO1,1 kilogram graphite,graphite_system,system::graphite_prod_char::graphtz_coke,4,technosphere,"farming and harvest, switchgrass",,technosphere|ei39_cutoff|0123b5c80d7e3ceeab025ca4b17ad9aa,"technosphere::market for inorganic potassium fertiliser, as K2O::US::kilogram","market for inorganic potassium fertiliser, as K2O",ei39_cutoff,0123b5c80d7e3ceeab025ca4b17ad9aa,US,,0.0009324745772224081,kilogram,0.9978021977948273,0.0009304251825403212,(0.0009324745772224081)*stage_scale__farming_and_harvest_switchgrass,"stage=farming and harvest, switchgrass; provider_group=background",False,True
s_o1,BO1,1 kilogram graphite,graphite_system,system::graphite_prod_char::graphtz_coke,5,technosphere,"farming and harvest, switchgrass",,technosphere|ei39_cutoff|7b62e459ae2e302a703a92dd474a8342,technosphere::market for glyphosate::GLO::kilogram,market for glyphosate,ei39_cutoff,7b62e459ae2e302a703a92dd474a8342,GLO,,1.5471605211824085e-05,kilogram,0.9978021977948273,1.5437601683771977e-05,(1.5471605211824085e-05)*stage_scale__farming_and_harvest_switchgrass,"stage=farming and harvest, switchgrass; provider_group=background",False,True
s_o1,BO1,1 kilogram graphite,graphite_system,system::graphite_prod_char::graphtz_coke,6,technosphere,"farming and harvest, switchgrass",,technosphere|ei39_cutoff|bc2c53ca3fe04d0ed1ff8a1a7706871a,"technosphere::market for calcium carbonate, precipitated::RoW::kilogram","market for calcium carbonate, precipitated",ei39_cutoff,bc2c53ca3fe04d0ed1ff8a1a7706871a,RoW,,0.001703559519868059,kilogram,0.9978021977948273,0.00169981543299865,(0.001703559519868059)*stage_scale__farming_and_harvest_switchgrass,"stage=farming and harvest, switchgrass; provider_group=background",False,True
s_o1,BO1,1 kilogram graphite,graphite_system,system::graphite_prod_char::graphtz_coke,7,technosphere,"farming and harvest, switchgrass",,technosphere|ei39_cutoff|22db46f6ba1211c058e4da0ac386d3e7,"technosphere::market for polyethylene, high density, granulate::GLO::kilogram","market for polyethylene, high density, granulate",ei39_cutoff,22db46f6ba1211c058e4da0ac386d3e7,GLO,,9.832598546728578e-05,kilogram,0.9978021977948273,9.81098843996e-05,(9.832598546728578e-05)*stage_scale__farming_and_harvest_switchgrass,"stage=farming and harvest, switchgrass; provider_group=background",False,True
s_o1,BO1,1 kilogram graphite,graphite_system,system::graphite_prod_char::graphtz_coke,8,technosphere,"farming and harvest, switchgrass",,technosphere|ei39_cutoff|b613a0e604fce45d4146006a310d2872,technosphere::market for diesel::RoW::kilogram,market for diesel,ei39_cutoff,b613a0e604fce45d4146006a310d2872,RoW,,0.002044622112825251,kilogram,0.9978021977948273,0.002040128437836939,tech__farming_and_harvest_switchgrass__market_for_diesel,"stage=farming and harvest, switchgrass; provider_group=background",False,True
s_o1,BO1,1 kilogram graphite,graphite_system,system::graphite_prod_char::graphtz_coke,9,technosphere,"graphite production, from coke, no byproduct",Fe,technosphere|ei39_cutoff|6d9198849efff1e8d431ca2bd2837440,"technosphere::market for iron(III) chloride, without water, in 14% iron solution state::GLO::kilogram","market for iron(III) chloride, without water, in 14% iron solution state",ei39_cutoff,6d9198849efff1e8d431ca2bd2837440,GLO,,2.6226872334843683,kilogram,0.9978021977948273,2.616923085699138,tech__graphite_production_from_coke_no_byproduct__market_for_iron_III_chloride_without_water_in_14_iron_solution_state,"stage=graphite production, from coke, no byproduct; provider_group=background",False,True
s_o1,BO1,1 kilogram graphite,graphite_system,system::graphite_prod_char::graphtz_coke,10,technosphere,"graphite production, from coke, no byproduct",HCl,technosphere|ei39_cutoff|00d51d61fff9d552854a91bd45ad14c4,"technosphere::market for hydrochloric acid, without water, in 30% solution state::RoW::kilogram","market for hydrochloric acid, without water, in 30% solution state",ei39_cutoff,00d51d61fff9d552854a91bd45ad14c4,RoW,,0.2007669843654452,kilogram,0.9978021977948273,0.20032573824448097,tech__graphite_production_from_coke_no_byproduct__market_for_hydrochloric_acid_without_water_in_30_solution_state,"stage=graphite production, from coke, no byproduct; provider_group=background",False,True
s_o1,BO1,1 kilogram graphite,graphite_system,system::graphite_prod_char::graphtz_coke,11,technosphere,"graphite production, from coke, no byproduct",electricity,technosphere|ei39_cutoff|2df74714a5a7c8cc88d704fee4a848dd,"technosphere::market group for electricity, medium voltage::US::kilowatt hour","market group for electricity, medium voltage",ei39_cutoff,2df74714a5a7c8cc88d704fee4a848dd,US,,1.853920711076781,kilowatt hour,0.9978021977948273,1.849846160049761,tech__graphite_production_from_coke_no_byproduct__market_group_for_electricity_medium_voltage,"stage=graphite production, from coke, no byproduct; provider_group=background",False,True
s_o1,BO1,1 kilogram graphite,graphite_system,system::graphite_prod_char::graphtz_coke,12,technosphere,"graphite production, from coke, no byproduct",diesel,technosphere|ei39_cutoff|b613a0e604fce45d4146006a310d2872,technosphere::market for diesel::RoW::kilogram,market for diesel,ei39_cutoff,b613a0e604fce45d4146006a310d2872,RoW,,0.0033920704959821343,kilogram,0.9978021977948273,0.0033846153959659632,tech__graphite_production_from_coke_no_byproduct__market_for_diesel,"stage=graphite production, from coke, no byproduct; provider_group=background",False,True
s_o1,BO1,1 kilogram graphite,graphite_system,system::graphite_prod_char::graphtz_coke,13,technosphere,"graphite production, from coke, no byproduct",natural gas,technosphere|ei39_cutoff|d324aeab28dcbaa4635f5ed8a617cd7f,"technosphere::market for natural gas, high pressure::US::cubic meter","market for natural gas, high pressure",ei39_cutoff,d324aeab28dcbaa4635f5ed8a617cd7f,US,,0.32271807005035263,cubic meter,0.9978021977948273,0.32200879956434686,tech__graphite_production_from_coke_no_byproduct__market_for_natural_gas_high_pressure,"stage=graphite production, from coke, no byproduct; provider_group=background",False,True
s_o1,BO1,1 kilogram graphite,graphite_system,system::graphite_prod_char::graphtz_coke,14,technosphere,"graphite production, from coke, no byproduct",NaOH,technosphere|ei39_cutoff|2f298d6798217ca204f60bdc1efe8ea1,"technosphere::market for sodium hydroxide, without water, in 50% solution state::GLO::kilogram","market for sodium hydroxide, without water, in 50% solution state",ei39_cutoff,2f298d6798217ca204f60bdc1efe8ea1,GLO,,0.24226782175071815,kilogram,0.9978021977948273,0.24173536499783202,(0.24226782175071815)*stage_scale__graphite_production_from_coke_no_byproduct,"stage=graphite production, from coke, no byproduct; provider_group=background",False,True
s_o1,BO1,1 kilogram graphite,graphite_system,system::graphite_prod_char::graphtz_coke,15,technosphere,"electricity generation steam as byproduct, electricity, in coke graphite",natural gas,technosphere|ei39_cutoff|d324aeab28dcbaa4635f5ed8a617cd7f,"technosphere::market for natural gas, high pressure::US::cubic meter","market for natural gas, high pressure",ei39_cutoff,d324aeab28dcbaa4635f5ed8a617cd7f,US,,0.03459918462541788,cubic meter,0.9978021977948273,0.03452314246115096,tech__electricity_generation_steam_as_byproduct_electricity_in_coke_graphite__market_for_natural_gas_high_pressure,"stage=electricity generation steam as byproduct, electricity, in coke graphite; provider_group=background",False,True
s_o1,BO1,1 kilogram graphite,graphite_system,system::graphite_prod_char::graphtz_coke,16,technosphere,"electricity generation steam as byproduct, electricity, in coke graphite",boiler chemical,technosphere|ei39_cutoff|00d51d61fff9d552854a91bd45ad14c4,"technosphere::market for hydrochloric acid, without water, in 30% solution state::RoW::kilogram","market for hydrochloric acid, without water, in 30% solution state",ei39_cutoff,00d51d61fff9d552854a91bd45ad14c4,RoW,,6.237573604840151e-05,kilogram,0.9978021977948273,6.223864651816506e-05,tech__electricity_generation_steam_as_byproduct_electricity_in_coke_graphite__market_for_hydrochloric_acid_without_water_in_30_solution_state,"stage=electricity generation steam as byproduct, electricity, in coke graphite; provider_group=background",False,True
s_o1,BO1,1 kilogram graphite,graphite_system,system::graphite_prod_char::graphtz_coke,17,technosphere,"residues production, forestry residue",,technosphere|ei39_cutoff|289eaaf5e6f8ef0f5df16e297e913692,"technosphere::hardwood forestry, beech, sustainable forest management::RoW::kilogram","hardwood forestry, beech, sustainable forest management",ei39_cutoff,289eaaf5e6f8ef0f5df16e297e913692,RoW,,0.4698971895895039,kilogram,0.9978021977948273,0.46886444851001957,(0.4698971895895039)*stage_scale__residues_production_forestry_residue,"stage=residues production, forestry residue; provider_group=background",False,True
s_o1,BO1,1 kilogram graphite,graphite_system,system::graphite_prod_char::graphtz_coke,18,technosphere,"residues production, forestry residue",,technosphere|ei39_cutoff|cc629a57d77e951cdca1ee8b9abb4d32,"technosphere::hardwood forestry, birch, sustainable forest management::RoW::kilogram","hardwood forestry, birch, sustainable forest management",ei39_cutoff,cc629a57d77e951cdca1ee8b9abb4d32,RoW,,0.4698971895895039,kilogram,0.9978021977948273,0.46886444851001957,(0.4698971895895039)*stage_scale__residues_production_forestry_residue,"stage=residues production, forestry residue; provider_group=background",False,True
s_o1,BO1,1 kilogram graphite,graphite_system,system::graphite_prod_char::graphtz_coke,19,technosphere,"residues production, forestry residue",,technosphere|ei39_cutoff|39637a65852c08973cb0b45962f74e09,"technosphere::hardwood forestry, eucalyptus ssp., planted forest management::RoW::kilogram","hardwood forestry, eucalyptus ssp., planted forest management",ei39_cutoff,39637a65852c08973cb0b45962f74e09,RoW,,0.4698971895895039,kilogram,0.9978021977948273,0.46886444851001957,(0.4698971895895039)*stage_scale__residues_production_forestry_residue,"stage=residues production, forestry residue; provider_group=background",False,True
s_o1,BO1,1 kilogram graphite,graphite_system,system::graphite_prod_char::graphtz_coke,20,technosphere,"residues production, forestry residue",,technosphere|ei39_cutoff|c655f5b0ff84702a0077ad38fdf4f750,"technosphere::hardwood forestry, oak, sustainable forest management::RoW::kilogram","hardwood forestry, oak, sustainable forest management",ei39_cutoff,c655f5b0ff84702a0077ad38fdf4f750,RoW,,0.4698971895895039,kilogram,0.9978021977948273,0.46886444851001957,(0.4698971895895039)*stage_scale__residues_production_forestry_residue,"stage=residues production, forestry residue; provider_group=background",False,True
s_o1,BO1,1 kilogram graphite,graphite_system,system::graphite_prod_char::graphtz_coke,21,technosphere,"residues production, forestry residue",,technosphere|ei39_cutoff|7f63fa1d975fd20397933993cfe1bbf2,"technosphere::softwood forestry, pine, sustainable forest management::RoW::kilogram","softwood forestry, pine, sustainable forest management",ei39_cutoff,7f63fa1d975fd20397933993cfe1bbf2,RoW,,0.4698971895895039,kilogram,0.9978021977948273,0.46886444851001957,(0.4698971895895039)*stage_scale__residues_production_forestry_residue,"stage=residues production, forestry residue; provider_group=background",False,True
s_o1,BO1,1 kilogram graphite,graphite_system,system::graphite_prod_char::graphtz_coke,22,technosphere,"residues production, forestry residue",,technosphere|ei39_cutoff|a54115ba044e5f4394c78824ef3e2c6f,"technosphere::softwood forestry, spruce, sustainable forest management::RoW::kilogram","softwood forestry, spruce, sustainable forest management",ei39_cutoff,a54115ba044e5f4394c78824ef3e2c6f,RoW,,0.4698971895895039,kilogram,0.9978021977948273,0.46886444851001957,(0.4698971895895039)*stage_scale__residues_production_forestry_residue,"stage=residues production, forestry residue; provider_group=background",False,True
s_o1,BO1,1 kilogram graphite,graphite_system,system::graphite_prod_char::graphtz_coke,23,technosphere,"waste processing and sorting, construction and demolition",,technosphere|ei39_cutoff|2df74714a5a7c8cc88d704fee4a848dd,"technosphere::market group for electricity, medium voltage::US::kilowatt hour","market group for electricity, medium voltage",ei39_cutoff,2df74714a5a7c8cc88d704fee4a848dd,US,,8.43336270829749e-06,kilowatt hour,0.9978021977948273,8.41482784514017e-06,tech__waste_processing_and_sorting_construction_and_demolition__market_group_for_electricity_medium_voltage,"stage=waste processing and sorting, construction and demolition; provider_group=background",False,True
s_o1,BO1,1 kilogram graphite,graphite_system,system::graphite_prod_char::graphtz_coke,24,technosphere,"waste processing and sorting, construction and demolition",,technosphere|ei39_cutoff|b613a0e604fce45d4146006a310d2872,technosphere::market for diesel::RoW::kilogram,market for diesel,ei39_cutoff,b613a0e604fce45d4146006a310d2872,RoW,,0.017088998735084297,kilogram,0.9978021977948273,0.017051440495980133,tech__waste_processing_and_sorting_construction_and_demolition__market_for_diesel,"stage=waste processing and sorting, construction and demolition; provider_group=background",False,True
s_o1,BO1,1 kilogram graphite,graphite_system,system::graphite_prod_char::graphtz_coke,25,technosphere,"pulpwood chips production, poplar",,technosphere|ei39_cutoff|8fcd322e3bfcf29cc506c34e95336f81,"technosphere::willow production, short rotation coppice::RoW::kilogram","willow production, short rotation coppice",ei39_cutoff,8fcd322e3bfcf29cc506c34e95336f81,RoW,,3.9647575207504686,kilogram,0.9978021977948273,3.956043767928388,(3.9647575207504686)*stage_scale__pulpwood_chips_production_poplar,"stage=pulpwood chips production, poplar; provider_group=background",False,True
s_o1,BO1,1 kilogram graphite,graphite_system,system::graphite_prod_char::graphtz_coke,26,technosphere,"fast pyrolysis, coke production",electricity,technosphere|ei39_cutoff|2df74714a5a7c8cc88d704fee4a848dd,"technosphere::market group for electricity, medium voltage::US::kilowatt hour","market group for electricity, medium voltage",ei39_cutoff,2df74714a5a7c8cc88d704fee4a848dd,US,,2.9716652082255535,kilowatt hour,0.9978021977948273,2.9651340758778804,tech__fast_pyrolysis_coke_production__market_group_for_electricity_medium_voltage,"stage=fast pyrolysis, coke production; provider_group=background",False,True
s_o1,BO1,1 kilogram graphite,graphite_system,system::graphite_prod_char::graphtz_coke,27,technosphere,"fast pyrolysis, coke production",N2,technosphere|ei39_cutoff|2ba127601085d3c181813d9d3c33b22a,"technosphere::market for nitrogen, liquid::RoW::kilogram","market for nitrogen, liquid",ei39_cutoff,2ba127601085d3c181813d9d3c33b22a,RoW,,0.04405286358418356,kilogram,0.9978021977948273,0.043956044103454064,(0.04405286358418356)*stage_scale__fast_pyrolysis_coke_production,"stage=fast pyrolysis, coke production; provider_group=background",False,True
s_o1,BO1,1 kilogram graphite,graphite_system,system::graphite_prod_char::graphtz_coke,28,technosphere,"fast pyrolysis, coke production",sand,technosphere|ei39_cutoff|72f0fb1669cc82aed89e97ac2d612d0b,technosphere::market for sand::RoW::kilogram,market for sand,ei39_cutoff,72f0fb1669cc82aed89e97ac2d612d0b,RoW,,0.009559471397767833,kilogram,0.9978021977948273,0.009538461570449533,(0.009559471397767833)*stage_scale__fast_pyrolysis_coke_production,"stage=fast pyrolysis, coke production; provider_group=background",False,True
s_o1,BO1,1 kilogram graphite,graphite_system,system::graphite_prod_char::graphtz_coke,29,technosphere,"fast pyrolysis, coke production",natural gas,technosphere|ei39_cutoff|d324aeab28dcbaa4635f5ed8a617cd7f,"technosphere::market for natural gas, high pressure::US::cubic meter","market for natural gas, high pressure",ei39_cutoff,d324aeab28dcbaa4635f5ed8a617cd7f,US,,0.3356408654033033,cubic meter,0.9978021977948273,0.33490319316917383,tech__fast_pyrolysis_coke_production__market_for_natural_gas_high_pressure,"stage=fast pyrolysis, coke production; provider_group=background",False,True
s_o1,BO1,1 kilogram graphite,graphite_system,system::graphite_prod_char::graphtz_coke,30,technosphere,"treatment of waste water, waste water, in coke graphite",natural gas,technosphere|ei39_cutoff|d324aeab28dcbaa4635f5ed8a617cd7f,"technosphere::market for natural gas, high pressure::US::cubic meter","market for natural gas, high pressure",ei39_cutoff,d324aeab28dcbaa4635f5ed8a617cd7f,US,,0.019597531783891817,cubic meter,0.9978021977948273,0.019554460285321238,tech__treatment_of_waste_water_waste_water_in_coke_graphite__market_for_natural_gas_high_pressure,"stage=treatment of waste water, waste water, in coke graphite; provider_group=background",False,True
s_o1,BO1,1 kilogram graphite,graphite_system,system::graphite_prod_char::graphtz_coke,31,technosphere,"treatment of waste water, waste water, in coke graphite",electricity,technosphere|ei39_cutoff|2df74714a5a7c8cc88d704fee4a848dd,"technosphere::market group for electricity, medium voltage::US::kilowatt hour","market group for electricity, medium voltage",ei39_cutoff,2df74714a5a7c8cc88d704fee4a848dd,US,,0.127217247904593,kilowatt hour,0.9978021977948273,0.12693764955661227,tech__treatment_of_waste_water_waste_water_in_coke_graphite__market_group_for_electricity_medium_voltage,"stage=treatment of waste water, waste water, in coke graphite; provider_group=background",False,True
s_o1,BO1,1 kilogram graphite,graphite_system,system::graphite_prod_char::graphtz_coke,32,technosphere,"treatment of waste water, waste water, in coke graphite",NaOH,technosphere|ei39_cutoff|2f298d6798217ca204f60bdc1efe8ea1,"technosphere::market for sodium hydroxide, without water, in 50% solution state::GLO::kilogram","market for sodium hydroxide, without water, in 50% solution state",ei39_cutoff,2f298d6798217ca204f60bdc1efe8ea1,GLO,,0.018114075945422074,kilogram,0.9978021977948273,0.01807426478936456,(0.018114075945422074)*stage_scale__treatment_of_waste_water_waste_water_in_coke_graphite,"stage=treatment of waste water, waste water, in coke graphite; provider_group=background",False,True
s_o1,BO1,1 kilogram graphite,graphite_system,system::graphite_prod_char::graphtz_coke,33,technosphere,"cooling for fluegas from wwt, chp, in coke graphite",cooling chemical,technosphere|ei39_cutoff|a59a845057a75670b39c812c45810d97,technosphere::market for diazole-compound::GLO::kilogram,market for diazole-compound,ei39_cutoff,a59a845057a75670b39c812c45810d97,GLO,,5.2071988067670464e-05,kilogram,0.9978021977948273,5.195754413746761e-05,(5.2071988067670464e-05)*stage_scale__cooling_for_fluegas_from_wwt_chp_in_coke_graphite,"stage=cooling for fluegas from wwt, chp, in coke graphite; provider_group=background",False,True
s_o1,BO1,1 kilogram graphite,graphite_system,system::graphite_prod_char::graphtz_coke,34,technosphere,"cooling for fluegas from wwt, chp, in coke graphite",electricity,technosphere|ei39_cutoff|2df74714a5a7c8cc88d704fee4a848dd,"technosphere::market group for electricity, medium voltage::US::kilowatt hour","market group for electricity, medium voltage",ei39_cutoff,2df74714a5a7c8cc88d704fee4a848dd,US,,0.023210590506556626,kilowatt hour,0.9978021977948273,0.023159578219557955,tech__cooling_for_fluegas_from_wwt_chp_in_coke_graphite__market_group_for_electricity_medium_voltage,"stage=cooling for fluegas from wwt, chp, in coke graphite; provider_group=background",False,True
s_o1,BO1,1 kilogram graphite,graphite_system,system::graphite_prod_char::graphtz_coke,35,biosphere,"farming and harvest, switchgrass",,biosphere|biosphere3|afd6d670-bbb0-4625-9730-04088a5b035e,biosphere::Dinitrogen monoxide::air > non-urban air or from high stacks::kilogram,Dinitrogen monoxide,biosphere3,afd6d670-bbb0-4625-9730-04088a5b035e,,air > non-urban air or from high stacks,3.103943367030382e-06,kilogram,0.9978021977948273,3.0971215134535916e-06,(3.103943367030382e-06)*stage_scale__farming_and_harvest_switchgrass,"stage=farming and harvest, switchgrass; provider_group=biosphere",False,True
s_o1,BO1,1 kilogram graphite,graphite_system,system::graphite_prod_char::graphtz_coke,36,biosphere,"farming and harvest, switchgrass",,biosphere|biosphere3|77357947-ccc5-438e-9996-95e65e1e1bce,biosphere::Nitrogen oxides::air > non-urban air or from high stacks::kilogram,Nitrogen oxides,biosphere3,77357947-ccc5-438e-9996-95e65e1e1bce,,air > non-urban air or from high stacks,2.2459036470196573e-06,kilogram,0.9978021977948273,2.240967595031632e-06,(2.2459036470196573e-06)*stage_scale__farming_and_harvest_switchgrass,"stage=farming and harvest, switchgrass; provider_group=biosphere",False,True
s_o1,BO1,1 kilogram graphite,graphite_system,system::graphite_prod_char::graphtz_coke,37,biosphere,"graphite production, from coke, no byproduct",water,biosphere|biosphere3|8c1494a5-4987-4715-aa2d-1908c495f4eb,"biosphere::Water, turbine use, unspecified natural origin::natural resource > in water::cubic meter","Water, turbine use, unspecified natural origin",biosphere3,8c1494a5-4987-4715-aa2d-1908c495f4eb,,natural resource > in water,0.0024625321463935725,cubic meter,0.9978021977948273,0.00245711998781192,(0.0024625321463935725)*stage_scale__graphite_production_from_coke_no_byproduct,"stage=graphite production, from coke, no byproduct; provider_group=biosphere",False,True
s_o1,BO1,1 kilogram graphite,graphite_system,system::graphite_prod_char::graphtz_coke,38,biosphere,"graphite production, from coke, no byproduct",HCl,biosphere|graphite_prod_char|water_chem,"biosphere::water, in chemical::inventory indicator > output flow::kilogram","water, in chemical",graphite_prod_char,water_chem,,inventory indicator > output flow,0.7107241186034237,kilogram,0.9978021977948273,0.7091620875682876,(0.7107241186034237)*stage_scale__graphite_production_from_coke_no_byproduct,"stage=graphite production, from coke, no byproduct; provider_group=biosphere",False,True
s_o1,BO1,1 kilogram graphite,graphite_system,system::graphite_prod_char::graphtz_coke,39,biosphere,"graphite production, from coke, no byproduct",bioH2,biosphere|graphite_prod_char|h2_by,"biosphere::hydrogen, byproduct::inventory indicator > output flow::kilogram","hydrogen, byproduct",graphite_prod_char,h2_by,,inventory indicator > output flow,0.002202643179209178,kilogram,0.9978021977948273,0.0021978022051727035,(0.002202643179209178)*stage_scale__graphite_production_from_coke_no_byproduct,"stage=graphite production, from coke, no byproduct; provider_group=biosphere",False,True
s_o1,BO1,1 kilogram graphite,graphite_system,system::graphite_prod_char::graphtz_coke,40,biosphere,"electricity generation steam as byproduct, electricity, in coke graphite",,biosphere|graphite_prod_char|dilute_wwt,"biosphere::dilute, from waste water management::inventory indicator > output flow::kilogram","dilute, from waste water management",graphite_prod_char,dilute_wwt,,inventory indicator > output flow,-0.09389182230964838,kilogram,0.9978021977948273,-0.09368546665552854,(-0.09389182230964838)*stage_scale__electricity_generation_steam_as_byproduct_electricity_in_coke_graphite,"stage=electricity generation steam as byproduct, electricity, in coke graphite; provider_group=biosphere",False,True
s_o1,BO1,1 kilogram graphite,graphite_system,system::graphite_prod_char::graphtz_coke,41,biosphere,"electricity generation steam as byproduct, electricity, in coke graphite",,biosphere|graphite_prod_char|air,biosphere::air::natural resource > in air::kilogram,air,graphite_prod_char,air,,natural resource > in air,0.4837978669695632,kilogram,0.9978021977948273,0.4827345749506796,(0.4837978669695632)*stage_scale__electricity_generation_steam_as_byproduct_electricity_in_coke_graphite,"stage=electricity generation steam as byproduct, electricity, in coke graphite; provider_group=biosphere",False,True
s_o1,BO1,1 kilogram graphite,graphite_system,system::graphite_prod_char::graphtz_coke,42,biosphere,"electricity generation steam as byproduct, electricity, in coke graphite",water,biosphere|biosphere3|8c1494a5-4987-4715-aa2d-1908c495f4eb,"biosphere::Water, turbine use, unspecified natural origin::natural resource > in water::cubic meter","Water, turbine use, unspecified natural origin",biosphere3,8c1494a5-4987-4715-aa2d-1908c495f4eb,,natural resource > in water,0.00048149779897512635,cubic meter,0.9978021977948273,0.000480439562050753,(0.00048149779897512635)*stage_scale__electricity_generation_steam_as_byproduct_electricity_in_coke_graphite,"stage=electricity generation steam as byproduct, electricity, in coke graphite; provider_group=biosphere",False,True
s_o1,BO1,1 kilogram graphite,graphite_system,system::graphite_prod_char::graphtz_coke,43,biosphere,"electricity generation steam as byproduct, electricity, in coke graphite",hytrtoil,biosphere|graphite_prod_char|biooil,biosphere::biooil::inventory indicator > output flow::kilogram,biooil,graphite_prod_char,biooil,,inventory indicator > output flow,-0.17621145433673427,kilogram,0.9978021977948273,-0.17582417641381629,(-0.17621145433673427)*stage_scale__electricity_generation_steam_as_byproduct_electricity_in_coke_graphite,"stage=electricity generation steam as byproduct, electricity, in coke graphite; provider_group=biosphere",False,True
s_o1,BO1,1 kilogram graphite,graphite_system,system::graphite_prod_char::graphtz_coke,44,biosphere,"electricity generation steam as byproduct, electricity, in coke graphite",,biosphere|graphite_prod_char|proc_conds,biosphere::process condensates::inventory indicator > output flow::kilogram,process condensates,graphite_prod_char,proc_conds,,inventory indicator > output flow,-4.431718076568867,kilogram,0.9978021977948273,-4.42197803680748,(-4.431718076568867)*stage_scale__electricity_generation_steam_as_byproduct_electricity_in_coke_graphite,"stage=electricity generation steam as byproduct, electricity, in coke graphite; provider_group=biosphere",False,True
s_o1,BO1,1 kilogram graphite,graphite_system,system::graphite_prod_char::graphtz_coke,45,biosphere,"electricity generation steam as byproduct, electricity, in coke graphite",,biosphere|graphite_prod_char|lp_steam,biosphere::low-pressure steam::inventory indicator > output flow::kilogram,low-pressure steam,graphite_prod_char,lp_steam,,inventory indicator > output flow,4.5814978127550905,kilogram,0.9978021977948273,4.5714285867592235,(4.5814978127550905)*stage_scale__electricity_generation_steam_as_byproduct_electricity_in_coke_graphite,"stage=electricity generation steam as byproduct, electricity, in coke graphite; provider_group=biosphere",False,True
s_o1,BO1,1 kilogram graphite,graphite_system,system::graphite_prod_char::graphtz_coke,46,biosphere,"waste processing and sorting, construction and demolition",,biosphere|graphite_prod_char|consdem_res,"biosphere::waste, construction and demolition::emission > soil::kilogram","waste, construction and demolition",graphite_prod_char,consdem_res,,emission > soil,1.7621145005414744,kilogram,0.9978021977948273,1.7582417214064174,(1.7621145005414744)*stage_scale__waste_processing_and_sorting_construction_and_demolition,"stage=waste processing and sorting, construction and demolition; provider_group=biosphere",False,True
s_o1,BO1,1 kilogram graphite,graphite_system,system::graphite_prod_char::graphtz_coke,47,biosphere,"fast pyrolysis, coke production",,biosphere|graphite_prod_char|bio_co2,biosphere::biogenic co2::inventory indicator > output flow::kilogram,biogenic co2,graphite_prod_char,bio_co2,,inventory indicator > output flow,3.0070132259655025,kilogram,0.9978021977948273,3.000404405666492,(3.0070132259655025)*stage_scale__fast_pyrolysis_coke_production,"stage=fast pyrolysis, coke production; provider_group=biosphere",False,True
s_o1,BO1,1 kilogram graphite,graphite_system,system::graphite_prod_char::graphtz_coke,48,biosphere,"fast pyrolysis, coke production",hytrtoil,biosphere|graphite_prod_char|biooil,biosphere::biooil::inventory indicator > output flow::kilogram,biooil,graphite_prod_char,biooil,,inventory indicator > output flow,0.18502202705357096,kilogram,0.9978021977948273,0.1846153852345071,(0.18502202705357096)*stage_scale__fast_pyrolysis_coke_production,"stage=fast pyrolysis, coke production; provider_group=biosphere",False,True
s_o1,BO1,1 kilogram graphite,graphite_system,system::graphite_prod_char::graphtz_coke,49,biosphere,"fast pyrolysis, coke production",,biosphere|graphite_prod_char|ncg_graphtz,"biosphere::non-condensable gas, graphitization::inventory indicator > output flow::kilogram","non-condensable gas, graphitization",graphite_prod_char,ncg_graphtz,,inventory indicator > output flow,-0.22907489063775452,kilogram,0.9978021977948273,-0.22857142933796115,(-0.22907489063775452)*stage_scale__fast_pyrolysis_coke_production,"stage=fast pyrolysis, coke production; provider_group=biosphere",False,True
s_o1,BO1,1 kilogram graphite,graphite_system,system::graphite_prod_char::graphtz_coke,50,biosphere,"treatment of waste water, waste water, in coke graphite",,biosphere|graphite_prod_char|air,biosphere::air::natural resource > in air::kilogram,air,graphite_prod_char,air,,natural resource > in air,3.2416277323735425,kilogram,0.9978021977948273,3.234503275794983,(3.2416277323735425)*stage_scale__treatment_of_waste_water_waste_water_in_coke_graphite,"stage=treatment of waste water, waste water, in coke graphite; provider_group=biosphere",False,True
s_o1,BO1,1 kilogram graphite,graphite_system,system::graphite_prod_char::graphtz_coke,51,biosphere,"treatment of waste water, waste water, in coke graphite",,biosphere|graphite_prod_char|dilute_wwt,"biosphere::dilute, from waste water management::inventory indicator > output flow::kilogram","dilute, from waste water management",graphite_prod_char,dilute_wwt,,inventory indicator > output flow,0.050513798695024,kilogram,0.9978021977948273,0.050402779356860425,(0.050513798695024)*stage_scale__treatment_of_waste_water_waste_water_in_coke_graphite,"stage=treatment of waste water, waste water, in coke graphite; provider_group=biosphere",False,True
s_o1,BO1,1 kilogram graphite,graphite_system,system::graphite_prod_char::graphtz_coke,52,biosphere,"treatment of waste water, waste water, in coke graphite",wwt,biosphere|graphite_prod_char|water_wwt,"biosphere::water out, from waste water management::inventory indicator > output flow::kilogram","water out, from waste water management",graphite_prod_char,water_wwt,,inventory indicator > output flow,2.459717021398659,kilogram,0.9978021977948273,2.4543110499049283,(2.459717021398659)*stage_scale__treatment_of_waste_water_waste_water_in_coke_graphite,"stage=treatment of waste water, waste water, in coke graphite; provider_group=biosphere",False,True
s_o1,BO1,1 kilogram graphite,graphite_system,system::graphite_prod_char::graphtz_coke,53,biosphere,"treatment of waste water, waste water, in coke graphite",solid disposal,biosphere|graphite_prod_char|solids_wwt,"biosphere::solids, from waste water management::inventory indicator > output flow::kilogram","solids, from waste water management",graphite_prod_char,solids_wwt,,inventory indicator > output flow,0.050513798695024,kilogram,0.9978021977948273,0.050402779356860425,(0.050513798695024)*stage_scale__treatment_of_waste_water_waste_water_in_coke_graphite,"stage=treatment of waste water, waste water, in coke graphite; provider_group=biosphere",False,True
s_o1,BO1,1 kilogram graphite,graphite_system,system::graphite_prod_char::graphtz_coke,54,biosphere,"cooling for fluegas from wwt, chp, in coke graphite",water,biosphere|biosphere3|8c1494a5-4987-4715-aa2d-1908c495f4eb,"biosphere::Water, turbine use, unspecified natural origin::natural resource > in water::cubic meter","Water, turbine use, unspecified natural origin",biosphere3,8c1494a5-4987-4715-aa2d-1908c495f4eb,,natural resource > in water,0.011039261470346139,cubic meter,0.9978021977948273,0.011014999357143134,(0.011039261470346139)*stage_scale__cooling_for_fluegas_from_wwt_chp_in_coke_graphite,"stage=cooling for fluegas from wwt, chp, in coke graphite; provider_group=biosphere",False,True
s_o1,BO1,1 kilogram graphite,graphite_system,system::graphite_prod_char::graphtz_coke,55,biosphere,"fast pyrolysis, coke production",,biosphere|biosphere3|f9749677-9c9f-4678-ab55-c607dfdc2cb9,"biosphere::Carbon dioxide, fossil::air > urban air close to ground::kilogram","Carbon dioxide, fossil",biosphere3,f9749677-9c9f-4678-ab55-c607dfdc2cb9,,air > urban air close to ground,0.645437384487681,kilogram,0.9978021977948273,0.644018840780753,bio__fast_pyrolysis_coke_production__Carbon_dioxide_fossil,"stage=fast pyrolysis, coke production; provider_group=biosphere",False,True
s_o1,BO1,1 kilogram graphite,graphite_system,system::graphite_prod_char::graphtz_coke,56,biosphere,"fast pyrolysis, coke production",,biosphere|biosphere3|5f7aad3d-566c-4d0d-ad59-e765f971aa0f,"biosphere::Methane, fossil::air > urban air close to ground::kilogram","Methane, fossil",biosphere3,5f7aad3d-566c-4d0d-ad59-e765f971aa0f,,air > urban air close to ground,1.2217327506683093e-05,kilogram,0.9978021977948273,1.2190476237347587e-05,(1.2217327506683093e-05)*stage_scale__fast_pyrolysis_coke_production,"stage=fast pyrolysis, coke production; provider_group=biosphere",False,True
s_o1,BO1,1 kilogram graphite,graphite_system,system::graphite_prod_char::graphtz_coke,57,biosphere,"fast pyrolysis, coke production",,biosphere|biosphere3|6dc1b46f-ee89-4495-95c4-b8a637bcd6cb,biosphere::Dinitrogen monoxide::air > urban air close to ground::kilogram,Dinitrogen monoxide,biosphere3,6dc1b46f-ee89-4495-95c4-b8a637bcd6cb,,air > urban air close to ground,1.1848122554558053e-06,kilogram,0.9978021977948273,1.1822082724680488e-06,(1.1848122554558053e-06)*stage_scale__fast_pyrolysis_coke_production,"stage=fast pyrolysis, coke production; provider_group=biosphere",False,True
s_o1,BO1,1 kilogram graphite,graphite_system,system::graphite_prod_char::graphtz_coke,58,biosphere,"graphite production, from coke, no byproduct",,biosphere|biosphere3|f9749677-9c9f-4678-ab55-c607dfdc2cb9,"biosphere::Carbon dioxide, fossil::air > urban air close to ground::kilogram","Carbon dioxide, fossil",biosphere3,f9749677-9c9f-4678-ab55-c607dfdc2cb9,,air > urban air close to ground,0.6205868490117468,kilogram,0.9978021977948273,0.6192229218664875,(0.6205868490117468)*stage_scale__graphite_production_from_coke_no_byproduct,"stage=graphite production, from coke, no byproduct; provider_group=biosphere",False,True
s_o1,BO1,1 kilogram graphite,graphite_system,system::graphite_prod_char::graphtz_coke,59,biosphere,"graphite production, from coke, no byproduct",,biosphere|biosphere3|5f7aad3d-566c-4d0d-ad59-e765f971aa0f,"biosphere::Methane, fossil::air > urban air close to ground::kilogram","Methane, fossil",biosphere3,5f7aad3d-566c-4d0d-ad59-e765f971aa0f,,air > urban air close to ground,1.1746937755604567e-05,kilogram,0.9978021977948273,1.1721120309901273e-05,(1.1746937755604567e-05)*stage_scale__graphite_production_from_coke_no_byproduct,"stage=graphite production, from coke, no byproduct; provider_group=biosphere",False,True
s_o1,BO1,1 kilogram graphite,graphite_system,system::graphite_prod_char::graphtz_coke,60,biosphere,"graphite production, from coke, no byproduct",,biosphere|biosphere3|6dc1b46f-ee89-4495-95c4-b8a637bcd6cb,biosphere::Dinitrogen monoxide::air > urban air close to ground::kilogram,Dinitrogen monoxide,biosphere3,6dc1b46f-ee89-4495-95c4-b8a637bcd6cb,,air > urban air close to ground,1.139194787837476e-06,kilogram,0.9978021977948273,1.1366910630206455e-06,(1.139194787837476e-06)*stage_scale__graphite_production_from_coke_no_byproduct,"stage=graphite production, from coke, no byproduct; provider_group=biosphere",False,True
s_o1,BO1,1 kilogram graphite,graphite_system,system::graphite_prod_char::graphtz_coke,61,biosphere,"treatment of waste water, waste water, in coke graphite",,biosphere|biosphere3|f9749677-9c9f-4678-ab55-c607dfdc2cb9,"biosphere::Carbon dioxide, fossil::air > urban air close to ground::kilogram","Carbon dioxide, fossil",biosphere3,f9749677-9c9f-4678-ab55-c607dfdc2cb9,,air > urban air close to ground,0.0376860536389406,kilogram,0.9978021977948273,0.03760322714714868,(0.0376860536389406)*stage_scale__treatment_of_waste_water_waste_water_in_coke_graphite,"stage=treatment of waste water, waste water, in coke graphite; provider_group=biosphere",False,True
s_o1,BO1,1 kilogram graphite,graphite_system,system::graphite_prod_char::graphtz_coke,62,biosphere,"treatment of waste water, waste water, in coke graphite",,biosphere|biosphere3|5f7aad3d-566c-4d0d-ad59-e765f971aa0f,"biosphere::Methane, fossil::air > urban air close to ground::kilogram","Methane, fossil",biosphere3,5f7aad3d-566c-4d0d-ad59-e765f971aa0f,,air > urban air close to ground,7.133501572841591e-07,kilogram,0.9978021977948273,7.117823547354196e-07,(7.133501572841591e-07)*stage_scale__treatment_of_waste_water_waste_water_in_coke_graphite,"stage=treatment of waste water, waste water, in coke graphite; provider_group=biosphere",False,True
s_o1,BO1,1 kilogram graphite,graphite_system,system::graphite_prod_char::graphtz_coke,63,biosphere,"treatment of waste water, waste water, in coke graphite",,biosphere|biosphere3|6dc1b46f-ee89-4495-95c4-b8a637bcd6cb,biosphere::Dinitrogen monoxide::air > urban air close to ground::kilogram,Dinitrogen monoxide,biosphere3,6dc1b46f-ee89-4495-95c4-b8a637bcd6cb,,air > urban air close to ground,6.917928723112862e-08,kilogram,0.9978021977948273,6.902724484109977e-08,(6.917928723112862e-08)*stage_scale__treatment_of_waste_water_waste_water_in_coke_graphite,"stage=treatment of waste water, waste water, in coke graphite; provider_group=biosphere",False,True
s_o1,BO1,1 kilogram graphite,graphite_system,system::graphite_prod_char::graphtz_coke,64,biosphere,"electricity generation steam as byproduct, electricity, in coke graphite",,biosphere|biosphere3|f9749677-9c9f-4678-ab55-c607dfdc2cb9,"biosphere::Carbon dioxide, fossil::air > urban air close to ground::kilogram","Carbon dioxide, fossil",biosphere3,f9749677-9c9f-4678-ab55-c607dfdc2cb9,,air > urban air close to ground,0.06653423206736946,kilogram,0.9978021977948273,0.06638800298541232,(0.06653423206736946)*stage_scale__electricity_generation_steam_as_byproduct_electricity_in_coke_graphite,"stage=electricity generation steam as byproduct, electricity, in coke graphite; provider_group=biosphere",False,True
s_o1,BO1,1 kilogram graphite,graphite_system,system::graphite_prod_char::graphtz_coke,65,biosphere,"electricity generation steam as byproduct, electricity, in coke graphite",,biosphere|biosphere3|5f7aad3d-566c-4d0d-ad59-e765f971aa0f,"biosphere::Methane, fossil::air > urban air close to ground::kilogram","Methane, fossil",biosphere3,5f7aad3d-566c-4d0d-ad59-e765f971aa0f,,air > urban air close to ground,1.2594103209840085e-06,kilogram,0.9978021977948273,1.2566423862033326e-06,(1.2594103209840085e-06)*stage_scale__electricity_generation_steam_as_byproduct_electricity_in_coke_graphite,"stage=electricity generation steam as byproduct, electricity, in coke graphite; provider_group=biosphere",False,True
s_o1,BO1,1 kilogram graphite,graphite_system,system::graphite_prod_char::graphtz_coke,66,biosphere,"electricity generation steam as byproduct, electricity, in coke graphite",,biosphere|biosphere3|6dc1b46f-ee89-4495-95c4-b8a637bcd6cb,biosphere::Dinitrogen monoxide::air > urban air close to ground::kilogram,Dinitrogen monoxide,biosphere3,6dc1b46f-ee89-4495-95c4-b8a637bcd6cb,,air > urban air close to ground,1.221351217877349e-07,kilogram,0.9978021977948273,1.2186669294774075e-07,(1.221351217877349e-07)*stage_scale__electricity_generation_steam_as_byproduct_electricity_in_coke_graphite,"stage=electricity generation steam as byproduct, electricity, in coke graphite; provider_group=biosphere",False,True
s_o2,BO2,1 kilogram graphite,graphite_system,system::graphite_prod_char::graphtz_coke_alloc,1,technosphere,"electricity generation steam as byproduct, electricity, in coke-byproduct graphite",boiler chemical,technosphere|ei39_cutoff|00d51d61fff9d552854a91bd45ad14c4,"technosphere::market for hydrochloric acid, without water, in 30% solution state::RoW::kilogram","market for hydrochloric acid, without water, in 30% solution state",ei39_cutoff,00d51d61fff9d552854a91bd45ad14c4,RoW,,8.810572716836714e-05,kilogram,0.552984164081995,4.8721071889035825e-05,tech__electricity_generation_steam_as_byproduct_electricity_in_coke_byproduct_graphite__market_for_hydrochloric_acid_without_water_in_30_solution_state,"stage=electricity generation steam as byproduct, electricity, in coke-byproduct graphite; provider_group=background",False,True
s_o2,BO2,1 kilogram graphite,graphite_system,system::graphite_prod_char::graphtz_coke_alloc,2,technosphere,"farming and harvest, switchgrass",,technosphere|ei39_cutoff|3ee7c8858925e7de6a8ca0eb548143f7,"technosphere::market for inorganic nitrogen fertiliser, as N::US::kilogram","market for inorganic nitrogen fertiliser, as N",ei39_cutoff,3ee7c8858925e7de6a8ca0eb548143f7,US,,0.0014210642476659844,kilogram,0.552984164081995,0.0007858260251023835,(0.0014210642476659844)*stage_scale__farming_and_harvest_switchgrass,"stage=farming and harvest, switchgrass; provider_group=background",False,True
s_o2,BO2,1 kilogram graphite,graphite_system,system::graphite_prod_char::graphtz_coke_alloc,3,technosphere,"farming and harvest, switchgrass",,technosphere|ei39_cutoff|697927891e43c4b12144bd4422a3a4a0,"technosphere::market for inorganic phosphorus fertiliser, as P2O5::US::kilogram","market for inorganic phosphorus fertiliser, as P2O5",ei39_cutoff,697927891e43c4b12144bd4422a3a4a0,US,,0.000672401540656334,kilogram,0.552984164081995,0.00037182740388728844,(0.000672401540656334)*stage_scale__farming_and_harvest_switchgrass,"stage=farming and harvest, switchgrass; provider_group=background",False,True
s_o2,BO2,1 kilogram graphite,graphite_system,system::graphite_prod_char::graphtz_coke_alloc,4,technosphere,"farming and harvest, switchgrass",,technosphere|ei39_cutoff|0123b5c80d7e3ceeab025ca4b17ad9aa,"technosphere::market for inorganic potassium fertiliser, as K2O::US::kilogram","market for inorganic potassium fertiliser, as K2O",ei39_cutoff,0123b5c80d7e3ceeab025ca4b17ad9aa,US,,0.0009324745772224079,kilogram,0.552984164081995,0.0005156436746130449,(0.0009324745772224079)*stage_scale__farming_and_harvest_switchgrass,"stage=farming and harvest, switchgrass; provider_group=background",False,True
s_o2,BO2,1 kilogram graphite,graphite_system,system::graphite_prod_char::graphtz_coke_alloc,5,technosphere,"farming and harvest, switchgrass",,technosphere|ei39_cutoff|7b62e459ae2e302a703a92dd474a8342,technosphere::market for glyphosate::GLO::kilogram,market for glyphosate,ei39_cutoff,7b62e459ae2e302a703a92dd474a8342,GLO,,1.547160521182408e-05,kilogram,0.552984164081995,8.555552675067177e-06,(1.547160521182408e-05)*stage_scale__farming_and_harvest_switchgrass,"stage=farming and harvest, switchgrass; provider_group=background",False,True
s_o2,BO2,1 kilogram graphite,graphite_system,system::graphite_prod_char::graphtz_coke_alloc,6,technosphere,"farming and harvest, switchgrass",,technosphere|ei39_cutoff|bc2c53ca3fe04d0ed1ff8a1a7706871a,"technosphere::market for calcium carbonate, precipitated::RoW::kilogram","market for calcium carbonate, precipitated",ei39_cutoff,bc2c53ca3fe04d0ed1ff8a1a7706871a,RoW,,0.0017035595198680589,kilogram,0.552984164081995,0.0009420414370581633,(0.0017035595198680589)*stage_scale__farming_and_harvest_switchgrass,"stage=farming and harvest, switchgrass; provider_group=background",False,True
s_o2,BO2,1 kilogram graphite,graphite_system,system::graphite_prod_char::graphtz_coke_alloc,7,technosphere,"farming and harvest, switchgrass",,technosphere|ei39_cutoff|22db46f6ba1211c058e4da0ac386d3e7,"technosphere::market for polyethylene, high density, granulate::GLO::kilogram","market for polyethylene, high density, granulate",ei39_cutoff,22db46f6ba1211c058e4da0ac386d3e7,GLO,,9.832598546728577e-05,kilogram,0.552984164081995,5.437271288116541e-05,(9.832598546728577e-05)*stage_scale__farming_and_harvest_switchgrass,"stage=farming and harvest, switchgrass; provider_group=background",False,True
s_o2,BO2,1 kilogram graphite,graphite_system,system::graphite_prod_char::graphtz_coke_alloc,8,technosphere,"farming and harvest, switchgrass",,technosphere|ei39_cutoff|b613a0e604fce45d4146006a310d2872,technosphere::market for diesel::RoW::kilogram,market for diesel,ei39_cutoff,b613a0e604fce45d4146006a310d2872,RoW,,0.002044622112825251,kilogram,0.552984164081995,0.001130643649924234,tech__farming_and_harvest_switchgrass__market_for_diesel,"stage=farming and harvest, switchgrass; provider_group=background",False,True
s_o2,BO2,1 kilogram graphite,graphite_system,system::graphite_prod_char::graphtz_coke_alloc,9,technosphere,"treatment of waste water, waste water, in coke-byproduct graphite",natural gas,technosphere|ei39_cutoff|d324aeab28dcbaa4635f5ed8a617cd7f,"technosphere::market for natural gas, high pressure::US::cubic meter","market for natural gas, high pressure",ei39_cutoff,d324aeab28dcbaa4635f5ed8a617cd7f,US,,0.006339137440252639,cubic meter,0.552984164081995,0.003505442618398983,tech__treatment_of_waste_water_waste_water_in_coke_byproduct_graphite__market_for_natural_gas_high_pressure,"stage=treatment of waste water, waste water, in coke-byproduct graphite; provider_group=background",False,True
s_o2,BO2,1 kilogram graphite,graphite_system,system::graphite_prod_char::graphtz_coke_alloc,10,technosphere,"treatment of waste water, waste water, in coke-byproduct graphite",electricity,technosphere|ei39_cutoff|2df74714a5a7c8cc88d704fee4a848dd,"technosphere::market group for electricity, medium voltage::US::kilowatt hour","market group for electricity, medium voltage",ei39_cutoff,2df74714a5a7c8cc88d704fee4a848dd,US,,0.24208969828527707,kilowatt hour,0.552984164081995,0.13387176943914633,tech__treatment_of_waste_water_waste_water_in_coke_byproduct_graphite__market_group_for_electricity_medium_voltage,"stage=treatment of waste water, waste water, in coke-byproduct graphite; provider_group=background",False,True
s_o2,BO2,1 kilogram graphite,graphite_system,system::graphite_prod_char::graphtz_coke_alloc,11,technosphere,"treatment of waste water, waste water, in coke-byproduct graphite",NaOH,technosphere|ei39_cutoff|2f298d6798217ca204f60bdc1efe8ea1,"technosphere::market for sodium hydroxide, without water, in 50% solution state::GLO::kilogram","market for sodium hydroxide, without water, in 50% solution state",ei39_cutoff,2f298d6798217ca204f60bdc1efe8ea1,GLO,,0.01527470715371391,kilogram,0.552984164081995,0.008446671166993757,(0.01527470715371391)*stage_scale__treatment_of_waste_water_waste_water_in_coke_byproduct_graphite,"stage=treatment of waste water, waste water, in coke-byproduct graphite; provider_group=background",False,True
s_o2,BO2,1 kilogram graphite,graphite_system,system::graphite_prod_char::graphtz_coke_alloc,12,technosphere,"treatment of waste water, waste water, in coke-byproduct graphite",,technosphere|ei39_cutoff|5bfa39eda2a710103c8b0797d6285143,"technosphere::treatment of inert waste, inert material landfill::RoW::kilogram","treatment of inert waste, inert material landfill",ei39_cutoff,5bfa39eda2a710103c8b0797d6285143,RoW,,-0.08625867456155407,kilogram,0.552984164081995,-0.04769968104724183,(-0.08625867456155407)*stage_scale__treatment_of_waste_water_waste_water_in_coke_byproduct_graphite,"stage=treatment of waste water, waste water, in coke-byproduct graphite; provider_group=background",False,True
s_o2,BO2,1 kilogram graphite,graphite_system,system::graphite_prod_char::graphtz_coke_alloc,13,technosphere,"pulpwood chips production, poplar",,technosphere|ei39_cutoff|8fcd322e3bfcf29cc506c34e95336f81,"technosphere::willow production, short rotation coppice::RoW::kilogram","willow production, short rotation coppice",ei39_cutoff,8fcd322e3bfcf29cc506c34e95336f81,RoW,,3.9647575207504677,kilogram,0.552984164081995,2.1924481234000006,(3.9647575207504677)*stage_scale__pulpwood_chips_production_poplar,"stage=pulpwood chips production, poplar; provider_group=background",False,True
s_o2,BO2,1 kilogram graphite,graphite_system,system::graphite_prod_char::graphtz_coke_alloc,14,technosphere,NiAl2O3 catalyst production,,technosphere|ei39_cutoff|c819ffd8b2666db32408aadf99fc96cb,"technosphere::market for aluminium oxide, metallurgical::RoW::kilogram","market for aluminium oxide, metallurgical",ei39_cutoff,c819ffd8b2666db32408aadf99fc96cb,RoW,,1.8227220070960703e-06,kilogram,0.552984164081995,1.0079364054478767e-06,(1.8227220070960703e-06)*stage_scale__NiAl2O3_catalyst_production,stage=NiAl2O3 catalyst production; provider_group=background,False,True
s_o2,BO2,1 kilogram graphite,graphite_system,system::graphite_prod_char::graphtz_coke_alloc,15,technosphere,NiAl2O3 catalyst production,,technosphere|ei39_cutoff|4347b9665d0aea69c7956fa09ac8db07,"technosphere::market for nickel, class 1::GLO::kilogram","market for nickel, class 1",ei39_cutoff,4347b9665d0aea69c7956fa09ac8db07,GLO,,4.785207754121741e-06,kilogram,0.552984164081995,2.6461441098716915e-06,(4.785207754121741e-06)*stage_scale__NiAl2O3_catalyst_production,stage=NiAl2O3 catalyst production; provider_group=background,False,True
s_o2,BO2,1 kilogram graphite,graphite_system,system::graphite_prod_char::graphtz_coke_alloc,16,technosphere,"treatment of NCG, hydrogen production, in coke-byproduct graphite",natural gas,technosphere|ei39_cutoff|d324aeab28dcbaa4635f5ed8a617cd7f,"technosphere::market for natural gas, high pressure::US::cubic meter","market for natural gas, high pressure",ei39_cutoff,d324aeab28dcbaa4635f5ed8a617cd7f,US,,0.0019778836901583486,cubic meter,0.552984164081995,0.001093738359053626,tech__treatment_of_NCG_hydrogen_production_in_coke_byproduct_graphite__market_for_natural_gas_high_pressure,"stage=treatment of NCG, hydrogen production, in coke-byproduct graphite; provider_group=background",False,True
s_o2,BO2,1 kilogram graphite,graphite_system,system::graphite_prod_char::graphtz_coke_alloc,17,technosphere,"treatment of NCG, hydrogen production, in coke-byproduct graphite",electricity,technosphere|ei39_cutoff|2df74714a5a7c8cc88d704fee4a848dd,"technosphere::market group for electricity, medium voltage::US::kilowatt hour","market group for electricity, medium voltage",ei39_cutoff,2df74714a5a7c8cc88d704fee4a848dd,US,,0.33832599558199533,kilowatt hour,0.552984164081995,0.18708891785411844,tech__treatment_of_NCG_hydrogen_production_in_coke_byproduct_graphite__market_group_for_electricity_medium_voltage,"stage=treatment of NCG, hydrogen production, in coke-byproduct graphite; provider_group=background",False,True
s_o2,BO2,1 kilogram graphite,graphite_system,system::graphite_prod_char::graphtz_coke_alloc,18,technosphere,MgAlO catalyst production,,technosphere|ei39_cutoff|eb94e20c0297117949e1bddd83d7cc05,technosphere::market for magnesium oxide::GLO::kilogram,market for magnesium oxide,ei39_cutoff,eb94e20c0297117949e1bddd83d7cc05,GLO,,2.2202643493270025e-06,kilogram,0.552984164081995,1.2277710252536471e-06,(2.2202643493270025e-06)*stage_scale__MgAlO_catalyst_production,stage=MgAlO catalyst production; provider_group=background,False,True
s_o2,BO2,1 kilogram graphite,graphite_system,system::graphite_prod_char::graphtz_coke_alloc,19,technosphere,MgAlO catalyst production,,technosphere|ei39_cutoff|c819ffd8b2666db32408aadf99fc96cb,"technosphere::market for aluminium oxide, metallurgical::RoW::kilogram","market for aluminium oxide, metallurgical",ei39_cutoff,c819ffd8b2666db32408aadf99fc96cb,RoW,,9.515418639972868e-07,kilogram,0.552984164081995,5.261875822515631e-07,(9.515418639972868e-07)*stage_scale__MgAlO_catalyst_production,stage=MgAlO catalyst production; provider_group=background,False,True
s_o2,BO2,1 kilogram graphite,graphite_system,system::graphite_prod_char::graphtz_coke_alloc,20,technosphere,"waste processing and sorting, construction and demolition",,technosphere|ei39_cutoff|2df74714a5a7c8cc88d704fee4a848dd,"technosphere::market group for electricity, medium voltage::US::kilowatt hour","market group for electricity, medium voltage",ei39_cutoff,2df74714a5a7c8cc88d704fee4a848dd,US,,8.43336270829749e-06,kilowatt hour,0.552984164081995,4.6635160276481565e-06,tech__waste_processing_and_sorting_construction_and_demolition__market_group_for_electricity_medium_voltage,"stage=waste processing and sorting, construction and demolition; provider_group=background",False,True
s_o2,BO2,1 kilogram graphite,graphite_system,system::graphite_prod_char::graphtz_coke_alloc,21,technosphere,"waste processing and sorting, construction and demolition",,technosphere|ei39_cutoff|b613a0e604fce45d4146006a310d2872,technosphere::market for diesel::RoW::kilogram,market for diesel,ei39_cutoff,b613a0e604fce45d4146006a310d2872,RoW,,0.017088998735084297,kilogram,0.552984164081995,0.00944994568051886,tech__waste_processing_and_sorting_construction_and_demolition__market_for_diesel,"stage=waste processing and sorting, construction and demolition; provider_group=background",False,True
s_o2,BO2,1 kilogram graphite,graphite_system,system::graphite_prod_char::graphtz_coke_alloc,22,technosphere,NiMoAl2O3 catalyst production,,technosphere|ei39_cutoff|4347b9665d0aea69c7956fa09ac8db07,"technosphere::market for nickel, class 1::GLO::kilogram","market for nickel, class 1",ei39_cutoff,4347b9665d0aea69c7956fa09ac8db07,GLO,,1.195136537701777e-06,kilogram,0.552984164081995,6.608915792648669e-07,(1.195136537701777e-06)*stage_scale__NiMoAl2O3_catalyst_production,stage=NiMoAl2O3 catalyst production; provider_group=background,False,True
s_o2,BO2,1 kilogram graphite,graphite_system,system::graphite_prod_char::graphtz_coke_alloc,23,technosphere,NiMoAl2O3 catalyst production,,technosphere|ei39_cutoff|052eca926bd9d9041df3b9325e33e8b7,technosphere::market for molybdenum trioxide::GLO::kilogram,market for molybdenum trioxide,ei39_cutoff,052eca926bd9d9041df3b9325e33e8b7,GLO,,5.709250976282375e-06,kilogram,0.552984164081995,3.1571253786538232e-06,(5.709250976282375e-06)*stage_scale__NiMoAl2O3_catalyst_production,stage=NiMoAl2O3 catalyst production; provider_group=background,False,True
s_o2,BO2,1 kilogram graphite,graphite_system,system::graphite_prod_char::graphtz_coke_alloc,24,technosphere,NiMoAl2O3 catalyst production,,technosphere|ei39_cutoff|c819ffd8b2666db32408aadf99fc96cb,"technosphere::market for aluminium oxide, metallurgical::RoW::kilogram","market for aluminium oxide, metallurgical",ei39_cutoff,c819ffd8b2666db32408aadf99fc96cb,RoW,,3.082995527192483e-05,kilogram,0.552984164081995,1.7048477044730646e-05,(3.082995527192483e-05)*stage_scale__NiMoAl2O3_catalyst_production,stage=NiMoAl2O3 catalyst production; provider_group=background,False,True
s_o2,BO2,1 kilogram graphite,graphite_system,system::graphite_prod_char::graphtz_coke_alloc,25,technosphere,ZrO2 catalyst production,,technosphere|ei39_cutoff|5298254fa3c87afd6b7e4e8dd48f1635,technosphere::market for zirconium oxide::GLO::kilogram,market for zirconium oxide,ei39_cutoff,5298254fa3c87afd6b7e4e8dd48f1635,GLO,,4.229074951099053e-06,kilogram,0.552984164081995,2.338611476673614e-06,(4.229074951099053e-06)*stage_scale__ZrO2_catalyst_production,stage=ZrO2 catalyst production; provider_group=background,False,True
s_o2,BO2,1 kilogram graphite,graphite_system,system::graphite_prod_char::graphtz_coke_alloc,26,technosphere,"upstream residues collection and production, biomass residues",diesel,technosphere|ei39_cutoff|b613a0e604fce45d4146006a310d2872,technosphere::market for diesel::RoW::kilogram,market for diesel,ei39_cutoff,b613a0e604fce45d4146006a310d2872,RoW,,0.02446277481537932,kilogram,0.552984164081995,0.013527527082408612,tech__upstream_residues_collection_and_production_biomass_residues__market_for_diesel,"stage=upstream residues collection and production, biomass residues; provider_group=background",False,True
s_o2,BO2,1 kilogram graphite,graphite_system,system::graphite_prod_char::graphtz_coke_alloc,27,technosphere,"graphite production, from coke, allocation",Fe,technosphere|ei39_cutoff|6d9198849efff1e8d431ca2bd2837440,"technosphere::market for iron(III) chloride, without water, in 14% iron solution state::GLO::kilogram","market for iron(III) chloride, without water, in 14% iron solution state",ei39_cutoff,6d9198849efff1e8d431ca2bd2837440,GLO,,2.6226872334843683,kilogram,0.552984164081995,1.4503045074568734,tech__graphite_production_from_coke_allocation__market_for_iron_III_chloride_without_water_in_14_iron_solution_state,"stage=graphite production, from coke, allocation; provider_group=background",False,True
s_o2,BO2,1 kilogram graphite,graphite_system,system::graphite_prod_char::graphtz_coke_alloc,28,technosphere,"graphite production, from coke, allocation",HCl,technosphere|ei39_cutoff|00d51d61fff9d552854a91bd45ad14c4,"technosphere::market for hydrochloric acid, without water, in 30% solution state::RoW::kilogram","market for hydrochloric acid, without water, in 30% solution state",ei39_cutoff,00d51d61fff9d552854a91bd45ad14c4,RoW,,0.2007669843654452,kilogram,0.552984164081995,0.11102096302458868,tech__graphite_production_from_coke_allocation__market_for_hydrochloric_acid_without_water_in_30_solution_state,"stage=graphite production, from coke, allocation; provider_group=background",False,True
s_o2,BO2,1 kilogram graphite,graphite_system,system::graphite_prod_char::graphtz_coke_alloc,29,technosphere,"graphite production, from coke, allocation",electricity,technosphere|ei39_cutoff|2df74714a5a7c8cc88d704fee4a848dd,"technosphere::market group for electricity, medium voltage::US::kilowatt hour","market group for electricity, medium voltage",ei39_cutoff,2df74714a5a7c8cc88d704fee4a848dd,US,,1.0374026466584825,kilowatt hour,0.552984164081995,0.5736672353788902,tech__graphite_production_from_coke_allocation__market_group_for_electricity_medium_voltage,"stage=graphite production, from coke, allocation; provider_group=background",False,True
s_o2,BO2,1 kilogram graphite,graphite_system,system::graphite_prod_char::graphtz_coke_alloc,30,technosphere,"graphite production, from coke, allocation",diesel,technosphere|ei39_cutoff|b613a0e604fce45d4146006a310d2872,technosphere::market for diesel::RoW::kilogram,market for diesel,ei39_cutoff,b613a0e604fce45d4146006a310d2872,RoW,,0.0033920704959821343,kilogram,0.552984164081995,0.0018757612677278788,tech__graphite_production_from_coke_allocation__market_for_diesel,"stage=graphite production, from coke, allocation; provider_group=background",False,True
s_o2,BO2,1 kilogram graphite,graphite_system,system::graphite_prod_char::graphtz_coke_alloc,31,technosphere,"graphite production, from coke, allocation",natural gas,technosphere|ei39_cutoff|d324aeab28dcbaa4635f5ed8a617cd7f,"technosphere::market for natural gas, high pressure::US::cubic meter","market for natural gas, high pressure",ei39_cutoff,d324aeab28dcbaa4635f5ed8a617cd7f,US,,0.32271610400041945,cubic meter,0.552984164081995,0.1784568950064701,tech__graphite_production_from_coke_allocation__market_for_natural_gas_high_pressure,"stage=graphite production, from coke, allocation; provider_group=background",False,True
s_o2,BO2,1 kilogram graphite,graphite_system,system::graphite_prod_char::graphtz_coke_alloc,32,technosphere,"graphite production, from coke, allocation",NaOH,technosphere|ei39_cutoff|2f298d6798217ca204f60bdc1efe8ea1,"technosphere::market for sodium hydroxide, without water, in 50% solution state::GLO::kilogram","market for sodium hydroxide, without water, in 50% solution state",ei39_cutoff,2f298d6798217ca204f60bdc1efe8ea1,GLO,,0.24226782175071815,kilogram,0.552984164081995,0.13397026889478664,(0.24226782175071815)*stage_scale__graphite_production_from_coke_allocation,"stage=graphite production, from coke, allocation; provider_group=background",False,True
s_o2,BO2,1 kilogram graphite,graphite_system,system::graphite_prod_char::graphtz_coke_alloc,33,technosphere,condensed oil hydrotreatment,electricity,technosphere|ei39_cutoff|2df74714a5a7c8cc88d704fee4a848dd,"technosphere::market group for electricity, medium voltage::US::kilowatt hour","market group for electricity, medium voltage",ei39_cutoff,2df74714a5a7c8cc88d704fee4a848dd,US,,0.02220264324642851,kilowatt hour,0.552984164081995,0.012277710116037023,tech__condensed_oil_hydrotreatment__market_group_for_electricity_medium_voltage,stage=condensed oil hydrotreatment; provider_group=background,False,True
s_o2,BO2,1 kilogram graphite,graphite_system,system::graphite_prod_char::graphtz_coke_alloc,34,technosphere,condensed oil hydrotreatment,H2S,technosphere|ei39_cutoff|2f509df8e5e4d5702ca6da6967c537a7,technosphere::market for hydrogen sulfide::RoW::kilogram,market for hydrogen sulfide,ei39_cutoff,2f509df8e5e4d5702ca6da6967c537a7,RoW,,8.810572716836712e-05,kilogram,0.552984164081995,4.872107188903581e-05,(8.810572716836712e-05)*stage_scale__condensed_oil_hydrotreatment,stage=condensed oil hydrotreatment; provider_group=background,False,True
s_o2,BO2,1 kilogram graphite,graphite_system,system::graphite_prod_char::graphtz_coke_alloc,35,technosphere,"residues production, forestry residue",,technosphere|ei39_cutoff|289eaaf5e6f8ef0f5df16e297e913692,"technosphere::hardwood forestry, beech, sustainable forest management::RoW::kilogram","hardwood forestry, beech, sustainable forest management",ei39_cutoff,289eaaf5e6f8ef0f5df16e297e913692,RoW,,0.46989718958950377,kilogram,0.552984164081995,0.25984570458963047,(0.46989718958950377)*stage_scale__residues_production_forestry_residue,"stage=residues production, forestry residue; provider_group=background",False,True
s_o2,BO2,1 kilogram graphite,graphite_system,system::graphite_prod_char::graphtz_coke_alloc,36,technosphere,"residues production, forestry residue",,technosphere|ei39_cutoff|cc629a57d77e951cdca1ee8b9abb4d32,"technosphere::hardwood forestry, birch, sustainable forest management::RoW::kilogram","hardwood forestry, birch, sustainable forest management",ei39_cutoff,cc629a57d77e951cdca1ee8b9abb4d32,RoW,,0.46989718958950377,kilogram,0.552984164081995,0.25984570458963047,(0.46989718958950377)*stage_scale__residues_production_forestry_residue,"stage=residues production, forestry residue; provider_group=background",False,True
s_o2,BO2,1 kilogram graphite,graphite_system,system::graphite_prod_char::graphtz_coke_alloc,37,technosphere,"residues production, forestry residue",,technosphere|ei39_cutoff|39637a65852c08973cb0b45962f74e09,"technosphere::hardwood forestry, eucalyptus ssp., planted forest management::RoW::kilogram","hardwood forestry, eucalyptus ssp., planted forest management",ei39_cutoff,39637a65852c08973cb0b45962f74e09,RoW,,0.46989718958950377,kilogram,0.552984164081995,0.25984570458963047,(0.46989718958950377)*stage_scale__residues_production_forestry_residue,"stage=residues production, forestry residue; provider_group=background",False,True
s_o2,BO2,1 kilogram graphite,graphite_system,system::graphite_prod_char::graphtz_coke_alloc,38,technosphere,"residues production, forestry residue",,technosphere|ei39_cutoff|c655f5b0ff84702a0077ad38fdf4f750,"technosphere::hardwood forestry, oak, sustainable forest management::RoW::kilogram","hardwood forestry, oak, sustainable forest management",ei39_cutoff,c655f5b0ff84702a0077ad38fdf4f750,RoW,,0.46989718958950377,kilogram,0.552984164081995,0.25984570458963047,(0.46989718958950377)*stage_scale__residues_production_forestry_residue,"stage=residues production, forestry residue; provider_group=background",False,True
s_o2,BO2,1 kilogram graphite,graphite_system,system::graphite_prod_char::graphtz_coke_alloc,39,technosphere,"residues production, forestry residue",,technosphere|ei39_cutoff|7f63fa1d975fd20397933993cfe1bbf2,"technosphere::softwood forestry, pine, sustainable forest management::RoW::kilogram","softwood forestry, pine, sustainable forest management",ei39_cutoff,7f63fa1d975fd20397933993cfe1bbf2,RoW,,0.46989718958950377,kilogram,0.552984164081995,0.25984570458963047,(0.46989718958950377)*stage_scale__residues_production_forestry_residue,"stage=residues production, forestry residue; provider_group=background",False,True
s_o2,BO2,1 kilogram graphite,graphite_system,system::graphite_prod_char::graphtz_coke_alloc,40,technosphere,"residues production, forestry residue",,technosphere|ei39_cutoff|a54115ba044e5f4394c78824ef3e2c6f,"technosphere::softwood forestry, spruce, sustainable forest management::RoW::kilogram","softwood forestry, spruce, sustainable forest management",ei39_cutoff,a54115ba044e5f4394c78824ef3e2c6f,RoW,,0.46989718958950377,kilogram,0.552984164081995,0.25984570458963047,(0.46989718958950377)*stage_scale__residues_production_forestry_residue,"stage=residues production, forestry residue; provider_group=background",False,True
s_o2,BO2,1 kilogram graphite,graphite_system,system::graphite_prod_char::graphtz_coke_alloc,41,technosphere,"cooling for fluegas from H2 production, wwt, chp, in coke-byproduct graphite",cooling chemical,technosphere|ei39_cutoff|a59a845057a75670b39c812c45810d97,technosphere::market for diazole-compound::GLO::kilogram,market for diazole-compound,ei39_cutoff,a59a845057a75670b39c812c45810d97,GLO,,4.7687202673634514e-05,kilogram,0.552984164081995,2.637026790788846e-05,(4.7687202673634514e-05)*stage_scale__cooling_for_fluegas_from_H2_production_wwt_chp_in_coke_byproduct_graphite,"stage=cooling for fluegas from H2 production, wwt, chp, in coke-byproduct graphite; provider_group=background",False,True
s_o2,BO2,1 kilogram graphite,graphite_system,system::graphite_prod_char::graphtz_coke_alloc,42,technosphere,"cooling for fluegas from H2 production, wwt, chp, in coke-byproduct graphite",electricity,technosphere|ei39_cutoff|2df74714a5a7c8cc88d704fee4a848dd,"technosphere::market group for electricity, medium voltage::US::kilowatt hour","market group for electricity, medium voltage",ei39_cutoff,2df74714a5a7c8cc88d704fee4a848dd,US,,0.0751787974319063,kilowatt hour,0.552984164081995,0.04157268445457234,tech__cooling_for_fluegas_from_H2_production_wwt_chp_in_coke_byproduct_graphite__market_group_for_electricity_medium_voltage,"stage=cooling for fluegas from H2 production, wwt, chp, in coke-byproduct graphite; provider_group=background",False,True
s_o2,BO2,1 kilogram graphite,graphite_system,system::graphite_prod_char::graphtz_coke_alloc,43,technosphere,"fast pyrolysis, coke production, with biooil and bioaq upgrade",electricity,technosphere|ei39_cutoff|2df74714a5a7c8cc88d704fee4a848dd,"technosphere::market group for electricity, medium voltage::US::kilowatt hour","market group for electricity, medium voltage",ei39_cutoff,2df74714a5a7c8cc88d704fee4a848dd,US,,2.971665208225553,kilowatt hour,0.552984164081995,1.643283801102155,tech__fast_pyrolysis_coke_production_with_biooil_and_bioaq_upgrade__market_group_for_electricity_medium_voltage,"stage=fast pyrolysis, coke production, with biooil and bioaq upgrade; provider_group=background",False,True
s_o2,BO2,1 kilogram graphite,graphite_system,system::graphite_prod_char::graphtz_coke_alloc,44,technosphere,"fast pyrolysis, coke production, with biooil and bioaq upgrade",N2,technosphere|ei39_cutoff|2ba127601085d3c181813d9d3c33b22a,"technosphere::market for nitrogen, liquid::RoW::kilogram","market for nitrogen, liquid",ei39_cutoff,2ba127601085d3c181813d9d3c33b22a,RoW,,0.04405286358418355,kilogram,0.552984164081995,0.0243605359445179,(0.04405286358418355)*stage_scale__fast_pyrolysis_coke_production_with_biooil_and_bioaq_upgrade,"stage=fast pyrolysis, coke production, with biooil and bioaq upgrade; provider_group=background",False,True
s_o2,BO2,1 kilogram graphite,graphite_system,system::graphite_prod_char::graphtz_coke_alloc,45,technosphere,"fast pyrolysis, coke production, with biooil and bioaq upgrade",sand,technosphere|ei39_cutoff|72f0fb1669cc82aed89e97ac2d612d0b,technosphere::market for sand::RoW::kilogram,market for sand,ei39_cutoff,72f0fb1669cc82aed89e97ac2d612d0b,RoW,,0.00955947139776783,kilogram,0.552984164081995,0.005286236299960384,(0.00955947139776783)*stage_scale__fast_pyrolysis_coke_production_with_biooil_and_bioaq_upgrade,"stage=fast pyrolysis, coke production, with biooil and bioaq upgrade; provider_group=background",False,True
s_o2,BO2,1 kilogram graphite,graphite_system,system::graphite_prod_char::graphtz_coke_alloc,46,technosphere,"fast pyrolysis, coke production, with biooil and bioaq upgrade",natural gas,technosphere|ei39_cutoff|d324aeab28dcbaa4635f5ed8a617cd7f,"technosphere::market for natural gas, high pressure::US::cubic meter","market for natural gas, high pressure",ei39_cutoff,d324aeab28dcbaa4635f5ed8a617cd7f,US,,0.33564086540330323,cubic meter,0.552984164081995,0.18560408338680304,tech__fast_pyrolysis_coke_production_with_biooil_and_bioaq_upgrade__market_for_natural_gas_high_pressure,"stage=fast pyrolysis, coke production, with biooil and bioaq upgrade; provider_group=background",False,True
s_o2,BO2,1 kilogram graphite,graphite_system,system::graphite_prod_char::graphtz_coke_alloc,47,technosphere,PtAl2O3 catalyst production,,technosphere|ei39_cutoff|90aa1cf7ab6b25320d33a20c3150da18,technosphere::market for platinum::GLO::kilogram,market for platinum,ei39_cutoff,90aa1cf7ab6b25320d33a20c3150da18,GLO,,9.515418639972867e-09,kilogram,0.552984164081995,5.26187582251563e-09,(9.515418639972867e-09)*stage_scale__PtAl2O3_catalyst_production,stage=PtAl2O3 catalyst production; provider_group=background,False,True
s_o2,BO2,1 kilogram graphite,graphite_system,system::graphite_prod_char::graphtz_coke_alloc,48,technosphere,PtAl2O3 catalyst production,,technosphere|ei39_cutoff|c819ffd8b2666db32408aadf99fc96cb,"technosphere::market for aluminium oxide, metallurgical::RoW::kilogram","market for aluminium oxide, metallurgical",ei39_cutoff,c819ffd8b2666db32408aadf99fc96cb,RoW,,3.1622907946843163e-06,kilogram,0.552984164081995,1.7486967316826943e-06,(3.1622907946843163e-06)*stage_scale__PtAl2O3_catalyst_production,stage=PtAl2O3 catalyst production; provider_group=background,False,True
s_o2,BO2,1 kilogram graphite,graphite_system,system::graphite_prod_char::graphtz_coke_alloc,49,technosphere,condensed aqueous phase upgrade,electricity,technosphere|ei39_cutoff|2df74714a5a7c8cc88d704fee4a848dd,"technosphere::market group for electricity, medium voltage::US::kilowatt hour","market group for electricity, medium voltage",ei39_cutoff,2df74714a5a7c8cc88d704fee4a848dd,US,,0.2312246703806627,kilowatt hour,0.552984164081995,0.1278635810655856,tech__condensed_aqueous_phase_upgrade__market_group_for_electricity_medium_voltage,stage=condensed aqueous phase upgrade; provider_group=background,False,True
s_o2,BO2,1 kilogram graphite,graphite_system,system::graphite_prod_char::graphtz_coke_alloc,50,technosphere,condensed aqueous phase upgrade,toluene,technosphere|ei39_cutoff|9414676a9e496f1dbed42962f4adaddb,"technosphere::market for toluene, liquid::RoW::kilogram","market for toluene, liquid",ei39_cutoff,9414676a9e496f1dbed42962f4adaddb,RoW,,0.0002801762123954074,kilogram,0.552984164081995,0.00015493300860713386,(0.0002801762123954074)*stage_scale__condensed_aqueous_phase_upgrade,stage=condensed aqueous phase upgrade; provider_group=background,False,True
s_o2,BO2,1 kilogram graphite,graphite_system,system::graphite_prod_char::graphtz_coke_alloc,51,biosphere,"electricity generation steam as byproduct, electricity, in coke-byproduct graphite",,biosphere|graphite_prod_char|dilute_wwt,"biosphere::dilute, from waste water management::inventory indicator > output flow::kilogram","dilute, from waste water management",graphite_prod_char,dilute_wwt,,inventory indicator > output flow,0.0791099576630121,kilogram,0.552984164081995,0.043746553808842764,(0.0791099576630121)*stage_scale__electricity_generation_steam_as_byproduct_electricity_in_coke_byproduct_graphite,"stage=electricity generation steam as byproduct, electricity, in coke-byproduct graphite; provider_group=biosphere",False,True
s_o2,BO2,1 kilogram graphite,graphite_system,system::graphite_prod_char::graphtz_coke_alloc,52,biosphere,"electricity generation steam as byproduct, electricity, in coke-byproduct graphite",,biosphere|graphite_prod_char|air,biosphere::air::natural resource > in air::kilogram,air,graphite_prod_char,air,,natural resource > in air,0.6872223460469098,kilogram,0.552984164081995,0.38002307456721796,(0.6872223460469098)*stage_scale__electricity_generation_steam_as_byproduct_electricity_in_coke_byproduct_graphite,"stage=electricity generation steam as byproduct, electricity, in coke-byproduct graphite; provider_group=biosphere",False,True
s_o2,BO2,1 kilogram graphite,graphite_system,system::graphite_prod_char::graphtz_coke_alloc,53,biosphere,"electricity generation steam as byproduct, electricity, in coke-byproduct graphite",water,biosphere|biosphere3|8c1494a5-4987-4715-aa2d-1908c495f4eb,"biosphere::Water, turbine use, unspecified natural origin::natural resource > in water::cubic meter","Water, turbine use, unspecified natural origin",biosphere3,8c1494a5-4987-4715-aa2d-1908c495f4eb,,natural resource > in water,0.00015110081070133979,cubic meter,0.552984164081995,8.355635549779214e-05,(0.00015110081070133979)*stage_scale__electricity_generation_steam_as_byproduct_electricity_in_coke_byproduct_graphite,"stage=electricity generation steam as byproduct, electricity, in coke-byproduct graphite; provider_group=biosphere",False,True
s_o2,BO2,1 kilogram graphite,graphite_system,system::graphite_prod_char::graphtz_coke_alloc,54,biosphere,"electricity generation steam as byproduct, electricity, in coke-byproduct graphite",,biosphere|graphite_prod_char|proc_conds,biosphere::process condensates::inventory indicator > output flow::kilogram,process condensates,graphite_prod_char,proc_conds,,inventory indicator > output flow,6.295132900647656,kilogram,0.552984164081995,3.4811088048497085,(6.295132900647656)*stage_scale__electricity_generation_steam_as_byproduct_electricity_in_coke_byproduct_graphite,"stage=electricity generation steam as byproduct, electricity, in coke-byproduct graphite; provider_group=biosphere",False,True
s_o2,BO2,1 kilogram graphite,graphite_system,system::graphite_prod_char::graphtz_coke_alloc,55,biosphere,"electricity generation steam as byproduct, electricity, in coke-byproduct graphite",,biosphere|graphite_prod_char|lp_steam,biosphere::low-pressure steam::inventory indicator > output flow::kilogram,low-pressure steam,graphite_prod_char,lp_steam,,inventory indicator > output flow,6.4713656605165655,kilogram,0.552984164081995,3.5785627302496805,(6.4713656605165655)*stage_scale__electricity_generation_steam_as_byproduct_electricity_in_coke_byproduct_graphite,"stage=electricity generation steam as byproduct, electricity, in coke-byproduct graphite; provider_group=biosphere",False,True
s_o2,BO2,1 kilogram graphite,graphite_system,system::graphite_prod_char::graphtz_coke_alloc,56,biosphere,"farming and harvest, switchgrass",,biosphere|biosphere3|afd6d670-bbb0-4625-9730-04088a5b035e,biosphere::Dinitrogen monoxide::air > non-urban air or from high stacks::kilogram,Dinitrogen monoxide,biosphere3,afd6d670-bbb0-4625-9730-04088a5b035e,,air > non-urban air or from high stacks,3.1039433670303813e-06,kilogram,0.552984164081995,1.7164315281751484e-06,(3.1039433670303813e-06)*stage_scale__farming_and_harvest_switchgrass,"stage=farming and harvest, switchgrass; provider_group=biosphere",False,True
s_o2,BO2,1 kilogram graphite,graphite_system,system::graphite_prod_char::graphtz_coke_alloc,57,biosphere,"farming and harvest, switchgrass",,biosphere|biosphere3|77357947-ccc5-438e-9996-95e65e1e1bce,biosphere::Nitrogen oxides::air > non-urban air or from high stacks::kilogram,Nitrogen oxides,biosphere3,77357947-ccc5-438e-9996-95e65e1e1bce,,air > non-urban air or from high stacks,2.245903647019657e-06,kilogram,0.552984164081995,1.2419491508558689e-06,(2.245903647019657e-06)*stage_scale__farming_and_harvest_switchgrass,"stage=farming and harvest, switchgrass; provider_group=biosphere",False,True
s_o2,BO2,1 kilogram graphite,graphite_system,system::graphite_prod_char::graphtz_coke_alloc,58,biosphere,"treatment of waste water, waste water, in coke-byproduct graphite",,biosphere|graphite_prod_char|air,biosphere::air::natural resource > in air::kilogram,air,graphite_prod_char,air,,natural resource > in air,2.270071258127419,kilogram,0.552984164081995,1.2553134570821536,(2.270071258127419)*stage_scale__treatment_of_waste_water_waste_water_in_coke_byproduct_graphite,"stage=treatment of waste water, waste water, in coke-byproduct graphite; provider_group=biosphere",False,True
s_o2,BO2,1 kilogram graphite,graphite_system,system::graphite_prod_char::graphtz_coke_alloc,59,biosphere,"treatment of waste water, waste water, in coke-byproduct graphite",,biosphere|graphite_prod_char|dilute_wwt,"biosphere::dilute, from waste water management::inventory indicator > output flow::kilogram","dilute, from waste water management",graphite_prod_char,dilute_wwt,,inventory indicator > output flow,0.08625867456155407,kilogram,0.552984164081995,0.04769968104724183,(0.08625867456155407)*stage_scale__treatment_of_waste_water_waste_water_in_coke_byproduct_graphite,"stage=treatment of waste water, waste water, in coke-byproduct graphite; provider_group=biosphere",False,True
s_o2,BO2,1 kilogram graphite,graphite_system,system::graphite_prod_char::graphtz_coke_alloc,60,biosphere,"treatment of waste water, waste water, in coke-byproduct graphite",wwt,biosphere|graphite_prod_char|water_wwt,"biosphere::water out, from waste water management::inventory indicator > output flow::kilogram","water out, from waste water management",graphite_prod_char,water_wwt,,inventory indicator > output flow,4.6802783171496145,kilogram,0.552984164081995,2.588119792880066,(4.6802783171496145)*stage_scale__treatment_of_waste_water_waste_water_in_coke_byproduct_graphite,"stage=treatment of waste water, waste water, in coke-byproduct graphite; provider_group=biosphere",False,True
s_o2,BO2,1 kilogram graphite,graphite_system,system::graphite_prod_char::graphtz_coke_alloc,61,biosphere,"treatment of waste water, waste water, in coke-byproduct graphite",solid disposal,biosphere|graphite_prod_char|solids_wwt,"biosphere::solids, from waste water management::inventory indicator > output flow::kilogram","solids, from waste water management",graphite_prod_char,solids_wwt,,inventory indicator > output flow,0.08625867456155407,kilogram,0.552984164081995,0.04769968104724183,(0.08625867456155407)*stage_scale__treatment_of_waste_water_waste_water_in_coke_byproduct_graphite,"stage=treatment of waste water, waste water, in coke-byproduct graphite; provider_group=biosphere",False,True
s_o2,BO2,1 kilogram graphite,graphite_system,system::graphite_prod_char::graphtz_coke_alloc,62,biosphere,"treatment of NCG, hydrogen production, in coke-byproduct graphite",,biosphere|graphite_prod_char|air,biosphere::air::natural resource > in air::kilogram,air,graphite_prod_char,air,,natural resource > in air,5.515418573810653,kilogram,0.552984164081995,3.049939129600993,(5.515418573810653)*stage_scale__treatment_of_NCG_hydrogen_production_in_coke_byproduct_graphite,"stage=treatment of NCG, hydrogen production, in coke-byproduct graphite; provider_group=biosphere",False,True
s_o2,BO2,1 kilogram graphite,graphite_system,system::graphite_prod_char::graphtz_coke_alloc,63,biosphere,"treatment of NCG, hydrogen production, in coke-byproduct graphite",,biosphere|graphite_prod_char|lp_steam,biosphere::low-pressure steam::inventory indicator > output flow::kilogram,low-pressure steam,graphite_prod_char,lp_steam,,inventory indicator > output flow,-1.4625550850680007,kilogram,0.552984164081995,-0.8087698011401995,(-1.4625550850680007)*stage_scale__treatment_of_NCG_hydrogen_production_in_coke_byproduct_graphite,"stage=treatment of NCG, hydrogen production, in coke-byproduct graphite; provider_group=biosphere",False,True
s_o2,BO2,1 kilogram graphite,graphite_system,system::graphite_prod_char::graphtz_coke_alloc,64,biosphere,"treatment of NCG, hydrogen production, in coke-byproduct graphite",bioH2,biosphere|graphite_prod_char|h2_by,"biosphere::hydrogen, byproduct::inventory indicator > output flow::kilogram","hydrogen, byproduct",graphite_prod_char,h2_by,,inventory indicator > output flow,0.25110132484601216,kilogram,0.552984164081995,0.13885505621985353,(0.25110132484601216)*stage_scale__treatment_of_NCG_hydrogen_production_in_coke_byproduct_graphite,"stage=treatment of NCG, hydrogen production, in coke-byproduct graphite; provider_group=biosphere",False,True
s_o2,BO2,1 kilogram graphite,graphite_system,system::graphite_prod_char::graphtz_coke_alloc,65,biosphere,"fast pyrolysis, coke production, with biooil and bioaq upgrade",,biosphere|biosphere3|f9749677-9c9f-4678-ab55-c607dfdc2cb9,"biosphere::Carbon dioxide, fossil::air > urban air close to ground::kilogram","Carbon dioxide, fossil",biosphere3,f9749677-9c9f-4678-ab55-c607dfdc2cb9,,air > urban air close to ground,0.6454373776664055,kilogram,0.552984164081995,0.35691664875613216,bio__fast_pyrolysis_coke_production_with_biooil_and_bioaq_upgrade__Carbon_dioxide_fossil,"stage=fast pyrolysis, coke production, with biooil and bioaq upgrade; provider_group=biosphere",False,True
s_o2,BO2,1 kilogram graphite,graphite_system,system::graphite_prod_char::graphtz_coke_alloc,66,biosphere,"fast pyrolysis, coke production, with biooil and bioaq upgrade",,biosphere|biosphere3|5f7aad3d-566c-4d0d-ad59-e765f971aa0f,"biosphere::Methane, fossil::air > urban air close to ground::kilogram","Methane, fossil",biosphere3,5f7aad3d-566c-4d0d-ad59-e765f971aa0f,,air > urban air close to ground,1.2217327377564826e-05,kilogram,0.552984164081995,6.755988567198758e-06,(1.2217327377564826e-05)*stage_scale__fast_pyrolysis_coke_production_with_biooil_and_bioaq_upgrade,"stage=fast pyrolysis, coke production, with biooil and bioaq upgrade; provider_group=biosphere",False,True
s_o2,BO2,1 kilogram graphite,graphite_system,system::graphite_prod_char::graphtz_coke_alloc,67,biosphere,"fast pyrolysis, coke production, with biooil and bioaq upgrade",,biosphere|biosphere3|6dc1b46f-ee89-4495-95c4-b8a637bcd6cb,biosphere::Dinitrogen monoxide::air > urban air close to ground::kilogram,Dinitrogen monoxide,biosphere3,6dc1b46f-ee89-4495-95c4-b8a637bcd6cb,,air > urban air close to ground,1.1848122429341713e-06,kilogram,0.552984164081995,6.551824077530663e-07,(1.1848122429341713e-06)*stage_scale__fast_pyrolysis_coke_production_with_biooil_and_bioaq_upgrade,"stage=fast pyrolysis, coke production, with biooil and bioaq upgrade; provider_group=biosphere",False,True
s_o2,BO2,1 kilogram graphite,graphite_system,system::graphite_prod_char::graphtz_coke_alloc,68,biosphere,"graphite production, from coke, allocation",,biosphere|biosphere3|f9749677-9c9f-4678-ab55-c607dfdc2cb9,"biosphere::Carbon dioxide, fossil::air > urban air close to ground::kilogram","Carbon dioxide, fossil",biosphere3,f9749677-9c9f-4678-ab55-c607dfdc2cb9,,air > urban air close to ground,0.6205830617391197,kilogram,0.552984164081995,0.3431726056392522,(0.6205830617391197)*stage_scale__graphite_production_from_coke_allocation,"stage=graphite production, from coke, allocation; provider_group=biosphere",False,True
s_o2,BO2,1 kilogram graphite,graphite_system,system::graphite_prod_char::graphtz_coke_alloc,69,biosphere,"graphite production, from coke, allocation",,biosphere|biosphere3|5f7aad3d-566c-4d0d-ad59-e765f971aa0f,"biosphere::Methane, fossil::air > urban air close to ground::kilogram","Methane, fossil",biosphere3,5f7aad3d-566c-4d0d-ad59-e765f971aa0f,,air > urban air close to ground,1.1746866067240748e-05,kilogram,0.552984164081995,6.495830912776277e-06,(1.1746866067240748e-05)*stage_scale__graphite_production_from_coke_allocation,"stage=graphite production, from coke, allocation; provider_group=biosphere",False,True
s_o2,BO2,1 kilogram graphite,graphite_system,system::graphite_prod_char::graphtz_coke_alloc,70,biosphere,"graphite production, from coke, allocation",,biosphere|biosphere3|6dc1b46f-ee89-4495-95c4-b8a637bcd6cb,biosphere::Dinitrogen monoxide::air > urban air close to ground::kilogram,Dinitrogen monoxide,biosphere3,6dc1b46f-ee89-4495-95c4-b8a637bcd6cb,,air > urban air close to ground,1.139187835641754e-06,kilogram,0.552984164081995,6.299528330247324e-07,(1.139187835641754e-06)*stage_scale__graphite_production_from_coke_allocation,"stage=graphite production, from coke, allocation; provider_group=biosphere",False,True
s_o2,BO2,1 kilogram graphite,graphite_system,system::graphite_prod_char::graphtz_coke_alloc,71,biosphere,"treatment of NCG, hydrogen production, in coke-byproduct graphite",,biosphere|biosphere3|f9749677-9c9f-4678-ab55-c607dfdc2cb9,"biosphere::Carbon dioxide, fossil::air > urban air close to ground::kilogram","Carbon dioxide, fossil",biosphere3,f9749677-9c9f-4678-ab55-c607dfdc2cb9,,air > urban air close to ground,0.003803470297846497,kilogram,0.552984164081995,0.002103258843265342,(0.003803470297846497)*stage_scale__treatment_of_NCG_hydrogen_production_in_coke_byproduct_graphite,"stage=treatment of NCG, hydrogen production, in coke-byproduct graphite; provider_group=biosphere",False,True
s_o2,BO2,1 kilogram graphite,graphite_system,system::graphite_prod_char::graphtz_coke_alloc,72,biosphere,"treatment of NCG, hydrogen production, in coke-byproduct graphite",,biosphere|biosphere3|5f7aad3d-566c-4d0d-ad59-e765f971aa0f,"biosphere::Methane, fossil::air > urban air close to ground::kilogram","Methane, fossil",biosphere3,5f7aad3d-566c-4d0d-ad59-e765f971aa0f,,air > urban air close to ground,7.199496559626235e-08,kilogram,0.552984164081995,3.981207586836113e-08,(7.199496559626235e-08)*stage_scale__treatment_of_NCG_hydrogen_production_in_coke_byproduct_graphite,"stage=treatment of NCG, hydrogen production, in coke-byproduct graphite; provider_group=biosphere",False,True
s_o2,BO2,1 kilogram graphite,graphite_system,system::graphite_prod_char::graphtz_coke_alloc,73,biosphere,"treatment of NCG, hydrogen production, in coke-byproduct graphite",,biosphere|biosphere3|6dc1b46f-ee89-4495-95c4-b8a637bcd6cb,biosphere::Dinitrogen monoxide::air > urban air close to ground::kilogram,Dinitrogen monoxide,biosphere3,6dc1b46f-ee89-4495-95c4-b8a637bcd6cb,,air > urban air close to ground,6.981929355901266e-09,kilogram,0.552984164081995,3.860896368552604e-09,(6.981929355901266e-09)*stage_scale__treatment_of_NCG_hydrogen_production_in_coke_byproduct_graphite,"stage=treatment of NCG, hydrogen production, in coke-byproduct graphite; provider_group=biosphere",False,True
s_o2,BO2,1 kilogram graphite,graphite_system,system::graphite_prod_char::graphtz_coke_alloc,74,biosphere,"treatment of waste water, waste water, in coke-byproduct graphite",,biosphere|biosphere3|f9749677-9c9f-4678-ab55-c607dfdc2cb9,"biosphere::Carbon dioxide, fossil::air > urban air close to ground::kilogram","Carbon dioxide, fossil",biosphere3,f9749677-9c9f-4678-ab55-c607dfdc2cb9,,air > urban air close to ground,0.01219016117476417,kilogram,0.552984164081995,0.006740966087251755,(0.01219016117476417)*stage_scale__treatment_of_waste_water_waste_water_in_coke_byproduct_graphite,"stage=treatment of waste water, waste water, in coke-byproduct graphite; provider_group=biosphere",False,True
s_o2,BO2,1 kilogram graphite,graphite_system,system::graphite_prod_char::graphtz_coke_alloc,75,biosphere,"treatment of waste water, waste water, in coke-byproduct graphite",,biosphere|biosphere3|5f7aad3d-566c-4d0d-ad59-e765f971aa0f,"biosphere::Methane, fossil::air > urban air close to ground::kilogram","Methane, fossil",biosphere3,5f7aad3d-566c-4d0d-ad59-e765f971aa0f,,air > urban air close to ground,2.3074460049995622e-07,kilogram,0.552984164081995,1.275981100239022e-07,(2.3074460049995622e-07)*stage_scale__treatment_of_waste_water_waste_water_in_coke_byproduct_graphite,"stage=treatment of waste water, waste water, in coke-byproduct graphite; provider_group=biosphere",False,True
s_o2,BO2,1 kilogram graphite,graphite_system,system::graphite_prod_char::graphtz_coke_alloc,76,biosphere,"treatment of waste water, waste water, in coke-byproduct graphite",,biosphere|biosphere3|6dc1b46f-ee89-4495-95c4-b8a637bcd6cb,biosphere::Dinitrogen monoxide::air > urban air close to ground::kilogram,Dinitrogen monoxide,biosphere3,6dc1b46f-ee89-4495-95c4-b8a637bcd6cb,,air > urban air close to ground,2.2377154938594653e-08,kilogram,0.552984164081995,1.2374212318252052e-08,(2.2377154938594653e-08)*stage_scale__treatment_of_waste_water_waste_water_in_coke_byproduct_graphite,"stage=treatment of waste water, waste water, in coke-byproduct graphite; provider_group=biosphere",False,True
s_o2,BO2,1 kilogram graphite,graphite_system,system::graphite_prod_char::graphtz_coke_alloc,77,biosphere,"waste processing and sorting, construction and demolition",,biosphere|graphite_prod_char|consdem_res,"biosphere::waste, construction and demolition::emission > soil::kilogram","waste, construction and demolition",graphite_prod_char,consdem_res,,emission > soil,1.7621145005414742,kilogram,0.552984164081995,0.9744214140986893,(1.7621145005414742)*stage_scale__waste_processing_and_sorting_construction_and_demolition,"stage=waste processing and sorting, construction and demolition; provider_group=biosphere",False,True
s_o2,BO2,1 kilogram graphite,graphite_system,system::graphite_prod_char::graphtz_coke_alloc,78,biosphere,"graphite production, from coke, allocation",water,biosphere|biosphere3|8c1494a5-4987-4715-aa2d-1908c495f4eb,"biosphere::Water, turbine use, unspecified natural origin::natural resource > in water::cubic meter","Water, turbine use, unspecified natural origin",biosphere3,8c1494a5-4987-4715-aa2d-1908c495f4eb,,natural resource > in water,0.0024625321463935725,cubic meter,0.552984164081995,0.0013617412804984906,(0.0024625321463935725)*stage_scale__graphite_production_from_coke_allocation,"stage=graphite production, from coke, allocation; provider_group=biosphere",False,True
s_o2,BO2,1 kilogram graphite,graphite_system,system::graphite_prod_char::graphtz_coke_alloc,79,biosphere,"graphite production, from coke, allocation",HCl,biosphere|graphite_prod_char|water_chem,"biosphere::water, in chemical::inventory indicator > output flow::kilogram","water, in chemical",graphite_prod_char,water_chem,,inventory indicator > output flow,0.7107241186034237,kilogram,0.552984164081995,0.3930191826188269,(0.7107241186034237)*stage_scale__graphite_production_from_coke_allocation,"stage=graphite production, from coke, allocation; provider_group=biosphere",False,True
s_o2,BO2,1 kilogram graphite,graphite_system,system::graphite_prod_char::graphtz_coke_alloc,80,biosphere,"graphite production, from coke, allocation",bioH2,biosphere|graphite_prod_char|h2_by,"biosphere::hydrogen, byproduct::inventory indicator > output flow::kilogram","hydrogen, byproduct",graphite_prod_char,h2_by,,inventory indicator > output flow,0.002202643179209178,kilogram,0.552984164081995,0.0012180267972258954,(0.002202643179209178)*stage_scale__graphite_production_from_coke_allocation,"stage=graphite production, from coke, allocation; provider_group=biosphere",False,True
s_o2,BO2,1 kilogram graphite,graphite_system,system::graphite_prod_char::graphtz_coke_alloc,81,biosphere,condensed oil hydrotreatment,bioH2,biosphere|graphite_prod_char|h2_by,"biosphere::hydrogen, byproduct::inventory indicator > output flow::kilogram","hydrogen, byproduct",graphite_prod_char,h2_by,,inventory indicator > output flow,-0.00881057271683671,kilogram,0.552984164081995,-0.00487210718890358,(-0.00881057271683671)*stage_scale__condensed_oil_hydrotreatment,stage=condensed oil hydrotreatment; provider_group=biosphere,False,True
s_o2,BO2,1 kilogram graphite,graphite_system,system::graphite_prod_char::graphtz_coke_alloc,82,biosphere,condensed oil hydrotreatment,hydrocarbon,biosphere|graphite_prod_char|hydrocarbon_hytrt,"biosphere::hydrocarbon, from hydrotreating::inventory indicator > output flow::kilogram","hydrocarbon, from hydrotreating",graphite_prod_char,hydrocarbon_hytrt,,inventory indicator > output flow,0.12334801803571395,kilogram,0.552984164081995,0.06820950064465012,(0.12334801803571395)*stage_scale__condensed_oil_hydrotreatment,stage=condensed oil hydrotreatment; provider_group=biosphere,False,True
s_o2,BO2,1 kilogram graphite,graphite_system,system::graphite_prod_char::graphtz_coke_alloc,83,biosphere,"cooling for fluegas from H2 production, wwt, chp, in coke-byproduct graphite",,biosphere|graphite_prod_char|bio_co2,biosphere::biogenic co2::inventory indicator > output flow::kilogram,biogenic co2,graphite_prod_char,bio_co2,,inventory indicator > output flow,1.5720097625385112,kilogram,0.552984164081995,0.8692965044660941,(1.5720097625385112)*stage_scale__cooling_for_fluegas_from_H2_production_wwt_chp_in_coke_byproduct_graphite,"stage=cooling for fluegas from H2 production, wwt, chp, in coke-byproduct graphite; provider_group=biosphere",False,True
s_o2,BO2,1 kilogram graphite,graphite_system,system::graphite_prod_char::graphtz_coke_alloc,84,biosphere,"cooling for fluegas from H2 production, wwt, chp, in coke-byproduct graphite",water,biosphere|biosphere3|8c1494a5-4987-4715-aa2d-1908c495f4eb,"biosphere::Water, turbine use, unspecified natural origin::natural resource > in water::cubic meter","Water, turbine use, unspecified natural origin",biosphere3,8c1494a5-4987-4715-aa2d-1908c495f4eb,,natural resource > in water,0.010109686966810515,cubic meter,0.552984164081995,0.005590496796472352,(0.010109686966810515)*stage_scale__cooling_for_fluegas_from_H2_production_wwt_chp_in_coke_byproduct_graphite,"stage=cooling for fluegas from H2 production, wwt, chp, in coke-byproduct graphite; provider_group=biosphere",False,True
s_o2,BO2,1 kilogram graphite,graphite_system,system::graphite_prod_char::graphtz_coke_alloc,85,biosphere,condensed aqueous phase upgrade,bioH2,biosphere|graphite_prod_char|h2_by,"biosphere::hydrogen, byproduct::inventory indicator > output flow::kilogram","hydrogen, byproduct",graphite_prod_char,h2_by,,inventory indicator > output flow,-0.15418502254464247,kilogram,0.552984164081995,-0.08526187580581268,(-0.15418502254464247)*stage_scale__condensed_aqueous_phase_upgrade,stage=condensed aqueous phase upgrade; provider_group=biosphere,False,True
s_o2,BO2,1 kilogram graphite,graphite_system,system::graphite_prod_char::graphtz_coke_alloc,86,biosphere,condensed aqueous phase upgrade,hydrocarbon,biosphere|graphite_prod_char|hydrocarbon_hytrt,"biosphere::hydrocarbon, from hydrotreating::inventory indicator > output flow::kilogram","hydrocarbon, from hydrotreating",graphite_prod_char,hydrocarbon_hytrt,,inventory indicator > output flow,0.594713658386478,kilogram,0.552984164081995,0.3288672352509917,(0.594713658386478)*stage_scale__condensed_aqueous_phase_upgrade,stage=condensed aqueous phase upgrade; provider_group=biosphere,False,True
