scenario,pathway,flow_key,portable_mapping_key,exchange_type,provider_or_flow_name,provider_or_flow_database,provider_or_flow_code,provider_location,biosphere_categories,flow_unit,method_slug,method,impact_category,impact_unit,reference_unit_impact_factor,reference_factor_parameter,factor_unit,include_in_lcia
s_c1,BC1,technosphere|ei39_cutoff|b613a0e604fce45d4146006a310d2872,technosphere::market for diesel::RoW::kilogram,technosphere,market for diesel,ei39_cutoff,b613a0e604fce45d4146006a310d2872,RoW,,kilogram,IPCC_2021__climate_change__global_warming_potential_GWP100,IPCC 2021 | climate change | global warming potential (GWP100),climate change,kg CO2-Eq,0.7855065768270255,UF_IPCC_2021__climate_change__global_warming_potential_GWP100__market_for_diesel__RoW,kg CO2-Eq/kilogram,True
s_c1,BC1,technosphere|ei39_cutoff|b613a0e604fce45d4146006a310d2872,technosphere::market for diesel::RoW::kilogram,technosphere,market for diesel,ei39_cutoff,b613a0e604fce45d4146006a310d2872,RoW,,kilogram,TRACI_v2_1__eutrophication__eutrophication_potential,TRACI v2.1 | eutrophication | eutrophication potential,eutrophication,kg N-Eq,5.534885493664747e-05,UF_TRACI_v2_1__eutrophication__eutrophication_potential__market_for_diesel__RoW,kg N-Eq/kilogram,True
s_c1,BC1,technosphere|ei39_cutoff|b613a0e604fce45d4146006a310d2872,technosphere::market for diesel::RoW::kilogram,technosphere,market for diesel,ei39_cutoff,b613a0e604fce45d4146006a310d2872,RoW,,kilogram,TRACI_v2_1__acidification__acidification_potential_AP,TRACI v2.1 | acidification | acidification potential (AP),acidification,kg SO2-Eq,0.0008664561085526,UF_TRACI_v2_1__acidification__acidification_potential_AP__market_for_diesel__RoW,kg SO2-Eq/kilogram,True
s_c1,BC1,technosphere|ei39_cutoff|b613a0e604fce45d4146006a310d2872,technosphere::market for diesel::RoW::kilogram,technosphere,market for diesel,ei39_cutoff,b613a0e604fce45d4146006a310d2872,RoW,,kilogram,TRACI_v2_1__particulate_matter_formation__particulate_matter_formation_potential_PMFP,TRACI v2.1 | particulate matter formation | particulate matter formation potential (PMFP),particulate matter formation,PM2.5-Eq,5.986248947905587e-05,UF_TRACI_v2_1__particulate_matter_formation__particulate_matter_formation_potential_PMFP__market_for_diesel__RoW,PM2.5-Eq/kilogram,True
s_c1,BC1,technosphere|ei39_cutoff|b613a0e604fce45d4146006a310d2872,technosphere::market for diesel::RoW::kilogram,technosphere,market for diesel,ei39_cutoff,b613a0e604fce45d4146006a310d2872,RoW,,kilogram,TRACI_v2_1__ecotoxicity_freshwater__ecotoxicity_freshwater,TRACI v2.1 | ecotoxicity: freshwater | ecotoxicity: freshwater,ecotoxicity: freshwater,CTUe,0.3569564404307646,UF_TRACI_v2_1__ecotoxicity_freshwater__ecotoxicity_freshwater__market_for_diesel__RoW,CTUe/kilogram,True
s_c1,BC1,technosphere|ei39_cutoff|b613a0e604fce45d4146006a310d2872,technosphere::market for diesel::RoW::kilogram,technosphere,market for diesel,ei39_cutoff,b613a0e604fce45d4146006a310d2872,RoW,,kilogram,TRACI_v2_1__photochemical_oxidant_formation__maximum_incremental_reactivity_MIR,TRACI v2.1 | photochemical oxidant formation | maximum incremental reactivity (MIR),photochemical oxidant formation,kg O3-Eq,0.022312976481666,UF_TRACI_v2_1__photochemical_oxidant_formation__maximum_incremental_reactivity_MIR__market_for_diesel__RoW,kg O3-Eq/kilogram,True
s_c1,BC1,technosphere|ei39_cutoff|2ba127601085d3c181813d9d3c33b22a,"technosphere::market for nitrogen, liquid::RoW::kilogram",technosphere,"market for nitrogen, liquid",ei39_cutoff,2ba127601085d3c181813d9d3c33b22a,RoW,,kilogram,IPCC_2021__climate_change__global_warming_potential_GWP100,IPCC 2021 | climate change | global warming potential (GWP100),climate change,kg CO2-Eq,0.43692686165648165,UF_IPCC_2021__climate_change__global_warming_potential_GWP100__market_for_nitrogen_liquid__RoW,kg CO2-Eq/kilogram,True
s_c1,BC1,technosphere|ei39_cutoff|2ba127601085d3c181813d9d3c33b22a,"technosphere::market for nitrogen, liquid::RoW::kilogram",technosphere,"market for nitrogen, liquid",ei39_cutoff,2ba127601085d3c181813d9d3c33b22a,RoW,,kilogram,TRACI_v2_1__eutrophication__eutrophication_potential,TRACI v2.1 | eutrophication | eutrophication potential,eutrophication,kg N-Eq,0.0013897182237045207,UF_TRACI_v2_1__eutrophication__eutrophication_potential__market_for_nitrogen_liquid__RoW,kg N-Eq/kilogram,True
s_c1,BC1,technosphere|ei39_cutoff|2ba127601085d3c181813d9d3c33b22a,"technosphere::market for nitrogen, liquid::RoW::kilogram",technosphere,"market for nitrogen, liquid",ei39_cutoff,2ba127601085d3c181813d9d3c33b22a,RoW,,kilogram,TRACI_v2_1__acidification__acidification_potential_AP,TRACI v2.1 | acidification | acidification potential (AP),acidification,kg SO2-Eq,0.0018446756620852892,UF_TRACI_v2_1__acidification__acidification_potential_AP__market_for_nitrogen_liquid__RoW,kg SO2-Eq/kilogram,True
s_c1,BC1,technosphere|ei39_cutoff|2ba127601085d3c181813d9d3c33b22a,"technosphere::market for nitrogen, liquid::RoW::kilogram",technosphere,"market for nitrogen, liquid",ei39_cutoff,2ba127601085d3c181813d9d3c33b22a,RoW,,kilogram,TRACI_v2_1__particulate_matter_formation__particulate_matter_formation_potential_PMFP,TRACI v2.1 | particulate matter formation | particulate matter formation potential (PMFP),particulate matter formation,PM2.5-Eq,0.0005971849054450149,UF_TRACI_v2_1__particulate_matter_formation__particulate_matter_formation_potential_PMFP__market_for_nitrogen_liquid__RoW,PM2.5-Eq/kilogram,True
s_c1,BC1,technosphere|ei39_cutoff|2ba127601085d3c181813d9d3c33b22a,"technosphere::market for nitrogen, liquid::RoW::kilogram",technosphere,"market for nitrogen, liquid",ei39_cutoff,2ba127601085d3c181813d9d3c33b22a,RoW,,kilogram,TRACI_v2_1__ecotoxicity_freshwater__ecotoxicity_freshwater,TRACI v2.1 | ecotoxicity: freshwater | ecotoxicity: freshwater,ecotoxicity: freshwater,CTUe,2.81494593210262,UF_TRACI_v2_1__ecotoxicity_freshwater__ecotoxicity_freshwater__market_for_nitrogen_liquid__RoW,CTUe/kilogram,True
s_c1,BC1,technosphere|ei39_cutoff|2ba127601085d3c181813d9d3c33b22a,"technosphere::market for nitrogen, liquid::RoW::kilogram",technosphere,"market for nitrogen, liquid",ei39_cutoff,2ba127601085d3c181813d9d3c33b22a,RoW,,kilogram,TRACI_v2_1__photochemical_oxidant_formation__maximum_incremental_reactivity_MIR,TRACI v2.1 | photochemical oxidant formation | maximum incremental reactivity (MIR),photochemical oxidant formation,kg O3-Eq,0.025962302094960654,UF_TRACI_v2_1__photochemical_oxidant_formation__maximum_incremental_reactivity_MIR__market_for_nitrogen_liquid__RoW,kg O3-Eq/kilogram,True
s_c1,BC1,technosphere|ei39_cutoff|2df74714a5a7c8cc88d704fee4a848dd,"technosphere::market group for electricity, medium voltage::US::kilowatt hour",technosphere,"market group for electricity, medium voltage",ei39_cutoff,2df74714a5a7c8cc88d704fee4a848dd,US,,kilowatt hour,IPCC_2021__climate_change__global_warming_potential_GWP100,IPCC 2021 | climate change | global warming potential (GWP100),climate change,kg CO2-Eq,0.4728443002819065,UF_IPCC_2021__climate_change__global_warming_potential_GWP100__market_group_for_electricity_medium_voltage__US,kg CO2-Eq/kilowatt hour,True
s_c1,BC1,technosphere|ei39_cutoff|2df74714a5a7c8cc88d704fee4a848dd,"technosphere::market group for electricity, medium voltage::US::kilowatt hour",technosphere,"market group for electricity, medium voltage",ei39_cutoff,2df74714a5a7c8cc88d704fee4a848dd,US,,kilowatt hour,TRACI_v2_1__eutrophication__eutrophication_potential,TRACI v2.1 | eutrophication | eutrophication potential,eutrophication,kg N-Eq,0.0022115549096817966,UF_TRACI_v2_1__eutrophication__eutrophication_potential__market_group_for_electricity_medium_voltage__US,kg N-Eq/kilowatt hour,True
s_c1,BC1,technosphere|ei39_cutoff|2df74714a5a7c8cc88d704fee4a848dd,"technosphere::market group for electricity, medium voltage::US::kilowatt hour",technosphere,"market group for electricity, medium voltage",ei39_cutoff,2df74714a5a7c8cc88d704fee4a848dd,US,,kilowatt hour,TRACI_v2_1__acidification__acidification_potential_AP,TRACI v2.1 | acidification | acidification potential (AP),acidification,kg SO2-Eq,0.0011244190646275876,UF_TRACI_v2_1__acidification__acidification_potential_AP__market_group_for_electricity_medium_voltage__US,kg SO2-Eq/kilowatt hour,True
s_c1,BC1,technosphere|ei39_cutoff|2df74714a5a7c8cc88d704fee4a848dd,"technosphere::market group for electricity, medium voltage::US::kilowatt hour",technosphere,"market group for electricity, medium voltage",ei39_cutoff,2df74714a5a7c8cc88d704fee4a848dd,US,,kilowatt hour,TRACI_v2_1__particulate_matter_formation__particulate_matter_formation_potential_PMFP,TRACI v2.1 | particulate matter formation | particulate matter formation potential (PMFP),particulate matter formation,PM2.5-Eq,0.00075273936076624,UF_TRACI_v2_1__particulate_matter_formation__particulate_matter_formation_potential_PMFP__market_group_for_electricity_medium_voltage__US,PM2.5-Eq/kilowatt hour,True
s_c1,BC1,technosphere|ei39_cutoff|2df74714a5a7c8cc88d704fee4a848dd,"technosphere::market group for electricity, medium voltage::US::kilowatt hour",technosphere,"market group for electricity, medium voltage",ei39_cutoff,2df74714a5a7c8cc88d704fee4a848dd,US,,kilowatt hour,TRACI_v2_1__ecotoxicity_freshwater__ecotoxicity_freshwater,TRACI v2.1 | ecotoxicity: freshwater | ecotoxicity: freshwater,ecotoxicity: freshwater,CTUe,4.028041058991634,UF_TRACI_v2_1__ecotoxicity_freshwater__ecotoxicity_freshwater__market_group_for_electricity_medium_voltage__US,CTUe/kilowatt hour,True
s_c1,BC1,technosphere|ei39_cutoff|2df74714a5a7c8cc88d704fee4a848dd,"technosphere::market group for electricity, medium voltage::US::kilowatt hour",technosphere,"market group for electricity, medium voltage",ei39_cutoff,2df74714a5a7c8cc88d704fee4a848dd,US,,kilowatt hour,TRACI_v2_1__photochemical_oxidant_formation__maximum_incremental_reactivity_MIR,TRACI v2.1 | photochemical oxidant formation | maximum incremental reactivity (MIR),photochemical oxidant formation,kg O3-Eq,0.014089251392504212,UF_TRACI_v2_1__photochemical_oxidant_formation__maximum_incremental_reactivity_MIR__market_group_for_electricity_medium_voltage__US,kg O3-Eq/kilowatt hour,True
s_c1,BC1,technosphere|ei39_cutoff|c2656868cbf6ba64e023684bbaf2f2a3,"technosphere::treatment of wastewater, average, wastewater treatment::RoW::cubic meter",technosphere,"treatment of wastewater, average, wastewater treatment",ei39_cutoff,c2656868cbf6ba64e023684bbaf2f2a3,RoW,,cubic meter,IPCC_2021__climate_change__global_warming_potential_GWP100,IPCC 2021 | climate change | global warming potential (GWP100),climate change,kg CO2-Eq,-0.45357635381844025,UF_IPCC_2021__climate_change__global_warming_potential_GWP100__treatment_of_wastewater_average_wastewater_treatment__RoW,kg CO2-Eq/cubic meter,True
s_c1,BC1,technosphere|ei39_cutoff|c2656868cbf6ba64e023684bbaf2f2a3,"technosphere::treatment of wastewater, average, wastewater treatment::RoW::cubic meter",technosphere,"treatment of wastewater, average, wastewater treatment",ei39_cutoff,c2656868cbf6ba64e023684bbaf2f2a3,RoW,,cubic meter,TRACI_v2_1__eutrophication__eutrophication_potential,TRACI v2.1 | eutrophication | eutrophication potential,eutrophication,kg N-Eq,-0.03611490208295313,UF_TRACI_v2_1__eutrophication__eutrophication_potential__treatment_of_wastewater_average_wastewater_treatment__RoW,kg N-Eq/cubic meter,True
s_c1,BC1,technosphere|ei39_cutoff|c2656868cbf6ba64e023684bbaf2f2a3,"technosphere::treatment of wastewater, average, wastewater treatment::RoW::cubic meter",technosphere,"treatment of wastewater, average, wastewater treatment",ei39_cutoff,c2656868cbf6ba64e023684bbaf2f2a3,RoW,,cubic meter,TRACI_v2_1__acidification__acidification_potential_AP,TRACI v2.1 | acidification | acidification potential (AP),acidification,kg SO2-Eq,-0.001884735094872222,UF_TRACI_v2_1__acidification__acidification_potential_AP__treatment_of_wastewater_average_wastewater_treatment__RoW,kg SO2-Eq/cubic meter,True
s_c1,BC1,technosphere|ei39_cutoff|c2656868cbf6ba64e023684bbaf2f2a3,"technosphere::treatment of wastewater, average, wastewater treatment::RoW::cubic meter",technosphere,"treatment of wastewater, average, wastewater treatment",ei39_cutoff,c2656868cbf6ba64e023684bbaf2f2a3,RoW,,cubic meter,TRACI_v2_1__particulate_matter_formation__particulate_matter_formation_potential_PMFP,TRACI v2.1 | particulate matter formation | particulate matter formation potential (PMFP),particulate matter formation,PM2.5-Eq,-0.00042839287024251324,UF_TRACI_v2_1__particulate_matter_formation__particulate_matter_formation_potential_PMFP__treatment_of_wastewater_average_wastewater_treatment__RoW,PM2.5-Eq/cubic meter,True
s_c1,BC1,technosphere|ei39_cutoff|c2656868cbf6ba64e023684bbaf2f2a3,"technosphere::treatment of wastewater, average, wastewater treatment::RoW::cubic meter",technosphere,"treatment of wastewater, average, wastewater treatment",ei39_cutoff,c2656868cbf6ba64e023684bbaf2f2a3,RoW,,cubic meter,TRACI_v2_1__ecotoxicity_freshwater__ecotoxicity_freshwater,TRACI v2.1 | ecotoxicity: freshwater | ecotoxicity: freshwater,ecotoxicity: freshwater,CTUe,-10.898300006850342,UF_TRACI_v2_1__ecotoxicity_freshwater__ecotoxicity_freshwater__treatment_of_wastewater_average_wastewater_treatment__RoW,CTUe/cubic meter,True
s_c1,BC1,technosphere|ei39_cutoff|c2656868cbf6ba64e023684bbaf2f2a3,"technosphere::treatment of wastewater, average, wastewater treatment::RoW::cubic meter",technosphere,"treatment of wastewater, average, wastewater treatment",ei39_cutoff,c2656868cbf6ba64e023684bbaf2f2a3,RoW,,cubic meter,TRACI_v2_1__photochemical_oxidant_formation__maximum_incremental_reactivity_MIR,TRACI v2.1 | photochemical oxidant formation | maximum incremental reactivity (MIR),photochemical oxidant formation,kg O3-Eq,-0.0274523618761187,UF_TRACI_v2_1__photochemical_oxidant_formation__maximum_incremental_reactivity_MIR__treatment_of_wastewater_average_wastewater_treatment__RoW,kg O3-Eq/cubic meter,True
s_c1,BC1,technosphere|ei39_cutoff|289eaaf5e6f8ef0f5df16e297e913692,"technosphere::hardwood forestry, beech, sustainable forest management::RoW::kilogram",technosphere,"hardwood forestry, beech, sustainable forest management",ei39_cutoff,289eaaf5e6f8ef0f5df16e297e913692,RoW,,kilogram,IPCC_2021__climate_change__global_warming_potential_GWP100,IPCC 2021 | climate change | global warming potential (GWP100),climate change,kg CO2-Eq,0.038144318430059,UF_IPCC_2021__climate_change__global_warming_potential_GWP100__hardwood_forestry_beech_sustainable_forest_management__RoW,kg CO2-Eq/kilogram,True
s_c1,BC1,technosphere|ei39_cutoff|289eaaf5e6f8ef0f5df16e297e913692,"technosphere::hardwood forestry, beech, sustainable forest management::RoW::kilogram",technosphere,"hardwood forestry, beech, sustainable forest management",ei39_cutoff,289eaaf5e6f8ef0f5df16e297e913692,RoW,,kilogram,TRACI_v2_1__eutrophication__eutrophication_potential,TRACI v2.1 | eutrophication | eutrophication potential,eutrophication,kg N-Eq,0.00025755164709581466,UF_TRACI_v2_1__eutrophication__eutrophication_potential__hardwood_forestry_beech_sustainable_forest_management__RoW,kg N-Eq/kilogram,True
s_c1,BC1,technosphere|ei39_cutoff|289eaaf5e6f8ef0f5df16e297e913692,"technosphere::hardwood forestry, beech, sustainable forest management::RoW::kilogram",technosphere,"hardwood forestry, beech, sustainable forest management",ei39_cutoff,289eaaf5e6f8ef0f5df16e297e913692,RoW,,kilogram,TRACI_v2_1__acidification__acidification_potential_AP,TRACI v2.1 | acidification | acidification potential (AP),acidification,kg SO2-Eq,0.00017834565969306694,UF_TRACI_v2_1__acidification__acidification_potential_AP__hardwood_forestry_beech_sustainable_forest_management__RoW,kg SO2-Eq/kilogram,True
s_c1,BC1,technosphere|ei39_cutoff|289eaaf5e6f8ef0f5df16e297e913692,"technosphere::hardwood forestry, beech, sustainable forest management::RoW::kilogram",technosphere,"hardwood forestry, beech, sustainable forest management",ei39_cutoff,289eaaf5e6f8ef0f5df16e297e913692,RoW,,kilogram,TRACI_v2_1__particulate_matter_formation__particulate_matter_formation_potential_PMFP,TRACI v2.1 | particulate matter formation | particulate matter formation potential (PMFP),particulate matter formation,PM2.5-Eq,2.14247691509576e-05,UF_TRACI_v2_1__particulate_matter_formation__particulate_matter_formation_potential_PMFP__hardwood_forestry_beech_sustainable_forest_management__RoW,PM2.5-Eq/kilogram,True
s_c1,BC1,technosphere|ei39_cutoff|289eaaf5e6f8ef0f5df16e297e913692,"technosphere::hardwood forestry, beech, sustainable forest management::RoW::kilogram",technosphere,"hardwood forestry, beech, sustainable forest management",ei39_cutoff,289eaaf5e6f8ef0f5df16e297e913692,RoW,,kilogram,TRACI_v2_1__ecotoxicity_freshwater__ecotoxicity_freshwater,TRACI v2.1 | ecotoxicity: freshwater | ecotoxicity: freshwater,ecotoxicity: freshwater,CTUe,0.22273809928213403,UF_TRACI_v2_1__ecotoxicity_freshwater__ecotoxicity_freshwater__hardwood_forestry_beech_sustainable_forest_management__RoW,CTUe/kilogram,True
s_c1,BC1,technosphere|ei39_cutoff|289eaaf5e6f8ef0f5df16e297e913692,"technosphere::hardwood forestry, beech, sustainable forest management::RoW::kilogram",technosphere,"hardwood forestry, beech, sustainable forest management",ei39_cutoff,289eaaf5e6f8ef0f5df16e297e913692,RoW,,kilogram,TRACI_v2_1__photochemical_oxidant_formation__maximum_incremental_reactivity_MIR,TRACI v2.1 | photochemical oxidant formation | maximum incremental reactivity (MIR),photochemical oxidant formation,kg O3-Eq,0.006290325958373545,UF_TRACI_v2_1__photochemical_oxidant_formation__maximum_incremental_reactivity_MIR__hardwood_forestry_beech_sustainable_forest_management__RoW,kg O3-Eq/kilogram,True
s_c1,BC1,technosphere|ei39_cutoff|cc629a57d77e951cdca1ee8b9abb4d32,"technosphere::hardwood forestry, birch, sustainable forest management::RoW::kilogram",technosphere,"hardwood forestry, birch, sustainable forest management",ei39_cutoff,cc629a57d77e951cdca1ee8b9abb4d32,RoW,,kilogram,IPCC_2021__climate_change__global_warming_potential_GWP100,IPCC 2021 | climate change | global warming potential (GWP100),climate change,kg CO2-Eq,0.029474781660684884,UF_IPCC_2021__climate_change__global_warming_potential_GWP100__hardwood_forestry_birch_sustainable_forest_management__RoW,kg CO2-Eq/kilogram,True
s_c1,BC1,technosphere|ei39_cutoff|cc629a57d77e951cdca1ee8b9abb4d32,"technosphere::hardwood forestry, birch, sustainable forest management::RoW::kilogram",technosphere,"hardwood forestry, birch, sustainable forest management",ei39_cutoff,cc629a57d77e951cdca1ee8b9abb4d32,RoW,,kilogram,TRACI_v2_1__eutrophication__eutrophication_potential,TRACI v2.1 | eutrophication | eutrophication potential,eutrophication,kg N-Eq,0.00011018922010638067,UF_TRACI_v2_1__eutrophication__eutrophication_potential__hardwood_forestry_birch_sustainable_forest_management__RoW,kg N-Eq/kilogram,True
s_c1,BC1,technosphere|ei39_cutoff|cc629a57d77e951cdca1ee8b9abb4d32,"technosphere::hardwood forestry, birch, sustainable forest management::RoW::kilogram",technosphere,"hardwood forestry, birch, sustainable forest management",ei39_cutoff,cc629a57d77e951cdca1ee8b9abb4d32,RoW,,kilogram,TRACI_v2_1__acidification__acidification_potential_AP,TRACI v2.1 | acidification | acidification potential (AP),acidification,kg SO2-Eq,0.00014406828020139704,UF_TRACI_v2_1__acidification__acidification_potential_AP__hardwood_forestry_birch_sustainable_forest_management__RoW,kg SO2-Eq/kilogram,True
s_c1,BC1,technosphere|ei39_cutoff|cc629a57d77e951cdca1ee8b9abb4d32,"technosphere::hardwood forestry, birch, sustainable forest management::RoW::kilogram",technosphere,"hardwood forestry, birch, sustainable forest management",ei39_cutoff,cc629a57d77e951cdca1ee8b9abb4d32,RoW,,kilogram,TRACI_v2_1__particulate_matter_formation__particulate_matter_formation_potential_PMFP,TRACI v2.1 | particulate matter formation | particulate matter formation potential (PMFP),particulate matter formation,PM2.5-Eq,1.4380029060168402e-05,UF_TRACI_v2_1__particulate_matter_formation__particulate_matter_formation_potential_PMFP__hardwood_forestry_birch_sustainable_forest_management__RoW,PM2.5-Eq/kilogram,True
s_c1,BC1,technosphere|ei39_cutoff|cc629a57d77e951cdca1ee8b9abb4d32,"technosphere::hardwood forestry, birch, sustainable forest management::RoW::kilogram",technosphere,"hardwood forestry, birch, sustainable forest management",ei39_cutoff,cc629a57d77e951cdca1ee8b9abb4d32,RoW,,kilogram,TRACI_v2_1__ecotoxicity_freshwater__ecotoxicity_freshwater,TRACI v2.1 | ecotoxicity: freshwater | ecotoxicity: freshwater,ecotoxicity: freshwater,CTUe,0.1175608248884091,UF_TRACI_v2_1__ecotoxicity_freshwater__ecotoxicity_freshwater__hardwood_forestry_birch_sustainable_forest_management__RoW,CTUe/kilogram,True
s_c1,BC1,technosphere|ei39_cutoff|cc629a57d77e951cdca1ee8b9abb4d32,"technosphere::hardwood forestry, birch, sustainable forest management::RoW::kilogram",technosphere,"hardwood forestry, birch, sustainable forest management",ei39_cutoff,cc629a57d77e951cdca1ee8b9abb4d32,RoW,,kilogram,TRACI_v2_1__photochemical_oxidant_formation__maximum_incremental_reactivity_MIR,TRACI v2.1 | photochemical oxidant formation | maximum incremental reactivity (MIR),photochemical oxidant formation,kg O3-Eq,0.0046640553670089175,UF_TRACI_v2_1__photochemical_oxidant_formation__maximum_incremental_reactivity_MIR__hardwood_forestry_birch_sustainable_forest_management__RoW,kg O3-Eq/kilogram,True
s_c1,BC1,technosphere|ei39_cutoff|39637a65852c08973cb0b45962f74e09,"technosphere::hardwood forestry, eucalyptus ssp., planted forest management::RoW::kilogram",technosphere,"hardwood forestry, eucalyptus ssp., planted forest management",ei39_cutoff,39637a65852c08973cb0b45962f74e09,RoW,,kilogram,IPCC_2021__climate_change__global_warming_potential_GWP100,IPCC 2021 | climate change | global warming potential (GWP100),climate change,kg CO2-Eq,0.1364362695690772,UF_IPCC_2021__climate_change__global_warming_potential_GWP100__hardwood_forestry_eucalyptus_ssp_planted_forest_management__RoW,kg CO2-Eq/kilogram,True
s_c1,BC1,technosphere|ei39_cutoff|39637a65852c08973cb0b45962f74e09,"technosphere::hardwood forestry, eucalyptus ssp., planted forest management::RoW::kilogram",technosphere,"hardwood forestry, eucalyptus ssp., planted forest management",ei39_cutoff,39637a65852c08973cb0b45962f74e09,RoW,,kilogram,TRACI_v2_1__eutrophication__eutrophication_potential,TRACI v2.1 | eutrophication | eutrophication potential,eutrophication,kg N-Eq,0.0001947850645337431,UF_TRACI_v2_1__eutrophication__eutrophication_potential__hardwood_forestry_eucalyptus_ssp_planted_forest_management__RoW,kg N-Eq/kilogram,True
s_c1,BC1,technosphere|ei39_cutoff|39637a65852c08973cb0b45962f74e09,"technosphere::hardwood forestry, eucalyptus ssp., planted forest management::RoW::kilogram",technosphere,"hardwood forestry, eucalyptus ssp., planted forest management",ei39_cutoff,39637a65852c08973cb0b45962f74e09,RoW,,kilogram,TRACI_v2_1__acidification__acidification_potential_AP,TRACI v2.1 | acidification | acidification potential (AP),acidification,kg SO2-Eq,0.000227515701292014,UF_TRACI_v2_1__acidification__acidification_potential_AP__hardwood_forestry_eucalyptus_ssp_planted_forest_management__RoW,kg SO2-Eq/kilogram,True
s_c1,BC1,technosphere|ei39_cutoff|39637a65852c08973cb0b45962f74e09,"technosphere::hardwood forestry, eucalyptus ssp., planted forest management::RoW::kilogram",technosphere,"hardwood forestry, eucalyptus ssp., planted forest management",ei39_cutoff,39637a65852c08973cb0b45962f74e09,RoW,,kilogram,TRACI_v2_1__particulate_matter_formation__particulate_matter_formation_potential_PMFP,TRACI v2.1 | particulate matter formation | particulate matter formation potential (PMFP),particulate matter formation,PM2.5-Eq,1.628053850701254e-05,UF_TRACI_v2_1__particulate_matter_formation__particulate_matter_formation_potential_PMFP__hardwood_forestry_eucalyptus_ssp_planted_forest_management__RoW,PM2.5-Eq/kilogram,True
s_c1,BC1,technosphere|ei39_cutoff|39637a65852c08973cb0b45962f74e09,"technosphere::hardwood forestry, eucalyptus ssp., planted forest management::RoW::kilogram",technosphere,"hardwood forestry, eucalyptus ssp., planted forest management",ei39_cutoff,39637a65852c08973cb0b45962f74e09,RoW,,kilogram,TRACI_v2_1__ecotoxicity_freshwater__ecotoxicity_freshwater,TRACI v2.1 | ecotoxicity: freshwater | ecotoxicity: freshwater,ecotoxicity: freshwater,CTUe,-0.048982884588165375,UF_TRACI_v2_1__ecotoxicity_freshwater__ecotoxicity_freshwater__hardwood_forestry_eucalyptus_ssp_planted_forest_management__RoW,CTUe/kilogram,True
s_c1,BC1,technosphere|ei39_cutoff|39637a65852c08973cb0b45962f74e09,"technosphere::hardwood forestry, eucalyptus ssp., planted forest management::RoW::kilogram",technosphere,"hardwood forestry, eucalyptus ssp., planted forest management",ei39_cutoff,39637a65852c08973cb0b45962f74e09,RoW,,kilogram,TRACI_v2_1__photochemical_oxidant_formation__maximum_incremental_reactivity_MIR,TRACI v2.1 | photochemical oxidant formation | maximum incremental reactivity (MIR),photochemical oxidant formation,kg O3-Eq,0.003847697546286856,UF_TRACI_v2_1__photochemical_oxidant_formation__maximum_incremental_reactivity_MIR__hardwood_forestry_eucalyptus_ssp_planted_forest_management__RoW,kg O3-Eq/kilogram,True
s_c1,BC1,technosphere|ei39_cutoff|c655f5b0ff84702a0077ad38fdf4f750,"technosphere::hardwood forestry, oak, sustainable forest management::RoW::kilogram",technosphere,"hardwood forestry, oak, sustainable forest management",ei39_cutoff,c655f5b0ff84702a0077ad38fdf4f750,RoW,,kilogram,IPCC_2021__climate_change__global_warming_potential_GWP100,IPCC 2021 | climate change | global warming potential (GWP100),climate change,kg CO2-Eq,0.03675034756784395,UF_IPCC_2021__climate_change__global_warming_potential_GWP100__hardwood_forestry_oak_sustainable_forest_management__RoW,kg CO2-Eq/kilogram,True
s_c1,BC1,technosphere|ei39_cutoff|c655f5b0ff84702a0077ad38fdf4f750,"technosphere::hardwood forestry, oak, sustainable forest management::RoW::kilogram",technosphere,"hardwood forestry, oak, sustainable forest management",ei39_cutoff,c655f5b0ff84702a0077ad38fdf4f750,RoW,,kilogram,TRACI_v2_1__eutrophication__eutrophication_potential,TRACI v2.1 | eutrophication | eutrophication potential,eutrophication,kg N-Eq,0.00021637409342683503,UF_TRACI_v2_1__eutrophication__eutrophication_potential__hardwood_forestry_oak_sustainable_forest_management__RoW,kg N-Eq/kilogram,True
s_c1,BC1,technosphere|ei39_cutoff|c655f5b0ff84702a0077ad38fdf4f750,"technosphere::hardwood forestry, oak, sustainable forest management::RoW::kilogram",technosphere,"hardwood forestry, oak, sustainable forest management",ei39_cutoff,c655f5b0ff84702a0077ad38fdf4f750,RoW,,kilogram,TRACI_v2_1__acidification__acidification_potential_AP,TRACI v2.1 | acidification | acidification potential (AP),acidification,kg SO2-Eq,0.00017610661312031503,UF_TRACI_v2_1__acidification__acidification_potential_AP__hardwood_forestry_oak_sustainable_forest_management__RoW,kg SO2-Eq/kilogram,True
s_c1,BC1,technosphere|ei39_cutoff|c655f5b0ff84702a0077ad38fdf4f750,"technosphere::hardwood forestry, oak, sustainable forest management::RoW::kilogram",technosphere,"hardwood forestry, oak, sustainable forest management",ei39_cutoff,c655f5b0ff84702a0077ad38fdf4f750,RoW,,kilogram,TRACI_v2_1__particulate_matter_formation__particulate_matter_formation_potential_PMFP,TRACI v2.1 | particulate matter formation | particulate matter formation potential (PMFP),particulate matter formation,PM2.5-Eq,2.113096399172201e-05,UF_TRACI_v2_1__particulate_matter_formation__particulate_matter_formation_potential_PMFP__hardwood_forestry_oak_sustainable_forest_management__RoW,PM2.5-Eq/kilogram,True
s_c1,BC1,technosphere|ei39_cutoff|c655f5b0ff84702a0077ad38fdf4f750,"technosphere::hardwood forestry, oak, sustainable forest management::RoW::kilogram",technosphere,"hardwood forestry, oak, sustainable forest management",ei39_cutoff,c655f5b0ff84702a0077ad38fdf4f750,RoW,,kilogram,TRACI_v2_1__ecotoxicity_freshwater__ecotoxicity_freshwater,TRACI v2.1 | ecotoxicity: freshwater | ecotoxicity: freshwater,ecotoxicity: freshwater,CTUe,0.20754007653369802,UF_TRACI_v2_1__ecotoxicity_freshwater__ecotoxicity_freshwater__hardwood_forestry_oak_sustainable_forest_management__RoW,CTUe/kilogram,True
s_c1,BC1,technosphere|ei39_cutoff|c655f5b0ff84702a0077ad38fdf4f750,"technosphere::hardwood forestry, oak, sustainable forest management::RoW::kilogram",technosphere,"hardwood forestry, oak, sustainable forest management",ei39_cutoff,c655f5b0ff84702a0077ad38fdf4f750,RoW,,kilogram,TRACI_v2_1__photochemical_oxidant_formation__maximum_incremental_reactivity_MIR,TRACI v2.1 | photochemical oxidant formation | maximum incremental reactivity (MIR),photochemical oxidant formation,kg O3-Eq,0.00599936360590071,UF_TRACI_v2_1__photochemical_oxidant_formation__maximum_incremental_reactivity_MIR__hardwood_forestry_oak_sustainable_forest_management__RoW,kg O3-Eq/kilogram,True
s_c1,BC1,technosphere|ei39_cutoff|7f63fa1d975fd20397933993cfe1bbf2,"technosphere::softwood forestry, pine, sustainable forest management::RoW::kilogram",technosphere,"softwood forestry, pine, sustainable forest management",ei39_cutoff,7f63fa1d975fd20397933993cfe1bbf2,RoW,,kilogram,IPCC_2021__climate_change__global_warming_potential_GWP100,IPCC 2021 | climate change | global warming potential (GWP100),climate change,kg CO2-Eq,0.04148801725295221,UF_IPCC_2021__climate_change__global_warming_potential_GWP100__softwood_forestry_pine_sustainable_forest_management__RoW,kg CO2-Eq/kilogram,True
s_c1,BC1,technosphere|ei39_cutoff|7f63fa1d975fd20397933993cfe1bbf2,"technosphere::softwood forestry, pine, sustainable forest management::RoW::kilogram",technosphere,"softwood forestry, pine, sustainable forest management",ei39_cutoff,7f63fa1d975fd20397933993cfe1bbf2,RoW,,kilogram,TRACI_v2_1__eutrophication__eutrophication_potential,TRACI v2.1 | eutrophication | eutrophication potential,eutrophication,kg N-Eq,0.00013874263730151177,UF_TRACI_v2_1__eutrophication__eutrophication_potential__softwood_forestry_pine_sustainable_forest_management__RoW,kg N-Eq/kilogram,True
s_c1,BC1,technosphere|ei39_cutoff|7f63fa1d975fd20397933993cfe1bbf2,"technosphere::softwood forestry, pine, sustainable forest management::RoW::kilogram",technosphere,"softwood forestry, pine, sustainable forest management",ei39_cutoff,7f63fa1d975fd20397933993cfe1bbf2,RoW,,kilogram,TRACI_v2_1__acidification__acidification_potential_AP,TRACI v2.1 | acidification | acidification potential (AP),acidification,kg SO2-Eq,0.00020810587540811166,UF_TRACI_v2_1__acidification__acidification_potential_AP__softwood_forestry_pine_sustainable_forest_management__RoW,kg SO2-Eq/kilogram,True
s_c1,BC1,technosphere|ei39_cutoff|7f63fa1d975fd20397933993cfe1bbf2,"technosphere::softwood forestry, pine, sustainable forest management::RoW::kilogram",technosphere,"softwood forestry, pine, sustainable forest management",ei39_cutoff,7f63fa1d975fd20397933993cfe1bbf2,RoW,,kilogram,TRACI_v2_1__particulate_matter_formation__particulate_matter_formation_potential_PMFP,TRACI v2.1 | particulate matter formation | particulate matter formation potential (PMFP),particulate matter formation,PM2.5-Eq,2.2622645627996606e-05,UF_TRACI_v2_1__particulate_matter_formation__particulate_matter_formation_potential_PMFP__softwood_forestry_pine_sustainable_forest_management__RoW,PM2.5-Eq/kilogram,True
s_c1,BC1,technosphere|ei39_cutoff|7f63fa1d975fd20397933993cfe1bbf2,"technosphere::softwood forestry, pine, sustainable forest management::RoW::kilogram",technosphere,"softwood forestry, pine, sustainable forest management",ei39_cutoff,7f63fa1d975fd20397933993cfe1bbf2,RoW,,kilogram,TRACI_v2_1__ecotoxicity_freshwater__ecotoxicity_freshwater,TRACI v2.1 | ecotoxicity: freshwater | ecotoxicity: freshwater,ecotoxicity: freshwater,CTUe,0.16823964479604103,UF_TRACI_v2_1__ecotoxicity_freshwater__ecotoxicity_freshwater__softwood_forestry_pine_sustainable_forest_management__RoW,CTUe/kilogram,True
s_c1,BC1,technosphere|ei39_cutoff|7f63fa1d975fd20397933993cfe1bbf2,"technosphere::softwood forestry, pine, sustainable forest management::RoW::kilogram",technosphere,"softwood forestry, pine, sustainable forest management",ei39_cutoff,7f63fa1d975fd20397933993cfe1bbf2,RoW,,kilogram,TRACI_v2_1__photochemical_oxidant_formation__maximum_incremental_reactivity_MIR,TRACI v2.1 | photochemical oxidant formation | maximum incremental reactivity (MIR),photochemical oxidant formation,kg O3-Eq,0.006493490284901371,UF_TRACI_v2_1__photochemical_oxidant_formation__maximum_incremental_reactivity_MIR__softwood_forestry_pine_sustainable_forest_management__RoW,kg O3-Eq/kilogram,True
s_c1,BC1,technosphere|ei39_cutoff|a54115ba044e5f4394c78824ef3e2c6f,"technosphere::softwood forestry, spruce, sustainable forest management::RoW::kilogram",technosphere,"softwood forestry, spruce, sustainable forest management",ei39_cutoff,a54115ba044e5f4394c78824ef3e2c6f,RoW,,kilogram,IPCC_2021__climate_change__global_warming_potential_GWP100,IPCC 2021 | climate change | global warming potential (GWP100),climate change,kg CO2-Eq,0.043717840062554726,UF_IPCC_2021__climate_change__global_warming_potential_GWP100__softwood_forestry_spruce_sustainable_forest_management__RoW,kg CO2-Eq/kilogram,True
s_c1,BC1,technosphere|ei39_cutoff|a54115ba044e5f4394c78824ef3e2c6f,"technosphere::softwood forestry, spruce, sustainable forest management::RoW::kilogram",technosphere,"softwood forestry, spruce, sustainable forest management",ei39_cutoff,a54115ba044e5f4394c78824ef3e2c6f,RoW,,kilogram,TRACI_v2_1__eutrophication__eutrophication_potential,TRACI v2.1 | eutrophication | eutrophication potential,eutrophication,kg N-Eq,0.00011892132282326936,UF_TRACI_v2_1__eutrophication__eutrophication_potential__softwood_forestry_spruce_sustainable_forest_management__RoW,kg N-Eq/kilogram,True
s_c1,BC1,technosphere|ei39_cutoff|a54115ba044e5f4394c78824ef3e2c6f,"technosphere::softwood forestry, spruce, sustainable forest management::RoW::kilogram",technosphere,"softwood forestry, spruce, sustainable forest management",ei39_cutoff,a54115ba044e5f4394c78824ef3e2c6f,RoW,,kilogram,TRACI_v2_1__acidification__acidification_potential_AP,TRACI v2.1 | acidification | acidification potential (AP),acidification,kg SO2-Eq,0.0002181635462752675,UF_TRACI_v2_1__acidification__acidification_potential_AP__softwood_forestry_spruce_sustainable_forest_management__RoW,kg SO2-Eq/kilogram,True
s_c1,BC1,technosphere|ei39_cutoff|a54115ba044e5f4394c78824ef3e2c6f,"technosphere::softwood forestry, spruce, sustainable forest management::RoW::kilogram",technosphere,"softwood forestry, spruce, sustainable forest management",ei39_cutoff,a54115ba044e5f4394c78824ef3e2c6f,RoW,,kilogram,TRACI_v2_1__particulate_matter_formation__particulate_matter_formation_potential_PMFP,TRACI v2.1 | particulate matter formation | particulate matter formation potential (PMFP),particulate matter formation,PM2.5-Eq,2.2515605235573248e-05,UF_TRACI_v2_1__particulate_matter_formation__particulate_matter_formation_potential_PMFP__softwood_forestry_spruce_sustainable_forest_management__RoW,PM2.5-Eq/kilogram,True
s_c1,BC1,technosphere|ei39_cutoff|a54115ba044e5f4394c78824ef3e2c6f,"technosphere::softwood forestry, spruce, sustainable forest management::RoW::kilogram",technosphere,"softwood forestry, spruce, sustainable forest management",ei39_cutoff,a54115ba044e5f4394c78824ef3e2c6f,RoW,,kilogram,TRACI_v2_1__ecotoxicity_freshwater__ecotoxicity_freshwater,TRACI v2.1 | ecotoxicity: freshwater | ecotoxicity: freshwater,ecotoxicity: freshwater,CTUe,0.17263738350032465,UF_TRACI_v2_1__ecotoxicity_freshwater__ecotoxicity_freshwater__softwood_forestry_spruce_sustainable_forest_management__RoW,CTUe/kilogram,True
s_c1,BC1,technosphere|ei39_cutoff|a54115ba044e5f4394c78824ef3e2c6f,"technosphere::softwood forestry, spruce, sustainable forest management::RoW::kilogram",technosphere,"softwood forestry, spruce, sustainable forest management",ei39_cutoff,a54115ba044e5f4394c78824ef3e2c6f,RoW,,kilogram,TRACI_v2_1__photochemical_oxidant_formation__maximum_incremental_reactivity_MIR,TRACI v2.1 | photochemical oxidant formation | maximum incremental reactivity (MIR),photochemical oxidant formation,kg O3-Eq,0.006735277366388109,UF_TRACI_v2_1__photochemical_oxidant_formation__maximum_incremental_reactivity_MIR__softwood_forestry_spruce_sustainable_forest_management__RoW,kg O3-Eq/kilogram,True
s_c1,BC1,technosphere|ei39_cutoff|8fcd322e3bfcf29cc506c34e95336f81,"technosphere::willow production, short rotation coppice::RoW::kilogram",technosphere,"willow production, short rotation coppice",ei39_cutoff,8fcd322e3bfcf29cc506c34e95336f81,RoW,,kilogram,IPCC_2021__climate_change__global_warming_potential_GWP100,IPCC 2021 | climate change | global warming potential (GWP100),climate change,kg CO2-Eq,0.06014236196420904,UF_IPCC_2021__climate_change__global_warming_potential_GWP100__willow_production_short_rotation_coppice__RoW,kg CO2-Eq/kilogram,True
s_c1,BC1,technosphere|ei39_cutoff|8fcd322e3bfcf29cc506c34e95336f81,"technosphere::willow production, short rotation coppice::RoW::kilogram",technosphere,"willow production, short rotation coppice",ei39_cutoff,8fcd322e3bfcf29cc506c34e95336f81,RoW,,kilogram,TRACI_v2_1__eutrophication__eutrophication_potential,TRACI v2.1 | eutrophication | eutrophication potential,eutrophication,kg N-Eq,0.0016108580342260787,UF_TRACI_v2_1__eutrophication__eutrophication_potential__willow_production_short_rotation_coppice__RoW,kg N-Eq/kilogram,True
s_c1,BC1,technosphere|ei39_cutoff|8fcd322e3bfcf29cc506c34e95336f81,"technosphere::willow production, short rotation coppice::RoW::kilogram",technosphere,"willow production, short rotation coppice",ei39_cutoff,8fcd322e3bfcf29cc506c34e95336f81,RoW,,kilogram,TRACI_v2_1__acidification__acidification_potential_AP,TRACI v2.1 | acidification | acidification potential (AP),acidification,kg SO2-Eq,0.0004044347391966383,UF_TRACI_v2_1__acidification__acidification_potential_AP__willow_production_short_rotation_coppice__RoW,kg SO2-Eq/kilogram,True
s_c1,BC1,technosphere|ei39_cutoff|8fcd322e3bfcf29cc506c34e95336f81,"technosphere::willow production, short rotation coppice::RoW::kilogram",technosphere,"willow production, short rotation coppice",ei39_cutoff,8fcd322e3bfcf29cc506c34e95336f81,RoW,,kilogram,TRACI_v2_1__particulate_matter_formation__particulate_matter_formation_potential_PMFP,TRACI v2.1 | particulate matter formation | particulate matter formation potential (PMFP),particulate matter formation,PM2.5-Eq,6.346341734089867e-05,UF_TRACI_v2_1__particulate_matter_formation__particulate_matter_formation_potential_PMFP__willow_production_short_rotation_coppice__RoW,PM2.5-Eq/kilogram,True
s_c1,BC1,technosphere|ei39_cutoff|8fcd322e3bfcf29cc506c34e95336f81,"technosphere::willow production, short rotation coppice::RoW::kilogram",technosphere,"willow production, short rotation coppice",ei39_cutoff,8fcd322e3bfcf29cc506c34e95336f81,RoW,,kilogram,TRACI_v2_1__ecotoxicity_freshwater__ecotoxicity_freshwater,TRACI v2.1 | ecotoxicity: freshwater | ecotoxicity: freshwater,ecotoxicity: freshwater,CTUe,0.7688898774690747,UF_TRACI_v2_1__ecotoxicity_freshwater__ecotoxicity_freshwater__willow_production_short_rotation_coppice__RoW,CTUe/kilogram,True
s_c1,BC1,technosphere|ei39_cutoff|8fcd322e3bfcf29cc506c34e95336f81,"technosphere::willow production, short rotation coppice::RoW::kilogram",technosphere,"willow production, short rotation coppice",ei39_cutoff,8fcd322e3bfcf29cc506c34e95336f81,RoW,,kilogram,TRACI_v2_1__photochemical_oxidant_formation__maximum_incremental_reactivity_MIR,TRACI v2.1 | photochemical oxidant formation | maximum incremental reactivity (MIR),photochemical oxidant formation,kg O3-Eq,0.007670579162386125,UF_TRACI_v2_1__photochemical_oxidant_formation__maximum_incremental_reactivity_MIR__willow_production_short_rotation_coppice__RoW,kg O3-Eq/kilogram,True
s_c1,BC1,technosphere|ei39_cutoff|3ee7c8858925e7de6a8ca0eb548143f7,"technosphere::market for inorganic nitrogen fertiliser, as N::US::kilogram",technosphere,"market for inorganic nitrogen fertiliser, as N",ei39_cutoff,3ee7c8858925e7de6a8ca0eb548143f7,US,,kilogram,IPCC_2021__climate_change__global_warming_potential_GWP100,IPCC 2021 | climate change | global warming potential (GWP100),climate change,kg CO2-Eq,5.31569423967388,UF_IPCC_2021__climate_change__global_warming_potential_GWP100__market_for_inorganic_nitrogen_fertiliser_as_N__US,kg CO2-Eq/kilogram,True
s_c1,BC1,technosphere|ei39_cutoff|3ee7c8858925e7de6a8ca0eb548143f7,"technosphere::market for inorganic nitrogen fertiliser, as N::US::kilogram",technosphere,"market for inorganic nitrogen fertiliser, as N",ei39_cutoff,3ee7c8858925e7de6a8ca0eb548143f7,US,,kilogram,TRACI_v2_1__eutrophication__eutrophication_potential,TRACI v2.1 | eutrophication | eutrophication potential,eutrophication,kg N-Eq,0.009845524895215372,UF_TRACI_v2_1__eutrophication__eutrophication_potential__market_for_inorganic_nitrogen_fertiliser_as_N__US,kg N-Eq/kilogram,True
s_c1,BC1,technosphere|ei39_cutoff|3ee7c8858925e7de6a8ca0eb548143f7,"technosphere::market for inorganic nitrogen fertiliser, as N::US::kilogram",technosphere,"market for inorganic nitrogen fertiliser, as N",ei39_cutoff,3ee7c8858925e7de6a8ca0eb548143f7,US,,kilogram,TRACI_v2_1__acidification__acidification_potential_AP,TRACI v2.1 | acidification | acidification potential (AP),acidification,kg SO2-Eq,0.020346980694298522,UF_TRACI_v2_1__acidification__acidification_potential_AP__market_for_inorganic_nitrogen_fertiliser_as_N__US,kg SO2-Eq/kilogram,True
s_c1,BC1,technosphere|ei39_cutoff|3ee7c8858925e7de6a8ca0eb548143f7,"technosphere::market for inorganic nitrogen fertiliser, as N::US::kilogram",technosphere,"market for inorganic nitrogen fertiliser, as N",ei39_cutoff,3ee7c8858925e7de6a8ca0eb548143f7,US,,kilogram,TRACI_v2_1__particulate_matter_formation__particulate_matter_formation_potential_PMFP,TRACI v2.1 | particulate matter formation | particulate matter formation potential (PMFP),particulate matter formation,PM2.5-Eq,0.0027388710788756074,UF_TRACI_v2_1__particulate_matter_formation__particulate_matter_formation_potential_PMFP__market_for_inorganic_nitrogen_fertiliser_as_N__US,PM2.5-Eq/kilogram,True
s_c1,BC1,technosphere|ei39_cutoff|3ee7c8858925e7de6a8ca0eb548143f7,"technosphere::market for inorganic nitrogen fertiliser, as N::US::kilogram",technosphere,"market for inorganic nitrogen fertiliser, as N",ei39_cutoff,3ee7c8858925e7de6a8ca0eb548143f7,US,,kilogram,TRACI_v2_1__ecotoxicity_freshwater__ecotoxicity_freshwater,TRACI v2.1 | ecotoxicity: freshwater | ecotoxicity: freshwater,ecotoxicity: freshwater,CTUe,105.57973834340318,UF_TRACI_v2_1__ecotoxicity_freshwater__ecotoxicity_freshwater__market_for_inorganic_nitrogen_fertiliser_as_N__US,CTUe/kilogram,True
s_c1,BC1,technosphere|ei39_cutoff|3ee7c8858925e7de6a8ca0eb548143f7,"technosphere::market for inorganic nitrogen fertiliser, as N::US::kilogram",technosphere,"market for inorganic nitrogen fertiliser, as N",ei39_cutoff,3ee7c8858925e7de6a8ca0eb548143f7,US,,kilogram,TRACI_v2_1__photochemical_oxidant_formation__maximum_incremental_reactivity_MIR,TRACI v2.1 | photochemical oxidant formation | maximum incremental reactivity (MIR),photochemical oxidant formation,kg O3-Eq,0.25391615748994395,UF_TRACI_v2_1__photochemical_oxidant_formation__maximum_incremental_reactivity_MIR__market_for_inorganic_nitrogen_fertiliser_as_N__US,kg O3-Eq/kilogram,True
s_c1,BC1,technosphere|ei39_cutoff|697927891e43c4b12144bd4422a3a4a0,"technosphere::market for inorganic phosphorus fertiliser, as P2O5::US::kilogram",technosphere,"market for inorganic phosphorus fertiliser, as P2O5",ei39_cutoff,697927891e43c4b12144bd4422a3a4a0,US,,kilogram,IPCC_2021__climate_change__global_warming_potential_GWP100,IPCC 2021 | climate change | global warming potential (GWP100),climate change,kg CO2-Eq,3.07353185812539,UF_IPCC_2021__climate_change__global_warming_potential_GWP100__market_for_inorganic_phosphorus_fertiliser_as_P2O5__US,kg CO2-Eq/kilogram,True
s_c1,BC1,technosphere|ei39_cutoff|697927891e43c4b12144bd4422a3a4a0,"technosphere::market for inorganic phosphorus fertiliser, as P2O5::US::kilogram",technosphere,"market for inorganic phosphorus fertiliser, as P2O5",ei39_cutoff,697927891e43c4b12144bd4422a3a4a0,US,,kilogram,TRACI_v2_1__eutrophication__eutrophication_potential,TRACI v2.1 | eutrophication | eutrophication potential,eutrophication,kg N-Eq,0.009368889401123556,UF_TRACI_v2_1__eutrophication__eutrophication_potential__market_for_inorganic_phosphorus_fertiliser_as_P2O5__US,kg N-Eq/kilogram,True
s_c1,BC1,technosphere|ei39_cutoff|697927891e43c4b12144bd4422a3a4a0,"technosphere::market for inorganic phosphorus fertiliser, as P2O5::US::kilogram",technosphere,"market for inorganic phosphorus fertiliser, as P2O5",ei39_cutoff,697927891e43c4b12144bd4422a3a4a0,US,,kilogram,TRACI_v2_1__acidification__acidification_potential_AP,TRACI v2.1 | acidification | acidification potential (AP),acidification,kg SO2-Eq,0.015889176293569184,UF_TRACI_v2_1__acidification__acidification_potential_AP__market_for_inorganic_phosphorus_fertiliser_as_P2O5__US,kg SO2-Eq/kilogram,True
s_c1,BC1,technosphere|ei39_cutoff|697927891e43c4b12144bd4422a3a4a0,"technosphere::market for inorganic phosphorus fertiliser, as P2O5::US::kilogram",technosphere,"market for inorganic phosphorus fertiliser, as P2O5",ei39_cutoff,697927891e43c4b12144bd4422a3a4a0,US,,kilogram,TRACI_v2_1__particulate_matter_formation__particulate_matter_formation_potential_PMFP,TRACI v2.1 | particulate matter formation | particulate matter formation potential (PMFP),particulate matter formation,PM2.5-Eq,0.0027841761154408003,UF_TRACI_v2_1__particulate_matter_formation__particulate_matter_formation_potential_PMFP__market_for_inorganic_phosphorus_fertiliser_as_P2O5__US,PM2.5-Eq/kilogram,True
s_c1,BC1,technosphere|ei39_cutoff|697927891e43c4b12144bd4422a3a4a0,"technosphere::market for inorganic phosphorus fertiliser, as P2O5::US::kilogram",technosphere,"market for inorganic phosphorus fertiliser, as P2O5",ei39_cutoff,697927891e43c4b12144bd4422a3a4a0,US,,kilogram,TRACI_v2_1__ecotoxicity_freshwater__ecotoxicity_freshwater,TRACI v2.1 | ecotoxicity: freshwater | ecotoxicity: freshwater,ecotoxicity: freshwater,CTUe,73.62663883652208,UF_TRACI_v2_1__ecotoxicity_freshwater__ecotoxicity_freshwater__market_for_inorganic_phosphorus_fertiliser_as_P2O5__US,CTUe/kilogram,True
s_c1,BC1,technosphere|ei39_cutoff|697927891e43c4b12144bd4422a3a4a0,"technosphere::market for inorganic phosphorus fertiliser, as P2O5::US::kilogram",technosphere,"market for inorganic phosphorus fertiliser, as P2O5",ei39_cutoff,697927891e43c4b12144bd4422a3a4a0,US,,kilogram,TRACI_v2_1__photochemical_oxidant_formation__maximum_incremental_reactivity_MIR,TRACI v2.1 | photochemical oxidant formation | maximum incremental reactivity (MIR),photochemical oxidant formation,kg O3-Eq,0.20763042009396912,UF_TRACI_v2_1__photochemical_oxidant_formation__maximum_incremental_reactivity_MIR__market_for_inorganic_phosphorus_fertiliser_as_P2O5__US,kg O3-Eq/kilogram,True
s_c1,BC1,technosphere|ei39_cutoff|0123b5c80d7e3ceeab025ca4b17ad9aa,"technosphere::market for inorganic potassium fertiliser, as K2O::US::kilogram",technosphere,"market for inorganic potassium fertiliser, as K2O",ei39_cutoff,0123b5c80d7e3ceeab025ca4b17ad9aa,US,,kilogram,IPCC_2021__climate_change__global_warming_potential_GWP100,IPCC 2021 | climate change | global warming potential (GWP100),climate change,kg CO2-Eq,2.0389412842323824,UF_IPCC_2021__climate_change__global_warming_potential_GWP100__market_for_inorganic_potassium_fertiliser_as_K2O__US,kg CO2-Eq/kilogram,True
s_c1,BC1,technosphere|ei39_cutoff|0123b5c80d7e3ceeab025ca4b17ad9aa,"technosphere::market for inorganic potassium fertiliser, as K2O::US::kilogram",technosphere,"market for inorganic potassium fertiliser, as K2O",ei39_cutoff,0123b5c80d7e3ceeab025ca4b17ad9aa,US,,kilogram,TRACI_v2_1__eutrophication__eutrophication_potential,TRACI v2.1 | eutrophication | eutrophication potential,eutrophication,kg N-Eq,0.004363023625916373,UF_TRACI_v2_1__eutrophication__eutrophication_potential__market_for_inorganic_potassium_fertiliser_as_K2O__US,kg N-Eq/kilogram,True
s_c1,BC1,technosphere|ei39_cutoff|0123b5c80d7e3ceeab025ca4b17ad9aa,"technosphere::market for inorganic potassium fertiliser, as K2O::US::kilogram",technosphere,"market for inorganic potassium fertiliser, as K2O",ei39_cutoff,0123b5c80d7e3ceeab025ca4b17ad9aa,US,,kilogram,TRACI_v2_1__acidification__acidification_potential_AP,TRACI v2.1 | acidification | acidification potential (AP),acidification,kg SO2-Eq,0.009649683539262544,UF_TRACI_v2_1__acidification__acidification_potential_AP__market_for_inorganic_potassium_fertiliser_as_K2O__US,kg SO2-Eq/kilogram,True
s_c1,BC1,technosphere|ei39_cutoff|0123b5c80d7e3ceeab025ca4b17ad9aa,"technosphere::market for inorganic potassium fertiliser, as K2O::US::kilogram",technosphere,"market for inorganic potassium fertiliser, as K2O",ei39_cutoff,0123b5c80d7e3ceeab025ca4b17ad9aa,US,,kilogram,TRACI_v2_1__particulate_matter_formation__particulate_matter_formation_potential_PMFP,TRACI v2.1 | particulate matter formation | particulate matter formation potential (PMFP),particulate matter formation,PM2.5-Eq,0.0014146020233714192,UF_TRACI_v2_1__particulate_matter_formation__particulate_matter_formation_potential_PMFP__market_for_inorganic_potassium_fertiliser_as_K2O__US,PM2.5-Eq/kilogram,True
s_c1,BC1,technosphere|ei39_cutoff|0123b5c80d7e3ceeab025ca4b17ad9aa,"technosphere::market for inorganic potassium fertiliser, as K2O::US::kilogram",technosphere,"market for inorganic potassium fertiliser, as K2O",ei39_cutoff,0123b5c80d7e3ceeab025ca4b17ad9aa,US,,kilogram,TRACI_v2_1__ecotoxicity_freshwater__ecotoxicity_freshwater,TRACI v2.1 | ecotoxicity: freshwater | ecotoxicity: freshwater,ecotoxicity: freshwater,CTUe,46.800233345476066,UF_TRACI_v2_1__ecotoxicity_freshwater__ecotoxicity_freshwater__market_for_inorganic_potassium_fertiliser_as_K2O__US,CTUe/kilogram,True
s_c1,BC1,technosphere|ei39_cutoff|0123b5c80d7e3ceeab025ca4b17ad9aa,"technosphere::market for inorganic potassium fertiliser, as K2O::US::kilogram",technosphere,"market for inorganic potassium fertiliser, as K2O",ei39_cutoff,0123b5c80d7e3ceeab025ca4b17ad9aa,US,,kilogram,TRACI_v2_1__photochemical_oxidant_formation__maximum_incremental_reactivity_MIR,TRACI v2.1 | photochemical oxidant formation | maximum incremental reactivity (MIR),photochemical oxidant formation,kg O3-Eq,0.132078714810489,UF_TRACI_v2_1__photochemical_oxidant_formation__maximum_incremental_reactivity_MIR__market_for_inorganic_potassium_fertiliser_as_K2O__US,kg O3-Eq/kilogram,True
s_c1,BC1,technosphere|ei39_cutoff|7b62e459ae2e302a703a92dd474a8342,technosphere::market for glyphosate::GLO::kilogram,technosphere,market for glyphosate,ei39_cutoff,7b62e459ae2e302a703a92dd474a8342,GLO,,kilogram,IPCC_2021__climate_change__global_warming_potential_GWP100,IPCC 2021 | climate change | global warming potential (GWP100),climate change,kg CO2-Eq,11.690816260612948,UF_IPCC_2021__climate_change__global_warming_potential_GWP100__market_for_glyphosate__GLO,kg CO2-Eq/kilogram,True
s_c1,BC1,technosphere|ei39_cutoff|7b62e459ae2e302a703a92dd474a8342,technosphere::market for glyphosate::GLO::kilogram,technosphere,market for glyphosate,ei39_cutoff,7b62e459ae2e302a703a92dd474a8342,GLO,,kilogram,TRACI_v2_1__eutrophication__eutrophication_potential,TRACI v2.1 | eutrophication | eutrophication potential,eutrophication,kg N-Eq,0.12257487001809868,UF_TRACI_v2_1__eutrophication__eutrophication_potential__market_for_glyphosate__GLO,kg N-Eq/kilogram,True
s_c1,BC1,technosphere|ei39_cutoff|7b62e459ae2e302a703a92dd474a8342,technosphere::market for glyphosate::GLO::kilogram,technosphere,market for glyphosate,ei39_cutoff,7b62e459ae2e302a703a92dd474a8342,GLO,,kilogram,TRACI_v2_1__acidification__acidification_potential_AP,TRACI v2.1 | acidification | acidification potential (AP),acidification,kg SO2-Eq,0.04943819679163115,UF_TRACI_v2_1__acidification__acidification_potential_AP__market_for_glyphosate__GLO,kg SO2-Eq/kilogram,True
s_c1,BC1,technosphere|ei39_cutoff|7b62e459ae2e302a703a92dd474a8342,technosphere::market for glyphosate::GLO::kilogram,technosphere,market for glyphosate,ei39_cutoff,7b62e459ae2e302a703a92dd474a8342,GLO,,kilogram,TRACI_v2_1__particulate_matter_formation__particulate_matter_formation_potential_PMFP,TRACI v2.1 | particulate matter formation | particulate matter formation potential (PMFP),particulate matter formation,PM2.5-Eq,0.01188864095477141,UF_TRACI_v2_1__particulate_matter_formation__particulate_matter_formation_potential_PMFP__market_for_glyphosate__GLO,PM2.5-Eq/kilogram,True
s_c1,BC1,technosphere|ei39_cutoff|7b62e459ae2e302a703a92dd474a8342,technosphere::market for glyphosate::GLO::kilogram,technosphere,market for glyphosate,ei39_cutoff,7b62e459ae2e302a703a92dd474a8342,GLO,,kilogram,TRACI_v2_1__ecotoxicity_freshwater__ecotoxicity_freshwater,TRACI v2.1 | ecotoxicity: freshwater | ecotoxicity: freshwater,ecotoxicity: freshwater,CTUe,187.89787557422937,UF_TRACI_v2_1__ecotoxicity_freshwater__ecotoxicity_freshwater__market_for_glyphosate__GLO,CTUe/kilogram,True
s_c1,BC1,technosphere|ei39_cutoff|7b62e459ae2e302a703a92dd474a8342,technosphere::market for glyphosate::GLO::kilogram,technosphere,market for glyphosate,ei39_cutoff,7b62e459ae2e302a703a92dd474a8342,GLO,,kilogram,TRACI_v2_1__photochemical_oxidant_formation__maximum_incremental_reactivity_MIR,TRACI v2.1 | photochemical oxidant formation | maximum incremental reactivity (MIR),photochemical oxidant formation,kg O3-Eq,0.7578062957883812,UF_TRACI_v2_1__photochemical_oxidant_formation__maximum_incremental_reactivity_MIR__market_for_glyphosate__GLO,kg O3-Eq/kilogram,True
s_c1,BC1,technosphere|ei39_cutoff|bc2c53ca3fe04d0ed1ff8a1a7706871a,"technosphere::market for calcium carbonate, precipitated::RoW::kilogram",technosphere,"market for calcium carbonate, precipitated",ei39_cutoff,bc2c53ca3fe04d0ed1ff8a1a7706871a,RoW,,kilogram,IPCC_2021__climate_change__global_warming_potential_GWP100,IPCC 2021 | climate change | global warming potential (GWP100),climate change,kg CO2-Eq,0.4014220002554099,UF_IPCC_2021__climate_change__global_warming_potential_GWP100__market_for_calcium_carbonate_precipitated__RoW,kg CO2-Eq/kilogram,True
s_c1,BC1,technosphere|ei39_cutoff|bc2c53ca3fe04d0ed1ff8a1a7706871a,"technosphere::market for calcium carbonate, precipitated::RoW::kilogram",technosphere,"market for calcium carbonate, precipitated",ei39_cutoff,bc2c53ca3fe04d0ed1ff8a1a7706871a,RoW,,kilogram,TRACI_v2_1__eutrophication__eutrophication_potential,TRACI v2.1 | eutrophication | eutrophication potential,eutrophication,kg N-Eq,0.003085076090303296,UF_TRACI_v2_1__eutrophication__eutrophication_potential__market_for_calcium_carbonate_precipitated__RoW,kg N-Eq/kilogram,True
s_c1,BC1,technosphere|ei39_cutoff|bc2c53ca3fe04d0ed1ff8a1a7706871a,"technosphere::market for calcium carbonate, precipitated::RoW::kilogram",technosphere,"market for calcium carbonate, precipitated",ei39_cutoff,bc2c53ca3fe04d0ed1ff8a1a7706871a,RoW,,kilogram,TRACI_v2_1__acidification__acidification_potential_AP,TRACI v2.1 | acidification | acidification potential (AP),acidification,kg SO2-Eq,0.0021894828434027595,UF_TRACI_v2_1__acidification__acidification_potential_AP__market_for_calcium_carbonate_precipitated__RoW,kg SO2-Eq/kilogram,True
s_c1,BC1,technosphere|ei39_cutoff|bc2c53ca3fe04d0ed1ff8a1a7706871a,"technosphere::market for calcium carbonate, precipitated::RoW::kilogram",technosphere,"market for calcium carbonate, precipitated",ei39_cutoff,bc2c53ca3fe04d0ed1ff8a1a7706871a,RoW,,kilogram,TRACI_v2_1__particulate_matter_formation__particulate_matter_formation_potential_PMFP,TRACI v2.1 | particulate matter formation | particulate matter formation potential (PMFP),particulate matter formation,PM2.5-Eq,0.0003352788947728148,UF_TRACI_v2_1__particulate_matter_formation__particulate_matter_formation_potential_PMFP__market_for_calcium_carbonate_precipitated__RoW,PM2.5-Eq/kilogram,True
s_c1,BC1,technosphere|ei39_cutoff|bc2c53ca3fe04d0ed1ff8a1a7706871a,"technosphere::market for calcium carbonate, precipitated::RoW::kilogram",technosphere,"market for calcium carbonate, precipitated",ei39_cutoff,bc2c53ca3fe04d0ed1ff8a1a7706871a,RoW,,kilogram,TRACI_v2_1__ecotoxicity_freshwater__ecotoxicity_freshwater,TRACI v2.1 | ecotoxicity: freshwater | ecotoxicity: freshwater,ecotoxicity: freshwater,CTUe,12.087320113825742,UF_TRACI_v2_1__ecotoxicity_freshwater__ecotoxicity_freshwater__market_for_calcium_carbonate_precipitated__RoW,CTUe/kilogram,True
s_c1,BC1,technosphere|ei39_cutoff|bc2c53ca3fe04d0ed1ff8a1a7706871a,"technosphere::market for calcium carbonate, precipitated::RoW::kilogram",technosphere,"market for calcium carbonate, precipitated",ei39_cutoff,bc2c53ca3fe04d0ed1ff8a1a7706871a,RoW,,kilogram,TRACI_v2_1__photochemical_oxidant_formation__maximum_incremental_reactivity_MIR,TRACI v2.1 | photochemical oxidant formation | maximum incremental reactivity (MIR),photochemical oxidant formation,kg O3-Eq,0.035238363297683074,UF_TRACI_v2_1__photochemical_oxidant_formation__maximum_incremental_reactivity_MIR__market_for_calcium_carbonate_precipitated__RoW,kg O3-Eq/kilogram,True
s_c1,BC1,technosphere|ei39_cutoff|22db46f6ba1211c058e4da0ac386d3e7,"technosphere::market for polyethylene, high density, granulate::GLO::kilogram",technosphere,"market for polyethylene, high density, granulate",ei39_cutoff,22db46f6ba1211c058e4da0ac386d3e7,GLO,,kilogram,IPCC_2021__climate_change__global_warming_potential_GWP100,IPCC 2021 | climate change | global warming potential (GWP100),climate change,kg CO2-Eq,2.3276288480487026,UF_IPCC_2021__climate_change__global_warming_potential_GWP100__market_for_polyethylene_high_density_granulate__GLO,kg CO2-Eq/kilogram,True
s_c1,BC1,technosphere|ei39_cutoff|22db46f6ba1211c058e4da0ac386d3e7,"technosphere::market for polyethylene, high density, granulate::GLO::kilogram",technosphere,"market for polyethylene, high density, granulate",ei39_cutoff,22db46f6ba1211c058e4da0ac386d3e7,GLO,,kilogram,TRACI_v2_1__eutrophication__eutrophication_potential,TRACI v2.1 | eutrophication | eutrophication potential,eutrophication,kg N-Eq,0.003450795286721185,UF_TRACI_v2_1__eutrophication__eutrophication_potential__market_for_polyethylene_high_density_granulate__GLO,kg N-Eq/kilogram,True
s_c1,BC1,technosphere|ei39_cutoff|22db46f6ba1211c058e4da0ac386d3e7,"technosphere::market for polyethylene, high density, granulate::GLO::kilogram",technosphere,"market for polyethylene, high density, granulate",ei39_cutoff,22db46f6ba1211c058e4da0ac386d3e7,GLO,,kilogram,TRACI_v2_1__acidification__acidification_potential_AP,TRACI v2.1 | acidification | acidification potential (AP),acidification,kg SO2-Eq,0.0083000356562948,UF_TRACI_v2_1__acidification__acidification_potential_AP__market_for_polyethylene_high_density_granulate__GLO,kg SO2-Eq/kilogram,True
s_c1,BC1,technosphere|ei39_cutoff|22db46f6ba1211c058e4da0ac386d3e7,"technosphere::market for polyethylene, high density, granulate::GLO::kilogram",technosphere,"market for polyethylene, high density, granulate",ei39_cutoff,22db46f6ba1211c058e4da0ac386d3e7,GLO,,kilogram,TRACI_v2_1__particulate_matter_formation__particulate_matter_formation_potential_PMFP,TRACI v2.1 | particulate matter formation | particulate matter formation potential (PMFP),particulate matter formation,PM2.5-Eq,0.0010554731081885145,UF_TRACI_v2_1__particulate_matter_formation__particulate_matter_formation_potential_PMFP__market_for_polyethylene_high_density_granulate__GLO,PM2.5-Eq/kilogram,True
s_c1,BC1,technosphere|ei39_cutoff|22db46f6ba1211c058e4da0ac386d3e7,"technosphere::market for polyethylene, high density, granulate::GLO::kilogram",technosphere,"market for polyethylene, high density, granulate",ei39_cutoff,22db46f6ba1211c058e4da0ac386d3e7,GLO,,kilogram,TRACI_v2_1__ecotoxicity_freshwater__ecotoxicity_freshwater,TRACI v2.1 | ecotoxicity: freshwater | ecotoxicity: freshwater,ecotoxicity: freshwater,CTUe,18.381598624379308,UF_TRACI_v2_1__ecotoxicity_freshwater__ecotoxicity_freshwater__market_for_polyethylene_high_density_granulate__GLO,CTUe/kilogram,True
s_c1,BC1,technosphere|ei39_cutoff|22db46f6ba1211c058e4da0ac386d3e7,"technosphere::market for polyethylene, high density, granulate::GLO::kilogram",technosphere,"market for polyethylene, high density, granulate",ei39_cutoff,22db46f6ba1211c058e4da0ac386d3e7,GLO,,kilogram,TRACI_v2_1__photochemical_oxidant_formation__maximum_incremental_reactivity_MIR,TRACI v2.1 | photochemical oxidant formation | maximum incremental reactivity (MIR),photochemical oxidant formation,kg O3-Eq,0.12681809350280968,UF_TRACI_v2_1__photochemical_oxidant_formation__maximum_incremental_reactivity_MIR__market_for_polyethylene_high_density_granulate__GLO,kg O3-Eq/kilogram,True
s_c1,BC1,technosphere|ei39_cutoff|6d9198849efff1e8d431ca2bd2837440,"technosphere::market for iron(III) chloride, without water, in 14% iron solution state::GLO::kilogram",technosphere,"market for iron(III) chloride, without water, in 14% iron solution state",ei39_cutoff,6d9198849efff1e8d431ca2bd2837440,GLO,,kilogram,IPCC_2021__climate_change__global_warming_potential_GWP100,IPCC 2021 | climate change | global warming potential (GWP100),climate change,kg CO2-Eq,0.5386110773512017,UF_IPCC_2021__climate_change__global_warming_potential_GWP100__market_for_iron_III_chloride_without_water_in_14_iron_solution_state__GLO,kg CO2-Eq/kilogram,True
s_c1,BC1,technosphere|ei39_cutoff|6d9198849efff1e8d431ca2bd2837440,"technosphere::market for iron(III) chloride, without water, in 14% iron solution state::GLO::kilogram",technosphere,"market for iron(III) chloride, without water, in 14% iron solution state",ei39_cutoff,6d9198849efff1e8d431ca2bd2837440,GLO,,kilogram,TRACI_v2_1__eutrophication__eutrophication_potential,TRACI v2.1 | eutrophication | eutrophication potential,eutrophication,kg N-Eq,0.0022862442217005123,UF_TRACI_v2_1__eutrophication__eutrophication_potential__market_for_iron_III_chloride_without_water_in_14_iron_solution_state__GLO,kg N-Eq/kilogram,True
s_c1,BC1,technosphere|ei39_cutoff|6d9198849efff1e8d431ca2bd2837440,"technosphere::market for iron(III) chloride, without water, in 14% iron solution state::GLO::kilogram",technosphere,"market for iron(III) chloride, without water, in 14% iron solution state",ei39_cutoff,6d9198849efff1e8d431ca2bd2837440,GLO,,kilogram,TRACI_v2_1__acidification__acidification_potential_AP,TRACI v2.1 | acidification | acidification potential (AP),acidification,kg SO2-Eq,0.0031705317624436155,UF_TRACI_v2_1__acidification__acidification_potential_AP__market_for_iron_III_chloride_without_water_in_14_iron_solution_state__GLO,kg SO2-Eq/kilogram,True
s_c1,BC1,technosphere|ei39_cutoff|6d9198849efff1e8d431ca2bd2837440,"technosphere::market for iron(III) chloride, without water, in 14% iron solution state::GLO::kilogram",technosphere,"market for iron(III) chloride, without water, in 14% iron solution state",ei39_cutoff,6d9198849efff1e8d431ca2bd2837440,GLO,,kilogram,TRACI_v2_1__particulate_matter_formation__particulate_matter_formation_potential_PMFP,TRACI v2.1 | particulate matter formation | particulate matter formation potential (PMFP),particulate matter formation,PM2.5-Eq,0.0007164271667695966,UF_TRACI_v2_1__particulate_matter_formation__particulate_matter_formation_potential_PMFP__market_for_iron_III_chloride_without_water_in_14_iron_solution_state__GLO,PM2.5-Eq/kilogram,True
s_c1,BC1,technosphere|ei39_cutoff|6d9198849efff1e8d431ca2bd2837440,"technosphere::market for iron(III) chloride, without water, in 14% iron solution state::GLO::kilogram",technosphere,"market for iron(III) chloride, without water, in 14% iron solution state",ei39_cutoff,6d9198849efff1e8d431ca2bd2837440,GLO,,kilogram,TRACI_v2_1__ecotoxicity_freshwater__ecotoxicity_freshwater,TRACI v2.1 | ecotoxicity: freshwater | ecotoxicity: freshwater,ecotoxicity: freshwater,CTUe,23.16079769180572,UF_TRACI_v2_1__ecotoxicity_freshwater__ecotoxicity_freshwater__market_for_iron_III_chloride_without_water_in_14_iron_solution_state__GLO,CTUe/kilogram,True
s_c1,BC1,technosphere|ei39_cutoff|6d9198849efff1e8d431ca2bd2837440,"technosphere::market for iron(III) chloride, without water, in 14% iron solution state::GLO::kilogram",technosphere,"market for iron(III) chloride, without water, in 14% iron solution state",ei39_cutoff,6d9198849efff1e8d431ca2bd2837440,GLO,,kilogram,TRACI_v2_1__photochemical_oxidant_formation__maximum_incremental_reactivity_MIR,TRACI v2.1 | photochemical oxidant formation | maximum incremental reactivity (MIR),photochemical oxidant formation,kg O3-Eq,0.04298443001036024,UF_TRACI_v2_1__photochemical_oxidant_formation__maximum_incremental_reactivity_MIR__market_for_iron_III_chloride_without_water_in_14_iron_solution_state__GLO,kg O3-Eq/kilogram,True
s_c1,BC1,technosphere|ei39_cutoff|00d51d61fff9d552854a91bd45ad14c4,"technosphere::market for hydrochloric acid, without water, in 30% solution state::RoW::kilogram",technosphere,"market for hydrochloric acid, without water, in 30% solution state",ei39_cutoff,00d51d61fff9d552854a91bd45ad14c4,RoW,,kilogram,IPCC_2021__climate_change__global_warming_potential_GWP100,IPCC 2021 | climate change | global warming potential (GWP100),climate change,kg CO2-Eq,0.8350638210654353,UF_IPCC_2021__climate_change__global_warming_potential_GWP100__market_for_hydrochloric_acid_without_water_in_30_solution_state__RoW,kg CO2-Eq/kilogram,True
s_c1,BC1,technosphere|ei39_cutoff|00d51d61fff9d552854a91bd45ad14c4,"technosphere::market for hydrochloric acid, without water, in 30% solution state::RoW::kilogram",technosphere,"market for hydrochloric acid, without water, in 30% solution state",ei39_cutoff,00d51d61fff9d552854a91bd45ad14c4,RoW,,kilogram,TRACI_v2_1__eutrophication__eutrophication_potential,TRACI v2.1 | eutrophication | eutrophication potential,eutrophication,kg N-Eq,0.00435424785724444,UF_TRACI_v2_1__eutrophication__eutrophication_potential__market_for_hydrochloric_acid_without_water_in_30_solution_state__RoW,kg N-Eq/kilogram,True
s_c1,BC1,technosphere|ei39_cutoff|00d51d61fff9d552854a91bd45ad14c4,"technosphere::market for hydrochloric acid, without water, in 30% solution state::RoW::kilogram",technosphere,"market for hydrochloric acid, without water, in 30% solution state",ei39_cutoff,00d51d61fff9d552854a91bd45ad14c4,RoW,,kilogram,TRACI_v2_1__acidification__acidification_potential_AP,TRACI v2.1 | acidification | acidification potential (AP),acidification,kg SO2-Eq,0.005226267622354131,UF_TRACI_v2_1__acidification__acidification_potential_AP__market_for_hydrochloric_acid_without_water_in_30_solution_state__RoW,kg SO2-Eq/kilogram,True
s_c1,BC1,technosphere|ei39_cutoff|00d51d61fff9d552854a91bd45ad14c4,"technosphere::market for hydrochloric acid, without water, in 30% solution state::RoW::kilogram",technosphere,"market for hydrochloric acid, without water, in 30% solution state",ei39_cutoff,00d51d61fff9d552854a91bd45ad14c4,RoW,,kilogram,TRACI_v2_1__particulate_matter_formation__particulate_matter_formation_potential_PMFP,TRACI v2.1 | particulate matter formation | particulate matter formation potential (PMFP),particulate matter formation,PM2.5-Eq,0.001084086216885508,UF_TRACI_v2_1__particulate_matter_formation__particulate_matter_formation_potential_PMFP__market_for_hydrochloric_acid_without_water_in_30_solution_state__RoW,PM2.5-Eq/kilogram,True
s_c1,BC1,technosphere|ei39_cutoff|00d51d61fff9d552854a91bd45ad14c4,"technosphere::market for hydrochloric acid, without water, in 30% solution state::RoW::kilogram",technosphere,"market for hydrochloric acid, without water, in 30% solution state",ei39_cutoff,00d51d61fff9d552854a91bd45ad14c4,RoW,,kilogram,TRACI_v2_1__ecotoxicity_freshwater__ecotoxicity_freshwater,TRACI v2.1 | ecotoxicity: freshwater | ecotoxicity: freshwater,ecotoxicity: freshwater,CTUe,28.135071677585746,UF_TRACI_v2_1__ecotoxicity_freshwater__ecotoxicity_freshwater__market_for_hydrochloric_acid_without_water_in_30_solution_state__RoW,CTUe/kilogram,True
s_c1,BC1,technosphere|ei39_cutoff|00d51d61fff9d552854a91bd45ad14c4,"technosphere::market for hydrochloric acid, without water, in 30% solution state::RoW::kilogram",technosphere,"market for hydrochloric acid, without water, in 30% solution state",ei39_cutoff,00d51d61fff9d552854a91bd45ad14c4,RoW,,kilogram,TRACI_v2_1__photochemical_oxidant_formation__maximum_incremental_reactivity_MIR,TRACI v2.1 | photochemical oxidant formation | maximum incremental reactivity (MIR),photochemical oxidant formation,kg O3-Eq,0.07083860459556962,UF_TRACI_v2_1__photochemical_oxidant_formation__maximum_incremental_reactivity_MIR__market_for_hydrochloric_acid_without_water_in_30_solution_state__RoW,kg O3-Eq/kilogram,True
s_c1,BC1,technosphere|ei39_cutoff|d324aeab28dcbaa4635f5ed8a617cd7f,"technosphere::market for natural gas, high pressure::US::cubic meter",technosphere,"market for natural gas, high pressure",ei39_cutoff,d324aeab28dcbaa4635f5ed8a617cd7f,US,,cubic meter,IPCC_2021__climate_change__global_warming_potential_GWP100,IPCC 2021 | climate change | global warming potential (GWP100),climate change,kg CO2-Eq,0.7094531420177969,UF_IPCC_2021__climate_change__global_warming_potential_GWP100__market_for_natural_gas_high_pressure__US,kg CO2-Eq/cubic meter,True
s_c1,BC1,technosphere|ei39_cutoff|d324aeab28dcbaa4635f5ed8a617cd7f,"technosphere::market for natural gas, high pressure::US::cubic meter",technosphere,"market for natural gas, high pressure",ei39_cutoff,d324aeab28dcbaa4635f5ed8a617cd7f,US,,cubic meter,TRACI_v2_1__eutrophication__eutrophication_potential,TRACI v2.1 | eutrophication | eutrophication potential,eutrophication,kg N-Eq,0.0003276238805927,UF_TRACI_v2_1__eutrophication__eutrophication_potential__market_for_natural_gas_high_pressure__US,kg N-Eq/cubic meter,True
s_c1,BC1,technosphere|ei39_cutoff|d324aeab28dcbaa4635f5ed8a617cd7f,"technosphere::market for natural gas, high pressure::US::cubic meter",technosphere,"market for natural gas, high pressure",ei39_cutoff,d324aeab28dcbaa4635f5ed8a617cd7f,US,,cubic meter,TRACI_v2_1__acidification__acidification_potential_AP,TRACI v2.1 | acidification | acidification potential (AP),acidification,kg SO2-Eq,0.0052522516074527,UF_TRACI_v2_1__acidification__acidification_potential_AP__market_for_natural_gas_high_pressure__US,kg SO2-Eq/cubic meter,True
s_c1,BC1,technosphere|ei39_cutoff|d324aeab28dcbaa4635f5ed8a617cd7f,"technosphere::market for natural gas, high pressure::US::cubic meter",technosphere,"market for natural gas, high pressure",ei39_cutoff,d324aeab28dcbaa4635f5ed8a617cd7f,US,,cubic meter,TRACI_v2_1__particulate_matter_formation__particulate_matter_formation_potential_PMFP,TRACI v2.1 | particulate matter formation | particulate matter formation potential (PMFP),particulate matter formation,PM2.5-Eq,0.0001005673701486,UF_TRACI_v2_1__particulate_matter_formation__particulate_matter_formation_potential_PMFP__market_for_natural_gas_high_pressure__US,PM2.5-Eq/cubic meter,True
s_c1,BC1,technosphere|ei39_cutoff|d324aeab28dcbaa4635f5ed8a617cd7f,"technosphere::market for natural gas, high pressure::US::cubic meter",technosphere,"market for natural gas, high pressure",ei39_cutoff,d324aeab28dcbaa4635f5ed8a617cd7f,US,,cubic meter,TRACI_v2_1__ecotoxicity_freshwater__ecotoxicity_freshwater,TRACI v2.1 | ecotoxicity: freshwater | ecotoxicity: freshwater,ecotoxicity: freshwater,CTUe,1.4015517070524446,UF_TRACI_v2_1__ecotoxicity_freshwater__ecotoxicity_freshwater__market_for_natural_gas_high_pressure__US,CTUe/cubic meter,True
s_c1,BC1,technosphere|ei39_cutoff|d324aeab28dcbaa4635f5ed8a617cd7f,"technosphere::market for natural gas, high pressure::US::cubic meter",technosphere,"market for natural gas, high pressure",ei39_cutoff,d324aeab28dcbaa4635f5ed8a617cd7f,US,,cubic meter,TRACI_v2_1__photochemical_oxidant_formation__maximum_incremental_reactivity_MIR,TRACI v2.1 | photochemical oxidant formation | maximum incremental reactivity (MIR),photochemical oxidant formation,kg O3-Eq,0.1822497028909481,UF_TRACI_v2_1__photochemical_oxidant_formation__maximum_incremental_reactivity_MIR__market_for_natural_gas_high_pressure__US,kg O3-Eq/cubic meter,True
s_c1,BC1,technosphere|ei39_cutoff|2f298d6798217ca204f60bdc1efe8ea1,"technosphere::market for sodium hydroxide, without water, in 50% solution state::GLO::kilogram",technosphere,"market for sodium hydroxide, without water, in 50% solution state",ei39_cutoff,2f298d6798217ca204f60bdc1efe8ea1,GLO,,kilogram,IPCC_2021__climate_change__global_warming_potential_GWP100,IPCC 2021 | climate change | global warming potential (GWP100),climate change,kg CO2-Eq,1.2905914922115906,UF_IPCC_2021__climate_change__global_warming_potential_GWP100__market_for_sodium_hydroxide_without_water_in_50_solution_state__GLO,kg CO2-Eq/kilogram,True
s_c1,BC1,technosphere|ei39_cutoff|2f298d6798217ca204f60bdc1efe8ea1,"technosphere::market for sodium hydroxide, without water, in 50% solution state::GLO::kilogram",technosphere,"market for sodium hydroxide, without water, in 50% solution state",ei39_cutoff,2f298d6798217ca204f60bdc1efe8ea1,GLO,,kilogram,TRACI_v2_1__eutrophication__eutrophication_potential,TRACI v2.1 | eutrophication | eutrophication potential,eutrophication,kg N-Eq,0.004860766119250998,UF_TRACI_v2_1__eutrophication__eutrophication_potential__market_for_sodium_hydroxide_without_water_in_50_solution_state__GLO,kg N-Eq/kilogram,True
s_c1,BC1,technosphere|ei39_cutoff|2f298d6798217ca204f60bdc1efe8ea1,"technosphere::market for sodium hydroxide, without water, in 50% solution state::GLO::kilogram",technosphere,"market for sodium hydroxide, without water, in 50% solution state",ei39_cutoff,2f298d6798217ca204f60bdc1efe8ea1,GLO,,kilogram,TRACI_v2_1__acidification__acidification_potential_AP,TRACI v2.1 | acidification | acidification potential (AP),acidification,kg SO2-Eq,0.006205735139208865,UF_TRACI_v2_1__acidification__acidification_potential_AP__market_for_sodium_hydroxide_without_water_in_50_solution_state__GLO,kg SO2-Eq/kilogram,True
s_c1,BC1,technosphere|ei39_cutoff|2f298d6798217ca204f60bdc1efe8ea1,"technosphere::market for sodium hydroxide, without water, in 50% solution state::GLO::kilogram",technosphere,"market for sodium hydroxide, without water, in 50% solution state",ei39_cutoff,2f298d6798217ca204f60bdc1efe8ea1,GLO,,kilogram,TRACI_v2_1__particulate_matter_formation__particulate_matter_formation_potential_PMFP,TRACI v2.1 | particulate matter formation | particulate matter formation potential (PMFP),particulate matter formation,PM2.5-Eq,0.00163567046317536,UF_TRACI_v2_1__particulate_matter_formation__particulate_matter_formation_potential_PMFP__market_for_sodium_hydroxide_without_water_in_50_solution_state__GLO,PM2.5-Eq/kilogram,True
s_c1,BC1,technosphere|ei39_cutoff|2f298d6798217ca204f60bdc1efe8ea1,"technosphere::market for sodium hydroxide, without water, in 50% solution state::GLO::kilogram",technosphere,"market for sodium hydroxide, without water, in 50% solution state",ei39_cutoff,2f298d6798217ca204f60bdc1efe8ea1,GLO,,kilogram,TRACI_v2_1__ecotoxicity_freshwater__ecotoxicity_freshwater,TRACI v2.1 | ecotoxicity: freshwater | ecotoxicity: freshwater,ecotoxicity: freshwater,CTUe,22.331207123515647,UF_TRACI_v2_1__ecotoxicity_freshwater__ecotoxicity_freshwater__market_for_sodium_hydroxide_without_water_in_50_solution_state__GLO,CTUe/kilogram,True
s_c1,BC1,technosphere|ei39_cutoff|2f298d6798217ca204f60bdc1efe8ea1,"technosphere::market for sodium hydroxide, without water, in 50% solution state::GLO::kilogram",technosphere,"market for sodium hydroxide, without water, in 50% solution state",ei39_cutoff,2f298d6798217ca204f60bdc1efe8ea1,GLO,,kilogram,TRACI_v2_1__photochemical_oxidant_formation__maximum_incremental_reactivity_MIR,TRACI v2.1 | photochemical oxidant formation | maximum incremental reactivity (MIR),photochemical oxidant formation,kg O3-Eq,0.08709205636683075,UF_TRACI_v2_1__photochemical_oxidant_formation__maximum_incremental_reactivity_MIR__market_for_sodium_hydroxide_without_water_in_50_solution_state__GLO,kg O3-Eq/kilogram,True
s_c1,BC1,biosphere|biosphere3|af01e564-f816-4906-bd4f-b7c932f926b9,biosphere::Oxygen::natural resource > in air::kilogram,biosphere,Oxygen,biosphere3,af01e564-f816-4906-bd4f-b7c932f926b9,,natural resource > in air,kilogram,IPCC_2021__climate_change__global_warming_potential_GWP100,IPCC 2021 | climate change | global warming potential (GWP100),climate change,kg CO2-Eq,0.0,CF_IPCC_2021__climate_change__global_warming_potential_GWP100__Oxygen__natural_resource__in_air,kg CO2-Eq/kilogram,True
s_c1,BC1,biosphere|biosphere3|af01e564-f816-4906-bd4f-b7c932f926b9,biosphere::Oxygen::natural resource > in air::kilogram,biosphere,Oxygen,biosphere3,af01e564-f816-4906-bd4f-b7c932f926b9,,natural resource > in air,kilogram,TRACI_v2_1__eutrophication__eutrophication_potential,TRACI v2.1 | eutrophication | eutrophication potential,eutrophication,kg N-Eq,0.0,CF_TRACI_v2_1__eutrophication__eutrophication_potential__Oxygen__natural_resource__in_air,kg N-Eq/kilogram,True
s_c1,BC1,biosphere|biosphere3|af01e564-f816-4906-bd4f-b7c932f926b9,biosphere::Oxygen::natural resource > in air::kilogram,biosphere,Oxygen,biosphere3,af01e564-f816-4906-bd4f-b7c932f926b9,,natural resource > in air,kilogram,TRACI_v2_1__acidification__acidification_potential_AP,TRACI v2.1 | acidification | acidification potential (AP),acidification,kg SO2-Eq,0.0,CF_TRACI_v2_1__acidification__acidification_potential_AP__Oxygen__natural_resource__in_air,kg SO2-Eq/kilogram,True
s_c1,BC1,biosphere|biosphere3|af01e564-f816-4906-bd4f-b7c932f926b9,biosphere::Oxygen::natural resource > in air::kilogram,biosphere,Oxygen,biosphere3,af01e564-f816-4906-bd4f-b7c932f926b9,,natural resource > in air,kilogram,TRACI_v2_1__particulate_matter_formation__particulate_matter_formation_potential_PMFP,TRACI v2.1 | particulate matter formation | particulate matter formation potential (PMFP),particulate matter formation,PM2.5-Eq,0.0,CF_TRACI_v2_1__particulate_matter_formation__particulate_matter_formation_potential_PMFP__Oxygen__natural_resource__in_air,PM2.5-Eq/kilogram,True
s_c1,BC1,biosphere|biosphere3|af01e564-f816-4906-bd4f-b7c932f926b9,biosphere::Oxygen::natural resource > in air::kilogram,biosphere,Oxygen,biosphere3,af01e564-f816-4906-bd4f-b7c932f926b9,,natural resource > in air,kilogram,TRACI_v2_1__ecotoxicity_freshwater__ecotoxicity_freshwater,TRACI v2.1 | ecotoxicity: freshwater | ecotoxicity: freshwater,ecotoxicity: freshwater,CTUe,0.0,CF_TRACI_v2_1__ecotoxicity_freshwater__ecotoxicity_freshwater__Oxygen__natural_resource__in_air,CTUe/kilogram,True
s_c1,BC1,biosphere|biosphere3|af01e564-f816-4906-bd4f-b7c932f926b9,biosphere::Oxygen::natural resource > in air::kilogram,biosphere,Oxygen,biosphere3,af01e564-f816-4906-bd4f-b7c932f926b9,,natural resource > in air,kilogram,TRACI_v2_1__photochemical_oxidant_formation__maximum_incremental_reactivity_MIR,TRACI v2.1 | photochemical oxidant formation | maximum incremental reactivity (MIR),photochemical oxidant formation,kg O3-Eq,0.0,CF_TRACI_v2_1__photochemical_oxidant_formation__maximum_incremental_reactivity_MIR__Oxygen__natural_resource__in_air,kg O3-Eq/kilogram,True
s_c1,BC1,biosphere|graphite_prod_char|bio_co2,biosphere::biogenic co2::inventory indicator > output flow::kilogram,biosphere,biogenic co2,graphite_prod_char,bio_co2,,inventory indicator > output flow,kilogram,IPCC_2021__climate_change__global_warming_potential_GWP100,IPCC 2021 | climate change | global warming potential (GWP100),climate change,kg CO2-Eq,0.0,CF_IPCC_2021__climate_change__global_warming_potential_GWP100__biogenic_co2__inventory_indicator__output_flow,kg CO2-Eq/kilogram,True
s_c1,BC1,biosphere|graphite_prod_char|bio_co2,biosphere::biogenic co2::inventory indicator > output flow::kilogram,biosphere,biogenic co2,graphite_prod_char,bio_co2,,inventory indicator > output flow,kilogram,TRACI_v2_1__eutrophication__eutrophication_potential,TRACI v2.1 | eutrophication | eutrophication potential,eutrophication,kg N-Eq,0.0,CF_TRACI_v2_1__eutrophication__eutrophication_potential__biogenic_co2__inventory_indicator__output_flow,kg N-Eq/kilogram,True
s_c1,BC1,biosphere|graphite_prod_char|bio_co2,biosphere::biogenic co2::inventory indicator > output flow::kilogram,biosphere,biogenic co2,graphite_prod_char,bio_co2,,inventory indicator > output flow,kilogram,TRACI_v2_1__acidification__acidification_potential_AP,TRACI v2.1 | acidification | acidification potential (AP),acidification,kg SO2-Eq,0.0,CF_TRACI_v2_1__acidification__acidification_potential_AP__biogenic_co2__inventory_indicator__output_flow,kg SO2-Eq/kilogram,True
s_c1,BC1,biosphere|graphite_prod_char|bio_co2,biosphere::biogenic co2::inventory indicator > output flow::kilogram,biosphere,biogenic co2,graphite_prod_char,bio_co2,,inventory indicator > output flow,kilogram,TRACI_v2_1__particulate_matter_formation__particulate_matter_formation_potential_PMFP,TRACI v2.1 | particulate matter formation | particulate matter formation potential (PMFP),particulate matter formation,PM2.5-Eq,0.0,CF_TRACI_v2_1__particulate_matter_formation__particulate_matter_formation_potential_PMFP__biogenic_co2__inventory_indicator__output_flow,PM2.5-Eq/kilogram,True
s_c1,BC1,biosphere|graphite_prod_char|bio_co2,biosphere::biogenic co2::inventory indicator > output flow::kilogram,biosphere,biogenic co2,graphite_prod_char,bio_co2,,inventory indicator > output flow,kilogram,TRACI_v2_1__ecotoxicity_freshwater__ecotoxicity_freshwater,TRACI v2.1 | ecotoxicity: freshwater | ecotoxicity: freshwater,ecotoxicity: freshwater,CTUe,0.0,CF_TRACI_v2_1__ecotoxicity_freshwater__ecotoxicity_freshwater__biogenic_co2__inventory_indicator__output_flow,CTUe/kilogram,True
s_c1,BC1,biosphere|graphite_prod_char|bio_co2,biosphere::biogenic co2::inventory indicator > output flow::kilogram,biosphere,biogenic co2,graphite_prod_char,bio_co2,,inventory indicator > output flow,kilogram,TRACI_v2_1__photochemical_oxidant_formation__maximum_incremental_reactivity_MIR,TRACI v2.1 | photochemical oxidant formation | maximum incremental reactivity (MIR),photochemical oxidant formation,kg O3-Eq,0.0,CF_TRACI_v2_1__photochemical_oxidant_formation__maximum_incremental_reactivity_MIR__biogenic_co2__inventory_indicator__output_flow,kg O3-Eq/kilogram,True
s_c1,BC1,biosphere|graphite_prod_char|ncg_graphtz,"biosphere::non-condensable gas, graphitization::inventory indicator > output flow::kilogram",biosphere,"non-condensable gas, graphitization",graphite_prod_char,ncg_graphtz,,inventory indicator > output flow,kilogram,IPCC_2021__climate_change__global_warming_potential_GWP100,IPCC 2021 | climate change | global warming potential (GWP100),climate change,kg CO2-Eq,0.0,CF_IPCC_2021__climate_change__global_warming_potential_GWP100__non_condensable_gas_graphitization__inventory_indicator__output_flow,kg CO2-Eq/kilogram,True
s_c1,BC1,biosphere|graphite_prod_char|ncg_graphtz,"biosphere::non-condensable gas, graphitization::inventory indicator > output flow::kilogram",biosphere,"non-condensable gas, graphitization",graphite_prod_char,ncg_graphtz,,inventory indicator > output flow,kilogram,TRACI_v2_1__eutrophication__eutrophication_potential,TRACI v2.1 | eutrophication | eutrophication potential,eutrophication,kg N-Eq,0.0,CF_TRACI_v2_1__eutrophication__eutrophication_potential__non_condensable_gas_graphitization__inventory_indicator__output_flow,kg N-Eq/kilogram,True
s_c1,BC1,biosphere|graphite_prod_char|ncg_graphtz,"biosphere::non-condensable gas, graphitization::inventory indicator > output flow::kilogram",biosphere,"non-condensable gas, graphitization",graphite_prod_char,ncg_graphtz,,inventory indicator > output flow,kilogram,TRACI_v2_1__acidification__acidification_potential_AP,TRACI v2.1 | acidification | acidification potential (AP),acidification,kg SO2-Eq,0.0,CF_TRACI_v2_1__acidification__acidification_potential_AP__non_condensable_gas_graphitization__inventory_indicator__output_flow,kg SO2-Eq/kilogram,True
s_c1,BC1,biosphere|graphite_prod_char|ncg_graphtz,"biosphere::non-condensable gas, graphitization::inventory indicator > output flow::kilogram",biosphere,"non-condensable gas, graphitization",graphite_prod_char,ncg_graphtz,,inventory indicator > output flow,kilogram,TRACI_v2_1__particulate_matter_formation__particulate_matter_formation_potential_PMFP,TRACI v2.1 | particulate matter formation | particulate matter formation potential (PMFP),particulate matter formation,PM2.5-Eq,0.0,CF_TRACI_v2_1__particulate_matter_formation__particulate_matter_formation_potential_PMFP__non_condensable_gas_graphitization__inventory_indicator__output_flow,PM2.5-Eq/kilogram,True
s_c1,BC1,biosphere|graphite_prod_char|ncg_graphtz,"biosphere::non-condensable gas, graphitization::inventory indicator > output flow::kilogram",biosphere,"non-condensable gas, graphitization",graphite_prod_char,ncg_graphtz,,inventory indicator > output flow,kilogram,TRACI_v2_1__ecotoxicity_freshwater__ecotoxicity_freshwater,TRACI v2.1 | ecotoxicity: freshwater | ecotoxicity: freshwater,ecotoxicity: freshwater,CTUe,0.0,CF_TRACI_v2_1__ecotoxicity_freshwater__ecotoxicity_freshwater__non_condensable_gas_graphitization__inventory_indicator__output_flow,CTUe/kilogram,True
s_c1,BC1,biosphere|graphite_prod_char|ncg_graphtz,"biosphere::non-condensable gas, graphitization::inventory indicator > output flow::kilogram",biosphere,"non-condensable gas, graphitization",graphite_prod_char,ncg_graphtz,,inventory indicator > output flow,kilogram,TRACI_v2_1__photochemical_oxidant_formation__maximum_incremental_reactivity_MIR,TRACI v2.1 | photochemical oxidant formation | maximum incremental reactivity (MIR),photochemical oxidant formation,kg O3-Eq,0.0,CF_TRACI_v2_1__photochemical_oxidant_formation__maximum_incremental_reactivity_MIR__non_condensable_gas_graphitization__inventory_indicator__output_flow,kg O3-Eq/kilogram,True
s_c1,BC1,biosphere|graphite_prod_char|water_wwt,"biosphere::water out, from waste water management::inventory indicator > output flow::kilogram",biosphere,"water out, from waste water management",graphite_prod_char,water_wwt,,inventory indicator > output flow,kilogram,IPCC_2021__climate_change__global_warming_potential_GWP100,IPCC 2021 | climate change | global warming potential (GWP100),climate change,kg CO2-Eq,0.0,CF_IPCC_2021__climate_change__global_warming_potential_GWP100__water_out_from_waste_water_management__inventory_indicator__output_flow,kg CO2-Eq/kilogram,True
s_c1,BC1,biosphere|graphite_prod_char|water_wwt,"biosphere::water out, from waste water management::inventory indicator > output flow::kilogram",biosphere,"water out, from waste water management",graphite_prod_char,water_wwt,,inventory indicator > output flow,kilogram,TRACI_v2_1__eutrophication__eutrophication_potential,TRACI v2.1 | eutrophication | eutrophication potential,eutrophication,kg N-Eq,0.0,CF_TRACI_v2_1__eutrophication__eutrophication_potential__water_out_from_waste_water_management__inventory_indicator__output_flow,kg N-Eq/kilogram,True
s_c1,BC1,biosphere|graphite_prod_char|water_wwt,"biosphere::water out, from waste water management::inventory indicator > output flow::kilogram",biosphere,"water out, from waste water management",graphite_prod_char,water_wwt,,inventory indicator > output flow,kilogram,TRACI_v2_1__acidification__acidification_potential_AP,TRACI v2.1 | acidification | acidification potential (AP),acidification,kg SO2-Eq,0.0,CF_TRACI_v2_1__acidification__acidification_potential_AP__water_out_from_waste_water_management__inventory_indicator__output_flow,kg SO2-Eq/kilogram,True
s_c1,BC1,biosphere|graphite_prod_char|water_wwt,"biosphere::water out, from waste water management::inventory indicator > output flow::kilogram",biosphere,"water out, from waste water management",graphite_prod_char,water_wwt,,inventory indicator > output flow,kilogram,TRACI_v2_1__particulate_matter_formation__particulate_matter_formation_potential_PMFP,TRACI v2.1 | particulate matter formation | particulate matter formation potential (PMFP),particulate matter formation,PM2.5-Eq,0.0,CF_TRACI_v2_1__particulate_matter_formation__particulate_matter_formation_potential_PMFP__water_out_from_waste_water_management__inventory_indicator__output_flow,PM2.5-Eq/kilogram,True
s_c1,BC1,biosphere|graphite_prod_char|water_wwt,"biosphere::water out, from waste water management::inventory indicator > output flow::kilogram",biosphere,"water out, from waste water management",graphite_prod_char,water_wwt,,inventory indicator > output flow,kilogram,TRACI_v2_1__ecotoxicity_freshwater__ecotoxicity_freshwater,TRACI v2.1 | ecotoxicity: freshwater | ecotoxicity: freshwater,ecotoxicity: freshwater,CTUe,0.0,CF_TRACI_v2_1__ecotoxicity_freshwater__ecotoxicity_freshwater__water_out_from_waste_water_management__inventory_indicator__output_flow,CTUe/kilogram,True
s_c1,BC1,biosphere|graphite_prod_char|water_wwt,"biosphere::water out, from waste water management::inventory indicator > output flow::kilogram",biosphere,"water out, from waste water management",graphite_prod_char,water_wwt,,inventory indicator > output flow,kilogram,TRACI_v2_1__photochemical_oxidant_formation__maximum_incremental_reactivity_MIR,TRACI v2.1 | photochemical oxidant formation | maximum incremental reactivity (MIR),photochemical oxidant formation,kg O3-Eq,0.0,CF_TRACI_v2_1__photochemical_oxidant_formation__maximum_incremental_reactivity_MIR__water_out_from_waste_water_management__inventory_indicator__output_flow,kg O3-Eq/kilogram,True
s_c1,BC1,biosphere|biosphere3|f9749677-9c9f-4678-ab55-c607dfdc2cb9,"biosphere::Carbon dioxide, fossil::air > urban air close to ground::kilogram",biosphere,"Carbon dioxide, fossil",biosphere3,f9749677-9c9f-4678-ab55-c607dfdc2cb9,,air > urban air close to ground,kilogram,IPCC_2021__climate_change__global_warming_potential_GWP100,IPCC 2021 | climate change | global warming potential (GWP100),climate change,kg CO2-Eq,1.0,CF_IPCC_2021__climate_change__global_warming_potential_GWP100__Carbon_dioxide_fossil__air__urban_air_close_to_ground,kg CO2-Eq/kilogram,True
s_c1,BC1,biosphere|biosphere3|f9749677-9c9f-4678-ab55-c607dfdc2cb9,"biosphere::Carbon dioxide, fossil::air > urban air close to ground::kilogram",biosphere,"Carbon dioxide, fossil",biosphere3,f9749677-9c9f-4678-ab55-c607dfdc2cb9,,air > urban air close to ground,kilogram,TRACI_v2_1__eutrophication__eutrophication_potential,TRACI v2.1 | eutrophication | eutrophication potential,eutrophication,kg N-Eq,0.0,CF_TRACI_v2_1__eutrophication__eutrophication_potential__Carbon_dioxide_fossil__air__urban_air_close_to_ground,kg N-Eq/kilogram,True
s_c1,BC1,biosphere|biosphere3|f9749677-9c9f-4678-ab55-c607dfdc2cb9,"biosphere::Carbon dioxide, fossil::air > urban air close to ground::kilogram",biosphere,"Carbon dioxide, fossil",biosphere3,f9749677-9c9f-4678-ab55-c607dfdc2cb9,,air > urban air close to ground,kilogram,TRACI_v2_1__acidification__acidification_potential_AP,TRACI v2.1 | acidification | acidification potential (AP),acidification,kg SO2-Eq,0.0,CF_TRACI_v2_1__acidification__acidification_potential_AP__Carbon_dioxide_fossil__air__urban_air_close_to_ground,kg SO2-Eq/kilogram,True
s_c1,BC1,biosphere|biosphere3|f9749677-9c9f-4678-ab55-c607dfdc2cb9,"biosphere::Carbon dioxide, fossil::air > urban air close to ground::kilogram",biosphere,"Carbon dioxide, fossil",biosphere3,f9749677-9c9f-4678-ab55-c607dfdc2cb9,,air > urban air close to ground,kilogram,TRACI_v2_1__particulate_matter_formation__particulate_matter_formation_potential_PMFP,TRACI v2.1 | particulate matter formation | particulate matter formation potential (PMFP),particulate matter formation,PM2.5-Eq,0.0,CF_TRACI_v2_1__particulate_matter_formation__particulate_matter_formation_potential_PMFP__Carbon_dioxide_fossil__air__urban_air_close_to_ground,PM2.5-Eq/kilogram,True
s_c1,BC1,biosphere|biosphere3|f9749677-9c9f-4678-ab55-c607dfdc2cb9,"biosphere::Carbon dioxide, fossil::air > urban air close to ground::kilogram",biosphere,"Carbon dioxide, fossil",biosphere3,f9749677-9c9f-4678-ab55-c607dfdc2cb9,,air > urban air close to ground,kilogram,TRACI_v2_1__ecotoxicity_freshwater__ecotoxicity_freshwater,TRACI v2.1 | ecotoxicity: freshwater | ecotoxicity: freshwater,ecotoxicity: freshwater,CTUe,0.0,CF_TRACI_v2_1__ecotoxicity_freshwater__ecotoxicity_freshwater__Carbon_dioxide_fossil__air__urban_air_close_to_ground,CTUe/kilogram,True
s_c1,BC1,biosphere|biosphere3|f9749677-9c9f-4678-ab55-c607dfdc2cb9,"biosphere::Carbon dioxide, fossil::air > urban air close to ground::kilogram",biosphere,"Carbon dioxide, fossil",biosphere3,f9749677-9c9f-4678-ab55-c607dfdc2cb9,,air > urban air close to ground,kilogram,TRACI_v2_1__photochemical_oxidant_formation__maximum_incremental_reactivity_MIR,TRACI v2.1 | photochemical oxidant formation | maximum incremental reactivity (MIR),photochemical oxidant formation,kg O3-Eq,0.0,CF_TRACI_v2_1__photochemical_oxidant_formation__maximum_incremental_reactivity_MIR__Carbon_dioxide_fossil__air__urban_air_close_to_ground,kg O3-Eq/kilogram,True
s_c1,BC1,biosphere|biosphere3|5f7aad3d-566c-4d0d-ad59-e765f971aa0f,"biosphere::Methane, fossil::air > urban air close to ground::kilogram",biosphere,"Methane, fossil",biosphere3,5f7aad3d-566c-4d0d-ad59-e765f971aa0f,,air > urban air close to ground,kilogram,IPCC_2021__climate_change__global_warming_potential_GWP100,IPCC 2021 | climate change | global warming potential (GWP100),climate change,kg CO2-Eq,29.8,CF_IPCC_2021__climate_change__global_warming_potential_GWP100__Methane_fossil__air__urban_air_close_to_ground,kg CO2-Eq/kilogram,True
s_c1,BC1,biosphere|biosphere3|5f7aad3d-566c-4d0d-ad59-e765f971aa0f,"biosphere::Methane, fossil::air > urban air close to ground::kilogram",biosphere,"Methane, fossil",biosphere3,5f7aad3d-566c-4d0d-ad59-e765f971aa0f,,air > urban air close to ground,kilogram,TRACI_v2_1__eutrophication__eutrophication_potential,TRACI v2.1 | eutrophication | eutrophication potential,eutrophication,kg N-Eq,0.0,CF_TRACI_v2_1__eutrophication__eutrophication_potential__Methane_fossil__air__urban_air_close_to_ground,kg N-Eq/kilogram,True
s_c1,BC1,biosphere|biosphere3|5f7aad3d-566c-4d0d-ad59-e765f971aa0f,"biosphere::Methane, fossil::air > urban air close to ground::kilogram",biosphere,"Methane, fossil",biosphere3,5f7aad3d-566c-4d0d-ad59-e765f971aa0f,,air > urban air close to ground,kilogram,TRACI_v2_1__acidification__acidification_potential_AP,TRACI v2.1 | acidification | acidification potential (AP),acidification,kg SO2-Eq,0.0,CF_TRACI_v2_1__acidification__acidification_potential_AP__Methane_fossil__air__urban_air_close_to_ground,kg SO2-Eq/kilogram,True
s_c1,BC1,biosphere|biosphere3|5f7aad3d-566c-4d0d-ad59-e765f971aa0f,"biosphere::Methane, fossil::air > urban air close to ground::kilogram",biosphere,"Methane, fossil",biosphere3,5f7aad3d-566c-4d0d-ad59-e765f971aa0f,,air > urban air close to ground,kilogram,TRACI_v2_1__particulate_matter_formation__particulate_matter_formation_potential_PMFP,TRACI v2.1 | particulate matter formation | particulate matter formation potential (PMFP),particulate matter formation,PM2.5-Eq,0.0,CF_TRACI_v2_1__particulate_matter_formation__particulate_matter_formation_potential_PMFP__Methane_fossil__air__urban_air_close_to_ground,PM2.5-Eq/kilogram,True
s_c1,BC1,biosphere|biosphere3|5f7aad3d-566c-4d0d-ad59-e765f971aa0f,"biosphere::Methane, fossil::air > urban air close to ground::kilogram",biosphere,"Methane, fossil",biosphere3,5f7aad3d-566c-4d0d-ad59-e765f971aa0f,,air > urban air close to ground,kilogram,TRACI_v2_1__ecotoxicity_freshwater__ecotoxicity_freshwater,TRACI v2.1 | ecotoxicity: freshwater | ecotoxicity: freshwater,ecotoxicity: freshwater,CTUe,0.0,CF_TRACI_v2_1__ecotoxicity_freshwater__ecotoxicity_freshwater__Methane_fossil__air__urban_air_close_to_ground,CTUe/kilogram,True
s_c1,BC1,biosphere|biosphere3|5f7aad3d-566c-4d0d-ad59-e765f971aa0f,"biosphere::Methane, fossil::air > urban air close to ground::kilogram",biosphere,"Methane, fossil",biosphere3,5f7aad3d-566c-4d0d-ad59-e765f971aa0f,,air > urban air close to ground,kilogram,TRACI_v2_1__photochemical_oxidant_formation__maximum_incremental_reactivity_MIR,TRACI v2.1 | photochemical oxidant formation | maximum incremental reactivity (MIR),photochemical oxidant formation,kg O3-Eq,0.01437948717948718,CF_TRACI_v2_1__photochemical_oxidant_formation__maximum_incremental_reactivity_MIR__Methane_fossil__air__urban_air_close_to_ground,kg O3-Eq/kilogram,True
s_c1,BC1,biosphere|biosphere3|6dc1b46f-ee89-4495-95c4-b8a637bcd6cb,biosphere::Dinitrogen monoxide::air > urban air close to ground::kilogram,biosphere,Dinitrogen monoxide,biosphere3,6dc1b46f-ee89-4495-95c4-b8a637bcd6cb,,air > urban air close to ground,kilogram,IPCC_2021__climate_change__global_warming_potential_GWP100,IPCC 2021 | climate change | global warming potential (GWP100),climate change,kg CO2-Eq,273.0,CF_IPCC_2021__climate_change__global_warming_potential_GWP100__Dinitrogen_monoxide__air__urban_air_close_to_ground,kg CO2-Eq/kilogram,True
s_c1,BC1,biosphere|biosphere3|6dc1b46f-ee89-4495-95c4-b8a637bcd6cb,biosphere::Dinitrogen monoxide::air > urban air close to ground::kilogram,biosphere,Dinitrogen monoxide,biosphere3,6dc1b46f-ee89-4495-95c4-b8a637bcd6cb,,air > urban air close to ground,kilogram,TRACI_v2_1__eutrophication__eutrophication_potential,TRACI v2.1 | eutrophication | eutrophication potential,eutrophication,kg N-Eq,0.0,CF_TRACI_v2_1__eutrophication__eutrophication_potential__Dinitrogen_monoxide__air__urban_air_close_to_ground,kg N-Eq/kilogram,True
s_c1,BC1,biosphere|biosphere3|6dc1b46f-ee89-4495-95c4-b8a637bcd6cb,biosphere::Dinitrogen monoxide::air > urban air close to ground::kilogram,biosphere,Dinitrogen monoxide,biosphere3,6dc1b46f-ee89-4495-95c4-b8a637bcd6cb,,air > urban air close to ground,kilogram,TRACI_v2_1__acidification__acidification_potential_AP,TRACI v2.1 | acidification | acidification potential (AP),acidification,kg SO2-Eq,0.0,CF_TRACI_v2_1__acidification__acidification_potential_AP__Dinitrogen_monoxide__air__urban_air_close_to_ground,kg SO2-Eq/kilogram,True
s_c1,BC1,biosphere|biosphere3|6dc1b46f-ee89-4495-95c4-b8a637bcd6cb,biosphere::Dinitrogen monoxide::air > urban air close to ground::kilogram,biosphere,Dinitrogen monoxide,biosphere3,6dc1b46f-ee89-4495-95c4-b8a637bcd6cb,,air > urban air close to ground,kilogram,TRACI_v2_1__particulate_matter_formation__particulate_matter_formation_potential_PMFP,TRACI v2.1 | particulate matter formation | particulate matter formation potential (PMFP),particulate matter formation,PM2.5-Eq,0.0,CF_TRACI_v2_1__particulate_matter_formation__particulate_matter_formation_potential_PMFP__Dinitrogen_monoxide__air__urban_air_close_to_ground,PM2.5-Eq/kilogram,True
s_c1,BC1,biosphere|biosphere3|6dc1b46f-ee89-4495-95c4-b8a637bcd6cb,biosphere::Dinitrogen monoxide::air > urban air close to ground::kilogram,biosphere,Dinitrogen monoxide,biosphere3,6dc1b46f-ee89-4495-95c4-b8a637bcd6cb,,air > urban air close to ground,kilogram,TRACI_v2_1__ecotoxicity_freshwater__ecotoxicity_freshwater,TRACI v2.1 | ecotoxicity: freshwater | ecotoxicity: freshwater,ecotoxicity: freshwater,CTUe,0.0,CF_TRACI_v2_1__ecotoxicity_freshwater__ecotoxicity_freshwater__Dinitrogen_monoxide__air__urban_air_close_to_ground,CTUe/kilogram,True
s_c1,BC1,biosphere|biosphere3|6dc1b46f-ee89-4495-95c4-b8a637bcd6cb,biosphere::Dinitrogen monoxide::air > urban air close to ground::kilogram,biosphere,Dinitrogen monoxide,biosphere3,6dc1b46f-ee89-4495-95c4-b8a637bcd6cb,,air > urban air close to ground,kilogram,TRACI_v2_1__photochemical_oxidant_formation__maximum_incremental_reactivity_MIR,TRACI v2.1 | photochemical oxidant formation | maximum incremental reactivity (MIR),photochemical oxidant formation,kg O3-Eq,0.0,CF_TRACI_v2_1__photochemical_oxidant_formation__maximum_incremental_reactivity_MIR__Dinitrogen_monoxide__air__urban_air_close_to_ground,kg O3-Eq/kilogram,True
s_c1,BC1,biosphere|graphite_prod_char|consdem_res,"biosphere::waste, construction and demolition::emission > soil::kilogram",biosphere,"waste, construction and demolition",graphite_prod_char,consdem_res,,emission > soil,kilogram,IPCC_2021__climate_change__global_warming_potential_GWP100,IPCC 2021 | climate change | global warming potential (GWP100),climate change,kg CO2-Eq,0.0,CF_IPCC_2021__climate_change__global_warming_potential_GWP100__waste_construction_and_demolition__emission__soil,kg CO2-Eq/kilogram,True
s_c1,BC1,biosphere|graphite_prod_char|consdem_res,"biosphere::waste, construction and demolition::emission > soil::kilogram",biosphere,"waste, construction and demolition",graphite_prod_char,consdem_res,,emission > soil,kilogram,TRACI_v2_1__eutrophication__eutrophication_potential,TRACI v2.1 | eutrophication | eutrophication potential,eutrophication,kg N-Eq,0.0,CF_TRACI_v2_1__eutrophication__eutrophication_potential__waste_construction_and_demolition__emission__soil,kg N-Eq/kilogram,True
s_c1,BC1,biosphere|graphite_prod_char|consdem_res,"biosphere::waste, construction and demolition::emission > soil::kilogram",biosphere,"waste, construction and demolition",graphite_prod_char,consdem_res,,emission > soil,kilogram,TRACI_v2_1__acidification__acidification_potential_AP,TRACI v2.1 | acidification | acidification potential (AP),acidification,kg SO2-Eq,0.0,CF_TRACI_v2_1__acidification__acidification_potential_AP__waste_construction_and_demolition__emission__soil,kg SO2-Eq/kilogram,True
s_c1,BC1,biosphere|graphite_prod_char|consdem_res,"biosphere::waste, construction and demolition::emission > soil::kilogram",biosphere,"waste, construction and demolition",graphite_prod_char,consdem_res,,emission > soil,kilogram,TRACI_v2_1__particulate_matter_formation__particulate_matter_formation_potential_PMFP,TRACI v2.1 | particulate matter formation | particulate matter formation potential (PMFP),particulate matter formation,PM2.5-Eq,0.0,CF_TRACI_v2_1__particulate_matter_formation__particulate_matter_formation_potential_PMFP__waste_construction_and_demolition__emission__soil,PM2.5-Eq/kilogram,True
s_c1,BC1,biosphere|graphite_prod_char|consdem_res,"biosphere::waste, construction and demolition::emission > soil::kilogram",biosphere,"waste, construction and demolition",graphite_prod_char,consdem_res,,emission > soil,kilogram,TRACI_v2_1__ecotoxicity_freshwater__ecotoxicity_freshwater,TRACI v2.1 | ecotoxicity: freshwater | ecotoxicity: freshwater,ecotoxicity: freshwater,CTUe,0.0,CF_TRACI_v2_1__ecotoxicity_freshwater__ecotoxicity_freshwater__waste_construction_and_demolition__emission__soil,CTUe/kilogram,True
s_c1,BC1,biosphere|graphite_prod_char|consdem_res,"biosphere::waste, construction and demolition::emission > soil::kilogram",biosphere,"waste, construction and demolition",graphite_prod_char,consdem_res,,emission > soil,kilogram,TRACI_v2_1__photochemical_oxidant_formation__maximum_incremental_reactivity_MIR,TRACI v2.1 | photochemical oxidant formation | maximum incremental reactivity (MIR),photochemical oxidant formation,kg O3-Eq,0.0,CF_TRACI_v2_1__photochemical_oxidant_formation__maximum_incremental_reactivity_MIR__waste_construction_and_demolition__emission__soil,kg O3-Eq/kilogram,True
s_c1,BC1,biosphere|biosphere3|afd6d670-bbb0-4625-9730-04088a5b035e,biosphere::Dinitrogen monoxide::air > non-urban air or from high stacks::kilogram,biosphere,Dinitrogen monoxide,biosphere3,afd6d670-bbb0-4625-9730-04088a5b035e,,air > non-urban air or from high stacks,kilogram,IPCC_2021__climate_change__global_warming_potential_GWP100,IPCC 2021 | climate change | global warming potential (GWP100),climate change,kg CO2-Eq,273.0,CF_IPCC_2021__climate_change__global_warming_potential_GWP100__Dinitrogen_monoxide__air__non_urban_air_or_from_high_stacks,kg CO2-Eq/kilogram,True
s_c1,BC1,biosphere|biosphere3|afd6d670-bbb0-4625-9730-04088a5b035e,biosphere::Dinitrogen monoxide::air > non-urban air or from high stacks::kilogram,biosphere,Dinitrogen monoxide,biosphere3,afd6d670-bbb0-4625-9730-04088a5b035e,,air > non-urban air or from high stacks,kilogram,TRACI_v2_1__eutrophication__eutrophication_potential,TRACI v2.1 | eutrophication | eutrophication potential,eutrophication,kg N-Eq,0.0,CF_TRACI_v2_1__eutrophication__eutrophication_potential__Dinitrogen_monoxide__air__non_urban_air_or_from_high_stacks,kg N-Eq/kilogram,True
s_c1,BC1,biosphere|biosphere3|afd6d670-bbb0-4625-9730-04088a5b035e,biosphere::Dinitrogen monoxide::air > non-urban air or from high stacks::kilogram,biosphere,Dinitrogen monoxide,biosphere3,afd6d670-bbb0-4625-9730-04088a5b035e,,air > non-urban air or from high stacks,kilogram,TRACI_v2_1__acidification__acidification_potential_AP,TRACI v2.1 | acidification | acidification potential (AP),acidification,kg SO2-Eq,0.0,CF_TRACI_v2_1__acidification__acidification_potential_AP__Dinitrogen_monoxide__air__non_urban_air_or_from_high_stacks,kg SO2-Eq/kilogram,True
s_c1,BC1,biosphere|biosphere3|afd6d670-bbb0-4625-9730-04088a5b035e,biosphere::Dinitrogen monoxide::air > non-urban air or from high stacks::kilogram,biosphere,Dinitrogen monoxide,biosphere3,afd6d670-bbb0-4625-9730-04088a5b035e,,air > non-urban air or from high stacks,kilogram,TRACI_v2_1__particulate_matter_formation__particulate_matter_formation_potential_PMFP,TRACI v2.1 | particulate matter formation | particulate matter formation potential (PMFP),particulate matter formation,PM2.5-Eq,0.0,CF_TRACI_v2_1__particulate_matter_formation__particulate_matter_formation_potential_PMFP__Dinitrogen_monoxide__air__non_urban_air_or_from_high_stacks,PM2.5-Eq/kilogram,True
s_c1,BC1,biosphere|biosphere3|afd6d670-bbb0-4625-9730-04088a5b035e,biosphere::Dinitrogen monoxide::air > non-urban air or from high stacks::kilogram,biosphere,Dinitrogen monoxide,biosphere3,afd6d670-bbb0-4625-9730-04088a5b035e,,air > non-urban air or from high stacks,kilogram,TRACI_v2_1__ecotoxicity_freshwater__ecotoxicity_freshwater,TRACI v2.1 | ecotoxicity: freshwater | ecotoxicity: freshwater,ecotoxicity: freshwater,CTUe,0.0,CF_TRACI_v2_1__ecotoxicity_freshwater__ecotoxicity_freshwater__Dinitrogen_monoxide__air__non_urban_air_or_from_high_stacks,CTUe/kilogram,True
s_c1,BC1,biosphere|biosphere3|afd6d670-bbb0-4625-9730-04088a5b035e,biosphere::Dinitrogen monoxide::air > non-urban air or from high stacks::kilogram,biosphere,Dinitrogen monoxide,biosphere3,afd6d670-bbb0-4625-9730-04088a5b035e,,air > non-urban air or from high stacks,kilogram,TRACI_v2_1__photochemical_oxidant_formation__maximum_incremental_reactivity_MIR,TRACI v2.1 | photochemical oxidant formation | maximum incremental reactivity (MIR),photochemical oxidant formation,kg O3-Eq,0.0,CF_TRACI_v2_1__photochemical_oxidant_formation__maximum_incremental_reactivity_MIR__Dinitrogen_monoxide__air__non_urban_air_or_from_high_stacks,kg O3-Eq/kilogram,True
s_c1,BC1,biosphere|biosphere3|77357947-ccc5-438e-9996-95e65e1e1bce,biosphere::Nitrogen oxides::air > non-urban air or from high stacks::kilogram,biosphere,Nitrogen oxides,biosphere3,77357947-ccc5-438e-9996-95e65e1e1bce,,air > non-urban air or from high stacks,kilogram,IPCC_2021__climate_change__global_warming_potential_GWP100,IPCC 2021 | climate change | global warming potential (GWP100),climate change,kg CO2-Eq,0.0,CF_IPCC_2021__climate_change__global_warming_potential_GWP100__Nitrogen_oxides__air__non_urban_air_or_from_high_stacks,kg CO2-Eq/kilogram,True
s_c1,BC1,biosphere|biosphere3|77357947-ccc5-438e-9996-95e65e1e1bce,biosphere::Nitrogen oxides::air > non-urban air or from high stacks::kilogram,biosphere,Nitrogen oxides,biosphere3,77357947-ccc5-438e-9996-95e65e1e1bce,,air > non-urban air or from high stacks,kilogram,TRACI_v2_1__eutrophication__eutrophication_potential,TRACI v2.1 | eutrophication | eutrophication potential,eutrophication,kg N-Eq,0.04429,CF_TRACI_v2_1__eutrophication__eutrophication_potential__Nitrogen_oxides__air__non_urban_air_or_from_high_stacks,kg N-Eq/kilogram,True
s_c1,BC1,biosphere|biosphere3|77357947-ccc5-438e-9996-95e65e1e1bce,biosphere::Nitrogen oxides::air > non-urban air or from high stacks::kilogram,biosphere,Nitrogen oxides,biosphere3,77357947-ccc5-438e-9996-95e65e1e1bce,,air > non-urban air or from high stacks,kilogram,TRACI_v2_1__acidification__acidification_potential_AP,TRACI v2.1 | acidification | acidification potential (AP),acidification,kg SO2-Eq,0.7,CF_TRACI_v2_1__acidification__acidification_potential_AP__Nitrogen_oxides__air__non_urban_air_or_from_high_stacks,kg SO2-Eq/kilogram,True
s_c1,BC1,biosphere|biosphere3|77357947-ccc5-438e-9996-95e65e1e1bce,biosphere::Nitrogen oxides::air > non-urban air or from high stacks::kilogram,biosphere,Nitrogen oxides,biosphere3,77357947-ccc5-438e-9996-95e65e1e1bce,,air > non-urban air or from high stacks,kilogram,TRACI_v2_1__particulate_matter_formation__particulate_matter_formation_potential_PMFP,TRACI v2.1 | particulate matter formation | particulate matter formation potential (PMFP),particulate matter formation,PM2.5-Eq,0.007222222222222222,CF_TRACI_v2_1__particulate_matter_formation__particulate_matter_formation_potential_PMFP__Nitrogen_oxides__air__non_urban_air_or_from_high_stacks,PM2.5-Eq/kilogram,True
s_c1,BC1,biosphere|biosphere3|77357947-ccc5-438e-9996-95e65e1e1bce,biosphere::Nitrogen oxides::air > non-urban air or from high stacks::kilogram,biosphere,Nitrogen oxides,biosphere3,77357947-ccc5-438e-9996-95e65e1e1bce,,air > non-urban air or from high stacks,kilogram,TRACI_v2_1__ecotoxicity_freshwater__ecotoxicity_freshwater,TRACI v2.1 | ecotoxicity: freshwater | ecotoxicity: freshwater,ecotoxicity: freshwater,CTUe,0.0,CF_TRACI_v2_1__ecotoxicity_freshwater__ecotoxicity_freshwater__Nitrogen_oxides__air__non_urban_air_or_from_high_stacks,CTUe/kilogram,True
s_c1,BC1,biosphere|biosphere3|77357947-ccc5-438e-9996-95e65e1e1bce,biosphere::Nitrogen oxides::air > non-urban air or from high stacks::kilogram,biosphere,Nitrogen oxides,biosphere3,77357947-ccc5-438e-9996-95e65e1e1bce,,air > non-urban air or from high stacks,kilogram,TRACI_v2_1__photochemical_oxidant_formation__maximum_incremental_reactivity_MIR,TRACI v2.1 | photochemical oxidant formation | maximum incremental reactivity (MIR),photochemical oxidant formation,kg O3-Eq,24.79358974358974,CF_TRACI_v2_1__photochemical_oxidant_formation__maximum_incremental_reactivity_MIR__Nitrogen_oxides__air__non_urban_air_or_from_high_stacks,kg O3-Eq/kilogram,True
s_c1,BC1,biosphere|biosphere3|8c1494a5-4987-4715-aa2d-1908c495f4eb,"biosphere::Water, turbine use, unspecified natural origin::natural resource > in water::cubic meter",biosphere,"Water, turbine use, unspecified natural origin",biosphere3,8c1494a5-4987-4715-aa2d-1908c495f4eb,,natural resource > in water,cubic meter,IPCC_2021__climate_change__global_warming_potential_GWP100,IPCC 2021 | climate change | global warming potential (GWP100),climate change,kg CO2-Eq,0.0,CF_IPCC_2021__climate_change__global_warming_potential_GWP100__Water_turbine_use_unspecified_natural_origin__natural_resource__in_water,kg CO2-Eq/cubic meter,True
s_c1,BC1,biosphere|biosphere3|8c1494a5-4987-4715-aa2d-1908c495f4eb,"biosphere::Water, turbine use, unspecified natural origin::natural resource > in water::cubic meter",biosphere,"Water, turbine use, unspecified natural origin",biosphere3,8c1494a5-4987-4715-aa2d-1908c495f4eb,,natural resource > in water,cubic meter,TRACI_v2_1__eutrophication__eutrophication_potential,TRACI v2.1 | eutrophication | eutrophication potential,eutrophication,kg N-Eq,0.0,CF_TRACI_v2_1__eutrophication__eutrophication_potential__Water_turbine_use_unspecified_natural_origin__natural_resource__in_water,kg N-Eq/cubic meter,True
s_c1,BC1,biosphere|biosphere3|8c1494a5-4987-4715-aa2d-1908c495f4eb,"biosphere::Water, turbine use, unspecified natural origin::natural resource > in water::cubic meter",biosphere,"Water, turbine use, unspecified natural origin",biosphere3,8c1494a5-4987-4715-aa2d-1908c495f4eb,,natural resource > in water,cubic meter,TRACI_v2_1__acidification__acidification_potential_AP,TRACI v2.1 | acidification | acidification potential (AP),acidification,kg SO2-Eq,0.0,CF_TRACI_v2_1__acidification__acidification_potential_AP__Water_turbine_use_unspecified_natural_origin__natural_resource__in_water,kg SO2-Eq/cubic meter,True
s_c1,BC1,biosphere|biosphere3|8c1494a5-4987-4715-aa2d-1908c495f4eb,"biosphere::Water, turbine use, unspecified natural origin::natural resource > in water::cubic meter",biosphere,"Water, turbine use, unspecified natural origin",biosphere3,8c1494a5-4987-4715-aa2d-1908c495f4eb,,natural resource > in water,cubic meter,TRACI_v2_1__particulate_matter_formation__particulate_matter_formation_potential_PMFP,TRACI v2.1 | particulate matter formation | particulate matter formation potential (PMFP),particulate matter formation,PM2.5-Eq,0.0,CF_TRACI_v2_1__particulate_matter_formation__particulate_matter_formation_potential_PMFP__Water_turbine_use_unspecified_natural_origin__natural_resource__in_water,PM2.5-Eq/cubic meter,True
s_c1,BC1,biosphere|biosphere3|8c1494a5-4987-4715-aa2d-1908c495f4eb,"biosphere::Water, turbine use, unspecified natural origin::natural resource > in water::cubic meter",biosphere,"Water, turbine use, unspecified natural origin",biosphere3,8c1494a5-4987-4715-aa2d-1908c495f4eb,,natural resource > in water,cubic meter,TRACI_v2_1__ecotoxicity_freshwater__ecotoxicity_freshwater,TRACI v2.1 | ecotoxicity: freshwater | ecotoxicity: freshwater,ecotoxicity: freshwater,CTUe,0.0,CF_TRACI_v2_1__ecotoxicity_freshwater__ecotoxicity_freshwater__Water_turbine_use_unspecified_natural_origin__natural_resource__in_water,CTUe/cubic meter,True
s_c1,BC1,biosphere|biosphere3|8c1494a5-4987-4715-aa2d-1908c495f4eb,"biosphere::Water, turbine use, unspecified natural origin::natural resource > in water::cubic meter",biosphere,"Water, turbine use, unspecified natural origin",biosphere3,8c1494a5-4987-4715-aa2d-1908c495f4eb,,natural resource > in water,cubic meter,TRACI_v2_1__photochemical_oxidant_formation__maximum_incremental_reactivity_MIR,TRACI v2.1 | photochemical oxidant formation | maximum incremental reactivity (MIR),photochemical oxidant formation,kg O3-Eq,0.0,CF_TRACI_v2_1__photochemical_oxidant_formation__maximum_incremental_reactivity_MIR__Water_turbine_use_unspecified_natural_origin__natural_resource__in_water,kg O3-Eq/cubic meter,True
s_c1,BC1,biosphere|graphite_prod_char|water_chem,"biosphere::water, in chemical::inventory indicator > output flow::kilogram",biosphere,"water, in chemical",graphite_prod_char,water_chem,,inventory indicator > output flow,kilogram,IPCC_2021__climate_change__global_warming_potential_GWP100,IPCC 2021 | climate change | global warming potential (GWP100),climate change,kg CO2-Eq,0.0,CF_IPCC_2021__climate_change__global_warming_potential_GWP100__water_in_chemical__inventory_indicator__output_flow,kg CO2-Eq/kilogram,True
s_c1,BC1,biosphere|graphite_prod_char|water_chem,"biosphere::water, in chemical::inventory indicator > output flow::kilogram",biosphere,"water, in chemical",graphite_prod_char,water_chem,,inventory indicator > output flow,kilogram,TRACI_v2_1__eutrophication__eutrophication_potential,TRACI v2.1 | eutrophication | eutrophication potential,eutrophication,kg N-Eq,0.0,CF_TRACI_v2_1__eutrophication__eutrophication_potential__water_in_chemical__inventory_indicator__output_flow,kg N-Eq/kilogram,True
s_c1,BC1,biosphere|graphite_prod_char|water_chem,"biosphere::water, in chemical::inventory indicator > output flow::kilogram",biosphere,"water, in chemical",graphite_prod_char,water_chem,,inventory indicator > output flow,kilogram,TRACI_v2_1__acidification__acidification_potential_AP,TRACI v2.1 | acidification | acidification potential (AP),acidification,kg SO2-Eq,0.0,CF_TRACI_v2_1__acidification__acidification_potential_AP__water_in_chemical__inventory_indicator__output_flow,kg SO2-Eq/kilogram,True
s_c1,BC1,biosphere|graphite_prod_char|water_chem,"biosphere::water, in chemical::inventory indicator > output flow::kilogram",biosphere,"water, in chemical",graphite_prod_char,water_chem,,inventory indicator > output flow,kilogram,TRACI_v2_1__particulate_matter_formation__particulate_matter_formation_potential_PMFP,TRACI v2.1 | particulate matter formation | particulate matter formation potential (PMFP),particulate matter formation,PM2.5-Eq,0.0,CF_TRACI_v2_1__particulate_matter_formation__particulate_matter_formation_potential_PMFP__water_in_chemical__inventory_indicator__output_flow,PM2.5-Eq/kilogram,True
s_c1,BC1,biosphere|graphite_prod_char|water_chem,"biosphere::water, in chemical::inventory indicator > output flow::kilogram",biosphere,"water, in chemical",graphite_prod_char,water_chem,,inventory indicator > output flow,kilogram,TRACI_v2_1__ecotoxicity_freshwater__ecotoxicity_freshwater,TRACI v2.1 | ecotoxicity: freshwater | ecotoxicity: freshwater,ecotoxicity: freshwater,CTUe,0.0,CF_TRACI_v2_1__ecotoxicity_freshwater__ecotoxicity_freshwater__water_in_chemical__inventory_indicator__output_flow,CTUe/kilogram,True
s_c1,BC1,biosphere|graphite_prod_char|water_chem,"biosphere::water, in chemical::inventory indicator > output flow::kilogram",biosphere,"water, in chemical",graphite_prod_char,water_chem,,inventory indicator > output flow,kilogram,TRACI_v2_1__photochemical_oxidant_formation__maximum_incremental_reactivity_MIR,TRACI v2.1 | photochemical oxidant formation | maximum incremental reactivity (MIR),photochemical oxidant formation,kg O3-Eq,0.0,CF_TRACI_v2_1__photochemical_oxidant_formation__maximum_incremental_reactivity_MIR__water_in_chemical__inventory_indicator__output_flow,kg O3-Eq/kilogram,True
s_c1,BC1,biosphere|graphite_prod_char|solids_wwt,"biosphere::solids, from waste water management::inventory indicator > output flow::kilogram",biosphere,"solids, from waste water management",graphite_prod_char,solids_wwt,,inventory indicator > output flow,kilogram,IPCC_2021__climate_change__global_warming_potential_GWP100,IPCC 2021 | climate change | global warming potential (GWP100),climate change,kg CO2-Eq,0.0,CF_IPCC_2021__climate_change__global_warming_potential_GWP100__solids_from_waste_water_management__inventory_indicator__output_flow,kg CO2-Eq/kilogram,True
s_c1,BC1,biosphere|graphite_prod_char|solids_wwt,"biosphere::solids, from waste water management::inventory indicator > output flow::kilogram",biosphere,"solids, from waste water management",graphite_prod_char,solids_wwt,,inventory indicator > output flow,kilogram,TRACI_v2_1__eutrophication__eutrophication_potential,TRACI v2.1 | eutrophication | eutrophication potential,eutrophication,kg N-Eq,0.0,CF_TRACI_v2_1__eutrophication__eutrophication_potential__solids_from_waste_water_management__inventory_indicator__output_flow,kg N-Eq/kilogram,True
s_c1,BC1,biosphere|graphite_prod_char|solids_wwt,"biosphere::solids, from waste water management::inventory indicator > output flow::kilogram",biosphere,"solids, from waste water management",graphite_prod_char,solids_wwt,,inventory indicator > output flow,kilogram,TRACI_v2_1__acidification__acidification_potential_AP,TRACI v2.1 | acidification | acidification potential (AP),acidification,kg SO2-Eq,0.0,CF_TRACI_v2_1__acidification__acidification_potential_AP__solids_from_waste_water_management__inventory_indicator__output_flow,kg SO2-Eq/kilogram,True
s_c1,BC1,biosphere|graphite_prod_char|solids_wwt,"biosphere::solids, from waste water management::inventory indicator > output flow::kilogram",biosphere,"solids, from waste water management",graphite_prod_char,solids_wwt,,inventory indicator > output flow,kilogram,TRACI_v2_1__particulate_matter_formation__particulate_matter_formation_potential_PMFP,TRACI v2.1 | particulate matter formation | particulate matter formation potential (PMFP),particulate matter formation,PM2.5-Eq,0.0,CF_TRACI_v2_1__particulate_matter_formation__particulate_matter_formation_potential_PMFP__solids_from_waste_water_management__inventory_indicator__output_flow,PM2.5-Eq/kilogram,True
s_c1,BC1,biosphere|graphite_prod_char|solids_wwt,"biosphere::solids, from waste water management::inventory indicator > output flow::kilogram",biosphere,"solids, from waste water management",graphite_prod_char,solids_wwt,,inventory indicator > output flow,kilogram,TRACI_v2_1__ecotoxicity_freshwater__ecotoxicity_freshwater,TRACI v2.1 | ecotoxicity: freshwater | ecotoxicity: freshwater,ecotoxicity: freshwater,CTUe,0.0,CF_TRACI_v2_1__ecotoxicity_freshwater__ecotoxicity_freshwater__solids_from_waste_water_management__inventory_indicator__output_flow,CTUe/kilogram,True
s_c1,BC1,biosphere|graphite_prod_char|solids_wwt,"biosphere::solids, from waste water management::inventory indicator > output flow::kilogram",biosphere,"solids, from waste water management",graphite_prod_char,solids_wwt,,inventory indicator > output flow,kilogram,TRACI_v2_1__photochemical_oxidant_formation__maximum_incremental_reactivity_MIR,TRACI v2.1 | photochemical oxidant formation | maximum incremental reactivity (MIR),photochemical oxidant formation,kg O3-Eq,0.0,CF_TRACI_v2_1__photochemical_oxidant_formation__maximum_incremental_reactivity_MIR__solids_from_waste_water_management__inventory_indicator__output_flow,kg O3-Eq/kilogram,True
s_c2,BC2,technosphere|ei39_cutoff|b613a0e604fce45d4146006a310d2872,technosphere::market for diesel::RoW::kilogram,technosphere,market for diesel,ei39_cutoff,b613a0e604fce45d4146006a310d2872,RoW,,kilogram,IPCC_2021__climate_change__global_warming_potential_GWP100,IPCC 2021 | climate change | global warming potential (GWP100),climate change,kg CO2-Eq,0.7855065768270255,UF_IPCC_2021__climate_change__global_warming_potential_GWP100__market_for_diesel__RoW,kg CO2-Eq/kilogram,True
s_c2,BC2,technosphere|ei39_cutoff|b613a0e604fce45d4146006a310d2872,technosphere::market for diesel::RoW::kilogram,technosphere,market for diesel,ei39_cutoff,b613a0e604fce45d4146006a310d2872,RoW,,kilogram,TRACI_v2_1__eutrophication__eutrophication_potential,TRACI v2.1 | eutrophication | eutrophication potential,eutrophication,kg N-Eq,5.534885493664747e-05,UF_TRACI_v2_1__eutrophication__eutrophication_potential__market_for_diesel__RoW,kg N-Eq/kilogram,True
s_c2,BC2,technosphere|ei39_cutoff|b613a0e604fce45d4146006a310d2872,technosphere::market for diesel::RoW::kilogram,technosphere,market for diesel,ei39_cutoff,b613a0e604fce45d4146006a310d2872,RoW,,kilogram,TRACI_v2_1__acidification__acidification_potential_AP,TRACI v2.1 | acidification | acidification potential (AP),acidification,kg SO2-Eq,0.0008664561085526,UF_TRACI_v2_1__acidification__acidification_potential_AP__market_for_diesel__RoW,kg SO2-Eq/kilogram,True
s_c2,BC2,technosphere|ei39_cutoff|b613a0e604fce45d4146006a310d2872,technosphere::market for diesel::RoW::kilogram,technosphere,market for diesel,ei39_cutoff,b613a0e604fce45d4146006a310d2872,RoW,,kilogram,TRACI_v2_1__particulate_matter_formation__particulate_matter_formation_potential_PMFP,TRACI v2.1 | particulate matter formation | particulate matter formation potential (PMFP),particulate matter formation,PM2.5-Eq,5.986248947905587e-05,UF_TRACI_v2_1__particulate_matter_formation__particulate_matter_formation_potential_PMFP__market_for_diesel__RoW,PM2.5-Eq/kilogram,True
s_c2,BC2,technosphere|ei39_cutoff|b613a0e604fce45d4146006a310d2872,technosphere::market for diesel::RoW::kilogram,technosphere,market for diesel,ei39_cutoff,b613a0e604fce45d4146006a310d2872,RoW,,kilogram,TRACI_v2_1__ecotoxicity_freshwater__ecotoxicity_freshwater,TRACI v2.1 | ecotoxicity: freshwater | ecotoxicity: freshwater,ecotoxicity: freshwater,CTUe,0.3569564404307646,UF_TRACI_v2_1__ecotoxicity_freshwater__ecotoxicity_freshwater__market_for_diesel__RoW,CTUe/kilogram,True
s_c2,BC2,technosphere|ei39_cutoff|b613a0e604fce45d4146006a310d2872,technosphere::market for diesel::RoW::kilogram,technosphere,market for diesel,ei39_cutoff,b613a0e604fce45d4146006a310d2872,RoW,,kilogram,TRACI_v2_1__photochemical_oxidant_formation__maximum_incremental_reactivity_MIR,TRACI v2.1 | photochemical oxidant formation | maximum incremental reactivity (MIR),photochemical oxidant formation,kg O3-Eq,0.022312976481666,UF_TRACI_v2_1__photochemical_oxidant_formation__maximum_incremental_reactivity_MIR__market_for_diesel__RoW,kg O3-Eq/kilogram,True
s_c2,BC2,technosphere|ei39_cutoff|4347b9665d0aea69c7956fa09ac8db07,"technosphere::market for nickel, class 1::GLO::kilogram",technosphere,"market for nickel, class 1",ei39_cutoff,4347b9665d0aea69c7956fa09ac8db07,GLO,,kilogram,IPCC_2021__climate_change__global_warming_potential_GWP100,IPCC 2021 | climate change | global warming potential (GWP100),climate change,kg CO2-Eq,17.527998945313573,UF_IPCC_2021__climate_change__global_warming_potential_GWP100__market_for_nickel_class_1__GLO,kg CO2-Eq/kilogram,True
s_c2,BC2,technosphere|ei39_cutoff|4347b9665d0aea69c7956fa09ac8db07,"technosphere::market for nickel, class 1::GLO::kilogram",technosphere,"market for nickel, class 1",ei39_cutoff,4347b9665d0aea69c7956fa09ac8db07,GLO,,kilogram,TRACI_v2_1__eutrophication__eutrophication_potential,TRACI v2.1 | eutrophication | eutrophication potential,eutrophication,kg N-Eq,0.13447302163632385,UF_TRACI_v2_1__eutrophication__eutrophication_potential__market_for_nickel_class_1__GLO,kg N-Eq/kilogram,True
s_c2,BC2,technosphere|ei39_cutoff|4347b9665d0aea69c7956fa09ac8db07,"technosphere::market for nickel, class 1::GLO::kilogram",technosphere,"market for nickel, class 1",ei39_cutoff,4347b9665d0aea69c7956fa09ac8db07,GLO,,kilogram,TRACI_v2_1__acidification__acidification_potential_AP,TRACI v2.1 | acidification | acidification potential (AP),acidification,kg SO2-Eq,1.5400545501862715,UF_TRACI_v2_1__acidification__acidification_potential_AP__market_for_nickel_class_1__GLO,kg SO2-Eq/kilogram,True
s_c2,BC2,technosphere|ei39_cutoff|4347b9665d0aea69c7956fa09ac8db07,"technosphere::market for nickel, class 1::GLO::kilogram",technosphere,"market for nickel, class 1",ei39_cutoff,4347b9665d0aea69c7956fa09ac8db07,GLO,,kilogram,TRACI_v2_1__particulate_matter_formation__particulate_matter_formation_potential_PMFP,TRACI v2.1 | particulate matter formation | particulate matter formation potential (PMFP),particulate matter formation,PM2.5-Eq,0.10238521160991092,UF_TRACI_v2_1__particulate_matter_formation__particulate_matter_formation_potential_PMFP__market_for_nickel_class_1__GLO,PM2.5-Eq/kilogram,True
s_c2,BC2,technosphere|ei39_cutoff|4347b9665d0aea69c7956fa09ac8db07,"technosphere::market for nickel, class 1::GLO::kilogram",technosphere,"market for nickel, class 1",ei39_cutoff,4347b9665d0aea69c7956fa09ac8db07,GLO,,kilogram,TRACI_v2_1__ecotoxicity_freshwater__ecotoxicity_freshwater,TRACI v2.1 | ecotoxicity: freshwater | ecotoxicity: freshwater,ecotoxicity: freshwater,CTUe,2993.261765419485,UF_TRACI_v2_1__ecotoxicity_freshwater__ecotoxicity_freshwater__market_for_nickel_class_1__GLO,CTUe/kilogram,True
s_c2,BC2,technosphere|ei39_cutoff|4347b9665d0aea69c7956fa09ac8db07,"technosphere::market for nickel, class 1::GLO::kilogram",technosphere,"market for nickel, class 1",ei39_cutoff,4347b9665d0aea69c7956fa09ac8db07,GLO,,kilogram,TRACI_v2_1__photochemical_oxidant_formation__maximum_incremental_reactivity_MIR,TRACI v2.1 | photochemical oxidant formation | maximum incremental reactivity (MIR),photochemical oxidant formation,kg O3-Eq,2.001373514855615,UF_TRACI_v2_1__photochemical_oxidant_formation__maximum_incremental_reactivity_MIR__market_for_nickel_class_1__GLO,kg O3-Eq/kilogram,True
s_c2,BC2,technosphere|ei39_cutoff|052eca926bd9d9041df3b9325e33e8b7,technosphere::market for molybdenum trioxide::GLO::kilogram,technosphere,market for molybdenum trioxide,ei39_cutoff,052eca926bd9d9041df3b9325e33e8b7,GLO,,kilogram,IPCC_2021__climate_change__global_warming_potential_GWP100,IPCC 2021 | climate change | global warming potential (GWP100),climate change,kg CO2-Eq,7.895466844962243,UF_IPCC_2021__climate_change__global_warming_potential_GWP100__market_for_molybdenum_trioxide__GLO,kg CO2-Eq/kilogram,True
s_c2,BC2,technosphere|ei39_cutoff|052eca926bd9d9041df3b9325e33e8b7,technosphere::market for molybdenum trioxide::GLO::kilogram,technosphere,market for molybdenum trioxide,ei39_cutoff,052eca926bd9d9041df3b9325e33e8b7,GLO,,kilogram,TRACI_v2_1__eutrophication__eutrophication_potential,TRACI v2.1 | eutrophication | eutrophication potential,eutrophication,kg N-Eq,0.6096456670508327,UF_TRACI_v2_1__eutrophication__eutrophication_potential__market_for_molybdenum_trioxide__GLO,kg N-Eq/kilogram,True
s_c2,BC2,technosphere|ei39_cutoff|052eca926bd9d9041df3b9325e33e8b7,technosphere::market for molybdenum trioxide::GLO::kilogram,technosphere,market for molybdenum trioxide,ei39_cutoff,052eca926bd9d9041df3b9325e33e8b7,GLO,,kilogram,TRACI_v2_1__acidification__acidification_potential_AP,TRACI v2.1 | acidification | acidification potential (AP),acidification,kg SO2-Eq,0.19771781914760805,UF_TRACI_v2_1__acidification__acidification_potential_AP__market_for_molybdenum_trioxide__GLO,kg SO2-Eq/kilogram,True
s_c2,BC2,technosphere|ei39_cutoff|052eca926bd9d9041df3b9325e33e8b7,technosphere::market for molybdenum trioxide::GLO::kilogram,technosphere,market for molybdenum trioxide,ei39_cutoff,052eca926bd9d9041df3b9325e33e8b7,GLO,,kilogram,TRACI_v2_1__particulate_matter_formation__particulate_matter_formation_potential_PMFP,TRACI v2.1 | particulate matter formation | particulate matter formation potential (PMFP),particulate matter formation,PM2.5-Eq,0.0545409719288514,UF_TRACI_v2_1__particulate_matter_formation__particulate_matter_formation_potential_PMFP__market_for_molybdenum_trioxide__GLO,PM2.5-Eq/kilogram,True
s_c2,BC2,technosphere|ei39_cutoff|052eca926bd9d9041df3b9325e33e8b7,technosphere::market for molybdenum trioxide::GLO::kilogram,technosphere,market for molybdenum trioxide,ei39_cutoff,052eca926bd9d9041df3b9325e33e8b7,GLO,,kilogram,TRACI_v2_1__ecotoxicity_freshwater__ecotoxicity_freshwater,TRACI v2.1 | ecotoxicity: freshwater | ecotoxicity: freshwater,ecotoxicity: freshwater,CTUe,21892.965164003486,UF_TRACI_v2_1__ecotoxicity_freshwater__ecotoxicity_freshwater__market_for_molybdenum_trioxide__GLO,CTUe/kilogram,True
s_c2,BC2,technosphere|ei39_cutoff|052eca926bd9d9041df3b9325e33e8b7,technosphere::market for molybdenum trioxide::GLO::kilogram,technosphere,market for molybdenum trioxide,ei39_cutoff,052eca926bd9d9041df3b9325e33e8b7,GLO,,kilogram,TRACI_v2_1__photochemical_oxidant_formation__maximum_incremental_reactivity_MIR,TRACI v2.1 | photochemical oxidant formation | maximum incremental reactivity (MIR),photochemical oxidant formation,kg O3-Eq,2.863395272924541,UF_TRACI_v2_1__photochemical_oxidant_formation__maximum_incremental_reactivity_MIR__market_for_molybdenum_trioxide__GLO,kg O3-Eq/kilogram,True
s_c2,BC2,technosphere|ei39_cutoff|c819ffd8b2666db32408aadf99fc96cb,"technosphere::market for aluminium oxide, metallurgical::RoW::kilogram",technosphere,"market for aluminium oxide, metallurgical",ei39_cutoff,c819ffd8b2666db32408aadf99fc96cb,RoW,,kilogram,IPCC_2021__climate_change__global_warming_potential_GWP100,IPCC 2021 | climate change | global warming potential (GWP100),climate change,kg CO2-Eq,2.2751538016142447,UF_IPCC_2021__climate_change__global_warming_potential_GWP100__market_for_aluminium_oxide_metallurgical__RoW,kg CO2-Eq/kilogram,True
s_c2,BC2,technosphere|ei39_cutoff|c819ffd8b2666db32408aadf99fc96cb,"technosphere::market for aluminium oxide, metallurgical::RoW::kilogram",technosphere,"market for aluminium oxide, metallurgical",ei39_cutoff,c819ffd8b2666db32408aadf99fc96cb,RoW,,kilogram,TRACI_v2_1__eutrophication__eutrophication_potential,TRACI v2.1 | eutrophication | eutrophication potential,eutrophication,kg N-Eq,0.008745828862689589,UF_TRACI_v2_1__eutrophication__eutrophication_potential__market_for_aluminium_oxide_metallurgical__RoW,kg N-Eq/kilogram,True
s_c2,BC2,technosphere|ei39_cutoff|c819ffd8b2666db32408aadf99fc96cb,"technosphere::market for aluminium oxide, metallurgical::RoW::kilogram",technosphere,"market for aluminium oxide, metallurgical",ei39_cutoff,c819ffd8b2666db32408aadf99fc96cb,RoW,,kilogram,TRACI_v2_1__acidification__acidification_potential_AP,TRACI v2.1 | acidification | acidification potential (AP),acidification,kg SO2-Eq,0.018068022317881675,UF_TRACI_v2_1__acidification__acidification_potential_AP__market_for_aluminium_oxide_metallurgical__RoW,kg SO2-Eq/kilogram,True
s_c2,BC2,technosphere|ei39_cutoff|c819ffd8b2666db32408aadf99fc96cb,"technosphere::market for aluminium oxide, metallurgical::RoW::kilogram",technosphere,"market for aluminium oxide, metallurgical",ei39_cutoff,c819ffd8b2666db32408aadf99fc96cb,RoW,,kilogram,TRACI_v2_1__particulate_matter_formation__particulate_matter_formation_potential_PMFP,TRACI v2.1 | particulate matter formation | particulate matter formation potential (PMFP),particulate matter formation,PM2.5-Eq,0.0019850927887025364,UF_TRACI_v2_1__particulate_matter_formation__particulate_matter_formation_potential_PMFP__market_for_aluminium_oxide_metallurgical__RoW,PM2.5-Eq/kilogram,True
s_c2,BC2,technosphere|ei39_cutoff|c819ffd8b2666db32408aadf99fc96cb,"technosphere::market for aluminium oxide, metallurgical::RoW::kilogram",technosphere,"market for aluminium oxide, metallurgical",ei39_cutoff,c819ffd8b2666db32408aadf99fc96cb,RoW,,kilogram,TRACI_v2_1__ecotoxicity_freshwater__ecotoxicity_freshwater,TRACI v2.1 | ecotoxicity: freshwater | ecotoxicity: freshwater,ecotoxicity: freshwater,CTUe,93.67342267988244,UF_TRACI_v2_1__ecotoxicity_freshwater__ecotoxicity_freshwater__market_for_aluminium_oxide_metallurgical__RoW,CTUe/kilogram,True
s_c2,BC2,technosphere|ei39_cutoff|c819ffd8b2666db32408aadf99fc96cb,"technosphere::market for aluminium oxide, metallurgical::RoW::kilogram",technosphere,"market for aluminium oxide, metallurgical",ei39_cutoff,c819ffd8b2666db32408aadf99fc96cb,RoW,,kilogram,TRACI_v2_1__photochemical_oxidant_formation__maximum_incremental_reactivity_MIR,TRACI v2.1 | photochemical oxidant formation | maximum incremental reactivity (MIR),photochemical oxidant formation,kg O3-Eq,0.20855095199997095,UF_TRACI_v2_1__photochemical_oxidant_formation__maximum_incremental_reactivity_MIR__market_for_aluminium_oxide_metallurgical__RoW,kg O3-Eq/kilogram,True
s_c2,BC2,technosphere|ei39_cutoff|2df74714a5a7c8cc88d704fee4a848dd,"technosphere::market group for electricity, medium voltage::US::kilowatt hour",technosphere,"market group for electricity, medium voltage",ei39_cutoff,2df74714a5a7c8cc88d704fee4a848dd,US,,kilowatt hour,IPCC_2021__climate_change__global_warming_potential_GWP100,IPCC 2021 | climate change | global warming potential (GWP100),climate change,kg CO2-Eq,0.4728443002819068,UF_IPCC_2021__climate_change__global_warming_potential_GWP100__market_group_for_electricity_medium_voltage__US,kg CO2-Eq/kilowatt hour,True
s_c2,BC2,technosphere|ei39_cutoff|2df74714a5a7c8cc88d704fee4a848dd,"technosphere::market group for electricity, medium voltage::US::kilowatt hour",technosphere,"market group for electricity, medium voltage",ei39_cutoff,2df74714a5a7c8cc88d704fee4a848dd,US,,kilowatt hour,TRACI_v2_1__eutrophication__eutrophication_potential,TRACI v2.1 | eutrophication | eutrophication potential,eutrophication,kg N-Eq,0.0022115549096817996,UF_TRACI_v2_1__eutrophication__eutrophication_potential__market_group_for_electricity_medium_voltage__US,kg N-Eq/kilowatt hour,True
s_c2,BC2,technosphere|ei39_cutoff|2df74714a5a7c8cc88d704fee4a848dd,"technosphere::market group for electricity, medium voltage::US::kilowatt hour",technosphere,"market group for electricity, medium voltage",ei39_cutoff,2df74714a5a7c8cc88d704fee4a848dd,US,,kilowatt hour,TRACI_v2_1__acidification__acidification_potential_AP,TRACI v2.1 | acidification | acidification potential (AP),acidification,kg SO2-Eq,0.0011244190646275886,UF_TRACI_v2_1__acidification__acidification_potential_AP__market_group_for_electricity_medium_voltage__US,kg SO2-Eq/kilowatt hour,True
s_c2,BC2,technosphere|ei39_cutoff|2df74714a5a7c8cc88d704fee4a848dd,"technosphere::market group for electricity, medium voltage::US::kilowatt hour",technosphere,"market group for electricity, medium voltage",ei39_cutoff,2df74714a5a7c8cc88d704fee4a848dd,US,,kilowatt hour,TRACI_v2_1__particulate_matter_formation__particulate_matter_formation_potential_PMFP,TRACI v2.1 | particulate matter formation | particulate matter formation potential (PMFP),particulate matter formation,PM2.5-Eq,0.0007527393607662401,UF_TRACI_v2_1__particulate_matter_formation__particulate_matter_formation_potential_PMFP__market_group_for_electricity_medium_voltage__US,PM2.5-Eq/kilowatt hour,True
s_c2,BC2,technosphere|ei39_cutoff|2df74714a5a7c8cc88d704fee4a848dd,"technosphere::market group for electricity, medium voltage::US::kilowatt hour",technosphere,"market group for electricity, medium voltage",ei39_cutoff,2df74714a5a7c8cc88d704fee4a848dd,US,,kilowatt hour,TRACI_v2_1__ecotoxicity_freshwater__ecotoxicity_freshwater,TRACI v2.1 | ecotoxicity: freshwater | ecotoxicity: freshwater,ecotoxicity: freshwater,CTUe,4.028041058991626,UF_TRACI_v2_1__ecotoxicity_freshwater__ecotoxicity_freshwater__market_group_for_electricity_medium_voltage__US,CTUe/kilowatt hour,True
s_c2,BC2,technosphere|ei39_cutoff|2df74714a5a7c8cc88d704fee4a848dd,"technosphere::market group for electricity, medium voltage::US::kilowatt hour",technosphere,"market group for electricity, medium voltage",ei39_cutoff,2df74714a5a7c8cc88d704fee4a848dd,US,,kilowatt hour,TRACI_v2_1__photochemical_oxidant_formation__maximum_incremental_reactivity_MIR,TRACI v2.1 | photochemical oxidant formation | maximum incremental reactivity (MIR),photochemical oxidant formation,kg O3-Eq,0.014089251392504226,UF_TRACI_v2_1__photochemical_oxidant_formation__maximum_incremental_reactivity_MIR__market_group_for_electricity_medium_voltage__US,kg O3-Eq/kilowatt hour,True
s_c2,BC2,technosphere|ei39_cutoff|2f509df8e5e4d5702ca6da6967c537a7,technosphere::market for hydrogen sulfide::RoW::kilogram,technosphere,market for hydrogen sulfide,ei39_cutoff,2f509df8e5e4d5702ca6da6967c537a7,RoW,,kilogram,IPCC_2021__climate_change__global_warming_potential_GWP100,IPCC 2021 | climate change | global warming potential (GWP100),climate change,kg CO2-Eq,0.7565168199380722,UF_IPCC_2021__climate_change__global_warming_potential_GWP100__market_for_hydrogen_sulfide__RoW,kg CO2-Eq/kilogram,True
s_c2,BC2,technosphere|ei39_cutoff|2f509df8e5e4d5702ca6da6967c537a7,technosphere::market for hydrogen sulfide::RoW::kilogram,technosphere,market for hydrogen sulfide,ei39_cutoff,2f509df8e5e4d5702ca6da6967c537a7,RoW,,kilogram,TRACI_v2_1__eutrophication__eutrophication_potential,TRACI v2.1 | eutrophication | eutrophication potential,eutrophication,kg N-Eq,0.0015867014859788026,UF_TRACI_v2_1__eutrophication__eutrophication_potential__market_for_hydrogen_sulfide__RoW,kg N-Eq/kilogram,True
s_c2,BC2,technosphere|ei39_cutoff|2f509df8e5e4d5702ca6da6967c537a7,technosphere::market for hydrogen sulfide::RoW::kilogram,technosphere,market for hydrogen sulfide,ei39_cutoff,2f509df8e5e4d5702ca6da6967c537a7,RoW,,kilogram,TRACI_v2_1__acidification__acidification_potential_AP,TRACI v2.1 | acidification | acidification potential (AP),acidification,kg SO2-Eq,0.02337403167985718,UF_TRACI_v2_1__acidification__acidification_potential_AP__market_for_hydrogen_sulfide__RoW,kg SO2-Eq/kilogram,True
s_c2,BC2,technosphere|ei39_cutoff|2f509df8e5e4d5702ca6da6967c537a7,technosphere::market for hydrogen sulfide::RoW::kilogram,technosphere,market for hydrogen sulfide,ei39_cutoff,2f509df8e5e4d5702ca6da6967c537a7,RoW,,kilogram,TRACI_v2_1__particulate_matter_formation__particulate_matter_formation_potential_PMFP,TRACI v2.1 | particulate matter formation | particulate matter formation potential (PMFP),particulate matter formation,PM2.5-Eq,0.0018443884856421374,UF_TRACI_v2_1__particulate_matter_formation__particulate_matter_formation_potential_PMFP__market_for_hydrogen_sulfide__RoW,PM2.5-Eq/kilogram,True
s_c2,BC2,technosphere|ei39_cutoff|2f509df8e5e4d5702ca6da6967c537a7,technosphere::market for hydrogen sulfide::RoW::kilogram,technosphere,market for hydrogen sulfide,ei39_cutoff,2f509df8e5e4d5702ca6da6967c537a7,RoW,,kilogram,TRACI_v2_1__ecotoxicity_freshwater__ecotoxicity_freshwater,TRACI v2.1 | ecotoxicity: freshwater | ecotoxicity: freshwater,ecotoxicity: freshwater,CTUe,13.803022714186623,UF_TRACI_v2_1__ecotoxicity_freshwater__ecotoxicity_freshwater__market_for_hydrogen_sulfide__RoW,CTUe/kilogram,True
s_c2,BC2,technosphere|ei39_cutoff|2f509df8e5e4d5702ca6da6967c537a7,technosphere::market for hydrogen sulfide::RoW::kilogram,technosphere,market for hydrogen sulfide,ei39_cutoff,2f509df8e5e4d5702ca6da6967c537a7,RoW,,kilogram,TRACI_v2_1__photochemical_oxidant_formation__maximum_incremental_reactivity_MIR,TRACI v2.1 | photochemical oxidant formation | maximum incremental reactivity (MIR),photochemical oxidant formation,kg O3-Eq,0.047915779217813,UF_TRACI_v2_1__photochemical_oxidant_formation__maximum_incremental_reactivity_MIR__market_for_hydrogen_sulfide__RoW,kg O3-Eq/kilogram,True
s_c2,BC2,technosphere|ei39_cutoff|8fcd322e3bfcf29cc506c34e95336f81,"technosphere::willow production, short rotation coppice::RoW::kilogram",technosphere,"willow production, short rotation coppice",ei39_cutoff,8fcd322e3bfcf29cc506c34e95336f81,RoW,,kilogram,IPCC_2021__climate_change__global_warming_potential_GWP100,IPCC 2021 | climate change | global warming potential (GWP100),climate change,kg CO2-Eq,0.060142361964208996,UF_IPCC_2021__climate_change__global_warming_potential_GWP100__willow_production_short_rotation_coppice__RoW,kg CO2-Eq/kilogram,True
s_c2,BC2,technosphere|ei39_cutoff|8fcd322e3bfcf29cc506c34e95336f81,"technosphere::willow production, short rotation coppice::RoW::kilogram",technosphere,"willow production, short rotation coppice",ei39_cutoff,8fcd322e3bfcf29cc506c34e95336f81,RoW,,kilogram,TRACI_v2_1__eutrophication__eutrophication_potential,TRACI v2.1 | eutrophication | eutrophication potential,eutrophication,kg N-Eq,0.0016108580342260794,UF_TRACI_v2_1__eutrophication__eutrophication_potential__willow_production_short_rotation_coppice__RoW,kg N-Eq/kilogram,True
s_c2,BC2,technosphere|ei39_cutoff|8fcd322e3bfcf29cc506c34e95336f81,"technosphere::willow production, short rotation coppice::RoW::kilogram",technosphere,"willow production, short rotation coppice",ei39_cutoff,8fcd322e3bfcf29cc506c34e95336f81,RoW,,kilogram,TRACI_v2_1__acidification__acidification_potential_AP,TRACI v2.1 | acidification | acidification potential (AP),acidification,kg SO2-Eq,0.00040443473919663816,UF_TRACI_v2_1__acidification__acidification_potential_AP__willow_production_short_rotation_coppice__RoW,kg SO2-Eq/kilogram,True
s_c2,BC2,technosphere|ei39_cutoff|8fcd322e3bfcf29cc506c34e95336f81,"technosphere::willow production, short rotation coppice::RoW::kilogram",technosphere,"willow production, short rotation coppice",ei39_cutoff,8fcd322e3bfcf29cc506c34e95336f81,RoW,,kilogram,TRACI_v2_1__particulate_matter_formation__particulate_matter_formation_potential_PMFP,TRACI v2.1 | particulate matter formation | particulate matter formation potential (PMFP),particulate matter formation,PM2.5-Eq,6.346341734089864e-05,UF_TRACI_v2_1__particulate_matter_formation__particulate_matter_formation_potential_PMFP__willow_production_short_rotation_coppice__RoW,PM2.5-Eq/kilogram,True
s_c2,BC2,technosphere|ei39_cutoff|8fcd322e3bfcf29cc506c34e95336f81,"technosphere::willow production, short rotation coppice::RoW::kilogram",technosphere,"willow production, short rotation coppice",ei39_cutoff,8fcd322e3bfcf29cc506c34e95336f81,RoW,,kilogram,TRACI_v2_1__ecotoxicity_freshwater__ecotoxicity_freshwater,TRACI v2.1 | ecotoxicity: freshwater | ecotoxicity: freshwater,ecotoxicity: freshwater,CTUe,0.7688898774690702,UF_TRACI_v2_1__ecotoxicity_freshwater__ecotoxicity_freshwater__willow_production_short_rotation_coppice__RoW,CTUe/kilogram,True
s_c2,BC2,technosphere|ei39_cutoff|8fcd322e3bfcf29cc506c34e95336f81,"technosphere::willow production, short rotation coppice::RoW::kilogram",technosphere,"willow production, short rotation coppice",ei39_cutoff,8fcd322e3bfcf29cc506c34e95336f81,RoW,,kilogram,TRACI_v2_1__photochemical_oxidant_formation__maximum_incremental_reactivity_MIR,TRACI v2.1 | photochemical oxidant formation | maximum incremental reactivity (MIR),photochemical oxidant formation,kg O3-Eq,0.007670579162386123,UF_TRACI_v2_1__photochemical_oxidant_formation__maximum_incremental_reactivity_MIR__willow_production_short_rotation_coppice__RoW,kg O3-Eq/kilogram,True
s_c2,BC2,technosphere|ei39_cutoff|3ee7c8858925e7de6a8ca0eb548143f7,"technosphere::market for inorganic nitrogen fertiliser, as N::US::kilogram",technosphere,"market for inorganic nitrogen fertiliser, as N",ei39_cutoff,3ee7c8858925e7de6a8ca0eb548143f7,US,,kilogram,IPCC_2021__climate_change__global_warming_potential_GWP100,IPCC 2021 | climate change | global warming potential (GWP100),climate change,kg CO2-Eq,5.315694239673883,UF_IPCC_2021__climate_change__global_warming_potential_GWP100__market_for_inorganic_nitrogen_fertiliser_as_N__US,kg CO2-Eq/kilogram,True
s_c2,BC2,technosphere|ei39_cutoff|3ee7c8858925e7de6a8ca0eb548143f7,"technosphere::market for inorganic nitrogen fertiliser, as N::US::kilogram",technosphere,"market for inorganic nitrogen fertiliser, as N",ei39_cutoff,3ee7c8858925e7de6a8ca0eb548143f7,US,,kilogram,TRACI_v2_1__eutrophication__eutrophication_potential,TRACI v2.1 | eutrophication | eutrophication potential,eutrophication,kg N-Eq,0.009845524895215375,UF_TRACI_v2_1__eutrophication__eutrophication_potential__market_for_inorganic_nitrogen_fertiliser_as_N__US,kg N-Eq/kilogram,True
s_c2,BC2,technosphere|ei39_cutoff|3ee7c8858925e7de6a8ca0eb548143f7,"technosphere::market for inorganic nitrogen fertiliser, as N::US::kilogram",technosphere,"market for inorganic nitrogen fertiliser, as N",ei39_cutoff,3ee7c8858925e7de6a8ca0eb548143f7,US,,kilogram,TRACI_v2_1__acidification__acidification_potential_AP,TRACI v2.1 | acidification | acidification potential (AP),acidification,kg SO2-Eq,0.020346980694298532,UF_TRACI_v2_1__acidification__acidification_potential_AP__market_for_inorganic_nitrogen_fertiliser_as_N__US,kg SO2-Eq/kilogram,True
s_c2,BC2,technosphere|ei39_cutoff|3ee7c8858925e7de6a8ca0eb548143f7,"technosphere::market for inorganic nitrogen fertiliser, as N::US::kilogram",technosphere,"market for inorganic nitrogen fertiliser, as N",ei39_cutoff,3ee7c8858925e7de6a8ca0eb548143f7,US,,kilogram,TRACI_v2_1__particulate_matter_formation__particulate_matter_formation_potential_PMFP,TRACI v2.1 | particulate matter formation | particulate matter formation potential (PMFP),particulate matter formation,PM2.5-Eq,0.0027388710788755965,UF_TRACI_v2_1__particulate_matter_formation__particulate_matter_formation_potential_PMFP__market_for_inorganic_nitrogen_fertiliser_as_N__US,PM2.5-Eq/kilogram,True
s_c2,BC2,technosphere|ei39_cutoff|3ee7c8858925e7de6a8ca0eb548143f7,"technosphere::market for inorganic nitrogen fertiliser, as N::US::kilogram",technosphere,"market for inorganic nitrogen fertiliser, as N",ei39_cutoff,3ee7c8858925e7de6a8ca0eb548143f7,US,,kilogram,TRACI_v2_1__ecotoxicity_freshwater__ecotoxicity_freshwater,TRACI v2.1 | ecotoxicity: freshwater | ecotoxicity: freshwater,ecotoxicity: freshwater,CTUe,105.57973834340235,UF_TRACI_v2_1__ecotoxicity_freshwater__ecotoxicity_freshwater__market_for_inorganic_nitrogen_fertiliser_as_N__US,CTUe/kilogram,True
s_c2,BC2,technosphere|ei39_cutoff|3ee7c8858925e7de6a8ca0eb548143f7,"technosphere::market for inorganic nitrogen fertiliser, as N::US::kilogram",technosphere,"market for inorganic nitrogen fertiliser, as N",ei39_cutoff,3ee7c8858925e7de6a8ca0eb548143f7,US,,kilogram,TRACI_v2_1__photochemical_oxidant_formation__maximum_incremental_reactivity_MIR,TRACI v2.1 | photochemical oxidant formation | maximum incremental reactivity (MIR),photochemical oxidant formation,kg O3-Eq,0.25391615748994395,UF_TRACI_v2_1__photochemical_oxidant_formation__maximum_incremental_reactivity_MIR__market_for_inorganic_nitrogen_fertiliser_as_N__US,kg O3-Eq/kilogram,True
s_c2,BC2,technosphere|ei39_cutoff|697927891e43c4b12144bd4422a3a4a0,"technosphere::market for inorganic phosphorus fertiliser, as P2O5::US::kilogram",technosphere,"market for inorganic phosphorus fertiliser, as P2O5",ei39_cutoff,697927891e43c4b12144bd4422a3a4a0,US,,kilogram,IPCC_2021__climate_change__global_warming_potential_GWP100,IPCC 2021 | climate change | global warming potential (GWP100),climate change,kg CO2-Eq,3.0735318581253925,UF_IPCC_2021__climate_change__global_warming_potential_GWP100__market_for_inorganic_phosphorus_fertiliser_as_P2O5__US,kg CO2-Eq/kilogram,True
s_c2,BC2,technosphere|ei39_cutoff|697927891e43c4b12144bd4422a3a4a0,"technosphere::market for inorganic phosphorus fertiliser, as P2O5::US::kilogram",technosphere,"market for inorganic phosphorus fertiliser, as P2O5",ei39_cutoff,697927891e43c4b12144bd4422a3a4a0,US,,kilogram,TRACI_v2_1__eutrophication__eutrophication_potential,TRACI v2.1 | eutrophication | eutrophication potential,eutrophication,kg N-Eq,0.009368889401123568,UF_TRACI_v2_1__eutrophication__eutrophication_potential__market_for_inorganic_phosphorus_fertiliser_as_P2O5__US,kg N-Eq/kilogram,True
s_c2,BC2,technosphere|ei39_cutoff|697927891e43c4b12144bd4422a3a4a0,"technosphere::market for inorganic phosphorus fertiliser, as P2O5::US::kilogram",technosphere,"market for inorganic phosphorus fertiliser, as P2O5",ei39_cutoff,697927891e43c4b12144bd4422a3a4a0,US,,kilogram,TRACI_v2_1__acidification__acidification_potential_AP,TRACI v2.1 | acidification | acidification potential (AP),acidification,kg SO2-Eq,0.015889176293569198,UF_TRACI_v2_1__acidification__acidification_potential_AP__market_for_inorganic_phosphorus_fertiliser_as_P2O5__US,kg SO2-Eq/kilogram,True
s_c2,BC2,technosphere|ei39_cutoff|697927891e43c4b12144bd4422a3a4a0,"technosphere::market for inorganic phosphorus fertiliser, as P2O5::US::kilogram",technosphere,"market for inorganic phosphorus fertiliser, as P2O5",ei39_cutoff,697927891e43c4b12144bd4422a3a4a0,US,,kilogram,TRACI_v2_1__particulate_matter_formation__particulate_matter_formation_potential_PMFP,TRACI v2.1 | particulate matter formation | particulate matter formation potential (PMFP),particulate matter formation,PM2.5-Eq,0.0027841761154407956,UF_TRACI_v2_1__particulate_matter_formation__particulate_matter_formation_potential_PMFP__market_for_inorganic_phosphorus_fertiliser_as_P2O5__US,PM2.5-Eq/kilogram,True
s_c2,BC2,technosphere|ei39_cutoff|697927891e43c4b12144bd4422a3a4a0,"technosphere::market for inorganic phosphorus fertiliser, as P2O5::US::kilogram",technosphere,"market for inorganic phosphorus fertiliser, as P2O5",ei39_cutoff,697927891e43c4b12144bd4422a3a4a0,US,,kilogram,TRACI_v2_1__ecotoxicity_freshwater__ecotoxicity_freshwater,TRACI v2.1 | ecotoxicity: freshwater | ecotoxicity: freshwater,ecotoxicity: freshwater,CTUe,73.62663883652175,UF_TRACI_v2_1__ecotoxicity_freshwater__ecotoxicity_freshwater__market_for_inorganic_phosphorus_fertiliser_as_P2O5__US,CTUe/kilogram,True
s_c2,BC2,technosphere|ei39_cutoff|697927891e43c4b12144bd4422a3a4a0,"technosphere::market for inorganic phosphorus fertiliser, as P2O5::US::kilogram",technosphere,"market for inorganic phosphorus fertiliser, as P2O5",ei39_cutoff,697927891e43c4b12144bd4422a3a4a0,US,,kilogram,TRACI_v2_1__photochemical_oxidant_formation__maximum_incremental_reactivity_MIR,TRACI v2.1 | photochemical oxidant formation | maximum incremental reactivity (MIR),photochemical oxidant formation,kg O3-Eq,0.20763042009396912,UF_TRACI_v2_1__photochemical_oxidant_formation__maximum_incremental_reactivity_MIR__market_for_inorganic_phosphorus_fertiliser_as_P2O5__US,kg O3-Eq/kilogram,True
s_c2,BC2,technosphere|ei39_cutoff|0123b5c80d7e3ceeab025ca4b17ad9aa,"technosphere::market for inorganic potassium fertiliser, as K2O::US::kilogram",technosphere,"market for inorganic potassium fertiliser, as K2O",ei39_cutoff,0123b5c80d7e3ceeab025ca4b17ad9aa,US,,kilogram,IPCC_2021__climate_change__global_warming_potential_GWP100,IPCC 2021 | climate change | global warming potential (GWP100),climate change,kg CO2-Eq,2.038941284232378,UF_IPCC_2021__climate_change__global_warming_potential_GWP100__market_for_inorganic_potassium_fertiliser_as_K2O__US,kg CO2-Eq/kilogram,True
s_c2,BC2,technosphere|ei39_cutoff|0123b5c80d7e3ceeab025ca4b17ad9aa,"technosphere::market for inorganic potassium fertiliser, as K2O::US::kilogram",technosphere,"market for inorganic potassium fertiliser, as K2O",ei39_cutoff,0123b5c80d7e3ceeab025ca4b17ad9aa,US,,kilogram,TRACI_v2_1__eutrophication__eutrophication_potential,TRACI v2.1 | eutrophication | eutrophication potential,eutrophication,kg N-Eq,0.004363023625916359,UF_TRACI_v2_1__eutrophication__eutrophication_potential__market_for_inorganic_potassium_fertiliser_as_K2O__US,kg N-Eq/kilogram,True
s_c2,BC2,technosphere|ei39_cutoff|0123b5c80d7e3ceeab025ca4b17ad9aa,"technosphere::market for inorganic potassium fertiliser, as K2O::US::kilogram",technosphere,"market for inorganic potassium fertiliser, as K2O",ei39_cutoff,0123b5c80d7e3ceeab025ca4b17ad9aa,US,,kilogram,TRACI_v2_1__acidification__acidification_potential_AP,TRACI v2.1 | acidification | acidification potential (AP),acidification,kg SO2-Eq,0.009649683539262524,UF_TRACI_v2_1__acidification__acidification_potential_AP__market_for_inorganic_potassium_fertiliser_as_K2O__US,kg SO2-Eq/kilogram,True
s_c2,BC2,technosphere|ei39_cutoff|0123b5c80d7e3ceeab025ca4b17ad9aa,"technosphere::market for inorganic potassium fertiliser, as K2O::US::kilogram",technosphere,"market for inorganic potassium fertiliser, as K2O",ei39_cutoff,0123b5c80d7e3ceeab025ca4b17ad9aa,US,,kilogram,TRACI_v2_1__particulate_matter_formation__particulate_matter_formation_potential_PMFP,TRACI v2.1 | particulate matter formation | particulate matter formation potential (PMFP),particulate matter formation,PM2.5-Eq,0.0014146020233714105,UF_TRACI_v2_1__particulate_matter_formation__particulate_matter_formation_potential_PMFP__market_for_inorganic_potassium_fertiliser_as_K2O__US,PM2.5-Eq/kilogram,True
s_c2,BC2,technosphere|ei39_cutoff|0123b5c80d7e3ceeab025ca4b17ad9aa,"technosphere::market for inorganic potassium fertiliser, as K2O::US::kilogram",technosphere,"market for inorganic potassium fertiliser, as K2O",ei39_cutoff,0123b5c80d7e3ceeab025ca4b17ad9aa,US,,kilogram,TRACI_v2_1__ecotoxicity_freshwater__ecotoxicity_freshwater,TRACI v2.1 | ecotoxicity: freshwater | ecotoxicity: freshwater,ecotoxicity: freshwater,CTUe,46.80023334547565,UF_TRACI_v2_1__ecotoxicity_freshwater__ecotoxicity_freshwater__market_for_inorganic_potassium_fertiliser_as_K2O__US,CTUe/kilogram,True
s_c2,BC2,technosphere|ei39_cutoff|0123b5c80d7e3ceeab025ca4b17ad9aa,"technosphere::market for inorganic potassium fertiliser, as K2O::US::kilogram",technosphere,"market for inorganic potassium fertiliser, as K2O",ei39_cutoff,0123b5c80d7e3ceeab025ca4b17ad9aa,US,,kilogram,TRACI_v2_1__photochemical_oxidant_formation__maximum_incremental_reactivity_MIR,TRACI v2.1 | photochemical oxidant formation | maximum incremental reactivity (MIR),photochemical oxidant formation,kg O3-Eq,0.1320787148104887,UF_TRACI_v2_1__photochemical_oxidant_formation__maximum_incremental_reactivity_MIR__market_for_inorganic_potassium_fertiliser_as_K2O__US,kg O3-Eq/kilogram,True
s_c2,BC2,technosphere|ei39_cutoff|7b62e459ae2e302a703a92dd474a8342,technosphere::market for glyphosate::GLO::kilogram,technosphere,market for glyphosate,ei39_cutoff,7b62e459ae2e302a703a92dd474a8342,GLO,,kilogram,IPCC_2021__climate_change__global_warming_potential_GWP100,IPCC 2021 | climate change | global warming potential (GWP100),climate change,kg CO2-Eq,11.690816260612932,UF_IPCC_2021__climate_change__global_warming_potential_GWP100__market_for_glyphosate__GLO,kg CO2-Eq/kilogram,True
s_c2,BC2,technosphere|ei39_cutoff|7b62e459ae2e302a703a92dd474a8342,technosphere::market for glyphosate::GLO::kilogram,technosphere,market for glyphosate,ei39_cutoff,7b62e459ae2e302a703a92dd474a8342,GLO,,kilogram,TRACI_v2_1__eutrophication__eutrophication_potential,TRACI v2.1 | eutrophication | eutrophication potential,eutrophication,kg N-Eq,0.12257487001809848,UF_TRACI_v2_1__eutrophication__eutrophication_potential__market_for_glyphosate__GLO,kg N-Eq/kilogram,True
s_c2,BC2,technosphere|ei39_cutoff|7b62e459ae2e302a703a92dd474a8342,technosphere::market for glyphosate::GLO::kilogram,technosphere,market for glyphosate,ei39_cutoff,7b62e459ae2e302a703a92dd474a8342,GLO,,kilogram,TRACI_v2_1__acidification__acidification_potential_AP,TRACI v2.1 | acidification | acidification potential (AP),acidification,kg SO2-Eq,0.04943819679163097,UF_TRACI_v2_1__acidification__acidification_potential_AP__market_for_glyphosate__GLO,kg SO2-Eq/kilogram,True
s_c2,BC2,technosphere|ei39_cutoff|7b62e459ae2e302a703a92dd474a8342,technosphere::market for glyphosate::GLO::kilogram,technosphere,market for glyphosate,ei39_cutoff,7b62e459ae2e302a703a92dd474a8342,GLO,,kilogram,TRACI_v2_1__particulate_matter_formation__particulate_matter_formation_potential_PMFP,TRACI v2.1 | particulate matter formation | particulate matter formation potential (PMFP),particulate matter formation,PM2.5-Eq,0.01188864095477134,UF_TRACI_v2_1__particulate_matter_formation__particulate_matter_formation_potential_PMFP__market_for_glyphosate__GLO,PM2.5-Eq/kilogram,True
s_c2,BC2,technosphere|ei39_cutoff|7b62e459ae2e302a703a92dd474a8342,technosphere::market for glyphosate::GLO::kilogram,technosphere,market for glyphosate,ei39_cutoff,7b62e459ae2e302a703a92dd474a8342,GLO,,kilogram,TRACI_v2_1__ecotoxicity_freshwater__ecotoxicity_freshwater,TRACI v2.1 | ecotoxicity: freshwater | ecotoxicity: freshwater,ecotoxicity: freshwater,CTUe,187.8978755742237,UF_TRACI_v2_1__ecotoxicity_freshwater__ecotoxicity_freshwater__market_for_glyphosate__GLO,CTUe/kilogram,True
s_c2,BC2,technosphere|ei39_cutoff|7b62e459ae2e302a703a92dd474a8342,technosphere::market for glyphosate::GLO::kilogram,technosphere,market for glyphosate,ei39_cutoff,7b62e459ae2e302a703a92dd474a8342,GLO,,kilogram,TRACI_v2_1__photochemical_oxidant_formation__maximum_incremental_reactivity_MIR,TRACI v2.1 | photochemical oxidant formation | maximum incremental reactivity (MIR),photochemical oxidant formation,kg O3-Eq,0.7578062957883799,UF_TRACI_v2_1__photochemical_oxidant_formation__maximum_incremental_reactivity_MIR__market_for_glyphosate__GLO,kg O3-Eq/kilogram,True
s_c2,BC2,technosphere|ei39_cutoff|bc2c53ca3fe04d0ed1ff8a1a7706871a,"technosphere::market for calcium carbonate, precipitated::RoW::kilogram",technosphere,"market for calcium carbonate, precipitated",ei39_cutoff,bc2c53ca3fe04d0ed1ff8a1a7706871a,RoW,,kilogram,IPCC_2021__climate_change__global_warming_potential_GWP100,IPCC 2021 | climate change | global warming potential (GWP100),climate change,kg CO2-Eq,0.40142200025540825,UF_IPCC_2021__climate_change__global_warming_potential_GWP100__market_for_calcium_carbonate_precipitated__RoW,kg CO2-Eq/kilogram,True
s_c2,BC2,technosphere|ei39_cutoff|bc2c53ca3fe04d0ed1ff8a1a7706871a,"technosphere::market for calcium carbonate, precipitated::RoW::kilogram",technosphere,"market for calcium carbonate, precipitated",ei39_cutoff,bc2c53ca3fe04d0ed1ff8a1a7706871a,RoW,,kilogram,TRACI_v2_1__eutrophication__eutrophication_potential,TRACI v2.1 | eutrophication | eutrophication potential,eutrophication,kg N-Eq,0.003085076090303288,UF_TRACI_v2_1__eutrophication__eutrophication_potential__market_for_calcium_carbonate_precipitated__RoW,kg N-Eq/kilogram,True
s_c2,BC2,technosphere|ei39_cutoff|bc2c53ca3fe04d0ed1ff8a1a7706871a,"technosphere::market for calcium carbonate, precipitated::RoW::kilogram",technosphere,"market for calcium carbonate, precipitated",ei39_cutoff,bc2c53ca3fe04d0ed1ff8a1a7706871a,RoW,,kilogram,TRACI_v2_1__acidification__acidification_potential_AP,TRACI v2.1 | acidification | acidification potential (AP),acidification,kg SO2-Eq,0.0021894828434027426,UF_TRACI_v2_1__acidification__acidification_potential_AP__market_for_calcium_carbonate_precipitated__RoW,kg SO2-Eq/kilogram,True
s_c2,BC2,technosphere|ei39_cutoff|bc2c53ca3fe04d0ed1ff8a1a7706871a,"technosphere::market for calcium carbonate, precipitated::RoW::kilogram",technosphere,"market for calcium carbonate, precipitated",ei39_cutoff,bc2c53ca3fe04d0ed1ff8a1a7706871a,RoW,,kilogram,TRACI_v2_1__particulate_matter_formation__particulate_matter_formation_potential_PMFP,TRACI v2.1 | particulate matter formation | particulate matter formation potential (PMFP),particulate matter formation,PM2.5-Eq,0.0003352788947728102,UF_TRACI_v2_1__particulate_matter_formation__particulate_matter_formation_potential_PMFP__market_for_calcium_carbonate_precipitated__RoW,PM2.5-Eq/kilogram,True
s_c2,BC2,technosphere|ei39_cutoff|bc2c53ca3fe04d0ed1ff8a1a7706871a,"technosphere::market for calcium carbonate, precipitated::RoW::kilogram",technosphere,"market for calcium carbonate, precipitated",ei39_cutoff,bc2c53ca3fe04d0ed1ff8a1a7706871a,RoW,,kilogram,TRACI_v2_1__ecotoxicity_freshwater__ecotoxicity_freshwater,TRACI v2.1 | ecotoxicity: freshwater | ecotoxicity: freshwater,ecotoxicity: freshwater,CTUe,12.087320113825472,UF_TRACI_v2_1__ecotoxicity_freshwater__ecotoxicity_freshwater__market_for_calcium_carbonate_precipitated__RoW,CTUe/kilogram,True
s_c2,BC2,technosphere|ei39_cutoff|bc2c53ca3fe04d0ed1ff8a1a7706871a,"technosphere::market for calcium carbonate, precipitated::RoW::kilogram",technosphere,"market for calcium carbonate, precipitated",ei39_cutoff,bc2c53ca3fe04d0ed1ff8a1a7706871a,RoW,,kilogram,TRACI_v2_1__photochemical_oxidant_formation__maximum_incremental_reactivity_MIR,TRACI v2.1 | photochemical oxidant formation | maximum incremental reactivity (MIR),photochemical oxidant formation,kg O3-Eq,0.03523836329768298,UF_TRACI_v2_1__photochemical_oxidant_formation__maximum_incremental_reactivity_MIR__market_for_calcium_carbonate_precipitated__RoW,kg O3-Eq/kilogram,True
s_c2,BC2,technosphere|ei39_cutoff|22db46f6ba1211c058e4da0ac386d3e7,"technosphere::market for polyethylene, high density, granulate::GLO::kilogram",technosphere,"market for polyethylene, high density, granulate",ei39_cutoff,22db46f6ba1211c058e4da0ac386d3e7,GLO,,kilogram,IPCC_2021__climate_change__global_warming_potential_GWP100,IPCC 2021 | climate change | global warming potential (GWP100),climate change,kg CO2-Eq,2.327628848048702,UF_IPCC_2021__climate_change__global_warming_potential_GWP100__market_for_polyethylene_high_density_granulate__GLO,kg CO2-Eq/kilogram,True
s_c2,BC2,technosphere|ei39_cutoff|22db46f6ba1211c058e4da0ac386d3e7,"technosphere::market for polyethylene, high density, granulate::GLO::kilogram",technosphere,"market for polyethylene, high density, granulate",ei39_cutoff,22db46f6ba1211c058e4da0ac386d3e7,GLO,,kilogram,TRACI_v2_1__eutrophication__eutrophication_potential,TRACI v2.1 | eutrophication | eutrophication potential,eutrophication,kg N-Eq,0.0034507952867211854,UF_TRACI_v2_1__eutrophication__eutrophication_potential__market_for_polyethylene_high_density_granulate__GLO,kg N-Eq/kilogram,True
s_c2,BC2,technosphere|ei39_cutoff|22db46f6ba1211c058e4da0ac386d3e7,"technosphere::market for polyethylene, high density, granulate::GLO::kilogram",technosphere,"market for polyethylene, high density, granulate",ei39_cutoff,22db46f6ba1211c058e4da0ac386d3e7,GLO,,kilogram,TRACI_v2_1__acidification__acidification_potential_AP,TRACI v2.1 | acidification | acidification potential (AP),acidification,kg SO2-Eq,0.008300035656294799,UF_TRACI_v2_1__acidification__acidification_potential_AP__market_for_polyethylene_high_density_granulate__GLO,kg SO2-Eq/kilogram,True
s_c2,BC2,technosphere|ei39_cutoff|22db46f6ba1211c058e4da0ac386d3e7,"technosphere::market for polyethylene, high density, granulate::GLO::kilogram",technosphere,"market for polyethylene, high density, granulate",ei39_cutoff,22db46f6ba1211c058e4da0ac386d3e7,GLO,,kilogram,TRACI_v2_1__particulate_matter_formation__particulate_matter_formation_potential_PMFP,TRACI v2.1 | particulate matter formation | particulate matter formation potential (PMFP),particulate matter formation,PM2.5-Eq,0.0010554731081885136,UF_TRACI_v2_1__particulate_matter_formation__particulate_matter_formation_potential_PMFP__market_for_polyethylene_high_density_granulate__GLO,PM2.5-Eq/kilogram,True
s_c2,BC2,technosphere|ei39_cutoff|22db46f6ba1211c058e4da0ac386d3e7,"technosphere::market for polyethylene, high density, granulate::GLO::kilogram",technosphere,"market for polyethylene, high density, granulate",ei39_cutoff,22db46f6ba1211c058e4da0ac386d3e7,GLO,,kilogram,TRACI_v2_1__ecotoxicity_freshwater__ecotoxicity_freshwater,TRACI v2.1 | ecotoxicity: freshwater | ecotoxicity: freshwater,ecotoxicity: freshwater,CTUe,18.381598624379176,UF_TRACI_v2_1__ecotoxicity_freshwater__ecotoxicity_freshwater__market_for_polyethylene_high_density_granulate__GLO,CTUe/kilogram,True
s_c2,BC2,technosphere|ei39_cutoff|22db46f6ba1211c058e4da0ac386d3e7,"technosphere::market for polyethylene, high density, granulate::GLO::kilogram",technosphere,"market for polyethylene, high density, granulate",ei39_cutoff,22db46f6ba1211c058e4da0ac386d3e7,GLO,,kilogram,TRACI_v2_1__photochemical_oxidant_formation__maximum_incremental_reactivity_MIR,TRACI v2.1 | photochemical oxidant formation | maximum incremental reactivity (MIR),photochemical oxidant formation,kg O3-Eq,0.12681809350280968,UF_TRACI_v2_1__photochemical_oxidant_formation__maximum_incremental_reactivity_MIR__market_for_polyethylene_high_density_granulate__GLO,kg O3-Eq/kilogram,True
s_c2,BC2,technosphere|ei39_cutoff|2ba127601085d3c181813d9d3c33b22a,"technosphere::market for nitrogen, liquid::RoW::kilogram",technosphere,"market for nitrogen, liquid",ei39_cutoff,2ba127601085d3c181813d9d3c33b22a,RoW,,kilogram,IPCC_2021__climate_change__global_warming_potential_GWP100,IPCC 2021 | climate change | global warming potential (GWP100),climate change,kg CO2-Eq,0.4369268616564815,UF_IPCC_2021__climate_change__global_warming_potential_GWP100__market_for_nitrogen_liquid__RoW,kg CO2-Eq/kilogram,True
s_c2,BC2,technosphere|ei39_cutoff|2ba127601085d3c181813d9d3c33b22a,"technosphere::market for nitrogen, liquid::RoW::kilogram",technosphere,"market for nitrogen, liquid",ei39_cutoff,2ba127601085d3c181813d9d3c33b22a,RoW,,kilogram,TRACI_v2_1__eutrophication__eutrophication_potential,TRACI v2.1 | eutrophication | eutrophication potential,eutrophication,kg N-Eq,0.0013897182237045177,UF_TRACI_v2_1__eutrophication__eutrophication_potential__market_for_nitrogen_liquid__RoW,kg N-Eq/kilogram,True
s_c2,BC2,technosphere|ei39_cutoff|2ba127601085d3c181813d9d3c33b22a,"technosphere::market for nitrogen, liquid::RoW::kilogram",technosphere,"market for nitrogen, liquid",ei39_cutoff,2ba127601085d3c181813d9d3c33b22a,RoW,,kilogram,TRACI_v2_1__acidification__acidification_potential_AP,TRACI v2.1 | acidification | acidification potential (AP),acidification,kg SO2-Eq,0.0018446756620852857,UF_TRACI_v2_1__acidification__acidification_potential_AP__market_for_nitrogen_liquid__RoW,kg SO2-Eq/kilogram,True
s_c2,BC2,technosphere|ei39_cutoff|2ba127601085d3c181813d9d3c33b22a,"technosphere::market for nitrogen, liquid::RoW::kilogram",technosphere,"market for nitrogen, liquid",ei39_cutoff,2ba127601085d3c181813d9d3c33b22a,RoW,,kilogram,TRACI_v2_1__particulate_matter_formation__particulate_matter_formation_potential_PMFP,TRACI v2.1 | particulate matter formation | particulate matter formation potential (PMFP),particulate matter formation,PM2.5-Eq,0.0005971849054450147,UF_TRACI_v2_1__particulate_matter_formation__particulate_matter_formation_potential_PMFP__market_for_nitrogen_liquid__RoW,PM2.5-Eq/kilogram,True
s_c2,BC2,technosphere|ei39_cutoff|2ba127601085d3c181813d9d3c33b22a,"technosphere::market for nitrogen, liquid::RoW::kilogram",technosphere,"market for nitrogen, liquid",ei39_cutoff,2ba127601085d3c181813d9d3c33b22a,RoW,,kilogram,TRACI_v2_1__ecotoxicity_freshwater__ecotoxicity_freshwater,TRACI v2.1 | ecotoxicity: freshwater | ecotoxicity: freshwater,ecotoxicity: freshwater,CTUe,2.814945932102514,UF_TRACI_v2_1__ecotoxicity_freshwater__ecotoxicity_freshwater__market_for_nitrogen_liquid__RoW,CTUe/kilogram,True
s_c2,BC2,technosphere|ei39_cutoff|2ba127601085d3c181813d9d3c33b22a,"technosphere::market for nitrogen, liquid::RoW::kilogram",technosphere,"market for nitrogen, liquid",ei39_cutoff,2ba127601085d3c181813d9d3c33b22a,RoW,,kilogram,TRACI_v2_1__photochemical_oxidant_formation__maximum_incremental_reactivity_MIR,TRACI v2.1 | photochemical oxidant formation | maximum incremental reactivity (MIR),photochemical oxidant formation,kg O3-Eq,0.025962302094960636,UF_TRACI_v2_1__photochemical_oxidant_formation__maximum_incremental_reactivity_MIR__market_for_nitrogen_liquid__RoW,kg O3-Eq/kilogram,True
s_c2,BC2,technosphere|ei39_cutoff|d324aeab28dcbaa4635f5ed8a617cd7f,"technosphere::market for natural gas, high pressure::US::cubic meter",technosphere,"market for natural gas, high pressure",ei39_cutoff,d324aeab28dcbaa4635f5ed8a617cd7f,US,,cubic meter,IPCC_2021__climate_change__global_warming_potential_GWP100,IPCC 2021 | climate change | global warming potential (GWP100),climate change,kg CO2-Eq,0.7094531420177969,UF_IPCC_2021__climate_change__global_warming_potential_GWP100__market_for_natural_gas_high_pressure__US,kg CO2-Eq/cubic meter,True
s_c2,BC2,technosphere|ei39_cutoff|d324aeab28dcbaa4635f5ed8a617cd7f,"technosphere::market for natural gas, high pressure::US::cubic meter",technosphere,"market for natural gas, high pressure",ei39_cutoff,d324aeab28dcbaa4635f5ed8a617cd7f,US,,cubic meter,TRACI_v2_1__eutrophication__eutrophication_potential,TRACI v2.1 | eutrophication | eutrophication potential,eutrophication,kg N-Eq,0.0003276238805927,UF_TRACI_v2_1__eutrophication__eutrophication_potential__market_for_natural_gas_high_pressure__US,kg N-Eq/cubic meter,True
s_c2,BC2,technosphere|ei39_cutoff|d324aeab28dcbaa4635f5ed8a617cd7f,"technosphere::market for natural gas, high pressure::US::cubic meter",technosphere,"market for natural gas, high pressure",ei39_cutoff,d324aeab28dcbaa4635f5ed8a617cd7f,US,,cubic meter,TRACI_v2_1__acidification__acidification_potential_AP,TRACI v2.1 | acidification | acidification potential (AP),acidification,kg SO2-Eq,0.0052522516074527,UF_TRACI_v2_1__acidification__acidification_potential_AP__market_for_natural_gas_high_pressure__US,kg SO2-Eq/cubic meter,True
s_c2,BC2,technosphere|ei39_cutoff|d324aeab28dcbaa4635f5ed8a617cd7f,"technosphere::market for natural gas, high pressure::US::cubic meter",technosphere,"market for natural gas, high pressure",ei39_cutoff,d324aeab28dcbaa4635f5ed8a617cd7f,US,,cubic meter,TRACI_v2_1__particulate_matter_formation__particulate_matter_formation_potential_PMFP,TRACI v2.1 | particulate matter formation | particulate matter formation potential (PMFP),particulate matter formation,PM2.5-Eq,0.0001005673701486,UF_TRACI_v2_1__particulate_matter_formation__particulate_matter_formation_potential_PMFP__market_for_natural_gas_high_pressure__US,PM2.5-Eq/cubic meter,True
s_c2,BC2,technosphere|ei39_cutoff|d324aeab28dcbaa4635f5ed8a617cd7f,"technosphere::market for natural gas, high pressure::US::cubic meter",technosphere,"market for natural gas, high pressure",ei39_cutoff,d324aeab28dcbaa4635f5ed8a617cd7f,US,,cubic meter,TRACI_v2_1__ecotoxicity_freshwater__ecotoxicity_freshwater,TRACI v2.1 | ecotoxicity: freshwater | ecotoxicity: freshwater,ecotoxicity: freshwater,CTUe,1.4015517070524446,UF_TRACI_v2_1__ecotoxicity_freshwater__ecotoxicity_freshwater__market_for_natural_gas_high_pressure__US,CTUe/cubic meter,True
s_c2,BC2,technosphere|ei39_cutoff|d324aeab28dcbaa4635f5ed8a617cd7f,"technosphere::market for natural gas, high pressure::US::cubic meter",technosphere,"market for natural gas, high pressure",ei39_cutoff,d324aeab28dcbaa4635f5ed8a617cd7f,US,,cubic meter,TRACI_v2_1__photochemical_oxidant_formation__maximum_incremental_reactivity_MIR,TRACI v2.1 | photochemical oxidant formation | maximum incremental reactivity (MIR),photochemical oxidant formation,kg O3-Eq,0.1822497028909481,UF_TRACI_v2_1__photochemical_oxidant_formation__maximum_incremental_reactivity_MIR__market_for_natural_gas_high_pressure__US,kg O3-Eq/cubic meter,True
s_c2,BC2,technosphere|ei39_cutoff|00d51d61fff9d552854a91bd45ad14c4,"technosphere::market for hydrochloric acid, without water, in 30% solution state::RoW::kilogram",technosphere,"market for hydrochloric acid, without water, in 30% solution state",ei39_cutoff,00d51d61fff9d552854a91bd45ad14c4,RoW,,kilogram,IPCC_2021__climate_change__global_warming_potential_GWP100,IPCC 2021 | climate change | global warming potential (GWP100),climate change,kg CO2-Eq,0.8350638210654332,UF_IPCC_2021__climate_change__global_warming_potential_GWP100__market_for_hydrochloric_acid_without_water_in_30_solution_state__RoW,kg CO2-Eq/kilogram,True
s_c2,BC2,technosphere|ei39_cutoff|00d51d61fff9d552854a91bd45ad14c4,"technosphere::market for hydrochloric acid, without water, in 30% solution state::RoW::kilogram",technosphere,"market for hydrochloric acid, without water, in 30% solution state",ei39_cutoff,00d51d61fff9d552854a91bd45ad14c4,RoW,,kilogram,TRACI_v2_1__eutrophication__eutrophication_potential,TRACI v2.1 | eutrophication | eutrophication potential,eutrophication,kg N-Eq,0.004354247857244428,UF_TRACI_v2_1__eutrophication__eutrophication_potential__market_for_hydrochloric_acid_without_water_in_30_solution_state__RoW,kg N-Eq/kilogram,True
s_c2,BC2,technosphere|ei39_cutoff|00d51d61fff9d552854a91bd45ad14c4,"technosphere::market for hydrochloric acid, without water, in 30% solution state::RoW::kilogram",technosphere,"market for hydrochloric acid, without water, in 30% solution state",ei39_cutoff,00d51d61fff9d552854a91bd45ad14c4,RoW,,kilogram,TRACI_v2_1__acidification__acidification_potential_AP,TRACI v2.1 | acidification | acidification potential (AP),acidification,kg SO2-Eq,0.005226267622354115,UF_TRACI_v2_1__acidification__acidification_potential_AP__market_for_hydrochloric_acid_without_water_in_30_solution_state__RoW,kg SO2-Eq/kilogram,True
s_c2,BC2,technosphere|ei39_cutoff|00d51d61fff9d552854a91bd45ad14c4,"technosphere::market for hydrochloric acid, without water, in 30% solution state::RoW::kilogram",technosphere,"market for hydrochloric acid, without water, in 30% solution state",ei39_cutoff,00d51d61fff9d552854a91bd45ad14c4,RoW,,kilogram,TRACI_v2_1__particulate_matter_formation__particulate_matter_formation_potential_PMFP,TRACI v2.1 | particulate matter formation | particulate matter formation potential (PMFP),particulate matter formation,PM2.5-Eq,0.0010840862168855008,UF_TRACI_v2_1__particulate_matter_formation__particulate_matter_formation_potential_PMFP__market_for_hydrochloric_acid_without_water_in_30_solution_state__RoW,PM2.5-Eq/kilogram,True
s_c2,BC2,technosphere|ei39_cutoff|00d51d61fff9d552854a91bd45ad14c4,"technosphere::market for hydrochloric acid, without water, in 30% solution state::RoW::kilogram",technosphere,"market for hydrochloric acid, without water, in 30% solution state",ei39_cutoff,00d51d61fff9d552854a91bd45ad14c4,RoW,,kilogram,TRACI_v2_1__ecotoxicity_freshwater__ecotoxicity_freshwater,TRACI v2.1 | ecotoxicity: freshwater | ecotoxicity: freshwater,ecotoxicity: freshwater,CTUe,28.135071677585096,UF_TRACI_v2_1__ecotoxicity_freshwater__ecotoxicity_freshwater__market_for_hydrochloric_acid_without_water_in_30_solution_state__RoW,CTUe/kilogram,True
s_c2,BC2,technosphere|ei39_cutoff|00d51d61fff9d552854a91bd45ad14c4,"technosphere::market for hydrochloric acid, without water, in 30% solution state::RoW::kilogram",technosphere,"market for hydrochloric acid, without water, in 30% solution state",ei39_cutoff,00d51d61fff9d552854a91bd45ad14c4,RoW,,kilogram,TRACI_v2_1__photochemical_oxidant_formation__maximum_incremental_reactivity_MIR,TRACI v2.1 | photochemical oxidant formation | maximum incremental reactivity (MIR),photochemical oxidant formation,kg O3-Eq,0.07083860459556937,UF_TRACI_v2_1__photochemical_oxidant_formation__maximum_incremental_reactivity_MIR__market_for_hydrochloric_acid_without_water_in_30_solution_state__RoW,kg O3-Eq/kilogram,True
s_c2,BC2,technosphere|ei39_cutoff|6d9198849efff1e8d431ca2bd2837440,"technosphere::market for iron(III) chloride, without water, in 14% iron solution state::GLO::kilogram",technosphere,"market for iron(III) chloride, without water, in 14% iron solution state",ei39_cutoff,6d9198849efff1e8d431ca2bd2837440,GLO,,kilogram,IPCC_2021__climate_change__global_warming_potential_GWP100,IPCC 2021 | climate change | global warming potential (GWP100),climate change,kg CO2-Eq,0.5386110773512007,UF_IPCC_2021__climate_change__global_warming_potential_GWP100__market_for_iron_III_chloride_without_water_in_14_iron_solution_state__GLO,kg CO2-Eq/kilogram,True
s_c2,BC2,technosphere|ei39_cutoff|6d9198849efff1e8d431ca2bd2837440,"technosphere::market for iron(III) chloride, without water, in 14% iron solution state::GLO::kilogram",technosphere,"market for iron(III) chloride, without water, in 14% iron solution state",ei39_cutoff,6d9198849efff1e8d431ca2bd2837440,GLO,,kilogram,TRACI_v2_1__eutrophication__eutrophication_potential,TRACI v2.1 | eutrophication | eutrophication potential,eutrophication,kg N-Eq,0.0022862442217005032,UF_TRACI_v2_1__eutrophication__eutrophication_potential__market_for_iron_III_chloride_without_water_in_14_iron_solution_state__GLO,kg N-Eq/kilogram,True
s_c2,BC2,technosphere|ei39_cutoff|6d9198849efff1e8d431ca2bd2837440,"technosphere::market for iron(III) chloride, without water, in 14% iron solution state::GLO::kilogram",technosphere,"market for iron(III) chloride, without water, in 14% iron solution state",ei39_cutoff,6d9198849efff1e8d431ca2bd2837440,GLO,,kilogram,TRACI_v2_1__acidification__acidification_potential_AP,TRACI v2.1 | acidification | acidification potential (AP),acidification,kg SO2-Eq,0.0031705317624436033,UF_TRACI_v2_1__acidification__acidification_potential_AP__market_for_iron_III_chloride_without_water_in_14_iron_solution_state__GLO,kg SO2-Eq/kilogram,True
s_c2,BC2,technosphere|ei39_cutoff|6d9198849efff1e8d431ca2bd2837440,"technosphere::market for iron(III) chloride, without water, in 14% iron solution state::GLO::kilogram",technosphere,"market for iron(III) chloride, without water, in 14% iron solution state",ei39_cutoff,6d9198849efff1e8d431ca2bd2837440,GLO,,kilogram,TRACI_v2_1__particulate_matter_formation__particulate_matter_formation_potential_PMFP,TRACI v2.1 | particulate matter formation | particulate matter formation potential (PMFP),particulate matter formation,PM2.5-Eq,0.000716427166769595,UF_TRACI_v2_1__particulate_matter_formation__particulate_matter_formation_potential_PMFP__market_for_iron_III_chloride_without_water_in_14_iron_solution_state__GLO,PM2.5-Eq/kilogram,True
s_c2,BC2,technosphere|ei39_cutoff|6d9198849efff1e8d431ca2bd2837440,"technosphere::market for iron(III) chloride, without water, in 14% iron solution state::GLO::kilogram",technosphere,"market for iron(III) chloride, without water, in 14% iron solution state",ei39_cutoff,6d9198849efff1e8d431ca2bd2837440,GLO,,kilogram,TRACI_v2_1__ecotoxicity_freshwater__ecotoxicity_freshwater,TRACI v2.1 | ecotoxicity: freshwater | ecotoxicity: freshwater,ecotoxicity: freshwater,CTUe,23.160797691805453,UF_TRACI_v2_1__ecotoxicity_freshwater__ecotoxicity_freshwater__market_for_iron_III_chloride_without_water_in_14_iron_solution_state__GLO,CTUe/kilogram,True
s_c2,BC2,technosphere|ei39_cutoff|6d9198849efff1e8d431ca2bd2837440,"technosphere::market for iron(III) chloride, without water, in 14% iron solution state::GLO::kilogram",technosphere,"market for iron(III) chloride, without water, in 14% iron solution state",ei39_cutoff,6d9198849efff1e8d431ca2bd2837440,GLO,,kilogram,TRACI_v2_1__photochemical_oxidant_formation__maximum_incremental_reactivity_MIR,TRACI v2.1 | photochemical oxidant formation | maximum incremental reactivity (MIR),photochemical oxidant formation,kg O3-Eq,0.04298443001036012,UF_TRACI_v2_1__photochemical_oxidant_formation__maximum_incremental_reactivity_MIR__market_for_iron_III_chloride_without_water_in_14_iron_solution_state__GLO,kg O3-Eq/kilogram,True
s_c2,BC2,technosphere|ei39_cutoff|2f298d6798217ca204f60bdc1efe8ea1,"technosphere::market for sodium hydroxide, without water, in 50% solution state::GLO::kilogram",technosphere,"market for sodium hydroxide, without water, in 50% solution state",ei39_cutoff,2f298d6798217ca204f60bdc1efe8ea1,GLO,,kilogram,IPCC_2021__climate_change__global_warming_potential_GWP100,IPCC 2021 | climate change | global warming potential (GWP100),climate change,kg CO2-Eq,1.2905914922115893,UF_IPCC_2021__climate_change__global_warming_potential_GWP100__market_for_sodium_hydroxide_without_water_in_50_solution_state__GLO,kg CO2-Eq/kilogram,True
s_c2,BC2,technosphere|ei39_cutoff|2f298d6798217ca204f60bdc1efe8ea1,"technosphere::market for sodium hydroxide, without water, in 50% solution state::GLO::kilogram",technosphere,"market for sodium hydroxide, without water, in 50% solution state",ei39_cutoff,2f298d6798217ca204f60bdc1efe8ea1,GLO,,kilogram,TRACI_v2_1__eutrophication__eutrophication_potential,TRACI v2.1 | eutrophication | eutrophication potential,eutrophication,kg N-Eq,0.004860766119250986,UF_TRACI_v2_1__eutrophication__eutrophication_potential__market_for_sodium_hydroxide_without_water_in_50_solution_state__GLO,kg N-Eq/kilogram,True
s_c2,BC2,technosphere|ei39_cutoff|2f298d6798217ca204f60bdc1efe8ea1,"technosphere::market for sodium hydroxide, without water, in 50% solution state::GLO::kilogram",technosphere,"market for sodium hydroxide, without water, in 50% solution state",ei39_cutoff,2f298d6798217ca204f60bdc1efe8ea1,GLO,,kilogram,TRACI_v2_1__acidification__acidification_potential_AP,TRACI v2.1 | acidification | acidification potential (AP),acidification,kg SO2-Eq,0.00620573513920885,UF_TRACI_v2_1__acidification__acidification_potential_AP__market_for_sodium_hydroxide_without_water_in_50_solution_state__GLO,kg SO2-Eq/kilogram,True
s_c2,BC2,technosphere|ei39_cutoff|2f298d6798217ca204f60bdc1efe8ea1,"technosphere::market for sodium hydroxide, without water, in 50% solution state::GLO::kilogram",technosphere,"market for sodium hydroxide, without water, in 50% solution state",ei39_cutoff,2f298d6798217ca204f60bdc1efe8ea1,GLO,,kilogram,TRACI_v2_1__particulate_matter_formation__particulate_matter_formation_potential_PMFP,TRACI v2.1 | particulate matter formation | particulate matter formation potential (PMFP),particulate matter formation,PM2.5-Eq,0.0016356704631753558,UF_TRACI_v2_1__particulate_matter_formation__particulate_matter_formation_potential_PMFP__market_for_sodium_hydroxide_without_water_in_50_solution_state__GLO,PM2.5-Eq/kilogram,True
s_c2,BC2,technosphere|ei39_cutoff|2f298d6798217ca204f60bdc1efe8ea1,"technosphere::market for sodium hydroxide, without water, in 50% solution state::GLO::kilogram",technosphere,"market for sodium hydroxide, without water, in 50% solution state",ei39_cutoff,2f298d6798217ca204f60bdc1efe8ea1,GLO,,kilogram,TRACI_v2_1__ecotoxicity_freshwater__ecotoxicity_freshwater,TRACI v2.1 | ecotoxicity: freshwater | ecotoxicity: freshwater,ecotoxicity: freshwater,CTUe,22.33120712351515,UF_TRACI_v2_1__ecotoxicity_freshwater__ecotoxicity_freshwater__market_for_sodium_hydroxide_without_water_in_50_solution_state__GLO,CTUe/kilogram,True
s_c2,BC2,technosphere|ei39_cutoff|2f298d6798217ca204f60bdc1efe8ea1,"technosphere::market for sodium hydroxide, without water, in 50% solution state::GLO::kilogram",technosphere,"market for sodium hydroxide, without water, in 50% solution state",ei39_cutoff,2f298d6798217ca204f60bdc1efe8ea1,GLO,,kilogram,TRACI_v2_1__photochemical_oxidant_formation__maximum_incremental_reactivity_MIR,TRACI v2.1 | photochemical oxidant formation | maximum incremental reactivity (MIR),photochemical oxidant formation,kg O3-Eq,0.08709205636683064,UF_TRACI_v2_1__photochemical_oxidant_formation__maximum_incremental_reactivity_MIR__market_for_sodium_hydroxide_without_water_in_50_solution_state__GLO,kg O3-Eq/kilogram,True
s_c2,BC2,technosphere|ei39_cutoff|289eaaf5e6f8ef0f5df16e297e913692,"technosphere::hardwood forestry, beech, sustainable forest management::RoW::kilogram",technosphere,"hardwood forestry, beech, sustainable forest management",ei39_cutoff,289eaaf5e6f8ef0f5df16e297e913692,RoW,,kilogram,IPCC_2021__climate_change__global_warming_potential_GWP100,IPCC 2021 | climate change | global warming potential (GWP100),climate change,kg CO2-Eq,0.038144318430059006,UF_IPCC_2021__climate_change__global_warming_potential_GWP100__hardwood_forestry_beech_sustainable_forest_management__RoW,kg CO2-Eq/kilogram,True
s_c2,BC2,technosphere|ei39_cutoff|289eaaf5e6f8ef0f5df16e297e913692,"technosphere::hardwood forestry, beech, sustainable forest management::RoW::kilogram",technosphere,"hardwood forestry, beech, sustainable forest management",ei39_cutoff,289eaaf5e6f8ef0f5df16e297e913692,RoW,,kilogram,TRACI_v2_1__eutrophication__eutrophication_potential,TRACI v2.1 | eutrophication | eutrophication potential,eutrophication,kg N-Eq,0.00025755164709581515,UF_TRACI_v2_1__eutrophication__eutrophication_potential__hardwood_forestry_beech_sustainable_forest_management__RoW,kg N-Eq/kilogram,True
s_c2,BC2,technosphere|ei39_cutoff|289eaaf5e6f8ef0f5df16e297e913692,"technosphere::hardwood forestry, beech, sustainable forest management::RoW::kilogram",technosphere,"hardwood forestry, beech, sustainable forest management",ei39_cutoff,289eaaf5e6f8ef0f5df16e297e913692,RoW,,kilogram,TRACI_v2_1__acidification__acidification_potential_AP,TRACI v2.1 | acidification | acidification potential (AP),acidification,kg SO2-Eq,0.00017834565969306688,UF_TRACI_v2_1__acidification__acidification_potential_AP__hardwood_forestry_beech_sustainable_forest_management__RoW,kg SO2-Eq/kilogram,True
s_c2,BC2,technosphere|ei39_cutoff|289eaaf5e6f8ef0f5df16e297e913692,"technosphere::hardwood forestry, beech, sustainable forest management::RoW::kilogram",technosphere,"hardwood forestry, beech, sustainable forest management",ei39_cutoff,289eaaf5e6f8ef0f5df16e297e913692,RoW,,kilogram,TRACI_v2_1__particulate_matter_formation__particulate_matter_formation_potential_PMFP,TRACI v2.1 | particulate matter formation | particulate matter formation potential (PMFP),particulate matter formation,PM2.5-Eq,2.1424769150957602e-05,UF_TRACI_v2_1__particulate_matter_formation__particulate_matter_formation_potential_PMFP__hardwood_forestry_beech_sustainable_forest_management__RoW,PM2.5-Eq/kilogram,True
s_c2,BC2,technosphere|ei39_cutoff|289eaaf5e6f8ef0f5df16e297e913692,"technosphere::hardwood forestry, beech, sustainable forest management::RoW::kilogram",technosphere,"hardwood forestry, beech, sustainable forest management",ei39_cutoff,289eaaf5e6f8ef0f5df16e297e913692,RoW,,kilogram,TRACI_v2_1__ecotoxicity_freshwater__ecotoxicity_freshwater,TRACI v2.1 | ecotoxicity: freshwater | ecotoxicity: freshwater,ecotoxicity: freshwater,CTUe,0.22273809928213342,UF_TRACI_v2_1__ecotoxicity_freshwater__ecotoxicity_freshwater__hardwood_forestry_beech_sustainable_forest_management__RoW,CTUe/kilogram,True
s_c2,BC2,technosphere|ei39_cutoff|289eaaf5e6f8ef0f5df16e297e913692,"technosphere::hardwood forestry, beech, sustainable forest management::RoW::kilogram",technosphere,"hardwood forestry, beech, sustainable forest management",ei39_cutoff,289eaaf5e6f8ef0f5df16e297e913692,RoW,,kilogram,TRACI_v2_1__photochemical_oxidant_formation__maximum_incremental_reactivity_MIR,TRACI v2.1 | photochemical oxidant formation | maximum incremental reactivity (MIR),photochemical oxidant formation,kg O3-Eq,0.0062903259583735474,UF_TRACI_v2_1__photochemical_oxidant_formation__maximum_incremental_reactivity_MIR__hardwood_forestry_beech_sustainable_forest_management__RoW,kg O3-Eq/kilogram,True
s_c2,BC2,technosphere|ei39_cutoff|cc629a57d77e951cdca1ee8b9abb4d32,"technosphere::hardwood forestry, birch, sustainable forest management::RoW::kilogram",technosphere,"hardwood forestry, birch, sustainable forest management",ei39_cutoff,cc629a57d77e951cdca1ee8b9abb4d32,RoW,,kilogram,IPCC_2021__climate_change__global_warming_potential_GWP100,IPCC 2021 | climate change | global warming potential (GWP100),climate change,kg CO2-Eq,0.029474781660684887,UF_IPCC_2021__climate_change__global_warming_potential_GWP100__hardwood_forestry_birch_sustainable_forest_management__RoW,kg CO2-Eq/kilogram,True
s_c2,BC2,technosphere|ei39_cutoff|cc629a57d77e951cdca1ee8b9abb4d32,"technosphere::hardwood forestry, birch, sustainable forest management::RoW::kilogram",technosphere,"hardwood forestry, birch, sustainable forest management",ei39_cutoff,cc629a57d77e951cdca1ee8b9abb4d32,RoW,,kilogram,TRACI_v2_1__eutrophication__eutrophication_potential,TRACI v2.1 | eutrophication | eutrophication potential,eutrophication,kg N-Eq,0.00011018922010638053,UF_TRACI_v2_1__eutrophication__eutrophication_potential__hardwood_forestry_birch_sustainable_forest_management__RoW,kg N-Eq/kilogram,True
s_c2,BC2,technosphere|ei39_cutoff|cc629a57d77e951cdca1ee8b9abb4d32,"technosphere::hardwood forestry, birch, sustainable forest management::RoW::kilogram",technosphere,"hardwood forestry, birch, sustainable forest management",ei39_cutoff,cc629a57d77e951cdca1ee8b9abb4d32,RoW,,kilogram,TRACI_v2_1__acidification__acidification_potential_AP,TRACI v2.1 | acidification | acidification potential (AP),acidification,kg SO2-Eq,0.00014406828020139693,UF_TRACI_v2_1__acidification__acidification_potential_AP__hardwood_forestry_birch_sustainable_forest_management__RoW,kg SO2-Eq/kilogram,True
s_c2,BC2,technosphere|ei39_cutoff|cc629a57d77e951cdca1ee8b9abb4d32,"technosphere::hardwood forestry, birch, sustainable forest management::RoW::kilogram",technosphere,"hardwood forestry, birch, sustainable forest management",ei39_cutoff,cc629a57d77e951cdca1ee8b9abb4d32,RoW,,kilogram,TRACI_v2_1__particulate_matter_formation__particulate_matter_formation_potential_PMFP,TRACI v2.1 | particulate matter formation | particulate matter formation potential (PMFP),particulate matter formation,PM2.5-Eq,1.4380029060168361e-05,UF_TRACI_v2_1__particulate_matter_formation__particulate_matter_formation_potential_PMFP__hardwood_forestry_birch_sustainable_forest_management__RoW,PM2.5-Eq/kilogram,True
s_c2,BC2,technosphere|ei39_cutoff|cc629a57d77e951cdca1ee8b9abb4d32,"technosphere::hardwood forestry, birch, sustainable forest management::RoW::kilogram",technosphere,"hardwood forestry, birch, sustainable forest management",ei39_cutoff,cc629a57d77e951cdca1ee8b9abb4d32,RoW,,kilogram,TRACI_v2_1__ecotoxicity_freshwater__ecotoxicity_freshwater,TRACI v2.1 | ecotoxicity: freshwater | ecotoxicity: freshwater,ecotoxicity: freshwater,CTUe,0.1175608248884035,UF_TRACI_v2_1__ecotoxicity_freshwater__ecotoxicity_freshwater__hardwood_forestry_birch_sustainable_forest_management__RoW,CTUe/kilogram,True
s_c2,BC2,technosphere|ei39_cutoff|cc629a57d77e951cdca1ee8b9abb4d32,"technosphere::hardwood forestry, birch, sustainable forest management::RoW::kilogram",technosphere,"hardwood forestry, birch, sustainable forest management",ei39_cutoff,cc629a57d77e951cdca1ee8b9abb4d32,RoW,,kilogram,TRACI_v2_1__photochemical_oxidant_formation__maximum_incremental_reactivity_MIR,TRACI v2.1 | photochemical oxidant formation | maximum incremental reactivity (MIR),photochemical oxidant formation,kg O3-Eq,0.004664055367008917,UF_TRACI_v2_1__photochemical_oxidant_formation__maximum_incremental_reactivity_MIR__hardwood_forestry_birch_sustainable_forest_management__RoW,kg O3-Eq/kilogram,True
s_c2,BC2,technosphere|ei39_cutoff|39637a65852c08973cb0b45962f74e09,"technosphere::hardwood forestry, eucalyptus ssp., planted forest management::RoW::kilogram",technosphere,"hardwood forestry, eucalyptus ssp., planted forest management",ei39_cutoff,39637a65852c08973cb0b45962f74e09,RoW,,kilogram,IPCC_2021__climate_change__global_warming_potential_GWP100,IPCC 2021 | climate change | global warming potential (GWP100),climate change,kg CO2-Eq,0.13643626956907717,UF_IPCC_2021__climate_change__global_warming_potential_GWP100__hardwood_forestry_eucalyptus_ssp_planted_forest_management__RoW,kg CO2-Eq/kilogram,True
s_c2,BC2,technosphere|ei39_cutoff|39637a65852c08973cb0b45962f74e09,"technosphere::hardwood forestry, eucalyptus ssp., planted forest management::RoW::kilogram",technosphere,"hardwood forestry, eucalyptus ssp., planted forest management",ei39_cutoff,39637a65852c08973cb0b45962f74e09,RoW,,kilogram,TRACI_v2_1__eutrophication__eutrophication_potential,TRACI v2.1 | eutrophication | eutrophication potential,eutrophication,kg N-Eq,0.00019478506453374288,UF_TRACI_v2_1__eutrophication__eutrophication_potential__hardwood_forestry_eucalyptus_ssp_planted_forest_management__RoW,kg N-Eq/kilogram,True
s_c2,BC2,technosphere|ei39_cutoff|39637a65852c08973cb0b45962f74e09,"technosphere::hardwood forestry, eucalyptus ssp., planted forest management::RoW::kilogram",technosphere,"hardwood forestry, eucalyptus ssp., planted forest management",ei39_cutoff,39637a65852c08973cb0b45962f74e09,RoW,,kilogram,TRACI_v2_1__acidification__acidification_potential_AP,TRACI v2.1 | acidification | acidification potential (AP),acidification,kg SO2-Eq,0.0002275157012920139,UF_TRACI_v2_1__acidification__acidification_potential_AP__hardwood_forestry_eucalyptus_ssp_planted_forest_management__RoW,kg SO2-Eq/kilogram,True
s_c2,BC2,technosphere|ei39_cutoff|39637a65852c08973cb0b45962f74e09,"technosphere::hardwood forestry, eucalyptus ssp., planted forest management::RoW::kilogram",technosphere,"hardwood forestry, eucalyptus ssp., planted forest management",ei39_cutoff,39637a65852c08973cb0b45962f74e09,RoW,,kilogram,TRACI_v2_1__particulate_matter_formation__particulate_matter_formation_potential_PMFP,TRACI v2.1 | particulate matter formation | particulate matter formation potential (PMFP),particulate matter formation,PM2.5-Eq,1.628053850701261e-05,UF_TRACI_v2_1__particulate_matter_formation__particulate_matter_formation_potential_PMFP__hardwood_forestry_eucalyptus_ssp_planted_forest_management__RoW,PM2.5-Eq/kilogram,True
s_c2,BC2,technosphere|ei39_cutoff|39637a65852c08973cb0b45962f74e09,"technosphere::hardwood forestry, eucalyptus ssp., planted forest management::RoW::kilogram",technosphere,"hardwood forestry, eucalyptus ssp., planted forest management",ei39_cutoff,39637a65852c08973cb0b45962f74e09,RoW,,kilogram,TRACI_v2_1__ecotoxicity_freshwater__ecotoxicity_freshwater,TRACI v2.1 | ecotoxicity: freshwater | ecotoxicity: freshwater,ecotoxicity: freshwater,CTUe,-0.04898288458816773,UF_TRACI_v2_1__ecotoxicity_freshwater__ecotoxicity_freshwater__hardwood_forestry_eucalyptus_ssp_planted_forest_management__RoW,CTUe/kilogram,True
s_c2,BC2,technosphere|ei39_cutoff|39637a65852c08973cb0b45962f74e09,"technosphere::hardwood forestry, eucalyptus ssp., planted forest management::RoW::kilogram",technosphere,"hardwood forestry, eucalyptus ssp., planted forest management",ei39_cutoff,39637a65852c08973cb0b45962f74e09,RoW,,kilogram,TRACI_v2_1__photochemical_oxidant_formation__maximum_incremental_reactivity_MIR,TRACI v2.1 | photochemical oxidant formation | maximum incremental reactivity (MIR),photochemical oxidant formation,kg O3-Eq,0.0038476975462868584,UF_TRACI_v2_1__photochemical_oxidant_formation__maximum_incremental_reactivity_MIR__hardwood_forestry_eucalyptus_ssp_planted_forest_management__RoW,kg O3-Eq/kilogram,True
s_c2,BC2,technosphere|ei39_cutoff|c655f5b0ff84702a0077ad38fdf4f750,"technosphere::hardwood forestry, oak, sustainable forest management::RoW::kilogram",technosphere,"hardwood forestry, oak, sustainable forest management",ei39_cutoff,c655f5b0ff84702a0077ad38fdf4f750,RoW,,kilogram,IPCC_2021__climate_change__global_warming_potential_GWP100,IPCC 2021 | climate change | global warming potential (GWP100),climate change,kg CO2-Eq,0.03675034756784391,UF_IPCC_2021__climate_change__global_warming_potential_GWP100__hardwood_forestry_oak_sustainable_forest_management__RoW,kg CO2-Eq/kilogram,True
s_c2,BC2,technosphere|ei39_cutoff|c655f5b0ff84702a0077ad38fdf4f750,"technosphere::hardwood forestry, oak, sustainable forest management::RoW::kilogram",technosphere,"hardwood forestry, oak, sustainable forest management",ei39_cutoff,c655f5b0ff84702a0077ad38fdf4f750,RoW,,kilogram,TRACI_v2_1__eutrophication__eutrophication_potential,TRACI v2.1 | eutrophication | eutrophication potential,eutrophication,kg N-Eq,0.00021637409342683474,UF_TRACI_v2_1__eutrophication__eutrophication_potential__hardwood_forestry_oak_sustainable_forest_management__RoW,kg N-Eq/kilogram,True
s_c2,BC2,technosphere|ei39_cutoff|c655f5b0ff84702a0077ad38fdf4f750,"technosphere::hardwood forestry, oak, sustainable forest management::RoW::kilogram",technosphere,"hardwood forestry, oak, sustainable forest management",ei39_cutoff,c655f5b0ff84702a0077ad38fdf4f750,RoW,,kilogram,TRACI_v2_1__acidification__acidification_potential_AP,TRACI v2.1 | acidification | acidification potential (AP),acidification,kg SO2-Eq,0.00017610661312031454,UF_TRACI_v2_1__acidification__acidification_potential_AP__hardwood_forestry_oak_sustainable_forest_management__RoW,kg SO2-Eq/kilogram,True
s_c2,BC2,technosphere|ei39_cutoff|c655f5b0ff84702a0077ad38fdf4f750,"technosphere::hardwood forestry, oak, sustainable forest management::RoW::kilogram",technosphere,"hardwood forestry, oak, sustainable forest management",ei39_cutoff,c655f5b0ff84702a0077ad38fdf4f750,RoW,,kilogram,TRACI_v2_1__particulate_matter_formation__particulate_matter_formation_potential_PMFP,TRACI v2.1 | particulate matter formation | particulate matter formation potential (PMFP),particulate matter formation,PM2.5-Eq,2.1130963991721947e-05,UF_TRACI_v2_1__particulate_matter_formation__particulate_matter_formation_potential_PMFP__hardwood_forestry_oak_sustainable_forest_management__RoW,PM2.5-Eq/kilogram,True
s_c2,BC2,technosphere|ei39_cutoff|c655f5b0ff84702a0077ad38fdf4f750,"technosphere::hardwood forestry, oak, sustainable forest management::RoW::kilogram",technosphere,"hardwood forestry, oak, sustainable forest management",ei39_cutoff,c655f5b0ff84702a0077ad38fdf4f750,RoW,,kilogram,TRACI_v2_1__ecotoxicity_freshwater__ecotoxicity_freshwater,TRACI v2.1 | ecotoxicity: freshwater | ecotoxicity: freshwater,ecotoxicity: freshwater,CTUe,0.20754007653368084,UF_TRACI_v2_1__ecotoxicity_freshwater__ecotoxicity_freshwater__hardwood_forestry_oak_sustainable_forest_management__RoW,CTUe/kilogram,True
s_c2,BC2,technosphere|ei39_cutoff|c655f5b0ff84702a0077ad38fdf4f750,"technosphere::hardwood forestry, oak, sustainable forest management::RoW::kilogram",technosphere,"hardwood forestry, oak, sustainable forest management",ei39_cutoff,c655f5b0ff84702a0077ad38fdf4f750,RoW,,kilogram,TRACI_v2_1__photochemical_oxidant_formation__maximum_incremental_reactivity_MIR,TRACI v2.1 | photochemical oxidant formation | maximum incremental reactivity (MIR),photochemical oxidant formation,kg O3-Eq,0.005999363605900712,UF_TRACI_v2_1__photochemical_oxidant_formation__maximum_incremental_reactivity_MIR__hardwood_forestry_oak_sustainable_forest_management__RoW,kg O3-Eq/kilogram,True
s_c2,BC2,technosphere|ei39_cutoff|7f63fa1d975fd20397933993cfe1bbf2,"technosphere::softwood forestry, pine, sustainable forest management::RoW::kilogram",technosphere,"softwood forestry, pine, sustainable forest management",ei39_cutoff,7f63fa1d975fd20397933993cfe1bbf2,RoW,,kilogram,IPCC_2021__climate_change__global_warming_potential_GWP100,IPCC 2021 | climate change | global warming potential (GWP100),climate change,kg CO2-Eq,0.04148801725295221,UF_IPCC_2021__climate_change__global_warming_potential_GWP100__softwood_forestry_pine_sustainable_forest_management__RoW,kg CO2-Eq/kilogram,True
s_c2,BC2,technosphere|ei39_cutoff|7f63fa1d975fd20397933993cfe1bbf2,"technosphere::softwood forestry, pine, sustainable forest management::RoW::kilogram",technosphere,"softwood forestry, pine, sustainable forest management",ei39_cutoff,7f63fa1d975fd20397933993cfe1bbf2,RoW,,kilogram,TRACI_v2_1__eutrophication__eutrophication_potential,TRACI v2.1 | eutrophication | eutrophication potential,eutrophication,kg N-Eq,0.0001387426373015115,UF_TRACI_v2_1__eutrophication__eutrophication_potential__softwood_forestry_pine_sustainable_forest_management__RoW,kg N-Eq/kilogram,True
s_c2,BC2,technosphere|ei39_cutoff|7f63fa1d975fd20397933993cfe1bbf2,"technosphere::softwood forestry, pine, sustainable forest management::RoW::kilogram",technosphere,"softwood forestry, pine, sustainable forest management",ei39_cutoff,7f63fa1d975fd20397933993cfe1bbf2,RoW,,kilogram,TRACI_v2_1__acidification__acidification_potential_AP,TRACI v2.1 | acidification | acidification potential (AP),acidification,kg SO2-Eq,0.0002081058754081114,UF_TRACI_v2_1__acidification__acidification_potential_AP__softwood_forestry_pine_sustainable_forest_management__RoW,kg SO2-Eq/kilogram,True
s_c2,BC2,technosphere|ei39_cutoff|7f63fa1d975fd20397933993cfe1bbf2,"technosphere::softwood forestry, pine, sustainable forest management::RoW::kilogram",technosphere,"softwood forestry, pine, sustainable forest management",ei39_cutoff,7f63fa1d975fd20397933993cfe1bbf2,RoW,,kilogram,TRACI_v2_1__particulate_matter_formation__particulate_matter_formation_potential_PMFP,TRACI v2.1 | particulate matter formation | particulate matter formation potential (PMFP),particulate matter formation,PM2.5-Eq,2.2622645627996528e-05,UF_TRACI_v2_1__particulate_matter_formation__particulate_matter_formation_potential_PMFP__softwood_forestry_pine_sustainable_forest_management__RoW,PM2.5-Eq/kilogram,True
s_c2,BC2,technosphere|ei39_cutoff|7f63fa1d975fd20397933993cfe1bbf2,"technosphere::softwood forestry, pine, sustainable forest management::RoW::kilogram",technosphere,"softwood forestry, pine, sustainable forest management",ei39_cutoff,7f63fa1d975fd20397933993cfe1bbf2,RoW,,kilogram,TRACI_v2_1__ecotoxicity_freshwater__ecotoxicity_freshwater,TRACI v2.1 | ecotoxicity: freshwater | ecotoxicity: freshwater,ecotoxicity: freshwater,CTUe,0.16823964479603098,UF_TRACI_v2_1__ecotoxicity_freshwater__ecotoxicity_freshwater__softwood_forestry_pine_sustainable_forest_management__RoW,CTUe/kilogram,True
s_c2,BC2,technosphere|ei39_cutoff|7f63fa1d975fd20397933993cfe1bbf2,"technosphere::softwood forestry, pine, sustainable forest management::RoW::kilogram",technosphere,"softwood forestry, pine, sustainable forest management",ei39_cutoff,7f63fa1d975fd20397933993cfe1bbf2,RoW,,kilogram,TRACI_v2_1__photochemical_oxidant_formation__maximum_incremental_reactivity_MIR,TRACI v2.1 | photochemical oxidant formation | maximum incremental reactivity (MIR),photochemical oxidant formation,kg O3-Eq,0.006493490284901371,UF_TRACI_v2_1__photochemical_oxidant_formation__maximum_incremental_reactivity_MIR__softwood_forestry_pine_sustainable_forest_management__RoW,kg O3-Eq/kilogram,True
s_c2,BC2,technosphere|ei39_cutoff|a54115ba044e5f4394c78824ef3e2c6f,"technosphere::softwood forestry, spruce, sustainable forest management::RoW::kilogram",technosphere,"softwood forestry, spruce, sustainable forest management",ei39_cutoff,a54115ba044e5f4394c78824ef3e2c6f,RoW,,kilogram,IPCC_2021__climate_change__global_warming_potential_GWP100,IPCC 2021 | climate change | global warming potential (GWP100),climate change,kg CO2-Eq,0.04371784006255474,UF_IPCC_2021__climate_change__global_warming_potential_GWP100__softwood_forestry_spruce_sustainable_forest_management__RoW,kg CO2-Eq/kilogram,True
s_c2,BC2,technosphere|ei39_cutoff|a54115ba044e5f4394c78824ef3e2c6f,"technosphere::softwood forestry, spruce, sustainable forest management::RoW::kilogram",technosphere,"softwood forestry, spruce, sustainable forest management",ei39_cutoff,a54115ba044e5f4394c78824ef3e2c6f,RoW,,kilogram,TRACI_v2_1__eutrophication__eutrophication_potential,TRACI v2.1 | eutrophication | eutrophication potential,eutrophication,kg N-Eq,0.00011892132282326945,UF_TRACI_v2_1__eutrophication__eutrophication_potential__softwood_forestry_spruce_sustainable_forest_management__RoW,kg N-Eq/kilogram,True
s_c2,BC2,technosphere|ei39_cutoff|a54115ba044e5f4394c78824ef3e2c6f,"technosphere::softwood forestry, spruce, sustainable forest management::RoW::kilogram",technosphere,"softwood forestry, spruce, sustainable forest management",ei39_cutoff,a54115ba044e5f4394c78824ef3e2c6f,RoW,,kilogram,TRACI_v2_1__acidification__acidification_potential_AP,TRACI v2.1 | acidification | acidification potential (AP),acidification,kg SO2-Eq,0.00021816354627526748,UF_TRACI_v2_1__acidification__acidification_potential_AP__softwood_forestry_spruce_sustainable_forest_management__RoW,kg SO2-Eq/kilogram,True
s_c2,BC2,technosphere|ei39_cutoff|a54115ba044e5f4394c78824ef3e2c6f,"technosphere::softwood forestry, spruce, sustainable forest management::RoW::kilogram",technosphere,"softwood forestry, spruce, sustainable forest management",ei39_cutoff,a54115ba044e5f4394c78824ef3e2c6f,RoW,,kilogram,TRACI_v2_1__particulate_matter_formation__particulate_matter_formation_potential_PMFP,TRACI v2.1 | particulate matter formation | particulate matter formation potential (PMFP),particulate matter formation,PM2.5-Eq,2.251560523557326e-05,UF_TRACI_v2_1__particulate_matter_formation__particulate_matter_formation_potential_PMFP__softwood_forestry_spruce_sustainable_forest_management__RoW,PM2.5-Eq/kilogram,True
s_c2,BC2,technosphere|ei39_cutoff|a54115ba044e5f4394c78824ef3e2c6f,"technosphere::softwood forestry, spruce, sustainable forest management::RoW::kilogram",technosphere,"softwood forestry, spruce, sustainable forest management",ei39_cutoff,a54115ba044e5f4394c78824ef3e2c6f,RoW,,kilogram,TRACI_v2_1__ecotoxicity_freshwater__ecotoxicity_freshwater,TRACI v2.1 | ecotoxicity: freshwater | ecotoxicity: freshwater,ecotoxicity: freshwater,CTUe,0.17263738350032315,UF_TRACI_v2_1__ecotoxicity_freshwater__ecotoxicity_freshwater__softwood_forestry_spruce_sustainable_forest_management__RoW,CTUe/kilogram,True
s_c2,BC2,technosphere|ei39_cutoff|a54115ba044e5f4394c78824ef3e2c6f,"technosphere::softwood forestry, spruce, sustainable forest management::RoW::kilogram",technosphere,"softwood forestry, spruce, sustainable forest management",ei39_cutoff,a54115ba044e5f4394c78824ef3e2c6f,RoW,,kilogram,TRACI_v2_1__photochemical_oxidant_formation__maximum_incremental_reactivity_MIR,TRACI v2.1 | photochemical oxidant formation | maximum incremental reactivity (MIR),photochemical oxidant formation,kg O3-Eq,0.0067352773663881095,UF_TRACI_v2_1__photochemical_oxidant_formation__maximum_incremental_reactivity_MIR__softwood_forestry_spruce_sustainable_forest_management__RoW,kg O3-Eq/kilogram,True
s_c2,BC2,technosphere|ei39_cutoff|a59a845057a75670b39c812c45810d97,technosphere::market for diazole-compound::GLO::kilogram,technosphere,market for diazole-compound,ei39_cutoff,a59a845057a75670b39c812c45810d97,GLO,,kilogram,IPCC_2021__climate_change__global_warming_potential_GWP100,IPCC 2021 | climate change | global warming potential (GWP100),climate change,kg CO2-Eq,17.07894457048172,UF_IPCC_2021__climate_change__global_warming_potential_GWP100__market_for_diazole_compound__GLO,kg CO2-Eq/kilogram,True
s_c2,BC2,technosphere|ei39_cutoff|a59a845057a75670b39c812c45810d97,technosphere::market for diazole-compound::GLO::kilogram,technosphere,market for diazole-compound,ei39_cutoff,a59a845057a75670b39c812c45810d97,GLO,,kilogram,TRACI_v2_1__eutrophication__eutrophication_potential,TRACI v2.1 | eutrophication | eutrophication potential,eutrophication,kg N-Eq,0.0505360857443783,UF_TRACI_v2_1__eutrophication__eutrophication_potential__market_for_diazole_compound__GLO,kg N-Eq/kilogram,True
s_c2,BC2,technosphere|ei39_cutoff|a59a845057a75670b39c812c45810d97,technosphere::market for diazole-compound::GLO::kilogram,technosphere,market for diazole-compound,ei39_cutoff,a59a845057a75670b39c812c45810d97,GLO,,kilogram,TRACI_v2_1__acidification__acidification_potential_AP,TRACI v2.1 | acidification | acidification potential (AP),acidification,kg SO2-Eq,0.23732420959252054,UF_TRACI_v2_1__acidification__acidification_potential_AP__market_for_diazole_compound__GLO,kg SO2-Eq/kilogram,True
s_c2,BC2,technosphere|ei39_cutoff|a59a845057a75670b39c812c45810d97,technosphere::market for diazole-compound::GLO::kilogram,technosphere,market for diazole-compound,ei39_cutoff,a59a845057a75670b39c812c45810d97,GLO,,kilogram,TRACI_v2_1__particulate_matter_formation__particulate_matter_formation_potential_PMFP,TRACI v2.1 | particulate matter formation | particulate matter formation potential (PMFP),particulate matter formation,PM2.5-Eq,0.023128389414904405,UF_TRACI_v2_1__particulate_matter_formation__particulate_matter_formation_potential_PMFP__market_for_diazole_compound__GLO,PM2.5-Eq/kilogram,True
s_c2,BC2,technosphere|ei39_cutoff|a59a845057a75670b39c812c45810d97,technosphere::market for diazole-compound::GLO::kilogram,technosphere,market for diazole-compound,ei39_cutoff,a59a845057a75670b39c812c45810d97,GLO,,kilogram,TRACI_v2_1__ecotoxicity_freshwater__ecotoxicity_freshwater,TRACI v2.1 | ecotoxicity: freshwater | ecotoxicity: freshwater,ecotoxicity: freshwater,CTUe,452.94564636250965,UF_TRACI_v2_1__ecotoxicity_freshwater__ecotoxicity_freshwater__market_for_diazole_compound__GLO,CTUe/kilogram,True
s_c2,BC2,technosphere|ei39_cutoff|a59a845057a75670b39c812c45810d97,technosphere::market for diazole-compound::GLO::kilogram,technosphere,market for diazole-compound,ei39_cutoff,a59a845057a75670b39c812c45810d97,GLO,,kilogram,TRACI_v2_1__photochemical_oxidant_formation__maximum_incremental_reactivity_MIR,TRACI v2.1 | photochemical oxidant formation | maximum incremental reactivity (MIR),photochemical oxidant formation,kg O3-Eq,0.8995655408072953,UF_TRACI_v2_1__photochemical_oxidant_formation__maximum_incremental_reactivity_MIR__market_for_diazole_compound__GLO,kg O3-Eq/kilogram,True
s_c2,BC2,biosphere|biosphere3|f9749677-9c9f-4678-ab55-c607dfdc2cb9,"biosphere::Carbon dioxide, fossil::air > urban air close to ground::kilogram",biosphere,"Carbon dioxide, fossil",biosphere3,f9749677-9c9f-4678-ab55-c607dfdc2cb9,,air > urban air close to ground,kilogram,IPCC_2021__climate_change__global_warming_potential_GWP100,IPCC 2021 | climate change | global warming potential (GWP100),climate change,kg CO2-Eq,1.0,CF_IPCC_2021__climate_change__global_warming_potential_GWP100__Carbon_dioxide_fossil__air__urban_air_close_to_ground,kg CO2-Eq/kilogram,True
s_c2,BC2,biosphere|biosphere3|f9749677-9c9f-4678-ab55-c607dfdc2cb9,"biosphere::Carbon dioxide, fossil::air > urban air close to ground::kilogram",biosphere,"Carbon dioxide, fossil",biosphere3,f9749677-9c9f-4678-ab55-c607dfdc2cb9,,air > urban air close to ground,kilogram,TRACI_v2_1__eutrophication__eutrophication_potential,TRACI v2.1 | eutrophication | eutrophication potential,eutrophication,kg N-Eq,0.0,CF_TRACI_v2_1__eutrophication__eutrophication_potential__Carbon_dioxide_fossil__air__urban_air_close_to_ground,kg N-Eq/kilogram,True
s_c2,BC2,biosphere|biosphere3|f9749677-9c9f-4678-ab55-c607dfdc2cb9,"biosphere::Carbon dioxide, fossil::air > urban air close to ground::kilogram",biosphere,"Carbon dioxide, fossil",biosphere3,f9749677-9c9f-4678-ab55-c607dfdc2cb9,,air > urban air close to ground,kilogram,TRACI_v2_1__acidification__acidification_potential_AP,TRACI v2.1 | acidification | acidification potential (AP),acidification,kg SO2-Eq,0.0,CF_TRACI_v2_1__acidification__acidification_potential_AP__Carbon_dioxide_fossil__air__urban_air_close_to_ground,kg SO2-Eq/kilogram,True
s_c2,BC2,biosphere|biosphere3|f9749677-9c9f-4678-ab55-c607dfdc2cb9,"biosphere::Carbon dioxide, fossil::air > urban air close to ground::kilogram",biosphere,"Carbon dioxide, fossil",biosphere3,f9749677-9c9f-4678-ab55-c607dfdc2cb9,,air > urban air close to ground,kilogram,TRACI_v2_1__particulate_matter_formation__particulate_matter_formation_potential_PMFP,TRACI v2.1 | particulate matter formation | particulate matter formation potential (PMFP),particulate matter formation,PM2.5-Eq,0.0,CF_TRACI_v2_1__particulate_matter_formation__particulate_matter_formation_potential_PMFP__Carbon_dioxide_fossil__air__urban_air_close_to_ground,PM2.5-Eq/kilogram,True
s_c2,BC2,biosphere|biosphere3|f9749677-9c9f-4678-ab55-c607dfdc2cb9,"biosphere::Carbon dioxide, fossil::air > urban air close to ground::kilogram",biosphere,"Carbon dioxide, fossil",biosphere3,f9749677-9c9f-4678-ab55-c607dfdc2cb9,,air > urban air close to ground,kilogram,TRACI_v2_1__ecotoxicity_freshwater__ecotoxicity_freshwater,TRACI v2.1 | ecotoxicity: freshwater | ecotoxicity: freshwater,ecotoxicity: freshwater,CTUe,0.0,CF_TRACI_v2_1__ecotoxicity_freshwater__ecotoxicity_freshwater__Carbon_dioxide_fossil__air__urban_air_close_to_ground,CTUe/kilogram,True
s_c2,BC2,biosphere|biosphere3|f9749677-9c9f-4678-ab55-c607dfdc2cb9,"biosphere::Carbon dioxide, fossil::air > urban air close to ground::kilogram",biosphere,"Carbon dioxide, fossil",biosphere3,f9749677-9c9f-4678-ab55-c607dfdc2cb9,,air > urban air close to ground,kilogram,TRACI_v2_1__photochemical_oxidant_formation__maximum_incremental_reactivity_MIR,TRACI v2.1 | photochemical oxidant formation | maximum incremental reactivity (MIR),photochemical oxidant formation,kg O3-Eq,0.0,CF_TRACI_v2_1__photochemical_oxidant_formation__maximum_incremental_reactivity_MIR__Carbon_dioxide_fossil__air__urban_air_close_to_ground,kg O3-Eq/kilogram,True
s_c2,BC2,biosphere|biosphere3|5f7aad3d-566c-4d0d-ad59-e765f971aa0f,"biosphere::Methane, fossil::air > urban air close to ground::kilogram",biosphere,"Methane, fossil",biosphere3,5f7aad3d-566c-4d0d-ad59-e765f971aa0f,,air > urban air close to ground,kilogram,IPCC_2021__climate_change__global_warming_potential_GWP100,IPCC 2021 | climate change | global warming potential (GWP100),climate change,kg CO2-Eq,29.8,CF_IPCC_2021__climate_change__global_warming_potential_GWP100__Methane_fossil__air__urban_air_close_to_ground,kg CO2-Eq/kilogram,True
s_c2,BC2,biosphere|biosphere3|5f7aad3d-566c-4d0d-ad59-e765f971aa0f,"biosphere::Methane, fossil::air > urban air close to ground::kilogram",biosphere,"Methane, fossil",biosphere3,5f7aad3d-566c-4d0d-ad59-e765f971aa0f,,air > urban air close to ground,kilogram,TRACI_v2_1__eutrophication__eutrophication_potential,TRACI v2.1 | eutrophication | eutrophication potential,eutrophication,kg N-Eq,0.0,CF_TRACI_v2_1__eutrophication__eutrophication_potential__Methane_fossil__air__urban_air_close_to_ground,kg N-Eq/kilogram,True
s_c2,BC2,biosphere|biosphere3|5f7aad3d-566c-4d0d-ad59-e765f971aa0f,"biosphere::Methane, fossil::air > urban air close to ground::kilogram",biosphere,"Methane, fossil",biosphere3,5f7aad3d-566c-4d0d-ad59-e765f971aa0f,,air > urban air close to ground,kilogram,TRACI_v2_1__acidification__acidification_potential_AP,TRACI v2.1 | acidification | acidification potential (AP),acidification,kg SO2-Eq,0.0,CF_TRACI_v2_1__acidification__acidification_potential_AP__Methane_fossil__air__urban_air_close_to_ground,kg SO2-Eq/kilogram,True
s_c2,BC2,biosphere|biosphere3|5f7aad3d-566c-4d0d-ad59-e765f971aa0f,"biosphere::Methane, fossil::air > urban air close to ground::kilogram",biosphere,"Methane, fossil",biosphere3,5f7aad3d-566c-4d0d-ad59-e765f971aa0f,,air > urban air close to ground,kilogram,TRACI_v2_1__particulate_matter_formation__particulate_matter_formation_potential_PMFP,TRACI v2.1 | particulate matter formation | particulate matter formation potential (PMFP),particulate matter formation,PM2.5-Eq,0.0,CF_TRACI_v2_1__particulate_matter_formation__particulate_matter_formation_potential_PMFP__Methane_fossil__air__urban_air_close_to_ground,PM2.5-Eq/kilogram,True
s_c2,BC2,biosphere|biosphere3|5f7aad3d-566c-4d0d-ad59-e765f971aa0f,"biosphere::Methane, fossil::air > urban air close to ground::kilogram",biosphere,"Methane, fossil",biosphere3,5f7aad3d-566c-4d0d-ad59-e765f971aa0f,,air > urban air close to ground,kilogram,TRACI_v2_1__ecotoxicity_freshwater__ecotoxicity_freshwater,TRACI v2.1 | ecotoxicity: freshwater | ecotoxicity: freshwater,ecotoxicity: freshwater,CTUe,0.0,CF_TRACI_v2_1__ecotoxicity_freshwater__ecotoxicity_freshwater__Methane_fossil__air__urban_air_close_to_ground,CTUe/kilogram,True
s_c2,BC2,biosphere|biosphere3|5f7aad3d-566c-4d0d-ad59-e765f971aa0f,"biosphere::Methane, fossil::air > urban air close to ground::kilogram",biosphere,"Methane, fossil",biosphere3,5f7aad3d-566c-4d0d-ad59-e765f971aa0f,,air > urban air close to ground,kilogram,TRACI_v2_1__photochemical_oxidant_formation__maximum_incremental_reactivity_MIR,TRACI v2.1 | photochemical oxidant formation | maximum incremental reactivity (MIR),photochemical oxidant formation,kg O3-Eq,0.01437948717948718,CF_TRACI_v2_1__photochemical_oxidant_formation__maximum_incremental_reactivity_MIR__Methane_fossil__air__urban_air_close_to_ground,kg O3-Eq/kilogram,True
s_c2,BC2,biosphere|biosphere3|6dc1b46f-ee89-4495-95c4-b8a637bcd6cb,biosphere::Dinitrogen monoxide::air > urban air close to ground::kilogram,biosphere,Dinitrogen monoxide,biosphere3,6dc1b46f-ee89-4495-95c4-b8a637bcd6cb,,air > urban air close to ground,kilogram,IPCC_2021__climate_change__global_warming_potential_GWP100,IPCC 2021 | climate change | global warming potential (GWP100),climate change,kg CO2-Eq,273.0,CF_IPCC_2021__climate_change__global_warming_potential_GWP100__Dinitrogen_monoxide__air__urban_air_close_to_ground,kg CO2-Eq/kilogram,True
s_c2,BC2,biosphere|biosphere3|6dc1b46f-ee89-4495-95c4-b8a637bcd6cb,biosphere::Dinitrogen monoxide::air > urban air close to ground::kilogram,biosphere,Dinitrogen monoxide,biosphere3,6dc1b46f-ee89-4495-95c4-b8a637bcd6cb,,air > urban air close to ground,kilogram,TRACI_v2_1__eutrophication__eutrophication_potential,TRACI v2.1 | eutrophication | eutrophication potential,eutrophication,kg N-Eq,0.0,CF_TRACI_v2_1__eutrophication__eutrophication_potential__Dinitrogen_monoxide__air__urban_air_close_to_ground,kg N-Eq/kilogram,True
s_c2,BC2,biosphere|biosphere3|6dc1b46f-ee89-4495-95c4-b8a637bcd6cb,biosphere::Dinitrogen monoxide::air > urban air close to ground::kilogram,biosphere,Dinitrogen monoxide,biosphere3,6dc1b46f-ee89-4495-95c4-b8a637bcd6cb,,air > urban air close to ground,kilogram,TRACI_v2_1__acidification__acidification_potential_AP,TRACI v2.1 | acidification | acidification potential (AP),acidification,kg SO2-Eq,0.0,CF_TRACI_v2_1__acidification__acidification_potential_AP__Dinitrogen_monoxide__air__urban_air_close_to_ground,kg SO2-Eq/kilogram,True
s_c2,BC2,biosphere|biosphere3|6dc1b46f-ee89-4495-95c4-b8a637bcd6cb,biosphere::Dinitrogen monoxide::air > urban air close to ground::kilogram,biosphere,Dinitrogen monoxide,biosphere3,6dc1b46f-ee89-4495-95c4-b8a637bcd6cb,,air > urban air close to ground,kilogram,TRACI_v2_1__particulate_matter_formation__particulate_matter_formation_potential_PMFP,TRACI v2.1 | particulate matter formation | particulate matter formation potential (PMFP),particulate matter formation,PM2.5-Eq,0.0,CF_TRACI_v2_1__particulate_matter_formation__particulate_matter_formation_potential_PMFP__Dinitrogen_monoxide__air__urban_air_close_to_ground,PM2.5-Eq/kilogram,True
s_c2,BC2,biosphere|biosphere3|6dc1b46f-ee89-4495-95c4-b8a637bcd6cb,biosphere::Dinitrogen monoxide::air > urban air close to ground::kilogram,biosphere,Dinitrogen monoxide,biosphere3,6dc1b46f-ee89-4495-95c4-b8a637bcd6cb,,air > urban air close to ground,kilogram,TRACI_v2_1__ecotoxicity_freshwater__ecotoxicity_freshwater,TRACI v2.1 | ecotoxicity: freshwater | ecotoxicity: freshwater,ecotoxicity: freshwater,CTUe,0.0,CF_TRACI_v2_1__ecotoxicity_freshwater__ecotoxicity_freshwater__Dinitrogen_monoxide__air__urban_air_close_to_ground,CTUe/kilogram,True
s_c2,BC2,biosphere|biosphere3|6dc1b46f-ee89-4495-95c4-b8a637bcd6cb,biosphere::Dinitrogen monoxide::air > urban air close to ground::kilogram,biosphere,Dinitrogen monoxide,biosphere3,6dc1b46f-ee89-4495-95c4-b8a637bcd6cb,,air > urban air close to ground,kilogram,TRACI_v2_1__photochemical_oxidant_formation__maximum_incremental_reactivity_MIR,TRACI v2.1 | photochemical oxidant formation | maximum incremental reactivity (MIR),photochemical oxidant formation,kg O3-Eq,0.0,CF_TRACI_v2_1__photochemical_oxidant_formation__maximum_incremental_reactivity_MIR__Dinitrogen_monoxide__air__urban_air_close_to_ground,kg O3-Eq/kilogram,True
s_c2,BC2,biosphere|graphite_prod_char|h2_by,"biosphere::hydrogen, byproduct::inventory indicator > output flow::kilogram",biosphere,"hydrogen, byproduct",graphite_prod_char,h2_by,,inventory indicator > output flow,kilogram,IPCC_2021__climate_change__global_warming_potential_GWP100,IPCC 2021 | climate change | global warming potential (GWP100),climate change,kg CO2-Eq,0.0,CF_IPCC_2021__climate_change__global_warming_potential_GWP100__hydrogen_byproduct__inventory_indicator__output_flow,kg CO2-Eq/kilogram,True
s_c2,BC2,biosphere|graphite_prod_char|h2_by,"biosphere::hydrogen, byproduct::inventory indicator > output flow::kilogram",biosphere,"hydrogen, byproduct",graphite_prod_char,h2_by,,inventory indicator > output flow,kilogram,TRACI_v2_1__eutrophication__eutrophication_potential,TRACI v2.1 | eutrophication | eutrophication potential,eutrophication,kg N-Eq,0.0,CF_TRACI_v2_1__eutrophication__eutrophication_potential__hydrogen_byproduct__inventory_indicator__output_flow,kg N-Eq/kilogram,True
s_c2,BC2,biosphere|graphite_prod_char|h2_by,"biosphere::hydrogen, byproduct::inventory indicator > output flow::kilogram",biosphere,"hydrogen, byproduct",graphite_prod_char,h2_by,,inventory indicator > output flow,kilogram,TRACI_v2_1__acidification__acidification_potential_AP,TRACI v2.1 | acidification | acidification potential (AP),acidification,kg SO2-Eq,0.0,CF_TRACI_v2_1__acidification__acidification_potential_AP__hydrogen_byproduct__inventory_indicator__output_flow,kg SO2-Eq/kilogram,True
s_c2,BC2,biosphere|graphite_prod_char|h2_by,"biosphere::hydrogen, byproduct::inventory indicator > output flow::kilogram",biosphere,"hydrogen, byproduct",graphite_prod_char,h2_by,,inventory indicator > output flow,kilogram,TRACI_v2_1__particulate_matter_formation__particulate_matter_formation_potential_PMFP,TRACI v2.1 | particulate matter formation | particulate matter formation potential (PMFP),particulate matter formation,PM2.5-Eq,0.0,CF_TRACI_v2_1__particulate_matter_formation__particulate_matter_formation_potential_PMFP__hydrogen_byproduct__inventory_indicator__output_flow,PM2.5-Eq/kilogram,True
s_c2,BC2,biosphere|graphite_prod_char|h2_by,"biosphere::hydrogen, byproduct::inventory indicator > output flow::kilogram",biosphere,"hydrogen, byproduct",graphite_prod_char,h2_by,,inventory indicator > output flow,kilogram,TRACI_v2_1__ecotoxicity_freshwater__ecotoxicity_freshwater,TRACI v2.1 | ecotoxicity: freshwater | ecotoxicity: freshwater,ecotoxicity: freshwater,CTUe,0.0,CF_TRACI_v2_1__ecotoxicity_freshwater__ecotoxicity_freshwater__hydrogen_byproduct__inventory_indicator__output_flow,CTUe/kilogram,True
s_c2,BC2,biosphere|graphite_prod_char|h2_by,"biosphere::hydrogen, byproduct::inventory indicator > output flow::kilogram",biosphere,"hydrogen, byproduct",graphite_prod_char,h2_by,,inventory indicator > output flow,kilogram,TRACI_v2_1__photochemical_oxidant_formation__maximum_incremental_reactivity_MIR,TRACI v2.1 | photochemical oxidant formation | maximum incremental reactivity (MIR),photochemical oxidant formation,kg O3-Eq,0.0,CF_TRACI_v2_1__photochemical_oxidant_formation__maximum_incremental_reactivity_MIR__hydrogen_byproduct__inventory_indicator__output_flow,kg O3-Eq/kilogram,True
s_c2,BC2,biosphere|graphite_prod_char|hydrocarbon_hytrt,"biosphere::hydrocarbon, from hydrotreating::inventory indicator > output flow::kilogram",biosphere,"hydrocarbon, from hydrotreating",graphite_prod_char,hydrocarbon_hytrt,,inventory indicator > output flow,kilogram,IPCC_2021__climate_change__global_warming_potential_GWP100,IPCC 2021 | climate change | global warming potential (GWP100),climate change,kg CO2-Eq,0.0,CF_IPCC_2021__climate_change__global_warming_potential_GWP100__hydrocarbon_from_hydrotreating__inventory_indicator__output_flow,kg CO2-Eq/kilogram,True
s_c2,BC2,biosphere|graphite_prod_char|hydrocarbon_hytrt,"biosphere::hydrocarbon, from hydrotreating::inventory indicator > output flow::kilogram",biosphere,"hydrocarbon, from hydrotreating",graphite_prod_char,hydrocarbon_hytrt,,inventory indicator > output flow,kilogram,TRACI_v2_1__eutrophication__eutrophication_potential,TRACI v2.1 | eutrophication | eutrophication potential,eutrophication,kg N-Eq,0.0,CF_TRACI_v2_1__eutrophication__eutrophication_potential__hydrocarbon_from_hydrotreating__inventory_indicator__output_flow,kg N-Eq/kilogram,True
s_c2,BC2,biosphere|graphite_prod_char|hydrocarbon_hytrt,"biosphere::hydrocarbon, from hydrotreating::inventory indicator > output flow::kilogram",biosphere,"hydrocarbon, from hydrotreating",graphite_prod_char,hydrocarbon_hytrt,,inventory indicator > output flow,kilogram,TRACI_v2_1__acidification__acidification_potential_AP,TRACI v2.1 | acidification | acidification potential (AP),acidification,kg SO2-Eq,0.0,CF_TRACI_v2_1__acidification__acidification_potential_AP__hydrocarbon_from_hydrotreating__inventory_indicator__output_flow,kg SO2-Eq/kilogram,True
s_c2,BC2,biosphere|graphite_prod_char|hydrocarbon_hytrt,"biosphere::hydrocarbon, from hydrotreating::inventory indicator > output flow::kilogram",biosphere,"hydrocarbon, from hydrotreating",graphite_prod_char,hydrocarbon_hytrt,,inventory indicator > output flow,kilogram,TRACI_v2_1__particulate_matter_formation__particulate_matter_formation_potential_PMFP,TRACI v2.1 | particulate matter formation | particulate matter formation potential (PMFP),particulate matter formation,PM2.5-Eq,0.0,CF_TRACI_v2_1__particulate_matter_formation__particulate_matter_formation_potential_PMFP__hydrocarbon_from_hydrotreating__inventory_indicator__output_flow,PM2.5-Eq/kilogram,True
s_c2,BC2,biosphere|graphite_prod_char|hydrocarbon_hytrt,"biosphere::hydrocarbon, from hydrotreating::inventory indicator > output flow::kilogram",biosphere,"hydrocarbon, from hydrotreating",graphite_prod_char,hydrocarbon_hytrt,,inventory indicator > output flow,kilogram,TRACI_v2_1__ecotoxicity_freshwater__ecotoxicity_freshwater,TRACI v2.1 | ecotoxicity: freshwater | ecotoxicity: freshwater,ecotoxicity: freshwater,CTUe,0.0,CF_TRACI_v2_1__ecotoxicity_freshwater__ecotoxicity_freshwater__hydrocarbon_from_hydrotreating__inventory_indicator__output_flow,CTUe/kilogram,True
s_c2,BC2,biosphere|graphite_prod_char|hydrocarbon_hytrt,"biosphere::hydrocarbon, from hydrotreating::inventory indicator > output flow::kilogram",biosphere,"hydrocarbon, from hydrotreating",graphite_prod_char,hydrocarbon_hytrt,,inventory indicator > output flow,kilogram,TRACI_v2_1__photochemical_oxidant_formation__maximum_incremental_reactivity_MIR,TRACI v2.1 | photochemical oxidant formation | maximum incremental reactivity (MIR),photochemical oxidant formation,kg O3-Eq,0.0,CF_TRACI_v2_1__photochemical_oxidant_formation__maximum_incremental_reactivity_MIR__hydrocarbon_from_hydrotreating__inventory_indicator__output_flow,kg O3-Eq/kilogram,True
s_c2,BC2,biosphere|graphite_prod_char|water_wwt,"biosphere::water out, from waste water management::inventory indicator > output flow::kilogram",biosphere,"water out, from waste water management",graphite_prod_char,water_wwt,,inventory indicator > output flow,kilogram,IPCC_2021__climate_change__global_warming_potential_GWP100,IPCC 2021 | climate change | global warming potential (GWP100),climate change,kg CO2-Eq,0.0,CF_IPCC_2021__climate_change__global_warming_potential_GWP100__water_out_from_waste_water_management__inventory_indicator__output_flow,kg CO2-Eq/kilogram,True
s_c2,BC2,biosphere|graphite_prod_char|water_wwt,"biosphere::water out, from waste water management::inventory indicator > output flow::kilogram",biosphere,"water out, from waste water management",graphite_prod_char,water_wwt,,inventory indicator > output flow,kilogram,TRACI_v2_1__eutrophication__eutrophication_potential,TRACI v2.1 | eutrophication | eutrophication potential,eutrophication,kg N-Eq,0.0,CF_TRACI_v2_1__eutrophication__eutrophication_potential__water_out_from_waste_water_management__inventory_indicator__output_flow,kg N-Eq/kilogram,True
s_c2,BC2,biosphere|graphite_prod_char|water_wwt,"biosphere::water out, from waste water management::inventory indicator > output flow::kilogram",biosphere,"water out, from waste water management",graphite_prod_char,water_wwt,,inventory indicator > output flow,kilogram,TRACI_v2_1__acidification__acidification_potential_AP,TRACI v2.1 | acidification | acidification potential (AP),acidification,kg SO2-Eq,0.0,CF_TRACI_v2_1__acidification__acidification_potential_AP__water_out_from_waste_water_management__inventory_indicator__output_flow,kg SO2-Eq/kilogram,True
s_c2,BC2,biosphere|graphite_prod_char|water_wwt,"biosphere::water out, from waste water management::inventory indicator > output flow::kilogram",biosphere,"water out, from waste water management",graphite_prod_char,water_wwt,,inventory indicator > output flow,kilogram,TRACI_v2_1__particulate_matter_formation__particulate_matter_formation_potential_PMFP,TRACI v2.1 | particulate matter formation | particulate matter formation potential (PMFP),particulate matter formation,PM2.5-Eq,0.0,CF_TRACI_v2_1__particulate_matter_formation__particulate_matter_formation_potential_PMFP__water_out_from_waste_water_management__inventory_indicator__output_flow,PM2.5-Eq/kilogram,True
s_c2,BC2,biosphere|graphite_prod_char|water_wwt,"biosphere::water out, from waste water management::inventory indicator > output flow::kilogram",biosphere,"water out, from waste water management",graphite_prod_char,water_wwt,,inventory indicator > output flow,kilogram,TRACI_v2_1__ecotoxicity_freshwater__ecotoxicity_freshwater,TRACI v2.1 | ecotoxicity: freshwater | ecotoxicity: freshwater,ecotoxicity: freshwater,CTUe,0.0,CF_TRACI_v2_1__ecotoxicity_freshwater__ecotoxicity_freshwater__water_out_from_waste_water_management__inventory_indicator__output_flow,CTUe/kilogram,True
s_c2,BC2,biosphere|graphite_prod_char|water_wwt,"biosphere::water out, from waste water management::inventory indicator > output flow::kilogram",biosphere,"water out, from waste water management",graphite_prod_char,water_wwt,,inventory indicator > output flow,kilogram,TRACI_v2_1__photochemical_oxidant_formation__maximum_incremental_reactivity_MIR,TRACI v2.1 | photochemical oxidant formation | maximum incremental reactivity (MIR),photochemical oxidant formation,kg O3-Eq,0.0,CF_TRACI_v2_1__photochemical_oxidant_formation__maximum_incremental_reactivity_MIR__water_out_from_waste_water_management__inventory_indicator__output_flow,kg O3-Eq/kilogram,True
s_c2,BC2,biosphere|biosphere3|afd6d670-bbb0-4625-9730-04088a5b035e,biosphere::Dinitrogen monoxide::air > non-urban air or from high stacks::kilogram,biosphere,Dinitrogen monoxide,biosphere3,afd6d670-bbb0-4625-9730-04088a5b035e,,air > non-urban air or from high stacks,kilogram,IPCC_2021__climate_change__global_warming_potential_GWP100,IPCC 2021 | climate change | global warming potential (GWP100),climate change,kg CO2-Eq,273.0,CF_IPCC_2021__climate_change__global_warming_potential_GWP100__Dinitrogen_monoxide__air__non_urban_air_or_from_high_stacks,kg CO2-Eq/kilogram,True
s_c2,BC2,biosphere|biosphere3|afd6d670-bbb0-4625-9730-04088a5b035e,biosphere::Dinitrogen monoxide::air > non-urban air or from high stacks::kilogram,biosphere,Dinitrogen monoxide,biosphere3,afd6d670-bbb0-4625-9730-04088a5b035e,,air > non-urban air or from high stacks,kilogram,TRACI_v2_1__eutrophication__eutrophication_potential,TRACI v2.1 | eutrophication | eutrophication potential,eutrophication,kg N-Eq,0.0,CF_TRACI_v2_1__eutrophication__eutrophication_potential__Dinitrogen_monoxide__air__non_urban_air_or_from_high_stacks,kg N-Eq/kilogram,True
s_c2,BC2,biosphere|biosphere3|afd6d670-bbb0-4625-9730-04088a5b035e,biosphere::Dinitrogen monoxide::air > non-urban air or from high stacks::kilogram,biosphere,Dinitrogen monoxide,biosphere3,afd6d670-bbb0-4625-9730-04088a5b035e,,air > non-urban air or from high stacks,kilogram,TRACI_v2_1__acidification__acidification_potential_AP,TRACI v2.1 | acidification | acidification potential (AP),acidification,kg SO2-Eq,0.0,CF_TRACI_v2_1__acidification__acidification_potential_AP__Dinitrogen_monoxide__air__non_urban_air_or_from_high_stacks,kg SO2-Eq/kilogram,True
s_c2,BC2,biosphere|biosphere3|afd6d670-bbb0-4625-9730-04088a5b035e,biosphere::Dinitrogen monoxide::air > non-urban air or from high stacks::kilogram,biosphere,Dinitrogen monoxide,biosphere3,afd6d670-bbb0-4625-9730-04088a5b035e,,air > non-urban air or from high stacks,kilogram,TRACI_v2_1__particulate_matter_formation__particulate_matter_formation_potential_PMFP,TRACI v2.1 | particulate matter formation | particulate matter formation potential (PMFP),particulate matter formation,PM2.5-Eq,0.0,CF_TRACI_v2_1__particulate_matter_formation__particulate_matter_formation_potential_PMFP__Dinitrogen_monoxide__air__non_urban_air_or_from_high_stacks,PM2.5-Eq/kilogram,True
s_c2,BC2,biosphere|biosphere3|afd6d670-bbb0-4625-9730-04088a5b035e,biosphere::Dinitrogen monoxide::air > non-urban air or from high stacks::kilogram,biosphere,Dinitrogen monoxide,biosphere3,afd6d670-bbb0-4625-9730-04088a5b035e,,air > non-urban air or from high stacks,kilogram,TRACI_v2_1__ecotoxicity_freshwater__ecotoxicity_freshwater,TRACI v2.1 | ecotoxicity: freshwater | ecotoxicity: freshwater,ecotoxicity: freshwater,CTUe,0.0,CF_TRACI_v2_1__ecotoxicity_freshwater__ecotoxicity_freshwater__Dinitrogen_monoxide__air__non_urban_air_or_from_high_stacks,CTUe/kilogram,True
s_c2,BC2,biosphere|biosphere3|afd6d670-bbb0-4625-9730-04088a5b035e,biosphere::Dinitrogen monoxide::air > non-urban air or from high stacks::kilogram,biosphere,Dinitrogen monoxide,biosphere3,afd6d670-bbb0-4625-9730-04088a5b035e,,air > non-urban air or from high stacks,kilogram,TRACI_v2_1__photochemical_oxidant_formation__maximum_incremental_reactivity_MIR,TRACI v2.1 | photochemical oxidant formation | maximum incremental reactivity (MIR),photochemical oxidant formation,kg O3-Eq,0.0,CF_TRACI_v2_1__photochemical_oxidant_formation__maximum_incremental_reactivity_MIR__Dinitrogen_monoxide__air__non_urban_air_or_from_high_stacks,kg O3-Eq/kilogram,True
s_c2,BC2,biosphere|biosphere3|77357947-ccc5-438e-9996-95e65e1e1bce,biosphere::Nitrogen oxides::air > non-urban air or from high stacks::kilogram,biosphere,Nitrogen oxides,biosphere3,77357947-ccc5-438e-9996-95e65e1e1bce,,air > non-urban air or from high stacks,kilogram,IPCC_2021__climate_change__global_warming_potential_GWP100,IPCC 2021 | climate change | global warming potential (GWP100),climate change,kg CO2-Eq,0.0,CF_IPCC_2021__climate_change__global_warming_potential_GWP100__Nitrogen_oxides__air__non_urban_air_or_from_high_stacks,kg CO2-Eq/kilogram,True
s_c2,BC2,biosphere|biosphere3|77357947-ccc5-438e-9996-95e65e1e1bce,biosphere::Nitrogen oxides::air > non-urban air or from high stacks::kilogram,biosphere,Nitrogen oxides,biosphere3,77357947-ccc5-438e-9996-95e65e1e1bce,,air > non-urban air or from high stacks,kilogram,TRACI_v2_1__eutrophication__eutrophication_potential,TRACI v2.1 | eutrophication | eutrophication potential,eutrophication,kg N-Eq,0.04429,CF_TRACI_v2_1__eutrophication__eutrophication_potential__Nitrogen_oxides__air__non_urban_air_or_from_high_stacks,kg N-Eq/kilogram,True
s_c2,BC2,biosphere|biosphere3|77357947-ccc5-438e-9996-95e65e1e1bce,biosphere::Nitrogen oxides::air > non-urban air or from high stacks::kilogram,biosphere,Nitrogen oxides,biosphere3,77357947-ccc5-438e-9996-95e65e1e1bce,,air > non-urban air or from high stacks,kilogram,TRACI_v2_1__acidification__acidification_potential_AP,TRACI v2.1 | acidification | acidification potential (AP),acidification,kg SO2-Eq,0.7,CF_TRACI_v2_1__acidification__acidification_potential_AP__Nitrogen_oxides__air__non_urban_air_or_from_high_stacks,kg SO2-Eq/kilogram,True
s_c2,BC2,biosphere|biosphere3|77357947-ccc5-438e-9996-95e65e1e1bce,biosphere::Nitrogen oxides::air > non-urban air or from high stacks::kilogram,biosphere,Nitrogen oxides,biosphere3,77357947-ccc5-438e-9996-95e65e1e1bce,,air > non-urban air or from high stacks,kilogram,TRACI_v2_1__particulate_matter_formation__particulate_matter_formation_potential_PMFP,TRACI v2.1 | particulate matter formation | particulate matter formation potential (PMFP),particulate matter formation,PM2.5-Eq,0.007222222222222222,CF_TRACI_v2_1__particulate_matter_formation__particulate_matter_formation_potential_PMFP__Nitrogen_oxides__air__non_urban_air_or_from_high_stacks,PM2.5-Eq/kilogram,True
s_c2,BC2,biosphere|biosphere3|77357947-ccc5-438e-9996-95e65e1e1bce,biosphere::Nitrogen oxides::air > non-urban air or from high stacks::kilogram,biosphere,Nitrogen oxides,biosphere3,77357947-ccc5-438e-9996-95e65e1e1bce,,air > non-urban air or from high stacks,kilogram,TRACI_v2_1__ecotoxicity_freshwater__ecotoxicity_freshwater,TRACI v2.1 | ecotoxicity: freshwater | ecotoxicity: freshwater,ecotoxicity: freshwater,CTUe,0.0,CF_TRACI_v2_1__ecotoxicity_freshwater__ecotoxicity_freshwater__Nitrogen_oxides__air__non_urban_air_or_from_high_stacks,CTUe/kilogram,True
s_c2,BC2,biosphere|biosphere3|77357947-ccc5-438e-9996-95e65e1e1bce,biosphere::Nitrogen oxides::air > non-urban air or from high stacks::kilogram,biosphere,Nitrogen oxides,biosphere3,77357947-ccc5-438e-9996-95e65e1e1bce,,air > non-urban air or from high stacks,kilogram,TRACI_v2_1__photochemical_oxidant_formation__maximum_incremental_reactivity_MIR,TRACI v2.1 | photochemical oxidant formation | maximum incremental reactivity (MIR),photochemical oxidant formation,kg O3-Eq,24.79358974358974,CF_TRACI_v2_1__photochemical_oxidant_formation__maximum_incremental_reactivity_MIR__Nitrogen_oxides__air__non_urban_air_or_from_high_stacks,kg O3-Eq/kilogram,True
s_c2,BC2,biosphere|graphite_prod_char|air,biosphere::air::natural resource > in air::kilogram,biosphere,air,graphite_prod_char,air,,natural resource > in air,kilogram,IPCC_2021__climate_change__global_warming_potential_GWP100,IPCC 2021 | climate change | global warming potential (GWP100),climate change,kg CO2-Eq,0.0,CF_IPCC_2021__climate_change__global_warming_potential_GWP100__air__natural_resource__in_air,kg CO2-Eq/kilogram,True
s_c2,BC2,biosphere|graphite_prod_char|air,biosphere::air::natural resource > in air::kilogram,biosphere,air,graphite_prod_char,air,,natural resource > in air,kilogram,TRACI_v2_1__eutrophication__eutrophication_potential,TRACI v2.1 | eutrophication | eutrophication potential,eutrophication,kg N-Eq,0.0,CF_TRACI_v2_1__eutrophication__eutrophication_potential__air__natural_resource__in_air,kg N-Eq/kilogram,True
s_c2,BC2,biosphere|graphite_prod_char|air,biosphere::air::natural resource > in air::kilogram,biosphere,air,graphite_prod_char,air,,natural resource > in air,kilogram,TRACI_v2_1__acidification__acidification_potential_AP,TRACI v2.1 | acidification | acidification potential (AP),acidification,kg SO2-Eq,0.0,CF_TRACI_v2_1__acidification__acidification_potential_AP__air__natural_resource__in_air,kg SO2-Eq/kilogram,True
s_c2,BC2,biosphere|graphite_prod_char|air,biosphere::air::natural resource > in air::kilogram,biosphere,air,graphite_prod_char,air,,natural resource > in air,kilogram,TRACI_v2_1__particulate_matter_formation__particulate_matter_formation_potential_PMFP,TRACI v2.1 | particulate matter formation | particulate matter formation potential (PMFP),particulate matter formation,PM2.5-Eq,0.0,CF_TRACI_v2_1__particulate_matter_formation__particulate_matter_formation_potential_PMFP__air__natural_resource__in_air,PM2.5-Eq/kilogram,True
s_c2,BC2,biosphere|graphite_prod_char|air,biosphere::air::natural resource > in air::kilogram,biosphere,air,graphite_prod_char,air,,natural resource > in air,kilogram,TRACI_v2_1__ecotoxicity_freshwater__ecotoxicity_freshwater,TRACI v2.1 | ecotoxicity: freshwater | ecotoxicity: freshwater,ecotoxicity: freshwater,CTUe,0.0,CF_TRACI_v2_1__ecotoxicity_freshwater__ecotoxicity_freshwater__air__natural_resource__in_air,CTUe/kilogram,True
s_c2,BC2,biosphere|graphite_prod_char|air,biosphere::air::natural resource > in air::kilogram,biosphere,air,graphite_prod_char,air,,natural resource > in air,kilogram,TRACI_v2_1__photochemical_oxidant_formation__maximum_incremental_reactivity_MIR,TRACI v2.1 | photochemical oxidant formation | maximum incremental reactivity (MIR),photochemical oxidant formation,kg O3-Eq,0.0,CF_TRACI_v2_1__photochemical_oxidant_formation__maximum_incremental_reactivity_MIR__air__natural_resource__in_air,kg O3-Eq/kilogram,True
s_c2,BC2,biosphere|graphite_prod_char|lp_steam,biosphere::low-pressure steam::inventory indicator > output flow::kilogram,biosphere,low-pressure steam,graphite_prod_char,lp_steam,,inventory indicator > output flow,kilogram,IPCC_2021__climate_change__global_warming_potential_GWP100,IPCC 2021 | climate change | global warming potential (GWP100),climate change,kg CO2-Eq,0.0,CF_IPCC_2021__climate_change__global_warming_potential_GWP100__low_pressure_steam__inventory_indicator__output_flow,kg CO2-Eq/kilogram,True
s_c2,BC2,biosphere|graphite_prod_char|lp_steam,biosphere::low-pressure steam::inventory indicator > output flow::kilogram,biosphere,low-pressure steam,graphite_prod_char,lp_steam,,inventory indicator > output flow,kilogram,TRACI_v2_1__eutrophication__eutrophication_potential,TRACI v2.1 | eutrophication | eutrophication potential,eutrophication,kg N-Eq,0.0,CF_TRACI_v2_1__eutrophication__eutrophication_potential__low_pressure_steam__inventory_indicator__output_flow,kg N-Eq/kilogram,True
s_c2,BC2,biosphere|graphite_prod_char|lp_steam,biosphere::low-pressure steam::inventory indicator > output flow::kilogram,biosphere,low-pressure steam,graphite_prod_char,lp_steam,,inventory indicator > output flow,kilogram,TRACI_v2_1__acidification__acidification_potential_AP,TRACI v2.1 | acidification | acidification potential (AP),acidification,kg SO2-Eq,0.0,CF_TRACI_v2_1__acidification__acidification_potential_AP__low_pressure_steam__inventory_indicator__output_flow,kg SO2-Eq/kilogram,True
s_c2,BC2,biosphere|graphite_prod_char|lp_steam,biosphere::low-pressure steam::inventory indicator > output flow::kilogram,biosphere,low-pressure steam,graphite_prod_char,lp_steam,,inventory indicator > output flow,kilogram,TRACI_v2_1__particulate_matter_formation__particulate_matter_formation_potential_PMFP,TRACI v2.1 | particulate matter formation | particulate matter formation potential (PMFP),particulate matter formation,PM2.5-Eq,0.0,CF_TRACI_v2_1__particulate_matter_formation__particulate_matter_formation_potential_PMFP__low_pressure_steam__inventory_indicator__output_flow,PM2.5-Eq/kilogram,True
s_c2,BC2,biosphere|graphite_prod_char|lp_steam,biosphere::low-pressure steam::inventory indicator > output flow::kilogram,biosphere,low-pressure steam,graphite_prod_char,lp_steam,,inventory indicator > output flow,kilogram,TRACI_v2_1__ecotoxicity_freshwater__ecotoxicity_freshwater,TRACI v2.1 | ecotoxicity: freshwater | ecotoxicity: freshwater,ecotoxicity: freshwater,CTUe,0.0,CF_TRACI_v2_1__ecotoxicity_freshwater__ecotoxicity_freshwater__low_pressure_steam__inventory_indicator__output_flow,CTUe/kilogram,True
s_c2,BC2,biosphere|graphite_prod_char|lp_steam,biosphere::low-pressure steam::inventory indicator > output flow::kilogram,biosphere,low-pressure steam,graphite_prod_char,lp_steam,,inventory indicator > output flow,kilogram,TRACI_v2_1__photochemical_oxidant_formation__maximum_incremental_reactivity_MIR,TRACI v2.1 | photochemical oxidant formation | maximum incremental reactivity (MIR),photochemical oxidant formation,kg O3-Eq,0.0,CF_TRACI_v2_1__photochemical_oxidant_formation__maximum_incremental_reactivity_MIR__low_pressure_steam__inventory_indicator__output_flow,kg O3-Eq/kilogram,True
s_c2,BC2,biosphere|graphite_prod_char|consdem_res,"biosphere::waste, construction and demolition::emission > soil::kilogram",biosphere,"waste, construction and demolition",graphite_prod_char,consdem_res,,emission > soil,kilogram,IPCC_2021__climate_change__global_warming_potential_GWP100,IPCC 2021 | climate change | global warming potential (GWP100),climate change,kg CO2-Eq,0.0,CF_IPCC_2021__climate_change__global_warming_potential_GWP100__waste_construction_and_demolition__emission__soil,kg CO2-Eq/kilogram,True
s_c2,BC2,biosphere|graphite_prod_char|consdem_res,"biosphere::waste, construction and demolition::emission > soil::kilogram",biosphere,"waste, construction and demolition",graphite_prod_char,consdem_res,,emission > soil,kilogram,TRACI_v2_1__eutrophication__eutrophication_potential,TRACI v2.1 | eutrophication | eutrophication potential,eutrophication,kg N-Eq,0.0,CF_TRACI_v2_1__eutrophication__eutrophication_potential__waste_construction_and_demolition__emission__soil,kg N-Eq/kilogram,True
s_c2,BC2,biosphere|graphite_prod_char|consdem_res,"biosphere::waste, construction and demolition::emission > soil::kilogram",biosphere,"waste, construction and demolition",graphite_prod_char,consdem_res,,emission > soil,kilogram,TRACI_v2_1__acidification__acidification_potential_AP,TRACI v2.1 | acidification | acidification potential (AP),acidification,kg SO2-Eq,0.0,CF_TRACI_v2_1__acidification__acidification_potential_AP__waste_construction_and_demolition__emission__soil,kg SO2-Eq/kilogram,True
s_c2,BC2,biosphere|graphite_prod_char|consdem_res,"biosphere::waste, construction and demolition::emission > soil::kilogram",biosphere,"waste, construction and demolition",graphite_prod_char,consdem_res,,emission > soil,kilogram,TRACI_v2_1__particulate_matter_formation__particulate_matter_formation_potential_PMFP,TRACI v2.1 | particulate matter formation | particulate matter formation potential (PMFP),particulate matter formation,PM2.5-Eq,0.0,CF_TRACI_v2_1__particulate_matter_formation__particulate_matter_formation_potential_PMFP__waste_construction_and_demolition__emission__soil,PM2.5-Eq/kilogram,True
s_c2,BC2,biosphere|graphite_prod_char|consdem_res,"biosphere::waste, construction and demolition::emission > soil::kilogram",biosphere,"waste, construction and demolition",graphite_prod_char,consdem_res,,emission > soil,kilogram,TRACI_v2_1__ecotoxicity_freshwater__ecotoxicity_freshwater,TRACI v2.1 | ecotoxicity: freshwater | ecotoxicity: freshwater,ecotoxicity: freshwater,CTUe,0.0,CF_TRACI_v2_1__ecotoxicity_freshwater__ecotoxicity_freshwater__waste_construction_and_demolition__emission__soil,CTUe/kilogram,True
s_c2,BC2,biosphere|graphite_prod_char|consdem_res,"biosphere::waste, construction and demolition::emission > soil::kilogram",biosphere,"waste, construction and demolition",graphite_prod_char,consdem_res,,emission > soil,kilogram,TRACI_v2_1__photochemical_oxidant_formation__maximum_incremental_reactivity_MIR,TRACI v2.1 | photochemical oxidant formation | maximum incremental reactivity (MIR),photochemical oxidant formation,kg O3-Eq,0.0,CF_TRACI_v2_1__photochemical_oxidant_formation__maximum_incremental_reactivity_MIR__waste_construction_and_demolition__emission__soil,kg O3-Eq/kilogram,True
s_c2,BC2,biosphere|biosphere3|af01e564-f816-4906-bd4f-b7c932f926b9,biosphere::Oxygen::natural resource > in air::kilogram,biosphere,Oxygen,biosphere3,af01e564-f816-4906-bd4f-b7c932f926b9,,natural resource > in air,kilogram,IPCC_2021__climate_change__global_warming_potential_GWP100,IPCC 2021 | climate change | global warming potential (GWP100),climate change,kg CO2-Eq,0.0,CF_IPCC_2021__climate_change__global_warming_potential_GWP100__Oxygen__natural_resource__in_air,kg CO2-Eq/kilogram,True
s_c2,BC2,biosphere|biosphere3|af01e564-f816-4906-bd4f-b7c932f926b9,biosphere::Oxygen::natural resource > in air::kilogram,biosphere,Oxygen,biosphere3,af01e564-f816-4906-bd4f-b7c932f926b9,,natural resource > in air,kilogram,TRACI_v2_1__eutrophication__eutrophication_potential,TRACI v2.1 | eutrophication | eutrophication potential,eutrophication,kg N-Eq,0.0,CF_TRACI_v2_1__eutrophication__eutrophication_potential__Oxygen__natural_resource__in_air,kg N-Eq/kilogram,True
s_c2,BC2,biosphere|biosphere3|af01e564-f816-4906-bd4f-b7c932f926b9,biosphere::Oxygen::natural resource > in air::kilogram,biosphere,Oxygen,biosphere3,af01e564-f816-4906-bd4f-b7c932f926b9,,natural resource > in air,kilogram,TRACI_v2_1__acidification__acidification_potential_AP,TRACI v2.1 | acidification | acidification potential (AP),acidification,kg SO2-Eq,0.0,CF_TRACI_v2_1__acidification__acidification_potential_AP__Oxygen__natural_resource__in_air,kg SO2-Eq/kilogram,True
s_c2,BC2,biosphere|biosphere3|af01e564-f816-4906-bd4f-b7c932f926b9,biosphere::Oxygen::natural resource > in air::kilogram,biosphere,Oxygen,biosphere3,af01e564-f816-4906-bd4f-b7c932f926b9,,natural resource > in air,kilogram,TRACI_v2_1__particulate_matter_formation__particulate_matter_formation_potential_PMFP,TRACI v2.1 | particulate matter formation | particulate matter formation potential (PMFP),particulate matter formation,PM2.5-Eq,0.0,CF_TRACI_v2_1__particulate_matter_formation__particulate_matter_formation_potential_PMFP__Oxygen__natural_resource__in_air,PM2.5-Eq/kilogram,True
s_c2,BC2,biosphere|biosphere3|af01e564-f816-4906-bd4f-b7c932f926b9,biosphere::Oxygen::natural resource > in air::kilogram,biosphere,Oxygen,biosphere3,af01e564-f816-4906-bd4f-b7c932f926b9,,natural resource > in air,kilogram,TRACI_v2_1__ecotoxicity_freshwater__ecotoxicity_freshwater,TRACI v2.1 | ecotoxicity: freshwater | ecotoxicity: freshwater,ecotoxicity: freshwater,CTUe,0.0,CF_TRACI_v2_1__ecotoxicity_freshwater__ecotoxicity_freshwater__Oxygen__natural_resource__in_air,CTUe/kilogram,True
s_c2,BC2,biosphere|biosphere3|af01e564-f816-4906-bd4f-b7c932f926b9,biosphere::Oxygen::natural resource > in air::kilogram,biosphere,Oxygen,biosphere3,af01e564-f816-4906-bd4f-b7c932f926b9,,natural resource > in air,kilogram,TRACI_v2_1__photochemical_oxidant_formation__maximum_incremental_reactivity_MIR,TRACI v2.1 | photochemical oxidant formation | maximum incremental reactivity (MIR),photochemical oxidant formation,kg O3-Eq,0.0,CF_TRACI_v2_1__photochemical_oxidant_formation__maximum_incremental_reactivity_MIR__Oxygen__natural_resource__in_air,kg O3-Eq/kilogram,True
s_c2,BC2,biosphere|graphite_prod_char|bio_co2,biosphere::biogenic co2::inventory indicator > output flow::kilogram,biosphere,biogenic co2,graphite_prod_char,bio_co2,,inventory indicator > output flow,kilogram,IPCC_2021__climate_change__global_warming_potential_GWP100,IPCC 2021 | climate change | global warming potential (GWP100),climate change,kg CO2-Eq,0.0,CF_IPCC_2021__climate_change__global_warming_potential_GWP100__biogenic_co2__inventory_indicator__output_flow,kg CO2-Eq/kilogram,True
s_c2,BC2,biosphere|graphite_prod_char|bio_co2,biosphere::biogenic co2::inventory indicator > output flow::kilogram,biosphere,biogenic co2,graphite_prod_char,bio_co2,,inventory indicator > output flow,kilogram,TRACI_v2_1__eutrophication__eutrophication_potential,TRACI v2.1 | eutrophication | eutrophication potential,eutrophication,kg N-Eq,0.0,CF_TRACI_v2_1__eutrophication__eutrophication_potential__biogenic_co2__inventory_indicator__output_flow,kg N-Eq/kilogram,True
s_c2,BC2,biosphere|graphite_prod_char|bio_co2,biosphere::biogenic co2::inventory indicator > output flow::kilogram,biosphere,biogenic co2,graphite_prod_char,bio_co2,,inventory indicator > output flow,kilogram,TRACI_v2_1__acidification__acidification_potential_AP,TRACI v2.1 | acidification | acidification potential (AP),acidification,kg SO2-Eq,0.0,CF_TRACI_v2_1__acidification__acidification_potential_AP__biogenic_co2__inventory_indicator__output_flow,kg SO2-Eq/kilogram,True
s_c2,BC2,biosphere|graphite_prod_char|bio_co2,biosphere::biogenic co2::inventory indicator > output flow::kilogram,biosphere,biogenic co2,graphite_prod_char,bio_co2,,inventory indicator > output flow,kilogram,TRACI_v2_1__particulate_matter_formation__particulate_matter_formation_potential_PMFP,TRACI v2.1 | particulate matter formation | particulate matter formation potential (PMFP),particulate matter formation,PM2.5-Eq,0.0,CF_TRACI_v2_1__particulate_matter_formation__particulate_matter_formation_potential_PMFP__biogenic_co2__inventory_indicator__output_flow,PM2.5-Eq/kilogram,True
s_c2,BC2,biosphere|graphite_prod_char|bio_co2,biosphere::biogenic co2::inventory indicator > output flow::kilogram,biosphere,biogenic co2,graphite_prod_char,bio_co2,,inventory indicator > output flow,kilogram,TRACI_v2_1__ecotoxicity_freshwater__ecotoxicity_freshwater,TRACI v2.1 | ecotoxicity: freshwater | ecotoxicity: freshwater,ecotoxicity: freshwater,CTUe,0.0,CF_TRACI_v2_1__ecotoxicity_freshwater__ecotoxicity_freshwater__biogenic_co2__inventory_indicator__output_flow,CTUe/kilogram,True
s_c2,BC2,biosphere|graphite_prod_char|bio_co2,biosphere::biogenic co2::inventory indicator > output flow::kilogram,biosphere,biogenic co2,graphite_prod_char,bio_co2,,inventory indicator > output flow,kilogram,TRACI_v2_1__photochemical_oxidant_formation__maximum_incremental_reactivity_MIR,TRACI v2.1 | photochemical oxidant formation | maximum incremental reactivity (MIR),photochemical oxidant formation,kg O3-Eq,0.0,CF_TRACI_v2_1__photochemical_oxidant_formation__maximum_incremental_reactivity_MIR__biogenic_co2__inventory_indicator__output_flow,kg O3-Eq/kilogram,True
s_c2,BC2,biosphere|biosphere3|8c1494a5-4987-4715-aa2d-1908c495f4eb,"biosphere::Water, turbine use, unspecified natural origin::natural resource > in water::cubic meter",biosphere,"Water, turbine use, unspecified natural origin",biosphere3,8c1494a5-4987-4715-aa2d-1908c495f4eb,,natural resource > in water,cubic meter,IPCC_2021__climate_change__global_warming_potential_GWP100,IPCC 2021 | climate change | global warming potential (GWP100),climate change,kg CO2-Eq,0.0,CF_IPCC_2021__climate_change__global_warming_potential_GWP100__Water_turbine_use_unspecified_natural_origin__natural_resource__in_water,kg CO2-Eq/cubic meter,True
s_c2,BC2,biosphere|biosphere3|8c1494a5-4987-4715-aa2d-1908c495f4eb,"biosphere::Water, turbine use, unspecified natural origin::natural resource > in water::cubic meter",biosphere,"Water, turbine use, unspecified natural origin",biosphere3,8c1494a5-4987-4715-aa2d-1908c495f4eb,,natural resource > in water,cubic meter,TRACI_v2_1__eutrophication__eutrophication_potential,TRACI v2.1 | eutrophication | eutrophication potential,eutrophication,kg N-Eq,0.0,CF_TRACI_v2_1__eutrophication__eutrophication_potential__Water_turbine_use_unspecified_natural_origin__natural_resource__in_water,kg N-Eq/cubic meter,True
s_c2,BC2,biosphere|biosphere3|8c1494a5-4987-4715-aa2d-1908c495f4eb,"biosphere::Water, turbine use, unspecified natural origin::natural resource > in water::cubic meter",biosphere,"Water, turbine use, unspecified natural origin",biosphere3,8c1494a5-4987-4715-aa2d-1908c495f4eb,,natural resource > in water,cubic meter,TRACI_v2_1__acidification__acidification_potential_AP,TRACI v2.1 | acidification | acidification potential (AP),acidification,kg SO2-Eq,0.0,CF_TRACI_v2_1__acidification__acidification_potential_AP__Water_turbine_use_unspecified_natural_origin__natural_resource__in_water,kg SO2-Eq/cubic meter,True
s_c2,BC2,biosphere|biosphere3|8c1494a5-4987-4715-aa2d-1908c495f4eb,"biosphere::Water, turbine use, unspecified natural origin::natural resource > in water::cubic meter",biosphere,"Water, turbine use, unspecified natural origin",biosphere3,8c1494a5-4987-4715-aa2d-1908c495f4eb,,natural resource > in water,cubic meter,TRACI_v2_1__particulate_matter_formation__particulate_matter_formation_potential_PMFP,TRACI v2.1 | particulate matter formation | particulate matter formation potential (PMFP),particulate matter formation,PM2.5-Eq,0.0,CF_TRACI_v2_1__particulate_matter_formation__particulate_matter_formation_potential_PMFP__Water_turbine_use_unspecified_natural_origin__natural_resource__in_water,PM2.5-Eq/cubic meter,True
s_c2,BC2,biosphere|biosphere3|8c1494a5-4987-4715-aa2d-1908c495f4eb,"biosphere::Water, turbine use, unspecified natural origin::natural resource > in water::cubic meter",biosphere,"Water, turbine use, unspecified natural origin",biosphere3,8c1494a5-4987-4715-aa2d-1908c495f4eb,,natural resource > in water,cubic meter,TRACI_v2_1__ecotoxicity_freshwater__ecotoxicity_freshwater,TRACI v2.1 | ecotoxicity: freshwater | ecotoxicity: freshwater,ecotoxicity: freshwater,CTUe,0.0,CF_TRACI_v2_1__ecotoxicity_freshwater__ecotoxicity_freshwater__Water_turbine_use_unspecified_natural_origin__natural_resource__in_water,CTUe/cubic meter,True
s_c2,BC2,biosphere|biosphere3|8c1494a5-4987-4715-aa2d-1908c495f4eb,"biosphere::Water, turbine use, unspecified natural origin::natural resource > in water::cubic meter",biosphere,"Water, turbine use, unspecified natural origin",biosphere3,8c1494a5-4987-4715-aa2d-1908c495f4eb,,natural resource > in water,cubic meter,TRACI_v2_1__photochemical_oxidant_formation__maximum_incremental_reactivity_MIR,TRACI v2.1 | photochemical oxidant formation | maximum incremental reactivity (MIR),photochemical oxidant formation,kg O3-Eq,0.0,CF_TRACI_v2_1__photochemical_oxidant_formation__maximum_incremental_reactivity_MIR__Water_turbine_use_unspecified_natural_origin__natural_resource__in_water,kg O3-Eq/cubic meter,True
s_c2,BC2,biosphere|graphite_prod_char|water_chem,"biosphere::water, in chemical::inventory indicator > output flow::kilogram",biosphere,"water, in chemical",graphite_prod_char,water_chem,,inventory indicator > output flow,kilogram,IPCC_2021__climate_change__global_warming_potential_GWP100,IPCC 2021 | climate change | global warming potential (GWP100),climate change,kg CO2-Eq,0.0,CF_IPCC_2021__climate_change__global_warming_potential_GWP100__water_in_chemical__inventory_indicator__output_flow,kg CO2-Eq/kilogram,True
s_c2,BC2,biosphere|graphite_prod_char|water_chem,"biosphere::water, in chemical::inventory indicator > output flow::kilogram",biosphere,"water, in chemical",graphite_prod_char,water_chem,,inventory indicator > output flow,kilogram,TRACI_v2_1__eutrophication__eutrophication_potential,TRACI v2.1 | eutrophication | eutrophication potential,eutrophication,kg N-Eq,0.0,CF_TRACI_v2_1__eutrophication__eutrophication_potential__water_in_chemical__inventory_indicator__output_flow,kg N-Eq/kilogram,True
s_c2,BC2,biosphere|graphite_prod_char|water_chem,"biosphere::water, in chemical::inventory indicator > output flow::kilogram",biosphere,"water, in chemical",graphite_prod_char,water_chem,,inventory indicator > output flow,kilogram,TRACI_v2_1__acidification__acidification_potential_AP,TRACI v2.1 | acidification | acidification potential (AP),acidification,kg SO2-Eq,0.0,CF_TRACI_v2_1__acidification__acidification_potential_AP__water_in_chemical__inventory_indicator__output_flow,kg SO2-Eq/kilogram,True
s_c2,BC2,biosphere|graphite_prod_char|water_chem,"biosphere::water, in chemical::inventory indicator > output flow::kilogram",biosphere,"water, in chemical",graphite_prod_char,water_chem,,inventory indicator > output flow,kilogram,TRACI_v2_1__particulate_matter_formation__particulate_matter_formation_potential_PMFP,TRACI v2.1 | particulate matter formation | particulate matter formation potential (PMFP),particulate matter formation,PM2.5-Eq,0.0,CF_TRACI_v2_1__particulate_matter_formation__particulate_matter_formation_potential_PMFP__water_in_chemical__inventory_indicator__output_flow,PM2.5-Eq/kilogram,True
s_c2,BC2,biosphere|graphite_prod_char|water_chem,"biosphere::water, in chemical::inventory indicator > output flow::kilogram",biosphere,"water, in chemical",graphite_prod_char,water_chem,,inventory indicator > output flow,kilogram,TRACI_v2_1__ecotoxicity_freshwater__ecotoxicity_freshwater,TRACI v2.1 | ecotoxicity: freshwater | ecotoxicity: freshwater,ecotoxicity: freshwater,CTUe,0.0,CF_TRACI_v2_1__ecotoxicity_freshwater__ecotoxicity_freshwater__water_in_chemical__inventory_indicator__output_flow,CTUe/kilogram,True
s_c2,BC2,biosphere|graphite_prod_char|water_chem,"biosphere::water, in chemical::inventory indicator > output flow::kilogram",biosphere,"water, in chemical",graphite_prod_char,water_chem,,inventory indicator > output flow,kilogram,TRACI_v2_1__photochemical_oxidant_formation__maximum_incremental_reactivity_MIR,TRACI v2.1 | photochemical oxidant formation | maximum incremental reactivity (MIR),photochemical oxidant formation,kg O3-Eq,0.0,CF_TRACI_v2_1__photochemical_oxidant_formation__maximum_incremental_reactivity_MIR__water_in_chemical__inventory_indicator__output_flow,kg O3-Eq/kilogram,True
s_c2,BC2,biosphere|graphite_prod_char|solids_wwt,"biosphere::solids, from waste water management::inventory indicator > output flow::kilogram",biosphere,"solids, from waste water management",graphite_prod_char,solids_wwt,,inventory indicator > output flow,kilogram,IPCC_2021__climate_change__global_warming_potential_GWP100,IPCC 2021 | climate change | global warming potential (GWP100),climate change,kg CO2-Eq,0.0,CF_IPCC_2021__climate_change__global_warming_potential_GWP100__solids_from_waste_water_management__inventory_indicator__output_flow,kg CO2-Eq/kilogram,True
s_c2,BC2,biosphere|graphite_prod_char|solids_wwt,"biosphere::solids, from waste water management::inventory indicator > output flow::kilogram",biosphere,"solids, from waste water management",graphite_prod_char,solids_wwt,,inventory indicator > output flow,kilogram,TRACI_v2_1__eutrophication__eutrophication_potential,TRACI v2.1 | eutrophication | eutrophication potential,eutrophication,kg N-Eq,0.0,CF_TRACI_v2_1__eutrophication__eutrophication_potential__solids_from_waste_water_management__inventory_indicator__output_flow,kg N-Eq/kilogram,True
s_c2,BC2,biosphere|graphite_prod_char|solids_wwt,"biosphere::solids, from waste water management::inventory indicator > output flow::kilogram",biosphere,"solids, from waste water management",graphite_prod_char,solids_wwt,,inventory indicator > output flow,kilogram,TRACI_v2_1__acidification__acidification_potential_AP,TRACI v2.1 | acidification | acidification potential (AP),acidification,kg SO2-Eq,0.0,CF_TRACI_v2_1__acidification__acidification_potential_AP__solids_from_waste_water_management__inventory_indicator__output_flow,kg SO2-Eq/kilogram,True
s_c2,BC2,biosphere|graphite_prod_char|solids_wwt,"biosphere::solids, from waste water management::inventory indicator > output flow::kilogram",biosphere,"solids, from waste water management",graphite_prod_char,solids_wwt,,inventory indicator > output flow,kilogram,TRACI_v2_1__particulate_matter_formation__particulate_matter_formation_potential_PMFP,TRACI v2.1 | particulate matter formation | particulate matter formation potential (PMFP),particulate matter formation,PM2.5-Eq,0.0,CF_TRACI_v2_1__particulate_matter_formation__particulate_matter_formation_potential_PMFP__solids_from_waste_water_management__inventory_indicator__output_flow,PM2.5-Eq/kilogram,True
s_c2,BC2,biosphere|graphite_prod_char|solids_wwt,"biosphere::solids, from waste water management::inventory indicator > output flow::kilogram",biosphere,"solids, from waste water management",graphite_prod_char,solids_wwt,,inventory indicator > output flow,kilogram,TRACI_v2_1__ecotoxicity_freshwater__ecotoxicity_freshwater,TRACI v2.1 | ecotoxicity: freshwater | ecotoxicity: freshwater,ecotoxicity: freshwater,CTUe,0.0,CF_TRACI_v2_1__ecotoxicity_freshwater__ecotoxicity_freshwater__solids_from_waste_water_management__inventory_indicator__output_flow,CTUe/kilogram,True
s_c2,BC2,biosphere|graphite_prod_char|solids_wwt,"biosphere::solids, from waste water management::inventory indicator > output flow::kilogram",biosphere,"solids, from waste water management",graphite_prod_char,solids_wwt,,inventory indicator > output flow,kilogram,TRACI_v2_1__photochemical_oxidant_formation__maximum_incremental_reactivity_MIR,TRACI v2.1 | photochemical oxidant formation | maximum incremental reactivity (MIR),photochemical oxidant formation,kg O3-Eq,0.0,CF_TRACI_v2_1__photochemical_oxidant_formation__maximum_incremental_reactivity_MIR__solids_from_waste_water_management__inventory_indicator__output_flow,kg O3-Eq/kilogram,True
s_o1,BO1,technosphere|ei39_cutoff|b613a0e604fce45d4146006a310d2872,technosphere::market for diesel::RoW::kilogram,technosphere,market for diesel,ei39_cutoff,b613a0e604fce45d4146006a310d2872,RoW,,kilogram,IPCC_2021__climate_change__global_warming_potential_GWP100,IPCC 2021 | climate change | global warming potential (GWP100),climate change,kg CO2-Eq,0.7855065768270255,UF_IPCC_2021__climate_change__global_warming_potential_GWP100__market_for_diesel__RoW,kg CO2-Eq/kilogram,True
s_o1,BO1,technosphere|ei39_cutoff|b613a0e604fce45d4146006a310d2872,technosphere::market for diesel::RoW::kilogram,technosphere,market for diesel,ei39_cutoff,b613a0e604fce45d4146006a310d2872,RoW,,kilogram,TRACI_v2_1__eutrophication__eutrophication_potential,TRACI v2.1 | eutrophication | eutrophication potential,eutrophication,kg N-Eq,5.534885493664747e-05,UF_TRACI_v2_1__eutrophication__eutrophication_potential__market_for_diesel__RoW,kg N-Eq/kilogram,True
s_o1,BO1,technosphere|ei39_cutoff|b613a0e604fce45d4146006a310d2872,technosphere::market for diesel::RoW::kilogram,technosphere,market for diesel,ei39_cutoff,b613a0e604fce45d4146006a310d2872,RoW,,kilogram,TRACI_v2_1__acidification__acidification_potential_AP,TRACI v2.1 | acidification | acidification potential (AP),acidification,kg SO2-Eq,0.0008664561085526,UF_TRACI_v2_1__acidification__acidification_potential_AP__market_for_diesel__RoW,kg SO2-Eq/kilogram,True
s_o1,BO1,technosphere|ei39_cutoff|b613a0e604fce45d4146006a310d2872,technosphere::market for diesel::RoW::kilogram,technosphere,market for diesel,ei39_cutoff,b613a0e604fce45d4146006a310d2872,RoW,,kilogram,TRACI_v2_1__particulate_matter_formation__particulate_matter_formation_potential_PMFP,TRACI v2.1 | particulate matter formation | particulate matter formation potential (PMFP),particulate matter formation,PM2.5-Eq,5.986248947905587e-05,UF_TRACI_v2_1__particulate_matter_formation__particulate_matter_formation_potential_PMFP__market_for_diesel__RoW,PM2.5-Eq/kilogram,True
s_o1,BO1,technosphere|ei39_cutoff|b613a0e604fce45d4146006a310d2872,technosphere::market for diesel::RoW::kilogram,technosphere,market for diesel,ei39_cutoff,b613a0e604fce45d4146006a310d2872,RoW,,kilogram,TRACI_v2_1__ecotoxicity_freshwater__ecotoxicity_freshwater,TRACI v2.1 | ecotoxicity: freshwater | ecotoxicity: freshwater,ecotoxicity: freshwater,CTUe,0.3569564404307646,UF_TRACI_v2_1__ecotoxicity_freshwater__ecotoxicity_freshwater__market_for_diesel__RoW,CTUe/kilogram,True
s_o1,BO1,technosphere|ei39_cutoff|b613a0e604fce45d4146006a310d2872,technosphere::market for diesel::RoW::kilogram,technosphere,market for diesel,ei39_cutoff,b613a0e604fce45d4146006a310d2872,RoW,,kilogram,TRACI_v2_1__photochemical_oxidant_formation__maximum_incremental_reactivity_MIR,TRACI v2.1 | photochemical oxidant formation | maximum incremental reactivity (MIR),photochemical oxidant formation,kg O3-Eq,0.022312976481666,UF_TRACI_v2_1__photochemical_oxidant_formation__maximum_incremental_reactivity_MIR__market_for_diesel__RoW,kg O3-Eq/kilogram,True
s_o1,BO1,technosphere|ei39_cutoff|3ee7c8858925e7de6a8ca0eb548143f7,"technosphere::market for inorganic nitrogen fertiliser, as N::US::kilogram",technosphere,"market for inorganic nitrogen fertiliser, as N",ei39_cutoff,3ee7c8858925e7de6a8ca0eb548143f7,US,,kilogram,IPCC_2021__climate_change__global_warming_potential_GWP100,IPCC 2021 | climate change | global warming potential (GWP100),climate change,kg CO2-Eq,5.31569423967388,UF_IPCC_2021__climate_change__global_warming_potential_GWP100__market_for_inorganic_nitrogen_fertiliser_as_N__US,kg CO2-Eq/kilogram,True
s_o1,BO1,technosphere|ei39_cutoff|3ee7c8858925e7de6a8ca0eb548143f7,"technosphere::market for inorganic nitrogen fertiliser, as N::US::kilogram",technosphere,"market for inorganic nitrogen fertiliser, as N",ei39_cutoff,3ee7c8858925e7de6a8ca0eb548143f7,US,,kilogram,TRACI_v2_1__eutrophication__eutrophication_potential,TRACI v2.1 | eutrophication | eutrophication potential,eutrophication,kg N-Eq,0.009845524895215374,UF_TRACI_v2_1__eutrophication__eutrophication_potential__market_for_inorganic_nitrogen_fertiliser_as_N__US,kg N-Eq/kilogram,True
s_o1,BO1,technosphere|ei39_cutoff|3ee7c8858925e7de6a8ca0eb548143f7,"technosphere::market for inorganic nitrogen fertiliser, as N::US::kilogram",technosphere,"market for inorganic nitrogen fertiliser, as N",ei39_cutoff,3ee7c8858925e7de6a8ca0eb548143f7,US,,kilogram,TRACI_v2_1__acidification__acidification_potential_AP,TRACI v2.1 | acidification | acidification potential (AP),acidification,kg SO2-Eq,0.020346980694298508,UF_TRACI_v2_1__acidification__acidification_potential_AP__market_for_inorganic_nitrogen_fertiliser_as_N__US,kg SO2-Eq/kilogram,True
s_o1,BO1,technosphere|ei39_cutoff|3ee7c8858925e7de6a8ca0eb548143f7,"technosphere::market for inorganic nitrogen fertiliser, as N::US::kilogram",technosphere,"market for inorganic nitrogen fertiliser, as N",ei39_cutoff,3ee7c8858925e7de6a8ca0eb548143f7,US,,kilogram,TRACI_v2_1__particulate_matter_formation__particulate_matter_formation_potential_PMFP,TRACI v2.1 | particulate matter formation | particulate matter formation potential (PMFP),particulate matter formation,PM2.5-Eq,0.002738871078875597,UF_TRACI_v2_1__particulate_matter_formation__particulate_matter_formation_potential_PMFP__market_for_inorganic_nitrogen_fertiliser_as_N__US,PM2.5-Eq/kilogram,True
s_o1,BO1,technosphere|ei39_cutoff|3ee7c8858925e7de6a8ca0eb548143f7,"technosphere::market for inorganic nitrogen fertiliser, as N::US::kilogram",technosphere,"market for inorganic nitrogen fertiliser, as N",ei39_cutoff,3ee7c8858925e7de6a8ca0eb548143f7,US,,kilogram,TRACI_v2_1__ecotoxicity_freshwater__ecotoxicity_freshwater,TRACI v2.1 | ecotoxicity: freshwater | ecotoxicity: freshwater,ecotoxicity: freshwater,CTUe,105.57973834340225,UF_TRACI_v2_1__ecotoxicity_freshwater__ecotoxicity_freshwater__market_for_inorganic_nitrogen_fertiliser_as_N__US,CTUe/kilogram,True
s_o1,BO1,technosphere|ei39_cutoff|3ee7c8858925e7de6a8ca0eb548143f7,"technosphere::market for inorganic nitrogen fertiliser, as N::US::kilogram",technosphere,"market for inorganic nitrogen fertiliser, as N",ei39_cutoff,3ee7c8858925e7de6a8ca0eb548143f7,US,,kilogram,TRACI_v2_1__photochemical_oxidant_formation__maximum_incremental_reactivity_MIR,TRACI v2.1 | photochemical oxidant formation | maximum incremental reactivity (MIR),photochemical oxidant formation,kg O3-Eq,0.2539161574899437,UF_TRACI_v2_1__photochemical_oxidant_formation__maximum_incremental_reactivity_MIR__market_for_inorganic_nitrogen_fertiliser_as_N__US,kg O3-Eq/kilogram,True
s_o1,BO1,technosphere|ei39_cutoff|697927891e43c4b12144bd4422a3a4a0,"technosphere::market for inorganic phosphorus fertiliser, as P2O5::US::kilogram",technosphere,"market for inorganic phosphorus fertiliser, as P2O5",ei39_cutoff,697927891e43c4b12144bd4422a3a4a0,US,,kilogram,IPCC_2021__climate_change__global_warming_potential_GWP100,IPCC 2021 | climate change | global warming potential (GWP100),climate change,kg CO2-Eq,3.0735318581253863,UF_IPCC_2021__climate_change__global_warming_potential_GWP100__market_for_inorganic_phosphorus_fertiliser_as_P2O5__US,kg CO2-Eq/kilogram,True
s_o1,BO1,technosphere|ei39_cutoff|697927891e43c4b12144bd4422a3a4a0,"technosphere::market for inorganic phosphorus fertiliser, as P2O5::US::kilogram",technosphere,"market for inorganic phosphorus fertiliser, as P2O5",ei39_cutoff,697927891e43c4b12144bd4422a3a4a0,US,,kilogram,TRACI_v2_1__eutrophication__eutrophication_potential,TRACI v2.1 | eutrophication | eutrophication potential,eutrophication,kg N-Eq,0.009368889401123553,UF_TRACI_v2_1__eutrophication__eutrophication_potential__market_for_inorganic_phosphorus_fertiliser_as_P2O5__US,kg N-Eq/kilogram,True
s_o1,BO1,technosphere|ei39_cutoff|697927891e43c4b12144bd4422a3a4a0,"technosphere::market for inorganic phosphorus fertiliser, as P2O5::US::kilogram",technosphere,"market for inorganic phosphorus fertiliser, as P2O5",ei39_cutoff,697927891e43c4b12144bd4422a3a4a0,US,,kilogram,TRACI_v2_1__acidification__acidification_potential_AP,TRACI v2.1 | acidification | acidification potential (AP),acidification,kg SO2-Eq,0.015889176293569156,UF_TRACI_v2_1__acidification__acidification_potential_AP__market_for_inorganic_phosphorus_fertiliser_as_P2O5__US,kg SO2-Eq/kilogram,True
s_o1,BO1,technosphere|ei39_cutoff|697927891e43c4b12144bd4422a3a4a0,"technosphere::market for inorganic phosphorus fertiliser, as P2O5::US::kilogram",technosphere,"market for inorganic phosphorus fertiliser, as P2O5",ei39_cutoff,697927891e43c4b12144bd4422a3a4a0,US,,kilogram,TRACI_v2_1__particulate_matter_formation__particulate_matter_formation_potential_PMFP,TRACI v2.1 | particulate matter formation | particulate matter formation potential (PMFP),particulate matter formation,PM2.5-Eq,0.002784176115440789,UF_TRACI_v2_1__particulate_matter_formation__particulate_matter_formation_potential_PMFP__market_for_inorganic_phosphorus_fertiliser_as_P2O5__US,PM2.5-Eq/kilogram,True
s_o1,BO1,technosphere|ei39_cutoff|697927891e43c4b12144bd4422a3a4a0,"technosphere::market for inorganic phosphorus fertiliser, as P2O5::US::kilogram",technosphere,"market for inorganic phosphorus fertiliser, as P2O5",ei39_cutoff,697927891e43c4b12144bd4422a3a4a0,US,,kilogram,TRACI_v2_1__ecotoxicity_freshwater__ecotoxicity_freshwater,TRACI v2.1 | ecotoxicity: freshwater | ecotoxicity: freshwater,ecotoxicity: freshwater,CTUe,73.62663883652155,UF_TRACI_v2_1__ecotoxicity_freshwater__ecotoxicity_freshwater__market_for_inorganic_phosphorus_fertiliser_as_P2O5__US,CTUe/kilogram,True
s_o1,BO1,technosphere|ei39_cutoff|697927891e43c4b12144bd4422a3a4a0,"technosphere::market for inorganic phosphorus fertiliser, as P2O5::US::kilogram",technosphere,"market for inorganic phosphorus fertiliser, as P2O5",ei39_cutoff,697927891e43c4b12144bd4422a3a4a0,US,,kilogram,TRACI_v2_1__photochemical_oxidant_formation__maximum_incremental_reactivity_MIR,TRACI v2.1 | photochemical oxidant formation | maximum incremental reactivity (MIR),photochemical oxidant formation,kg O3-Eq,0.2076304200939686,UF_TRACI_v2_1__photochemical_oxidant_formation__maximum_incremental_reactivity_MIR__market_for_inorganic_phosphorus_fertiliser_as_P2O5__US,kg O3-Eq/kilogram,True
s_o1,BO1,technosphere|ei39_cutoff|0123b5c80d7e3ceeab025ca4b17ad9aa,"technosphere::market for inorganic potassium fertiliser, as K2O::US::kilogram",technosphere,"market for inorganic potassium fertiliser, as K2O",ei39_cutoff,0123b5c80d7e3ceeab025ca4b17ad9aa,US,,kilogram,IPCC_2021__climate_change__global_warming_potential_GWP100,IPCC 2021 | climate change | global warming potential (GWP100),climate change,kg CO2-Eq,2.0389412842323815,UF_IPCC_2021__climate_change__global_warming_potential_GWP100__market_for_inorganic_potassium_fertiliser_as_K2O__US,kg CO2-Eq/kilogram,True
s_o1,BO1,technosphere|ei39_cutoff|0123b5c80d7e3ceeab025ca4b17ad9aa,"technosphere::market for inorganic potassium fertiliser, as K2O::US::kilogram",technosphere,"market for inorganic potassium fertiliser, as K2O",ei39_cutoff,0123b5c80d7e3ceeab025ca4b17ad9aa,US,,kilogram,TRACI_v2_1__eutrophication__eutrophication_potential,TRACI v2.1 | eutrophication | eutrophication potential,eutrophication,kg N-Eq,0.004363023625916374,UF_TRACI_v2_1__eutrophication__eutrophication_potential__market_for_inorganic_potassium_fertiliser_as_K2O__US,kg N-Eq/kilogram,True
s_o1,BO1,technosphere|ei39_cutoff|0123b5c80d7e3ceeab025ca4b17ad9aa,"technosphere::market for inorganic potassium fertiliser, as K2O::US::kilogram",technosphere,"market for inorganic potassium fertiliser, as K2O",ei39_cutoff,0123b5c80d7e3ceeab025ca4b17ad9aa,US,,kilogram,TRACI_v2_1__acidification__acidification_potential_AP,TRACI v2.1 | acidification | acidification potential (AP),acidification,kg SO2-Eq,0.00964968353926254,UF_TRACI_v2_1__acidification__acidification_potential_AP__market_for_inorganic_potassium_fertiliser_as_K2O__US,kg SO2-Eq/kilogram,True
s_o1,BO1,technosphere|ei39_cutoff|0123b5c80d7e3ceeab025ca4b17ad9aa,"technosphere::market for inorganic potassium fertiliser, as K2O::US::kilogram",technosphere,"market for inorganic potassium fertiliser, as K2O",ei39_cutoff,0123b5c80d7e3ceeab025ca4b17ad9aa,US,,kilogram,TRACI_v2_1__particulate_matter_formation__particulate_matter_formation_potential_PMFP,TRACI v2.1 | particulate matter formation | particulate matter formation potential (PMFP),particulate matter formation,PM2.5-Eq,0.0014146020233714149,UF_TRACI_v2_1__particulate_matter_formation__particulate_matter_formation_potential_PMFP__market_for_inorganic_potassium_fertiliser_as_K2O__US,PM2.5-Eq/kilogram,True
s_o1,BO1,technosphere|ei39_cutoff|0123b5c80d7e3ceeab025ca4b17ad9aa,"technosphere::market for inorganic potassium fertiliser, as K2O::US::kilogram",technosphere,"market for inorganic potassium fertiliser, as K2O",ei39_cutoff,0123b5c80d7e3ceeab025ca4b17ad9aa,US,,kilogram,TRACI_v2_1__ecotoxicity_freshwater__ecotoxicity_freshwater,TRACI v2.1 | ecotoxicity: freshwater | ecotoxicity: freshwater,ecotoxicity: freshwater,CTUe,46.80023334547582,UF_TRACI_v2_1__ecotoxicity_freshwater__ecotoxicity_freshwater__market_for_inorganic_potassium_fertiliser_as_K2O__US,CTUe/kilogram,True
s_o1,BO1,technosphere|ei39_cutoff|0123b5c80d7e3ceeab025ca4b17ad9aa,"technosphere::market for inorganic potassium fertiliser, as K2O::US::kilogram",technosphere,"market for inorganic potassium fertiliser, as K2O",ei39_cutoff,0123b5c80d7e3ceeab025ca4b17ad9aa,US,,kilogram,TRACI_v2_1__photochemical_oxidant_formation__maximum_incremental_reactivity_MIR,TRACI v2.1 | photochemical oxidant formation | maximum incremental reactivity (MIR),photochemical oxidant formation,kg O3-Eq,0.13207871481048897,UF_TRACI_v2_1__photochemical_oxidant_formation__maximum_incremental_reactivity_MIR__market_for_inorganic_potassium_fertiliser_as_K2O__US,kg O3-Eq/kilogram,True
s_o1,BO1,technosphere|ei39_cutoff|7b62e459ae2e302a703a92dd474a8342,technosphere::market for glyphosate::GLO::kilogram,technosphere,market for glyphosate,ei39_cutoff,7b62e459ae2e302a703a92dd474a8342,GLO,,kilogram,IPCC_2021__climate_change__global_warming_potential_GWP100,IPCC 2021 | climate change | global warming potential (GWP100),climate change,kg CO2-Eq,11.69081626061294,UF_IPCC_2021__climate_change__global_warming_potential_GWP100__market_for_glyphosate__GLO,kg CO2-Eq/kilogram,True
s_o1,BO1,technosphere|ei39_cutoff|7b62e459ae2e302a703a92dd474a8342,technosphere::market for glyphosate::GLO::kilogram,technosphere,market for glyphosate,ei39_cutoff,7b62e459ae2e302a703a92dd474a8342,GLO,,kilogram,TRACI_v2_1__eutrophication__eutrophication_potential,TRACI v2.1 | eutrophication | eutrophication potential,eutrophication,kg N-Eq,0.12257487001809858,UF_TRACI_v2_1__eutrophication__eutrophication_potential__market_for_glyphosate__GLO,kg N-Eq/kilogram,True
s_o1,BO1,technosphere|ei39_cutoff|7b62e459ae2e302a703a92dd474a8342,technosphere::market for glyphosate::GLO::kilogram,technosphere,market for glyphosate,ei39_cutoff,7b62e459ae2e302a703a92dd474a8342,GLO,,kilogram,TRACI_v2_1__acidification__acidification_potential_AP,TRACI v2.1 | acidification | acidification potential (AP),acidification,kg SO2-Eq,0.049438196791631014,UF_TRACI_v2_1__acidification__acidification_potential_AP__market_for_glyphosate__GLO,kg SO2-Eq/kilogram,True
s_o1,BO1,technosphere|ei39_cutoff|7b62e459ae2e302a703a92dd474a8342,technosphere::market for glyphosate::GLO::kilogram,technosphere,market for glyphosate,ei39_cutoff,7b62e459ae2e302a703a92dd474a8342,GLO,,kilogram,TRACI_v2_1__particulate_matter_formation__particulate_matter_formation_potential_PMFP,TRACI v2.1 | particulate matter formation | particulate matter formation potential (PMFP),particulate matter formation,PM2.5-Eq,0.011888640954771356,UF_TRACI_v2_1__particulate_matter_formation__particulate_matter_formation_potential_PMFP__market_for_glyphosate__GLO,PM2.5-Eq/kilogram,True
s_o1,BO1,technosphere|ei39_cutoff|7b62e459ae2e302a703a92dd474a8342,technosphere::market for glyphosate::GLO::kilogram,technosphere,market for glyphosate,ei39_cutoff,7b62e459ae2e302a703a92dd474a8342,GLO,,kilogram,TRACI_v2_1__ecotoxicity_freshwater__ecotoxicity_freshwater,TRACI v2.1 | ecotoxicity: freshwater | ecotoxicity: freshwater,ecotoxicity: freshwater,CTUe,187.89787557422534,UF_TRACI_v2_1__ecotoxicity_freshwater__ecotoxicity_freshwater__market_for_glyphosate__GLO,CTUe/kilogram,True
s_o1,BO1,technosphere|ei39_cutoff|7b62e459ae2e302a703a92dd474a8342,technosphere::market for glyphosate::GLO::kilogram,technosphere,market for glyphosate,ei39_cutoff,7b62e459ae2e302a703a92dd474a8342,GLO,,kilogram,TRACI_v2_1__photochemical_oxidant_formation__maximum_incremental_reactivity_MIR,TRACI v2.1 | photochemical oxidant formation | maximum incremental reactivity (MIR),photochemical oxidant formation,kg O3-Eq,0.7578062957883798,UF_TRACI_v2_1__photochemical_oxidant_formation__maximum_incremental_reactivity_MIR__market_for_glyphosate__GLO,kg O3-Eq/kilogram,True
s_o1,BO1,technosphere|ei39_cutoff|bc2c53ca3fe04d0ed1ff8a1a7706871a,"technosphere::market for calcium carbonate, precipitated::RoW::kilogram",technosphere,"market for calcium carbonate, precipitated",ei39_cutoff,bc2c53ca3fe04d0ed1ff8a1a7706871a,RoW,,kilogram,IPCC_2021__climate_change__global_warming_potential_GWP100,IPCC 2021 | climate change | global warming potential (GWP100),climate change,kg CO2-Eq,0.401422000255411,UF_IPCC_2021__climate_change__global_warming_potential_GWP100__market_for_calcium_carbonate_precipitated__RoW,kg CO2-Eq/kilogram,True
s_o1,BO1,technosphere|ei39_cutoff|bc2c53ca3fe04d0ed1ff8a1a7706871a,"technosphere::market for calcium carbonate, precipitated::RoW::kilogram",technosphere,"market for calcium carbonate, precipitated",ei39_cutoff,bc2c53ca3fe04d0ed1ff8a1a7706871a,RoW,,kilogram,TRACI_v2_1__eutrophication__eutrophication_potential,TRACI v2.1 | eutrophication | eutrophication potential,eutrophication,kg N-Eq,0.0030850760903033013,UF_TRACI_v2_1__eutrophication__eutrophication_potential__market_for_calcium_carbonate_precipitated__RoW,kg N-Eq/kilogram,True
s_o1,BO1,technosphere|ei39_cutoff|bc2c53ca3fe04d0ed1ff8a1a7706871a,"technosphere::market for calcium carbonate, precipitated::RoW::kilogram",technosphere,"market for calcium carbonate, precipitated",ei39_cutoff,bc2c53ca3fe04d0ed1ff8a1a7706871a,RoW,,kilogram,TRACI_v2_1__acidification__acidification_potential_AP,TRACI v2.1 | acidification | acidification potential (AP),acidification,kg SO2-Eq,0.0021894828434027656,UF_TRACI_v2_1__acidification__acidification_potential_AP__market_for_calcium_carbonate_precipitated__RoW,kg SO2-Eq/kilogram,True
s_o1,BO1,technosphere|ei39_cutoff|bc2c53ca3fe04d0ed1ff8a1a7706871a,"technosphere::market for calcium carbonate, precipitated::RoW::kilogram",technosphere,"market for calcium carbonate, precipitated",ei39_cutoff,bc2c53ca3fe04d0ed1ff8a1a7706871a,RoW,,kilogram,TRACI_v2_1__particulate_matter_formation__particulate_matter_formation_potential_PMFP,TRACI v2.1 | particulate matter formation | particulate matter formation potential (PMFP),particulate matter formation,PM2.5-Eq,0.00033527889477281503,UF_TRACI_v2_1__particulate_matter_formation__particulate_matter_formation_potential_PMFP__market_for_calcium_carbonate_precipitated__RoW,PM2.5-Eq/kilogram,True
s_o1,BO1,technosphere|ei39_cutoff|bc2c53ca3fe04d0ed1ff8a1a7706871a,"technosphere::market for calcium carbonate, precipitated::RoW::kilogram",technosphere,"market for calcium carbonate, precipitated",ei39_cutoff,bc2c53ca3fe04d0ed1ff8a1a7706871a,RoW,,kilogram,TRACI_v2_1__ecotoxicity_freshwater__ecotoxicity_freshwater,TRACI v2.1 | ecotoxicity: freshwater | ecotoxicity: freshwater,ecotoxicity: freshwater,CTUe,12.08732011382571,UF_TRACI_v2_1__ecotoxicity_freshwater__ecotoxicity_freshwater__market_for_calcium_carbonate_precipitated__RoW,CTUe/kilogram,True
s_o1,BO1,technosphere|ei39_cutoff|bc2c53ca3fe04d0ed1ff8a1a7706871a,"technosphere::market for calcium carbonate, precipitated::RoW::kilogram",technosphere,"market for calcium carbonate, precipitated",ei39_cutoff,bc2c53ca3fe04d0ed1ff8a1a7706871a,RoW,,kilogram,TRACI_v2_1__photochemical_oxidant_formation__maximum_incremental_reactivity_MIR,TRACI v2.1 | photochemical oxidant formation | maximum incremental reactivity (MIR),photochemical oxidant formation,kg O3-Eq,0.03523836329768322,UF_TRACI_v2_1__photochemical_oxidant_formation__maximum_incremental_reactivity_MIR__market_for_calcium_carbonate_precipitated__RoW,kg O3-Eq/kilogram,True
s_o1,BO1,technosphere|ei39_cutoff|22db46f6ba1211c058e4da0ac386d3e7,"technosphere::market for polyethylene, high density, granulate::GLO::kilogram",technosphere,"market for polyethylene, high density, granulate",ei39_cutoff,22db46f6ba1211c058e4da0ac386d3e7,GLO,,kilogram,IPCC_2021__climate_change__global_warming_potential_GWP100,IPCC 2021 | climate change | global warming potential (GWP100),climate change,kg CO2-Eq,2.327628848048703,UF_IPCC_2021__climate_change__global_warming_potential_GWP100__market_for_polyethylene_high_density_granulate__GLO,kg CO2-Eq/kilogram,True
s_o1,BO1,technosphere|ei39_cutoff|22db46f6ba1211c058e4da0ac386d3e7,"technosphere::market for polyethylene, high density, granulate::GLO::kilogram",technosphere,"market for polyethylene, high density, granulate",ei39_cutoff,22db46f6ba1211c058e4da0ac386d3e7,GLO,,kilogram,TRACI_v2_1__eutrophication__eutrophication_potential,TRACI v2.1 | eutrophication | eutrophication potential,eutrophication,kg N-Eq,0.003450795286721181,UF_TRACI_v2_1__eutrophication__eutrophication_potential__market_for_polyethylene_high_density_granulate__GLO,kg N-Eq/kilogram,True
s_o1,BO1,technosphere|ei39_cutoff|22db46f6ba1211c058e4da0ac386d3e7,"technosphere::market for polyethylene, high density, granulate::GLO::kilogram",technosphere,"market for polyethylene, high density, granulate",ei39_cutoff,22db46f6ba1211c058e4da0ac386d3e7,GLO,,kilogram,TRACI_v2_1__acidification__acidification_potential_AP,TRACI v2.1 | acidification | acidification potential (AP),acidification,kg SO2-Eq,0.008300035656294787,UF_TRACI_v2_1__acidification__acidification_potential_AP__market_for_polyethylene_high_density_granulate__GLO,kg SO2-Eq/kilogram,True
s_o1,BO1,technosphere|ei39_cutoff|22db46f6ba1211c058e4da0ac386d3e7,"technosphere::market for polyethylene, high density, granulate::GLO::kilogram",technosphere,"market for polyethylene, high density, granulate",ei39_cutoff,22db46f6ba1211c058e4da0ac386d3e7,GLO,,kilogram,TRACI_v2_1__particulate_matter_formation__particulate_matter_formation_potential_PMFP,TRACI v2.1 | particulate matter formation | particulate matter formation potential (PMFP),particulate matter formation,PM2.5-Eq,0.0010554731081885128,UF_TRACI_v2_1__particulate_matter_formation__particulate_matter_formation_potential_PMFP__market_for_polyethylene_high_density_granulate__GLO,PM2.5-Eq/kilogram,True
s_o1,BO1,technosphere|ei39_cutoff|22db46f6ba1211c058e4da0ac386d3e7,"technosphere::market for polyethylene, high density, granulate::GLO::kilogram",technosphere,"market for polyethylene, high density, granulate",ei39_cutoff,22db46f6ba1211c058e4da0ac386d3e7,GLO,,kilogram,TRACI_v2_1__ecotoxicity_freshwater__ecotoxicity_freshwater,TRACI v2.1 | ecotoxicity: freshwater | ecotoxicity: freshwater,ecotoxicity: freshwater,CTUe,18.381598624379155,UF_TRACI_v2_1__ecotoxicity_freshwater__ecotoxicity_freshwater__market_for_polyethylene_high_density_granulate__GLO,CTUe/kilogram,True
s_o1,BO1,technosphere|ei39_cutoff|22db46f6ba1211c058e4da0ac386d3e7,"technosphere::market for polyethylene, high density, granulate::GLO::kilogram",technosphere,"market for polyethylene, high density, granulate",ei39_cutoff,22db46f6ba1211c058e4da0ac386d3e7,GLO,,kilogram,TRACI_v2_1__photochemical_oxidant_formation__maximum_incremental_reactivity_MIR,TRACI v2.1 | photochemical oxidant formation | maximum incremental reactivity (MIR),photochemical oxidant formation,kg O3-Eq,0.12681809350280943,UF_TRACI_v2_1__photochemical_oxidant_formation__maximum_incremental_reactivity_MIR__market_for_polyethylene_high_density_granulate__GLO,kg O3-Eq/kilogram,True
s_o1,BO1,technosphere|ei39_cutoff|6d9198849efff1e8d431ca2bd2837440,"technosphere::market for iron(III) chloride, without water, in 14% iron solution state::GLO::kilogram",technosphere,"market for iron(III) chloride, without water, in 14% iron solution state",ei39_cutoff,6d9198849efff1e8d431ca2bd2837440,GLO,,kilogram,IPCC_2021__climate_change__global_warming_potential_GWP100,IPCC 2021 | climate change | global warming potential (GWP100),climate change,kg CO2-Eq,0.5386110773511996,UF_IPCC_2021__climate_change__global_warming_potential_GWP100__market_for_iron_III_chloride_without_water_in_14_iron_solution_state__GLO,kg CO2-Eq/kilogram,True
s_o1,BO1,technosphere|ei39_cutoff|6d9198849efff1e8d431ca2bd2837440,"technosphere::market for iron(III) chloride, without water, in 14% iron solution state::GLO::kilogram",technosphere,"market for iron(III) chloride, without water, in 14% iron solution state",ei39_cutoff,6d9198849efff1e8d431ca2bd2837440,GLO,,kilogram,TRACI_v2_1__eutrophication__eutrophication_potential,TRACI v2.1 | eutrophication | eutrophication potential,eutrophication,kg N-Eq,0.0022862442217005006,UF_TRACI_v2_1__eutrophication__eutrophication_potential__market_for_iron_III_chloride_without_water_in_14_iron_solution_state__GLO,kg N-Eq/kilogram,True
s_o1,BO1,technosphere|ei39_cutoff|6d9198849efff1e8d431ca2bd2837440,"technosphere::market for iron(III) chloride, without water, in 14% iron solution state::GLO::kilogram",technosphere,"market for iron(III) chloride, without water, in 14% iron solution state",ei39_cutoff,6d9198849efff1e8d431ca2bd2837440,GLO,,kilogram,TRACI_v2_1__acidification__acidification_potential_AP,TRACI v2.1 | acidification | acidification potential (AP),acidification,kg SO2-Eq,0.003170531762443605,UF_TRACI_v2_1__acidification__acidification_potential_AP__market_for_iron_III_chloride_without_water_in_14_iron_solution_state__GLO,kg SO2-Eq/kilogram,True
s_o1,BO1,technosphere|ei39_cutoff|6d9198849efff1e8d431ca2bd2837440,"technosphere::market for iron(III) chloride, without water, in 14% iron solution state::GLO::kilogram",technosphere,"market for iron(III) chloride, without water, in 14% iron solution state",ei39_cutoff,6d9198849efff1e8d431ca2bd2837440,GLO,,kilogram,TRACI_v2_1__particulate_matter_formation__particulate_matter_formation_potential_PMFP,TRACI v2.1 | particulate matter formation | particulate matter formation potential (PMFP),particulate matter formation,PM2.5-Eq,0.0007164271667695942,UF_TRACI_v2_1__particulate_matter_formation__particulate_matter_formation_potential_PMFP__market_for_iron_III_chloride_without_water_in_14_iron_solution_state__GLO,PM2.5-Eq/kilogram,True
s_o1,BO1,technosphere|ei39_cutoff|6d9198849efff1e8d431ca2bd2837440,"technosphere::market for iron(III) chloride, without water, in 14% iron solution state::GLO::kilogram",technosphere,"market for iron(III) chloride, without water, in 14% iron solution state",ei39_cutoff,6d9198849efff1e8d431ca2bd2837440,GLO,,kilogram,TRACI_v2_1__ecotoxicity_freshwater__ecotoxicity_freshwater,TRACI v2.1 | ecotoxicity: freshwater | ecotoxicity: freshwater,ecotoxicity: freshwater,CTUe,23.16079769180542,UF_TRACI_v2_1__ecotoxicity_freshwater__ecotoxicity_freshwater__market_for_iron_III_chloride_without_water_in_14_iron_solution_state__GLO,CTUe/kilogram,True
s_o1,BO1,technosphere|ei39_cutoff|6d9198849efff1e8d431ca2bd2837440,"technosphere::market for iron(III) chloride, without water, in 14% iron solution state::GLO::kilogram",technosphere,"market for iron(III) chloride, without water, in 14% iron solution state",ei39_cutoff,6d9198849efff1e8d431ca2bd2837440,GLO,,kilogram,TRACI_v2_1__photochemical_oxidant_formation__maximum_incremental_reactivity_MIR,TRACI v2.1 | photochemical oxidant formation | maximum incremental reactivity (MIR),photochemical oxidant formation,kg O3-Eq,0.042984430010360224,UF_TRACI_v2_1__photochemical_oxidant_formation__maximum_incremental_reactivity_MIR__market_for_iron_III_chloride_without_water_in_14_iron_solution_state__GLO,kg O3-Eq/kilogram,True
s_o1,BO1,technosphere|ei39_cutoff|00d51d61fff9d552854a91bd45ad14c4,"technosphere::market for hydrochloric acid, without water, in 30% solution state::RoW::kilogram",technosphere,"market for hydrochloric acid, without water, in 30% solution state",ei39_cutoff,00d51d61fff9d552854a91bd45ad14c4,RoW,,kilogram,IPCC_2021__climate_change__global_warming_potential_GWP100,IPCC 2021 | climate change | global warming potential (GWP100),climate change,kg CO2-Eq,0.8350638210654332,UF_IPCC_2021__climate_change__global_warming_potential_GWP100__market_for_hydrochloric_acid_without_water_in_30_solution_state__RoW,kg CO2-Eq/kilogram,True
s_o1,BO1,technosphere|ei39_cutoff|00d51d61fff9d552854a91bd45ad14c4,"technosphere::market for hydrochloric acid, without water, in 30% solution state::RoW::kilogram",technosphere,"market for hydrochloric acid, without water, in 30% solution state",ei39_cutoff,00d51d61fff9d552854a91bd45ad14c4,RoW,,kilogram,TRACI_v2_1__eutrophication__eutrophication_potential,TRACI v2.1 | eutrophication | eutrophication potential,eutrophication,kg N-Eq,0.0043542478572444285,UF_TRACI_v2_1__eutrophication__eutrophication_potential__market_for_hydrochloric_acid_without_water_in_30_solution_state__RoW,kg N-Eq/kilogram,True
s_o1,BO1,technosphere|ei39_cutoff|00d51d61fff9d552854a91bd45ad14c4,"technosphere::market for hydrochloric acid, without water, in 30% solution state::RoW::kilogram",technosphere,"market for hydrochloric acid, without water, in 30% solution state",ei39_cutoff,00d51d61fff9d552854a91bd45ad14c4,RoW,,kilogram,TRACI_v2_1__acidification__acidification_potential_AP,TRACI v2.1 | acidification | acidification potential (AP),acidification,kg SO2-Eq,0.00522626762235411,UF_TRACI_v2_1__acidification__acidification_potential_AP__market_for_hydrochloric_acid_without_water_in_30_solution_state__RoW,kg SO2-Eq/kilogram,True
s_o1,BO1,technosphere|ei39_cutoff|00d51d61fff9d552854a91bd45ad14c4,"technosphere::market for hydrochloric acid, without water, in 30% solution state::RoW::kilogram",technosphere,"market for hydrochloric acid, without water, in 30% solution state",ei39_cutoff,00d51d61fff9d552854a91bd45ad14c4,RoW,,kilogram,TRACI_v2_1__particulate_matter_formation__particulate_matter_formation_potential_PMFP,TRACI v2.1 | particulate matter formation | particulate matter formation potential (PMFP),particulate matter formation,PM2.5-Eq,0.0010840862168855006,UF_TRACI_v2_1__particulate_matter_formation__particulate_matter_formation_potential_PMFP__market_for_hydrochloric_acid_without_water_in_30_solution_state__RoW,PM2.5-Eq/kilogram,True
s_o1,BO1,technosphere|ei39_cutoff|00d51d61fff9d552854a91bd45ad14c4,"technosphere::market for hydrochloric acid, without water, in 30% solution state::RoW::kilogram",technosphere,"market for hydrochloric acid, without water, in 30% solution state",ei39_cutoff,00d51d61fff9d552854a91bd45ad14c4,RoW,,kilogram,TRACI_v2_1__ecotoxicity_freshwater__ecotoxicity_freshwater,TRACI v2.1 | ecotoxicity: freshwater | ecotoxicity: freshwater,ecotoxicity: freshwater,CTUe,28.13507167758513,UF_TRACI_v2_1__ecotoxicity_freshwater__ecotoxicity_freshwater__market_for_hydrochloric_acid_without_water_in_30_solution_state__RoW,CTUe/kilogram,True
s_o1,BO1,technosphere|ei39_cutoff|00d51d61fff9d552854a91bd45ad14c4,"technosphere::market for hydrochloric acid, without water, in 30% solution state::RoW::kilogram",technosphere,"market for hydrochloric acid, without water, in 30% solution state",ei39_cutoff,00d51d61fff9d552854a91bd45ad14c4,RoW,,kilogram,TRACI_v2_1__photochemical_oxidant_formation__maximum_incremental_reactivity_MIR,TRACI v2.1 | photochemical oxidant formation | maximum incremental reactivity (MIR),photochemical oxidant formation,kg O3-Eq,0.07083860459556934,UF_TRACI_v2_1__photochemical_oxidant_formation__maximum_incremental_reactivity_MIR__market_for_hydrochloric_acid_without_water_in_30_solution_state__RoW,kg O3-Eq/kilogram,True
s_o1,BO1,technosphere|ei39_cutoff|2df74714a5a7c8cc88d704fee4a848dd,"technosphere::market group for electricity, medium voltage::US::kilowatt hour",technosphere,"market group for electricity, medium voltage",ei39_cutoff,2df74714a5a7c8cc88d704fee4a848dd,US,,kilowatt hour,IPCC_2021__climate_change__global_warming_potential_GWP100,IPCC 2021 | climate change | global warming potential (GWP100),climate change,kg CO2-Eq,0.47284430028190644,UF_IPCC_2021__climate_change__global_warming_potential_GWP100__market_group_for_electricity_medium_voltage__US,kg CO2-Eq/kilowatt hour,True
s_o1,BO1,technosphere|ei39_cutoff|2df74714a5a7c8cc88d704fee4a848dd,"technosphere::market group for electricity, medium voltage::US::kilowatt hour",technosphere,"market group for electricity, medium voltage",ei39_cutoff,2df74714a5a7c8cc88d704fee4a848dd,US,,kilowatt hour,TRACI_v2_1__eutrophication__eutrophication_potential,TRACI v2.1 | eutrophication | eutrophication potential,eutrophication,kg N-Eq,0.0022115549096817975,UF_TRACI_v2_1__eutrophication__eutrophication_potential__market_group_for_electricity_medium_voltage__US,kg N-Eq/kilowatt hour,True
s_o1,BO1,technosphere|ei39_cutoff|2df74714a5a7c8cc88d704fee4a848dd,"technosphere::market group for electricity, medium voltage::US::kilowatt hour",technosphere,"market group for electricity, medium voltage",ei39_cutoff,2df74714a5a7c8cc88d704fee4a848dd,US,,kilowatt hour,TRACI_v2_1__acidification__acidification_potential_AP,TRACI v2.1 | acidification | acidification potential (AP),acidification,kg SO2-Eq,0.0011244190646275878,UF_TRACI_v2_1__acidification__acidification_potential_AP__market_group_for_electricity_medium_voltage__US,kg SO2-Eq/kilowatt hour,True
s_o1,BO1,technosphere|ei39_cutoff|2df74714a5a7c8cc88d704fee4a848dd,"technosphere::market group for electricity, medium voltage::US::kilowatt hour",technosphere,"market group for electricity, medium voltage",ei39_cutoff,2df74714a5a7c8cc88d704fee4a848dd,US,,kilowatt hour,TRACI_v2_1__particulate_matter_formation__particulate_matter_formation_potential_PMFP,TRACI v2.1 | particulate matter formation | particulate matter formation potential (PMFP),particulate matter formation,PM2.5-Eq,0.0007527393607662398,UF_TRACI_v2_1__particulate_matter_formation__particulate_matter_formation_potential_PMFP__market_group_for_electricity_medium_voltage__US,PM2.5-Eq/kilowatt hour,True
s_o1,BO1,technosphere|ei39_cutoff|2df74714a5a7c8cc88d704fee4a848dd,"technosphere::market group for electricity, medium voltage::US::kilowatt hour",technosphere,"market group for electricity, medium voltage",ei39_cutoff,2df74714a5a7c8cc88d704fee4a848dd,US,,kilowatt hour,TRACI_v2_1__ecotoxicity_freshwater__ecotoxicity_freshwater,TRACI v2.1 | ecotoxicity: freshwater | ecotoxicity: freshwater,ecotoxicity: freshwater,CTUe,4.028041058991625,UF_TRACI_v2_1__ecotoxicity_freshwater__ecotoxicity_freshwater__market_group_for_electricity_medium_voltage__US,CTUe/kilowatt hour,True
s_o1,BO1,technosphere|ei39_cutoff|2df74714a5a7c8cc88d704fee4a848dd,"technosphere::market group for electricity, medium voltage::US::kilowatt hour",technosphere,"market group for electricity, medium voltage",ei39_cutoff,2df74714a5a7c8cc88d704fee4a848dd,US,,kilowatt hour,TRACI_v2_1__photochemical_oxidant_formation__maximum_incremental_reactivity_MIR,TRACI v2.1 | photochemical oxidant formation | maximum incremental reactivity (MIR),photochemical oxidant formation,kg O3-Eq,0.014089251392504217,UF_TRACI_v2_1__photochemical_oxidant_formation__maximum_incremental_reactivity_MIR__market_group_for_electricity_medium_voltage__US,kg O3-Eq/kilowatt hour,True
s_o1,BO1,technosphere|ei39_cutoff|d324aeab28dcbaa4635f5ed8a617cd7f,"technosphere::market for natural gas, high pressure::US::cubic meter",technosphere,"market for natural gas, high pressure",ei39_cutoff,d324aeab28dcbaa4635f5ed8a617cd7f,US,,cubic meter,IPCC_2021__climate_change__global_warming_potential_GWP100,IPCC 2021 | climate change | global warming potential (GWP100),climate change,kg CO2-Eq,0.7094531420177969,UF_IPCC_2021__climate_change__global_warming_potential_GWP100__market_for_natural_gas_high_pressure__US,kg CO2-Eq/cubic meter,True
s_o1,BO1,technosphere|ei39_cutoff|d324aeab28dcbaa4635f5ed8a617cd7f,"technosphere::market for natural gas, high pressure::US::cubic meter",technosphere,"market for natural gas, high pressure",ei39_cutoff,d324aeab28dcbaa4635f5ed8a617cd7f,US,,cubic meter,TRACI_v2_1__eutrophication__eutrophication_potential,TRACI v2.1 | eutrophication | eutrophication potential,eutrophication,kg N-Eq,0.0003276238805927,UF_TRACI_v2_1__eutrophication__eutrophication_potential__market_for_natural_gas_high_pressure__US,kg N-Eq/cubic meter,True
s_o1,BO1,technosphere|ei39_cutoff|d324aeab28dcbaa4635f5ed8a617cd7f,"technosphere::market for natural gas, high pressure::US::cubic meter",technosphere,"market for natural gas, high pressure",ei39_cutoff,d324aeab28dcbaa4635f5ed8a617cd7f,US,,cubic meter,TRACI_v2_1__acidification__acidification_potential_AP,TRACI v2.1 | acidification | acidification potential (AP),acidification,kg SO2-Eq,0.0052522516074527,UF_TRACI_v2_1__acidification__acidification_potential_AP__market_for_natural_gas_high_pressure__US,kg SO2-Eq/cubic meter,True
s_o1,BO1,technosphere|ei39_cutoff|d324aeab28dcbaa4635f5ed8a617cd7f,"technosphere::market for natural gas, high pressure::US::cubic meter",technosphere,"market for natural gas, high pressure",ei39_cutoff,d324aeab28dcbaa4635f5ed8a617cd7f,US,,cubic meter,TRACI_v2_1__particulate_matter_formation__particulate_matter_formation_potential_PMFP,TRACI v2.1 | particulate matter formation | particulate matter formation potential (PMFP),particulate matter formation,PM2.5-Eq,0.0001005673701486,UF_TRACI_v2_1__particulate_matter_formation__particulate_matter_formation_potential_PMFP__market_for_natural_gas_high_pressure__US,PM2.5-Eq/cubic meter,True
s_o1,BO1,technosphere|ei39_cutoff|d324aeab28dcbaa4635f5ed8a617cd7f,"technosphere::market for natural gas, high pressure::US::cubic meter",technosphere,"market for natural gas, high pressure",ei39_cutoff,d324aeab28dcbaa4635f5ed8a617cd7f,US,,cubic meter,TRACI_v2_1__ecotoxicity_freshwater__ecotoxicity_freshwater,TRACI v2.1 | ecotoxicity: freshwater | ecotoxicity: freshwater,ecotoxicity: freshwater,CTUe,1.4015517070524446,UF_TRACI_v2_1__ecotoxicity_freshwater__ecotoxicity_freshwater__market_for_natural_gas_high_pressure__US,CTUe/cubic meter,True
s_o1,BO1,technosphere|ei39_cutoff|d324aeab28dcbaa4635f5ed8a617cd7f,"technosphere::market for natural gas, high pressure::US::cubic meter",technosphere,"market for natural gas, high pressure",ei39_cutoff,d324aeab28dcbaa4635f5ed8a617cd7f,US,,cubic meter,TRACI_v2_1__photochemical_oxidant_formation__maximum_incremental_reactivity_MIR,TRACI v2.1 | photochemical oxidant formation | maximum incremental reactivity (MIR),photochemical oxidant formation,kg O3-Eq,0.1822497028909481,UF_TRACI_v2_1__photochemical_oxidant_formation__maximum_incremental_reactivity_MIR__market_for_natural_gas_high_pressure__US,kg O3-Eq/cubic meter,True
s_o1,BO1,technosphere|ei39_cutoff|2f298d6798217ca204f60bdc1efe8ea1,"technosphere::market for sodium hydroxide, without water, in 50% solution state::GLO::kilogram",technosphere,"market for sodium hydroxide, without water, in 50% solution state",ei39_cutoff,2f298d6798217ca204f60bdc1efe8ea1,GLO,,kilogram,IPCC_2021__climate_change__global_warming_potential_GWP100,IPCC 2021 | climate change | global warming potential (GWP100),climate change,kg CO2-Eq,1.2905914922115878,UF_IPCC_2021__climate_change__global_warming_potential_GWP100__market_for_sodium_hydroxide_without_water_in_50_solution_state__GLO,kg CO2-Eq/kilogram,True
s_o1,BO1,technosphere|ei39_cutoff|2f298d6798217ca204f60bdc1efe8ea1,"technosphere::market for sodium hydroxide, without water, in 50% solution state::GLO::kilogram",technosphere,"market for sodium hydroxide, without water, in 50% solution state",ei39_cutoff,2f298d6798217ca204f60bdc1efe8ea1,GLO,,kilogram,TRACI_v2_1__eutrophication__eutrophication_potential,TRACI v2.1 | eutrophication | eutrophication potential,eutrophication,kg N-Eq,0.004860766119250983,UF_TRACI_v2_1__eutrophication__eutrophication_potential__market_for_sodium_hydroxide_without_water_in_50_solution_state__GLO,kg N-Eq/kilogram,True
s_o1,BO1,technosphere|ei39_cutoff|2f298d6798217ca204f60bdc1efe8ea1,"technosphere::market for sodium hydroxide, without water, in 50% solution state::GLO::kilogram",technosphere,"market for sodium hydroxide, without water, in 50% solution state",ei39_cutoff,2f298d6798217ca204f60bdc1efe8ea1,GLO,,kilogram,TRACI_v2_1__acidification__acidification_potential_AP,TRACI v2.1 | acidification | acidification potential (AP),acidification,kg SO2-Eq,0.006205735139208844,UF_TRACI_v2_1__acidification__acidification_potential_AP__market_for_sodium_hydroxide_without_water_in_50_solution_state__GLO,kg SO2-Eq/kilogram,True
s_o1,BO1,technosphere|ei39_cutoff|2f298d6798217ca204f60bdc1efe8ea1,"technosphere::market for sodium hydroxide, without water, in 50% solution state::GLO::kilogram",technosphere,"market for sodium hydroxide, without water, in 50% solution state",ei39_cutoff,2f298d6798217ca204f60bdc1efe8ea1,GLO,,kilogram,TRACI_v2_1__particulate_matter_formation__particulate_matter_formation_potential_PMFP,TRACI v2.1 | particulate matter formation | particulate matter formation potential (PMFP),particulate matter formation,PM2.5-Eq,0.0016356704631753545,UF_TRACI_v2_1__particulate_matter_formation__particulate_matter_formation_potential_PMFP__market_for_sodium_hydroxide_without_water_in_50_solution_state__GLO,PM2.5-Eq/kilogram,True
s_o1,BO1,technosphere|ei39_cutoff|2f298d6798217ca204f60bdc1efe8ea1,"technosphere::market for sodium hydroxide, without water, in 50% solution state::GLO::kilogram",technosphere,"market for sodium hydroxide, without water, in 50% solution state",ei39_cutoff,2f298d6798217ca204f60bdc1efe8ea1,GLO,,kilogram,TRACI_v2_1__ecotoxicity_freshwater__ecotoxicity_freshwater,TRACI v2.1 | ecotoxicity: freshwater | ecotoxicity: freshwater,ecotoxicity: freshwater,CTUe,22.331207123515117,UF_TRACI_v2_1__ecotoxicity_freshwater__ecotoxicity_freshwater__market_for_sodium_hydroxide_without_water_in_50_solution_state__GLO,CTUe/kilogram,True
s_o1,BO1,technosphere|ei39_cutoff|2f298d6798217ca204f60bdc1efe8ea1,"technosphere::market for sodium hydroxide, without water, in 50% solution state::GLO::kilogram",technosphere,"market for sodium hydroxide, without water, in 50% solution state",ei39_cutoff,2f298d6798217ca204f60bdc1efe8ea1,GLO,,kilogram,TRACI_v2_1__photochemical_oxidant_formation__maximum_incremental_reactivity_MIR,TRACI v2.1 | photochemical oxidant formation | maximum incremental reactivity (MIR),photochemical oxidant formation,kg O3-Eq,0.08709205636683053,UF_TRACI_v2_1__photochemical_oxidant_formation__maximum_incremental_reactivity_MIR__market_for_sodium_hydroxide_without_water_in_50_solution_state__GLO,kg O3-Eq/kilogram,True
s_o1,BO1,technosphere|ei39_cutoff|289eaaf5e6f8ef0f5df16e297e913692,"technosphere::hardwood forestry, beech, sustainable forest management::RoW::kilogram",technosphere,"hardwood forestry, beech, sustainable forest management",ei39_cutoff,289eaaf5e6f8ef0f5df16e297e913692,RoW,,kilogram,IPCC_2021__climate_change__global_warming_potential_GWP100,IPCC 2021 | climate change | global warming potential (GWP100),climate change,kg CO2-Eq,0.03814431843005903,UF_IPCC_2021__climate_change__global_warming_potential_GWP100__hardwood_forestry_beech_sustainable_forest_management__RoW,kg CO2-Eq/kilogram,True
s_o1,BO1,technosphere|ei39_cutoff|289eaaf5e6f8ef0f5df16e297e913692,"technosphere::hardwood forestry, beech, sustainable forest management::RoW::kilogram",technosphere,"hardwood forestry, beech, sustainable forest management",ei39_cutoff,289eaaf5e6f8ef0f5df16e297e913692,RoW,,kilogram,TRACI_v2_1__eutrophication__eutrophication_potential,TRACI v2.1 | eutrophication | eutrophication potential,eutrophication,kg N-Eq,0.0002575516470958146,UF_TRACI_v2_1__eutrophication__eutrophication_potential__hardwood_forestry_beech_sustainable_forest_management__RoW,kg N-Eq/kilogram,True
s_o1,BO1,technosphere|ei39_cutoff|289eaaf5e6f8ef0f5df16e297e913692,"technosphere::hardwood forestry, beech, sustainable forest management::RoW::kilogram",technosphere,"hardwood forestry, beech, sustainable forest management",ei39_cutoff,289eaaf5e6f8ef0f5df16e297e913692,RoW,,kilogram,TRACI_v2_1__acidification__acidification_potential_AP,TRACI v2.1 | acidification | acidification potential (AP),acidification,kg SO2-Eq,0.00017834565969306575,UF_TRACI_v2_1__acidification__acidification_potential_AP__hardwood_forestry_beech_sustainable_forest_management__RoW,kg SO2-Eq/kilogram,True
s_o1,BO1,technosphere|ei39_cutoff|289eaaf5e6f8ef0f5df16e297e913692,"technosphere::hardwood forestry, beech, sustainable forest management::RoW::kilogram",technosphere,"hardwood forestry, beech, sustainable forest management",ei39_cutoff,289eaaf5e6f8ef0f5df16e297e913692,RoW,,kilogram,TRACI_v2_1__particulate_matter_formation__particulate_matter_formation_potential_PMFP,TRACI v2.1 | particulate matter formation | particulate matter formation potential (PMFP),particulate matter formation,PM2.5-Eq,2.1424769150957613e-05,UF_TRACI_v2_1__particulate_matter_formation__particulate_matter_formation_potential_PMFP__hardwood_forestry_beech_sustainable_forest_management__RoW,PM2.5-Eq/kilogram,True
s_o1,BO1,technosphere|ei39_cutoff|289eaaf5e6f8ef0f5df16e297e913692,"technosphere::hardwood forestry, beech, sustainable forest management::RoW::kilogram",technosphere,"hardwood forestry, beech, sustainable forest management",ei39_cutoff,289eaaf5e6f8ef0f5df16e297e913692,RoW,,kilogram,TRACI_v2_1__ecotoxicity_freshwater__ecotoxicity_freshwater,TRACI v2.1 | ecotoxicity: freshwater | ecotoxicity: freshwater,ecotoxicity: freshwater,CTUe,0.22273809928213723,UF_TRACI_v2_1__ecotoxicity_freshwater__ecotoxicity_freshwater__hardwood_forestry_beech_sustainable_forest_management__RoW,CTUe/kilogram,True
s_o1,BO1,technosphere|ei39_cutoff|289eaaf5e6f8ef0f5df16e297e913692,"technosphere::hardwood forestry, beech, sustainable forest management::RoW::kilogram",technosphere,"hardwood forestry, beech, sustainable forest management",ei39_cutoff,289eaaf5e6f8ef0f5df16e297e913692,RoW,,kilogram,TRACI_v2_1__photochemical_oxidant_formation__maximum_incremental_reactivity_MIR,TRACI v2.1 | photochemical oxidant formation | maximum incremental reactivity (MIR),photochemical oxidant formation,kg O3-Eq,0.006290325958373515,UF_TRACI_v2_1__photochemical_oxidant_formation__maximum_incremental_reactivity_MIR__hardwood_forestry_beech_sustainable_forest_management__RoW,kg O3-Eq/kilogram,True
s_o1,BO1,technosphere|ei39_cutoff|cc629a57d77e951cdca1ee8b9abb4d32,"technosphere::hardwood forestry, birch, sustainable forest management::RoW::kilogram",technosphere,"hardwood forestry, birch, sustainable forest management",ei39_cutoff,cc629a57d77e951cdca1ee8b9abb4d32,RoW,,kilogram,IPCC_2021__climate_change__global_warming_potential_GWP100,IPCC 2021 | climate change | global warming potential (GWP100),climate change,kg CO2-Eq,0.029474781660684905,UF_IPCC_2021__climate_change__global_warming_potential_GWP100__hardwood_forestry_birch_sustainable_forest_management__RoW,kg CO2-Eq/kilogram,True
s_o1,BO1,technosphere|ei39_cutoff|cc629a57d77e951cdca1ee8b9abb4d32,"technosphere::hardwood forestry, birch, sustainable forest management::RoW::kilogram",technosphere,"hardwood forestry, birch, sustainable forest management",ei39_cutoff,cc629a57d77e951cdca1ee8b9abb4d32,RoW,,kilogram,TRACI_v2_1__eutrophication__eutrophication_potential,TRACI v2.1 | eutrophication | eutrophication potential,eutrophication,kg N-Eq,0.00011018922010638072,UF_TRACI_v2_1__eutrophication__eutrophication_potential__hardwood_forestry_birch_sustainable_forest_management__RoW,kg N-Eq/kilogram,True
s_o1,BO1,technosphere|ei39_cutoff|cc629a57d77e951cdca1ee8b9abb4d32,"technosphere::hardwood forestry, birch, sustainable forest management::RoW::kilogram",technosphere,"hardwood forestry, birch, sustainable forest management",ei39_cutoff,cc629a57d77e951cdca1ee8b9abb4d32,RoW,,kilogram,TRACI_v2_1__acidification__acidification_potential_AP,TRACI v2.1 | acidification | acidification potential (AP),acidification,kg SO2-Eq,0.00014406828020139775,UF_TRACI_v2_1__acidification__acidification_potential_AP__hardwood_forestry_birch_sustainable_forest_management__RoW,kg SO2-Eq/kilogram,True
s_o1,BO1,technosphere|ei39_cutoff|cc629a57d77e951cdca1ee8b9abb4d32,"technosphere::hardwood forestry, birch, sustainable forest management::RoW::kilogram",technosphere,"hardwood forestry, birch, sustainable forest management",ei39_cutoff,cc629a57d77e951cdca1ee8b9abb4d32,RoW,,kilogram,TRACI_v2_1__particulate_matter_formation__particulate_matter_formation_potential_PMFP,TRACI v2.1 | particulate matter formation | particulate matter formation potential (PMFP),particulate matter formation,PM2.5-Eq,1.4380029060168424e-05,UF_TRACI_v2_1__particulate_matter_formation__particulate_matter_formation_potential_PMFP__hardwood_forestry_birch_sustainable_forest_management__RoW,PM2.5-Eq/kilogram,True
s_o1,BO1,technosphere|ei39_cutoff|cc629a57d77e951cdca1ee8b9abb4d32,"technosphere::hardwood forestry, birch, sustainable forest management::RoW::kilogram",technosphere,"hardwood forestry, birch, sustainable forest management",ei39_cutoff,cc629a57d77e951cdca1ee8b9abb4d32,RoW,,kilogram,TRACI_v2_1__ecotoxicity_freshwater__ecotoxicity_freshwater,TRACI v2.1 | ecotoxicity: freshwater | ecotoxicity: freshwater,ecotoxicity: freshwater,CTUe,0.11756082488840595,UF_TRACI_v2_1__ecotoxicity_freshwater__ecotoxicity_freshwater__hardwood_forestry_birch_sustainable_forest_management__RoW,CTUe/kilogram,True
s_o1,BO1,technosphere|ei39_cutoff|cc629a57d77e951cdca1ee8b9abb4d32,"technosphere::hardwood forestry, birch, sustainable forest management::RoW::kilogram",technosphere,"hardwood forestry, birch, sustainable forest management",ei39_cutoff,cc629a57d77e951cdca1ee8b9abb4d32,RoW,,kilogram,TRACI_v2_1__photochemical_oxidant_formation__maximum_incremental_reactivity_MIR,TRACI v2.1 | photochemical oxidant formation | maximum incremental reactivity (MIR),photochemical oxidant formation,kg O3-Eq,0.004664055367008935,UF_TRACI_v2_1__photochemical_oxidant_formation__maximum_incremental_reactivity_MIR__hardwood_forestry_birch_sustainable_forest_management__RoW,kg O3-Eq/kilogram,True
s_o1,BO1,technosphere|ei39_cutoff|39637a65852c08973cb0b45962f74e09,"technosphere::hardwood forestry, eucalyptus ssp., planted forest management::RoW::kilogram",technosphere,"hardwood forestry, eucalyptus ssp., planted forest management",ei39_cutoff,39637a65852c08973cb0b45962f74e09,RoW,,kilogram,IPCC_2021__climate_change__global_warming_potential_GWP100,IPCC 2021 | climate change | global warming potential (GWP100),climate change,kg CO2-Eq,0.1364362695690772,UF_IPCC_2021__climate_change__global_warming_potential_GWP100__hardwood_forestry_eucalyptus_ssp_planted_forest_management__RoW,kg CO2-Eq/kilogram,True
s_o1,BO1,technosphere|ei39_cutoff|39637a65852c08973cb0b45962f74e09,"technosphere::hardwood forestry, eucalyptus ssp., planted forest management::RoW::kilogram",technosphere,"hardwood forestry, eucalyptus ssp., planted forest management",ei39_cutoff,39637a65852c08973cb0b45962f74e09,RoW,,kilogram,TRACI_v2_1__eutrophication__eutrophication_potential,TRACI v2.1 | eutrophication | eutrophication potential,eutrophication,kg N-Eq,0.00019478506453374288,UF_TRACI_v2_1__eutrophication__eutrophication_potential__hardwood_forestry_eucalyptus_ssp_planted_forest_management__RoW,kg N-Eq/kilogram,True
s_o1,BO1,technosphere|ei39_cutoff|39637a65852c08973cb0b45962f74e09,"technosphere::hardwood forestry, eucalyptus ssp., planted forest management::RoW::kilogram",technosphere,"hardwood forestry, eucalyptus ssp., planted forest management",ei39_cutoff,39637a65852c08973cb0b45962f74e09,RoW,,kilogram,TRACI_v2_1__acidification__acidification_potential_AP,TRACI v2.1 | acidification | acidification potential (AP),acidification,kg SO2-Eq,0.00022751570129201233,UF_TRACI_v2_1__acidification__acidification_potential_AP__hardwood_forestry_eucalyptus_ssp_planted_forest_management__RoW,kg SO2-Eq/kilogram,True
s_o1,BO1,technosphere|ei39_cutoff|39637a65852c08973cb0b45962f74e09,"technosphere::hardwood forestry, eucalyptus ssp., planted forest management::RoW::kilogram",technosphere,"hardwood forestry, eucalyptus ssp., planted forest management",ei39_cutoff,39637a65852c08973cb0b45962f74e09,RoW,,kilogram,TRACI_v2_1__particulate_matter_formation__particulate_matter_formation_potential_PMFP,TRACI v2.1 | particulate matter formation | particulate matter formation potential (PMFP),particulate matter formation,PM2.5-Eq,1.628053850701257e-05,UF_TRACI_v2_1__particulate_matter_formation__particulate_matter_formation_potential_PMFP__hardwood_forestry_eucalyptus_ssp_planted_forest_management__RoW,PM2.5-Eq/kilogram,True
s_o1,BO1,technosphere|ei39_cutoff|39637a65852c08973cb0b45962f74e09,"technosphere::hardwood forestry, eucalyptus ssp., planted forest management::RoW::kilogram",technosphere,"hardwood forestry, eucalyptus ssp., planted forest management",ei39_cutoff,39637a65852c08973cb0b45962f74e09,RoW,,kilogram,TRACI_v2_1__ecotoxicity_freshwater__ecotoxicity_freshwater,TRACI v2.1 | ecotoxicity: freshwater | ecotoxicity: freshwater,ecotoxicity: freshwater,CTUe,-0.048982884588164834,UF_TRACI_v2_1__ecotoxicity_freshwater__ecotoxicity_freshwater__hardwood_forestry_eucalyptus_ssp_planted_forest_management__RoW,CTUe/kilogram,True
s_o1,BO1,technosphere|ei39_cutoff|39637a65852c08973cb0b45962f74e09,"technosphere::hardwood forestry, eucalyptus ssp., planted forest management::RoW::kilogram",technosphere,"hardwood forestry, eucalyptus ssp., planted forest management",ei39_cutoff,39637a65852c08973cb0b45962f74e09,RoW,,kilogram,TRACI_v2_1__photochemical_oxidant_formation__maximum_incremental_reactivity_MIR,TRACI v2.1 | photochemical oxidant formation | maximum incremental reactivity (MIR),photochemical oxidant formation,kg O3-Eq,0.00384769754628682,UF_TRACI_v2_1__photochemical_oxidant_formation__maximum_incremental_reactivity_MIR__hardwood_forestry_eucalyptus_ssp_planted_forest_management__RoW,kg O3-Eq/kilogram,True
s_o1,BO1,technosphere|ei39_cutoff|c655f5b0ff84702a0077ad38fdf4f750,"technosphere::hardwood forestry, oak, sustainable forest management::RoW::kilogram",technosphere,"hardwood forestry, oak, sustainable forest management",ei39_cutoff,c655f5b0ff84702a0077ad38fdf4f750,RoW,,kilogram,IPCC_2021__climate_change__global_warming_potential_GWP100,IPCC 2021 | climate change | global warming potential (GWP100),climate change,kg CO2-Eq,0.036750347567843906,UF_IPCC_2021__climate_change__global_warming_potential_GWP100__hardwood_forestry_oak_sustainable_forest_management__RoW,kg CO2-Eq/kilogram,True
s_o1,BO1,technosphere|ei39_cutoff|c655f5b0ff84702a0077ad38fdf4f750,"technosphere::hardwood forestry, oak, sustainable forest management::RoW::kilogram",technosphere,"hardwood forestry, oak, sustainable forest management",ei39_cutoff,c655f5b0ff84702a0077ad38fdf4f750,RoW,,kilogram,TRACI_v2_1__eutrophication__eutrophication_potential,TRACI v2.1 | eutrophication | eutrophication potential,eutrophication,kg N-Eq,0.00021637409342683444,UF_TRACI_v2_1__eutrophication__eutrophication_potential__hardwood_forestry_oak_sustainable_forest_management__RoW,kg N-Eq/kilogram,True
s_o1,BO1,technosphere|ei39_cutoff|c655f5b0ff84702a0077ad38fdf4f750,"technosphere::hardwood forestry, oak, sustainable forest management::RoW::kilogram",technosphere,"hardwood forestry, oak, sustainable forest management",ei39_cutoff,c655f5b0ff84702a0077ad38fdf4f750,RoW,,kilogram,TRACI_v2_1__acidification__acidification_potential_AP,TRACI v2.1 | acidification | acidification potential (AP),acidification,kg SO2-Eq,0.00017610661312031215,UF_TRACI_v2_1__acidification__acidification_potential_AP__hardwood_forestry_oak_sustainable_forest_management__RoW,kg SO2-Eq/kilogram,True
s_o1,BO1,technosphere|ei39_cutoff|c655f5b0ff84702a0077ad38fdf4f750,"technosphere::hardwood forestry, oak, sustainable forest management::RoW::kilogram",technosphere,"hardwood forestry, oak, sustainable forest management",ei39_cutoff,c655f5b0ff84702a0077ad38fdf4f750,RoW,,kilogram,TRACI_v2_1__particulate_matter_formation__particulate_matter_formation_potential_PMFP,TRACI v2.1 | particulate matter formation | particulate matter formation potential (PMFP),particulate matter formation,PM2.5-Eq,2.1130963991721818e-05,UF_TRACI_v2_1__particulate_matter_formation__particulate_matter_formation_potential_PMFP__hardwood_forestry_oak_sustainable_forest_management__RoW,PM2.5-Eq/kilogram,True
s_o1,BO1,technosphere|ei39_cutoff|c655f5b0ff84702a0077ad38fdf4f750,"technosphere::hardwood forestry, oak, sustainable forest management::RoW::kilogram",technosphere,"hardwood forestry, oak, sustainable forest management",ei39_cutoff,c655f5b0ff84702a0077ad38fdf4f750,RoW,,kilogram,TRACI_v2_1__ecotoxicity_freshwater__ecotoxicity_freshwater,TRACI v2.1 | ecotoxicity: freshwater | ecotoxicity: freshwater,ecotoxicity: freshwater,CTUe,0.20754007653368314,UF_TRACI_v2_1__ecotoxicity_freshwater__ecotoxicity_freshwater__hardwood_forestry_oak_sustainable_forest_management__RoW,CTUe/kilogram,True
s_o1,BO1,technosphere|ei39_cutoff|c655f5b0ff84702a0077ad38fdf4f750,"technosphere::hardwood forestry, oak, sustainable forest management::RoW::kilogram",technosphere,"hardwood forestry, oak, sustainable forest management",ei39_cutoff,c655f5b0ff84702a0077ad38fdf4f750,RoW,,kilogram,TRACI_v2_1__photochemical_oxidant_formation__maximum_incremental_reactivity_MIR,TRACI v2.1 | photochemical oxidant formation | maximum incremental reactivity (MIR),photochemical oxidant formation,kg O3-Eq,0.0059993636059006514,UF_TRACI_v2_1__photochemical_oxidant_formation__maximum_incremental_reactivity_MIR__hardwood_forestry_oak_sustainable_forest_management__RoW,kg O3-Eq/kilogram,True
s_o1,BO1,technosphere|ei39_cutoff|7f63fa1d975fd20397933993cfe1bbf2,"technosphere::softwood forestry, pine, sustainable forest management::RoW::kilogram",technosphere,"softwood forestry, pine, sustainable forest management",ei39_cutoff,7f63fa1d975fd20397933993cfe1bbf2,RoW,,kilogram,IPCC_2021__climate_change__global_warming_potential_GWP100,IPCC 2021 | climate change | global warming potential (GWP100),climate change,kg CO2-Eq,0.041488017252952224,UF_IPCC_2021__climate_change__global_warming_potential_GWP100__softwood_forestry_pine_sustainable_forest_management__RoW,kg CO2-Eq/kilogram,True
s_o1,BO1,technosphere|ei39_cutoff|7f63fa1d975fd20397933993cfe1bbf2,"technosphere::softwood forestry, pine, sustainable forest management::RoW::kilogram",technosphere,"softwood forestry, pine, sustainable forest management",ei39_cutoff,7f63fa1d975fd20397933993cfe1bbf2,RoW,,kilogram,TRACI_v2_1__eutrophication__eutrophication_potential,TRACI v2.1 | eutrophication | eutrophication potential,eutrophication,kg N-Eq,0.00013874263730151163,UF_TRACI_v2_1__eutrophication__eutrophication_potential__softwood_forestry_pine_sustainable_forest_management__RoW,kg N-Eq/kilogram,True
s_o1,BO1,technosphere|ei39_cutoff|7f63fa1d975fd20397933993cfe1bbf2,"technosphere::softwood forestry, pine, sustainable forest management::RoW::kilogram",technosphere,"softwood forestry, pine, sustainable forest management",ei39_cutoff,7f63fa1d975fd20397933993cfe1bbf2,RoW,,kilogram,TRACI_v2_1__acidification__acidification_potential_AP,TRACI v2.1 | acidification | acidification potential (AP),acidification,kg SO2-Eq,0.00020810587540811263,UF_TRACI_v2_1__acidification__acidification_potential_AP__softwood_forestry_pine_sustainable_forest_management__RoW,kg SO2-Eq/kilogram,True
s_o1,BO1,technosphere|ei39_cutoff|7f63fa1d975fd20397933993cfe1bbf2,"technosphere::softwood forestry, pine, sustainable forest management::RoW::kilogram",technosphere,"softwood forestry, pine, sustainable forest management",ei39_cutoff,7f63fa1d975fd20397933993cfe1bbf2,RoW,,kilogram,TRACI_v2_1__particulate_matter_formation__particulate_matter_formation_potential_PMFP,TRACI v2.1 | particulate matter formation | particulate matter formation potential (PMFP),particulate matter formation,PM2.5-Eq,2.2622645627996616e-05,UF_TRACI_v2_1__particulate_matter_formation__particulate_matter_formation_potential_PMFP__softwood_forestry_pine_sustainable_forest_management__RoW,PM2.5-Eq/kilogram,True
s_o1,BO1,technosphere|ei39_cutoff|7f63fa1d975fd20397933993cfe1bbf2,"technosphere::softwood forestry, pine, sustainable forest management::RoW::kilogram",technosphere,"softwood forestry, pine, sustainable forest management",ei39_cutoff,7f63fa1d975fd20397933993cfe1bbf2,RoW,,kilogram,TRACI_v2_1__ecotoxicity_freshwater__ecotoxicity_freshwater,TRACI v2.1 | ecotoxicity: freshwater | ecotoxicity: freshwater,ecotoxicity: freshwater,CTUe,0.1682396447960343,UF_TRACI_v2_1__ecotoxicity_freshwater__ecotoxicity_freshwater__softwood_forestry_pine_sustainable_forest_management__RoW,CTUe/kilogram,True
s_o1,BO1,technosphere|ei39_cutoff|7f63fa1d975fd20397933993cfe1bbf2,"technosphere::softwood forestry, pine, sustainable forest management::RoW::kilogram",technosphere,"softwood forestry, pine, sustainable forest management",ei39_cutoff,7f63fa1d975fd20397933993cfe1bbf2,RoW,,kilogram,TRACI_v2_1__photochemical_oxidant_formation__maximum_incremental_reactivity_MIR,TRACI v2.1 | photochemical oxidant formation | maximum incremental reactivity (MIR),photochemical oxidant formation,kg O3-Eq,0.006493490284901399,UF_TRACI_v2_1__photochemical_oxidant_formation__maximum_incremental_reactivity_MIR__softwood_forestry_pine_sustainable_forest_management__RoW,kg O3-Eq/kilogram,True
s_o1,BO1,technosphere|ei39_cutoff|a54115ba044e5f4394c78824ef3e2c6f,"technosphere::softwood forestry, spruce, sustainable forest management::RoW::kilogram",technosphere,"softwood forestry, spruce, sustainable forest management",ei39_cutoff,a54115ba044e5f4394c78824ef3e2c6f,RoW,,kilogram,IPCC_2021__climate_change__global_warming_potential_GWP100,IPCC 2021 | climate change | global warming potential (GWP100),climate change,kg CO2-Eq,0.04371784006255475,UF_IPCC_2021__climate_change__global_warming_potential_GWP100__softwood_forestry_spruce_sustainable_forest_management__RoW,kg CO2-Eq/kilogram,True
s_o1,BO1,technosphere|ei39_cutoff|a54115ba044e5f4394c78824ef3e2c6f,"technosphere::softwood forestry, spruce, sustainable forest management::RoW::kilogram",technosphere,"softwood forestry, spruce, sustainable forest management",ei39_cutoff,a54115ba044e5f4394c78824ef3e2c6f,RoW,,kilogram,TRACI_v2_1__eutrophication__eutrophication_potential,TRACI v2.1 | eutrophication | eutrophication potential,eutrophication,kg N-Eq,0.00011892132282326936,UF_TRACI_v2_1__eutrophication__eutrophication_potential__softwood_forestry_spruce_sustainable_forest_management__RoW,kg N-Eq/kilogram,True
s_o1,BO1,technosphere|ei39_cutoff|a54115ba044e5f4394c78824ef3e2c6f,"technosphere::softwood forestry, spruce, sustainable forest management::RoW::kilogram",technosphere,"softwood forestry, spruce, sustainable forest management",ei39_cutoff,a54115ba044e5f4394c78824ef3e2c6f,RoW,,kilogram,TRACI_v2_1__acidification__acidification_potential_AP,TRACI v2.1 | acidification | acidification potential (AP),acidification,kg SO2-Eq,0.00021816354627526786,UF_TRACI_v2_1__acidification__acidification_potential_AP__softwood_forestry_spruce_sustainable_forest_management__RoW,kg SO2-Eq/kilogram,True
s_o1,BO1,technosphere|ei39_cutoff|a54115ba044e5f4394c78824ef3e2c6f,"technosphere::softwood forestry, spruce, sustainable forest management::RoW::kilogram",technosphere,"softwood forestry, spruce, sustainable forest management",ei39_cutoff,a54115ba044e5f4394c78824ef3e2c6f,RoW,,kilogram,TRACI_v2_1__particulate_matter_formation__particulate_matter_formation_potential_PMFP,TRACI v2.1 | particulate matter formation | particulate matter formation potential (PMFP),particulate matter formation,PM2.5-Eq,2.251560523557327e-05,UF_TRACI_v2_1__particulate_matter_formation__particulate_matter_formation_potential_PMFP__softwood_forestry_spruce_sustainable_forest_management__RoW,PM2.5-Eq/kilogram,True
s_o1,BO1,technosphere|ei39_cutoff|a54115ba044e5f4394c78824ef3e2c6f,"technosphere::softwood forestry, spruce, sustainable forest management::RoW::kilogram",technosphere,"softwood forestry, spruce, sustainable forest management",ei39_cutoff,a54115ba044e5f4394c78824ef3e2c6f,RoW,,kilogram,TRACI_v2_1__ecotoxicity_freshwater__ecotoxicity_freshwater,TRACI v2.1 | ecotoxicity: freshwater | ecotoxicity: freshwater,ecotoxicity: freshwater,CTUe,0.17263738350032323,UF_TRACI_v2_1__ecotoxicity_freshwater__ecotoxicity_freshwater__softwood_forestry_spruce_sustainable_forest_management__RoW,CTUe/kilogram,True
s_o1,BO1,technosphere|ei39_cutoff|a54115ba044e5f4394c78824ef3e2c6f,"technosphere::softwood forestry, spruce, sustainable forest management::RoW::kilogram",technosphere,"softwood forestry, spruce, sustainable forest management",ei39_cutoff,a54115ba044e5f4394c78824ef3e2c6f,RoW,,kilogram,TRACI_v2_1__photochemical_oxidant_formation__maximum_incremental_reactivity_MIR,TRACI v2.1 | photochemical oxidant formation | maximum incremental reactivity (MIR),photochemical oxidant formation,kg O3-Eq,0.006735277366388118,UF_TRACI_v2_1__photochemical_oxidant_formation__maximum_incremental_reactivity_MIR__softwood_forestry_spruce_sustainable_forest_management__RoW,kg O3-Eq/kilogram,True
s_o1,BO1,technosphere|ei39_cutoff|8fcd322e3bfcf29cc506c34e95336f81,"technosphere::willow production, short rotation coppice::RoW::kilogram",technosphere,"willow production, short rotation coppice",ei39_cutoff,8fcd322e3bfcf29cc506c34e95336f81,RoW,,kilogram,IPCC_2021__climate_change__global_warming_potential_GWP100,IPCC 2021 | climate change | global warming potential (GWP100),climate change,kg CO2-Eq,0.060142361964209023,UF_IPCC_2021__climate_change__global_warming_potential_GWP100__willow_production_short_rotation_coppice__RoW,kg CO2-Eq/kilogram,True
s_o1,BO1,technosphere|ei39_cutoff|8fcd322e3bfcf29cc506c34e95336f81,"technosphere::willow production, short rotation coppice::RoW::kilogram",technosphere,"willow production, short rotation coppice",ei39_cutoff,8fcd322e3bfcf29cc506c34e95336f81,RoW,,kilogram,TRACI_v2_1__eutrophication__eutrophication_potential,TRACI v2.1 | eutrophication | eutrophication potential,eutrophication,kg N-Eq,0.0016108580342260787,UF_TRACI_v2_1__eutrophication__eutrophication_potential__willow_production_short_rotation_coppice__RoW,kg N-Eq/kilogram,True
s_o1,BO1,technosphere|ei39_cutoff|8fcd322e3bfcf29cc506c34e95336f81,"technosphere::willow production, short rotation coppice::RoW::kilogram",technosphere,"willow production, short rotation coppice",ei39_cutoff,8fcd322e3bfcf29cc506c34e95336f81,RoW,,kilogram,TRACI_v2_1__acidification__acidification_potential_AP,TRACI v2.1 | acidification | acidification potential (AP),acidification,kg SO2-Eq,0.00040443473919663837,UF_TRACI_v2_1__acidification__acidification_potential_AP__willow_production_short_rotation_coppice__RoW,kg SO2-Eq/kilogram,True
s_o1,BO1,technosphere|ei39_cutoff|8fcd322e3bfcf29cc506c34e95336f81,"technosphere::willow production, short rotation coppice::RoW::kilogram",technosphere,"willow production, short rotation coppice",ei39_cutoff,8fcd322e3bfcf29cc506c34e95336f81,RoW,,kilogram,TRACI_v2_1__particulate_matter_formation__particulate_matter_formation_potential_PMFP,TRACI v2.1 | particulate matter formation | particulate matter formation potential (PMFP),particulate matter formation,PM2.5-Eq,6.346341734089867e-05,UF_TRACI_v2_1__particulate_matter_formation__particulate_matter_formation_potential_PMFP__willow_production_short_rotation_coppice__RoW,PM2.5-Eq/kilogram,True
s_o1,BO1,technosphere|ei39_cutoff|8fcd322e3bfcf29cc506c34e95336f81,"technosphere::willow production, short rotation coppice::RoW::kilogram",technosphere,"willow production, short rotation coppice",ei39_cutoff,8fcd322e3bfcf29cc506c34e95336f81,RoW,,kilogram,TRACI_v2_1__ecotoxicity_freshwater__ecotoxicity_freshwater,TRACI v2.1 | ecotoxicity: freshwater | ecotoxicity: freshwater,ecotoxicity: freshwater,CTUe,0.76888987746907,UF_TRACI_v2_1__ecotoxicity_freshwater__ecotoxicity_freshwater__willow_production_short_rotation_coppice__RoW,CTUe/kilogram,True
s_o1,BO1,technosphere|ei39_cutoff|8fcd322e3bfcf29cc506c34e95336f81,"technosphere::willow production, short rotation coppice::RoW::kilogram",technosphere,"willow production, short rotation coppice",ei39_cutoff,8fcd322e3bfcf29cc506c34e95336f81,RoW,,kilogram,TRACI_v2_1__photochemical_oxidant_formation__maximum_incremental_reactivity_MIR,TRACI v2.1 | photochemical oxidant formation | maximum incremental reactivity (MIR),photochemical oxidant formation,kg O3-Eq,0.00767057916238613,UF_TRACI_v2_1__photochemical_oxidant_formation__maximum_incremental_reactivity_MIR__willow_production_short_rotation_coppice__RoW,kg O3-Eq/kilogram,True
s_o1,BO1,technosphere|ei39_cutoff|2ba127601085d3c181813d9d3c33b22a,"technosphere::market for nitrogen, liquid::RoW::kilogram",technosphere,"market for nitrogen, liquid",ei39_cutoff,2ba127601085d3c181813d9d3c33b22a,RoW,,kilogram,IPCC_2021__climate_change__global_warming_potential_GWP100,IPCC 2021 | climate change | global warming potential (GWP100),climate change,kg CO2-Eq,0.4369268616564813,UF_IPCC_2021__climate_change__global_warming_potential_GWP100__market_for_nitrogen_liquid__RoW,kg CO2-Eq/kilogram,True
s_o1,BO1,technosphere|ei39_cutoff|2ba127601085d3c181813d9d3c33b22a,"technosphere::market for nitrogen, liquid::RoW::kilogram",technosphere,"market for nitrogen, liquid",ei39_cutoff,2ba127601085d3c181813d9d3c33b22a,RoW,,kilogram,TRACI_v2_1__eutrophication__eutrophication_potential,TRACI v2.1 | eutrophication | eutrophication potential,eutrophication,kg N-Eq,0.0013897182237045168,UF_TRACI_v2_1__eutrophication__eutrophication_potential__market_for_nitrogen_liquid__RoW,kg N-Eq/kilogram,True
s_o1,BO1,technosphere|ei39_cutoff|2ba127601085d3c181813d9d3c33b22a,"technosphere::market for nitrogen, liquid::RoW::kilogram",technosphere,"market for nitrogen, liquid",ei39_cutoff,2ba127601085d3c181813d9d3c33b22a,RoW,,kilogram,TRACI_v2_1__acidification__acidification_potential_AP,TRACI v2.1 | acidification | acidification potential (AP),acidification,kg SO2-Eq,0.0018446756620852846,UF_TRACI_v2_1__acidification__acidification_potential_AP__market_for_nitrogen_liquid__RoW,kg SO2-Eq/kilogram,True
s_o1,BO1,technosphere|ei39_cutoff|2ba127601085d3c181813d9d3c33b22a,"technosphere::market for nitrogen, liquid::RoW::kilogram",technosphere,"market for nitrogen, liquid",ei39_cutoff,2ba127601085d3c181813d9d3c33b22a,RoW,,kilogram,TRACI_v2_1__particulate_matter_formation__particulate_matter_formation_potential_PMFP,TRACI v2.1 | particulate matter formation | particulate matter formation potential (PMFP),particulate matter formation,PM2.5-Eq,0.0005971849054450143,UF_TRACI_v2_1__particulate_matter_formation__particulate_matter_formation_potential_PMFP__market_for_nitrogen_liquid__RoW,PM2.5-Eq/kilogram,True
s_o1,BO1,technosphere|ei39_cutoff|2ba127601085d3c181813d9d3c33b22a,"technosphere::market for nitrogen, liquid::RoW::kilogram",technosphere,"market for nitrogen, liquid",ei39_cutoff,2ba127601085d3c181813d9d3c33b22a,RoW,,kilogram,TRACI_v2_1__ecotoxicity_freshwater__ecotoxicity_freshwater,TRACI v2.1 | ecotoxicity: freshwater | ecotoxicity: freshwater,ecotoxicity: freshwater,CTUe,2.814945932102508,UF_TRACI_v2_1__ecotoxicity_freshwater__ecotoxicity_freshwater__market_for_nitrogen_liquid__RoW,CTUe/kilogram,True
s_o1,BO1,technosphere|ei39_cutoff|2ba127601085d3c181813d9d3c33b22a,"technosphere::market for nitrogen, liquid::RoW::kilogram",technosphere,"market for nitrogen, liquid",ei39_cutoff,2ba127601085d3c181813d9d3c33b22a,RoW,,kilogram,TRACI_v2_1__photochemical_oxidant_formation__maximum_incremental_reactivity_MIR,TRACI v2.1 | photochemical oxidant formation | maximum incremental reactivity (MIR),photochemical oxidant formation,kg O3-Eq,0.025962302094960622,UF_TRACI_v2_1__photochemical_oxidant_formation__maximum_incremental_reactivity_MIR__market_for_nitrogen_liquid__RoW,kg O3-Eq/kilogram,True
s_o1,BO1,technosphere|ei39_cutoff|72f0fb1669cc82aed89e97ac2d612d0b,technosphere::market for sand::RoW::kilogram,technosphere,market for sand,ei39_cutoff,72f0fb1669cc82aed89e97ac2d612d0b,RoW,,kilogram,IPCC_2021__climate_change__global_warming_potential_GWP100,IPCC 2021 | climate change | global warming potential (GWP100),climate change,kg CO2-Eq,0.0127309961220364,UF_IPCC_2021__climate_change__global_warming_potential_GWP100__market_for_sand__RoW,kg CO2-Eq/kilogram,True
s_o1,BO1,technosphere|ei39_cutoff|72f0fb1669cc82aed89e97ac2d612d0b,technosphere::market for sand::RoW::kilogram,technosphere,market for sand,ei39_cutoff,72f0fb1669cc82aed89e97ac2d612d0b,RoW,,kilogram,TRACI_v2_1__eutrophication__eutrophication_potential,TRACI v2.1 | eutrophication | eutrophication potential,eutrophication,kg N-Eq,1.874372756786356e-05,UF_TRACI_v2_1__eutrophication__eutrophication_potential__market_for_sand__RoW,kg N-Eq/kilogram,True
s_o1,BO1,technosphere|ei39_cutoff|72f0fb1669cc82aed89e97ac2d612d0b,technosphere::market for sand::RoW::kilogram,technosphere,market for sand,ei39_cutoff,72f0fb1669cc82aed89e97ac2d612d0b,RoW,,kilogram,TRACI_v2_1__acidification__acidification_potential_AP,TRACI v2.1 | acidification | acidification potential (AP),acidification,kg SO2-Eq,7.855745894720645e-05,UF_TRACI_v2_1__acidification__acidification_potential_AP__market_for_sand__RoW,kg SO2-Eq/kilogram,True
s_o1,BO1,technosphere|ei39_cutoff|72f0fb1669cc82aed89e97ac2d612d0b,technosphere::market for sand::RoW::kilogram,technosphere,market for sand,ei39_cutoff,72f0fb1669cc82aed89e97ac2d612d0b,RoW,,kilogram,TRACI_v2_1__particulate_matter_formation__particulate_matter_formation_potential_PMFP,TRACI v2.1 | particulate matter formation | particulate matter formation potential (PMFP),particulate matter formation,PM2.5-Eq,1.1330961940729925e-05,UF_TRACI_v2_1__particulate_matter_formation__particulate_matter_formation_potential_PMFP__market_for_sand__RoW,PM2.5-Eq/kilogram,True
s_o1,BO1,technosphere|ei39_cutoff|72f0fb1669cc82aed89e97ac2d612d0b,technosphere::market for sand::RoW::kilogram,technosphere,market for sand,ei39_cutoff,72f0fb1669cc82aed89e97ac2d612d0b,RoW,,kilogram,TRACI_v2_1__ecotoxicity_freshwater__ecotoxicity_freshwater,TRACI v2.1 | ecotoxicity: freshwater | ecotoxicity: freshwater,ecotoxicity: freshwater,CTUe,0.13636892273510923,UF_TRACI_v2_1__ecotoxicity_freshwater__ecotoxicity_freshwater__market_for_sand__RoW,CTUe/kilogram,True
s_o1,BO1,technosphere|ei39_cutoff|72f0fb1669cc82aed89e97ac2d612d0b,technosphere::market for sand::RoW::kilogram,technosphere,market for sand,ei39_cutoff,72f0fb1669cc82aed89e97ac2d612d0b,RoW,,kilogram,TRACI_v2_1__photochemical_oxidant_formation__maximum_incremental_reactivity_MIR,TRACI v2.1 | photochemical oxidant formation | maximum incremental reactivity (MIR),photochemical oxidant formation,kg O3-Eq,0.001992895801814514,UF_TRACI_v2_1__photochemical_oxidant_formation__maximum_incremental_reactivity_MIR__market_for_sand__RoW,kg O3-Eq/kilogram,True
s_o1,BO1,technosphere|ei39_cutoff|a59a845057a75670b39c812c45810d97,technosphere::market for diazole-compound::GLO::kilogram,technosphere,market for diazole-compound,ei39_cutoff,a59a845057a75670b39c812c45810d97,GLO,,kilogram,IPCC_2021__climate_change__global_warming_potential_GWP100,IPCC 2021 | climate change | global warming potential (GWP100),climate change,kg CO2-Eq,17.07894457048171,UF_IPCC_2021__climate_change__global_warming_potential_GWP100__market_for_diazole_compound__GLO,kg CO2-Eq/kilogram,True
s_o1,BO1,technosphere|ei39_cutoff|a59a845057a75670b39c812c45810d97,technosphere::market for diazole-compound::GLO::kilogram,technosphere,market for diazole-compound,ei39_cutoff,a59a845057a75670b39c812c45810d97,GLO,,kilogram,TRACI_v2_1__eutrophication__eutrophication_potential,TRACI v2.1 | eutrophication | eutrophication potential,eutrophication,kg N-Eq,0.05053608574437824,UF_TRACI_v2_1__eutrophication__eutrophication_potential__market_for_diazole_compound__GLO,kg N-Eq/kilogram,True
s_o1,BO1,technosphere|ei39_cutoff|a59a845057a75670b39c812c45810d97,technosphere::market for diazole-compound::GLO::kilogram,technosphere,market for diazole-compound,ei39_cutoff,a59a845057a75670b39c812c45810d97,GLO,,kilogram,TRACI_v2_1__acidification__acidification_potential_AP,TRACI v2.1 | acidification | acidification potential (AP),acidification,kg SO2-Eq,0.23732420959252032,UF_TRACI_v2_1__acidification__acidification_potential_AP__market_for_diazole_compound__GLO,kg SO2-Eq/kilogram,True
s_o1,BO1,technosphere|ei39_cutoff|a59a845057a75670b39c812c45810d97,technosphere::market for diazole-compound::GLO::kilogram,technosphere,market for diazole-compound,ei39_cutoff,a59a845057a75670b39c812c45810d97,GLO,,kilogram,TRACI_v2_1__particulate_matter_formation__particulate_matter_formation_potential_PMFP,TRACI v2.1 | particulate matter formation | particulate matter formation potential (PMFP),particulate matter formation,PM2.5-Eq,0.023128389414904374,UF_TRACI_v2_1__particulate_matter_formation__particulate_matter_formation_potential_PMFP__market_for_diazole_compound__GLO,PM2.5-Eq/kilogram,True
s_o1,BO1,technosphere|ei39_cutoff|a59a845057a75670b39c812c45810d97,technosphere::market for diazole-compound::GLO::kilogram,technosphere,market for diazole-compound,ei39_cutoff,a59a845057a75670b39c812c45810d97,GLO,,kilogram,TRACI_v2_1__ecotoxicity_freshwater__ecotoxicity_freshwater,TRACI v2.1 | ecotoxicity: freshwater | ecotoxicity: freshwater,ecotoxicity: freshwater,CTUe,452.9456463625093,UF_TRACI_v2_1__ecotoxicity_freshwater__ecotoxicity_freshwater__market_for_diazole_compound__GLO,CTUe/kilogram,True
s_o1,BO1,technosphere|ei39_cutoff|a59a845057a75670b39c812c45810d97,technosphere::market for diazole-compound::GLO::kilogram,technosphere,market for diazole-compound,ei39_cutoff,a59a845057a75670b39c812c45810d97,GLO,,kilogram,TRACI_v2_1__photochemical_oxidant_formation__maximum_incremental_reactivity_MIR,TRACI v2.1 | photochemical oxidant formation | maximum incremental reactivity (MIR),photochemical oxidant formation,kg O3-Eq,0.8995655408072936,UF_TRACI_v2_1__photochemical_oxidant_formation__maximum_incremental_reactivity_MIR__market_for_diazole_compound__GLO,kg O3-Eq/kilogram,True
s_o1,BO1,biosphere|biosphere3|afd6d670-bbb0-4625-9730-04088a5b035e,biosphere::Dinitrogen monoxide::air > non-urban air or from high stacks::kilogram,biosphere,Dinitrogen monoxide,biosphere3,afd6d670-bbb0-4625-9730-04088a5b035e,,air > non-urban air or from high stacks,kilogram,IPCC_2021__climate_change__global_warming_potential_GWP100,IPCC 2021 | climate change | global warming potential (GWP100),climate change,kg CO2-Eq,273.0,CF_IPCC_2021__climate_change__global_warming_potential_GWP100__Dinitrogen_monoxide__air__non_urban_air_or_from_high_stacks,kg CO2-Eq/kilogram,True
s_o1,BO1,biosphere|biosphere3|afd6d670-bbb0-4625-9730-04088a5b035e,biosphere::Dinitrogen monoxide::air > non-urban air or from high stacks::kilogram,biosphere,Dinitrogen monoxide,biosphere3,afd6d670-bbb0-4625-9730-04088a5b035e,,air > non-urban air or from high stacks,kilogram,TRACI_v2_1__eutrophication__eutrophication_potential,TRACI v2.1 | eutrophication | eutrophication potential,eutrophication,kg N-Eq,0.0,CF_TRACI_v2_1__eutrophication__eutrophication_potential__Dinitrogen_monoxide__air__non_urban_air_or_from_high_stacks,kg N-Eq/kilogram,True
s_o1,BO1,biosphere|biosphere3|afd6d670-bbb0-4625-9730-04088a5b035e,biosphere::Dinitrogen monoxide::air > non-urban air or from high stacks::kilogram,biosphere,Dinitrogen monoxide,biosphere3,afd6d670-bbb0-4625-9730-04088a5b035e,,air > non-urban air or from high stacks,kilogram,TRACI_v2_1__acidification__acidification_potential_AP,TRACI v2.1 | acidification | acidification potential (AP),acidification,kg SO2-Eq,0.0,CF_TRACI_v2_1__acidification__acidification_potential_AP__Dinitrogen_monoxide__air__non_urban_air_or_from_high_stacks,kg SO2-Eq/kilogram,True
s_o1,BO1,biosphere|biosphere3|afd6d670-bbb0-4625-9730-04088a5b035e,biosphere::Dinitrogen monoxide::air > non-urban air or from high stacks::kilogram,biosphere,Dinitrogen monoxide,biosphere3,afd6d670-bbb0-4625-9730-04088a5b035e,,air > non-urban air or from high stacks,kilogram,TRACI_v2_1__particulate_matter_formation__particulate_matter_formation_potential_PMFP,TRACI v2.1 | particulate matter formation | particulate matter formation potential (PMFP),particulate matter formation,PM2.5-Eq,0.0,CF_TRACI_v2_1__particulate_matter_formation__particulate_matter_formation_potential_PMFP__Dinitrogen_monoxide__air__non_urban_air_or_from_high_stacks,PM2.5-Eq/kilogram,True
s_o1,BO1,biosphere|biosphere3|afd6d670-bbb0-4625-9730-04088a5b035e,biosphere::Dinitrogen monoxide::air > non-urban air or from high stacks::kilogram,biosphere,Dinitrogen monoxide,biosphere3,afd6d670-bbb0-4625-9730-04088a5b035e,,air > non-urban air or from high stacks,kilogram,TRACI_v2_1__ecotoxicity_freshwater__ecotoxicity_freshwater,TRACI v2.1 | ecotoxicity: freshwater | ecotoxicity: freshwater,ecotoxicity: freshwater,CTUe,0.0,CF_TRACI_v2_1__ecotoxicity_freshwater__ecotoxicity_freshwater__Dinitrogen_monoxide__air__non_urban_air_or_from_high_stacks,CTUe/kilogram,True
s_o1,BO1,biosphere|biosphere3|afd6d670-bbb0-4625-9730-04088a5b035e,biosphere::Dinitrogen monoxide::air > non-urban air or from high stacks::kilogram,biosphere,Dinitrogen monoxide,biosphere3,afd6d670-bbb0-4625-9730-04088a5b035e,,air > non-urban air or from high stacks,kilogram,TRACI_v2_1__photochemical_oxidant_formation__maximum_incremental_reactivity_MIR,TRACI v2.1 | photochemical oxidant formation | maximum incremental reactivity (MIR),photochemical oxidant formation,kg O3-Eq,0.0,CF_TRACI_v2_1__photochemical_oxidant_formation__maximum_incremental_reactivity_MIR__Dinitrogen_monoxide__air__non_urban_air_or_from_high_stacks,kg O3-Eq/kilogram,True
s_o1,BO1,biosphere|biosphere3|77357947-ccc5-438e-9996-95e65e1e1bce,biosphere::Nitrogen oxides::air > non-urban air or from high stacks::kilogram,biosphere,Nitrogen oxides,biosphere3,77357947-ccc5-438e-9996-95e65e1e1bce,,air > non-urban air or from high stacks,kilogram,IPCC_2021__climate_change__global_warming_potential_GWP100,IPCC 2021 | climate change | global warming potential (GWP100),climate change,kg CO2-Eq,0.0,CF_IPCC_2021__climate_change__global_warming_potential_GWP100__Nitrogen_oxides__air__non_urban_air_or_from_high_stacks,kg CO2-Eq/kilogram,True
s_o1,BO1,biosphere|biosphere3|77357947-ccc5-438e-9996-95e65e1e1bce,biosphere::Nitrogen oxides::air > non-urban air or from high stacks::kilogram,biosphere,Nitrogen oxides,biosphere3,77357947-ccc5-438e-9996-95e65e1e1bce,,air > non-urban air or from high stacks,kilogram,TRACI_v2_1__eutrophication__eutrophication_potential,TRACI v2.1 | eutrophication | eutrophication potential,eutrophication,kg N-Eq,0.04429,CF_TRACI_v2_1__eutrophication__eutrophication_potential__Nitrogen_oxides__air__non_urban_air_or_from_high_stacks,kg N-Eq/kilogram,True
s_o1,BO1,biosphere|biosphere3|77357947-ccc5-438e-9996-95e65e1e1bce,biosphere::Nitrogen oxides::air > non-urban air or from high stacks::kilogram,biosphere,Nitrogen oxides,biosphere3,77357947-ccc5-438e-9996-95e65e1e1bce,,air > non-urban air or from high stacks,kilogram,TRACI_v2_1__acidification__acidification_potential_AP,TRACI v2.1 | acidification | acidification potential (AP),acidification,kg SO2-Eq,0.7,CF_TRACI_v2_1__acidification__acidification_potential_AP__Nitrogen_oxides__air__non_urban_air_or_from_high_stacks,kg SO2-Eq/kilogram,True
s_o1,BO1,biosphere|biosphere3|77357947-ccc5-438e-9996-95e65e1e1bce,biosphere::Nitrogen oxides::air > non-urban air or from high stacks::kilogram,biosphere,Nitrogen oxides,biosphere3,77357947-ccc5-438e-9996-95e65e1e1bce,,air > non-urban air or from high stacks,kilogram,TRACI_v2_1__particulate_matter_formation__particulate_matter_formation_potential_PMFP,TRACI v2.1 | particulate matter formation | particulate matter formation potential (PMFP),particulate matter formation,PM2.5-Eq,0.007222222222222222,CF_TRACI_v2_1__particulate_matter_formation__particulate_matter_formation_potential_PMFP__Nitrogen_oxides__air__non_urban_air_or_from_high_stacks,PM2.5-Eq/kilogram,True
s_o1,BO1,biosphere|biosphere3|77357947-ccc5-438e-9996-95e65e1e1bce,biosphere::Nitrogen oxides::air > non-urban air or from high stacks::kilogram,biosphere,Nitrogen oxides,biosphere3,77357947-ccc5-438e-9996-95e65e1e1bce,,air > non-urban air or from high stacks,kilogram,TRACI_v2_1__ecotoxicity_freshwater__ecotoxicity_freshwater,TRACI v2.1 | ecotoxicity: freshwater | ecotoxicity: freshwater,ecotoxicity: freshwater,CTUe,0.0,CF_TRACI_v2_1__ecotoxicity_freshwater__ecotoxicity_freshwater__Nitrogen_oxides__air__non_urban_air_or_from_high_stacks,CTUe/kilogram,True
s_o1,BO1,biosphere|biosphere3|77357947-ccc5-438e-9996-95e65e1e1bce,biosphere::Nitrogen oxides::air > non-urban air or from high stacks::kilogram,biosphere,Nitrogen oxides,biosphere3,77357947-ccc5-438e-9996-95e65e1e1bce,,air > non-urban air or from high stacks,kilogram,TRACI_v2_1__photochemical_oxidant_formation__maximum_incremental_reactivity_MIR,TRACI v2.1 | photochemical oxidant formation | maximum incremental reactivity (MIR),photochemical oxidant formation,kg O3-Eq,24.79358974358974,CF_TRACI_v2_1__photochemical_oxidant_formation__maximum_incremental_reactivity_MIR__Nitrogen_oxides__air__non_urban_air_or_from_high_stacks,kg O3-Eq/kilogram,True
s_o1,BO1,biosphere|biosphere3|8c1494a5-4987-4715-aa2d-1908c495f4eb,"biosphere::Water, turbine use, unspecified natural origin::natural resource > in water::cubic meter",biosphere,"Water, turbine use, unspecified natural origin",biosphere3,8c1494a5-4987-4715-aa2d-1908c495f4eb,,natural resource > in water,cubic meter,IPCC_2021__climate_change__global_warming_potential_GWP100,IPCC 2021 | climate change | global warming potential (GWP100),climate change,kg CO2-Eq,0.0,CF_IPCC_2021__climate_change__global_warming_potential_GWP100__Water_turbine_use_unspecified_natural_origin__natural_resource__in_water,kg CO2-Eq/cubic meter,True
s_o1,BO1,biosphere|biosphere3|8c1494a5-4987-4715-aa2d-1908c495f4eb,"biosphere::Water, turbine use, unspecified natural origin::natural resource > in water::cubic meter",biosphere,"Water, turbine use, unspecified natural origin",biosphere3,8c1494a5-4987-4715-aa2d-1908c495f4eb,,natural resource > in water,cubic meter,TRACI_v2_1__eutrophication__eutrophication_potential,TRACI v2.1 | eutrophication | eutrophication potential,eutrophication,kg N-Eq,0.0,CF_TRACI_v2_1__eutrophication__eutrophication_potential__Water_turbine_use_unspecified_natural_origin__natural_resource__in_water,kg N-Eq/cubic meter,True
s_o1,BO1,biosphere|biosphere3|8c1494a5-4987-4715-aa2d-1908c495f4eb,"biosphere::Water, turbine use, unspecified natural origin::natural resource > in water::cubic meter",biosphere,"Water, turbine use, unspecified natural origin",biosphere3,8c1494a5-4987-4715-aa2d-1908c495f4eb,,natural resource > in water,cubic meter,TRACI_v2_1__acidification__acidification_potential_AP,TRACI v2.1 | acidification | acidification potential (AP),acidification,kg SO2-Eq,0.0,CF_TRACI_v2_1__acidification__acidification_potential_AP__Water_turbine_use_unspecified_natural_origin__natural_resource__in_water,kg SO2-Eq/cubic meter,True
s_o1,BO1,biosphere|biosphere3|8c1494a5-4987-4715-aa2d-1908c495f4eb,"biosphere::Water, turbine use, unspecified natural origin::natural resource > in water::cubic meter",biosphere,"Water, turbine use, unspecified natural origin",biosphere3,8c1494a5-4987-4715-aa2d-1908c495f4eb,,natural resource > in water,cubic meter,TRACI_v2_1__particulate_matter_formation__particulate_matter_formation_potential_PMFP,TRACI v2.1 | particulate matter formation | particulate matter formation potential (PMFP),particulate matter formation,PM2.5-Eq,0.0,CF_TRACI_v2_1__particulate_matter_formation__particulate_matter_formation_potential_PMFP__Water_turbine_use_unspecified_natural_origin__natural_resource__in_water,PM2.5-Eq/cubic meter,True
s_o1,BO1,biosphere|biosphere3|8c1494a5-4987-4715-aa2d-1908c495f4eb,"biosphere::Water, turbine use, unspecified natural origin::natural resource > in water::cubic meter",biosphere,"Water, turbine use, unspecified natural origin",biosphere3,8c1494a5-4987-4715-aa2d-1908c495f4eb,,natural resource > in water,cubic meter,TRACI_v2_1__ecotoxicity_freshwater__ecotoxicity_freshwater,TRACI v2.1 | ecotoxicity: freshwater | ecotoxicity: freshwater,ecotoxicity: freshwater,CTUe,0.0,CF_TRACI_v2_1__ecotoxicity_freshwater__ecotoxicity_freshwater__Water_turbine_use_unspecified_natural_origin__natural_resource__in_water,CTUe/cubic meter,True
s_o1,BO1,biosphere|biosphere3|8c1494a5-4987-4715-aa2d-1908c495f4eb,"biosphere::Water, turbine use, unspecified natural origin::natural resource > in water::cubic meter",biosphere,"Water, turbine use, unspecified natural origin",biosphere3,8c1494a5-4987-4715-aa2d-1908c495f4eb,,natural resource > in water,cubic meter,TRACI_v2_1__photochemical_oxidant_formation__maximum_incremental_reactivity_MIR,TRACI v2.1 | photochemical oxidant formation | maximum incremental reactivity (MIR),photochemical oxidant formation,kg O3-Eq,0.0,CF_TRACI_v2_1__photochemical_oxidant_formation__maximum_incremental_reactivity_MIR__Water_turbine_use_unspecified_natural_origin__natural_resource__in_water,kg O3-Eq/cubic meter,True
s_o1,BO1,biosphere|graphite_prod_char|water_chem,"biosphere::water, in chemical::inventory indicator > output flow::kilogram",biosphere,"water, in chemical",graphite_prod_char,water_chem,,inventory indicator > output flow,kilogram,IPCC_2021__climate_change__global_warming_potential_GWP100,IPCC 2021 | climate change | global warming potential (GWP100),climate change,kg CO2-Eq,0.0,CF_IPCC_2021__climate_change__global_warming_potential_GWP100__water_in_chemical__inventory_indicator__output_flow,kg CO2-Eq/kilogram,True
s_o1,BO1,biosphere|graphite_prod_char|water_chem,"biosphere::water, in chemical::inventory indicator > output flow::kilogram",biosphere,"water, in chemical",graphite_prod_char,water_chem,,inventory indicator > output flow,kilogram,TRACI_v2_1__eutrophication__eutrophication_potential,TRACI v2.1 | eutrophication | eutrophication potential,eutrophication,kg N-Eq,0.0,CF_TRACI_v2_1__eutrophication__eutrophication_potential__water_in_chemical__inventory_indicator__output_flow,kg N-Eq/kilogram,True
s_o1,BO1,biosphere|graphite_prod_char|water_chem,"biosphere::water, in chemical::inventory indicator > output flow::kilogram",biosphere,"water, in chemical",graphite_prod_char,water_chem,,inventory indicator > output flow,kilogram,TRACI_v2_1__acidification__acidification_potential_AP,TRACI v2.1 | acidification | acidification potential (AP),acidification,kg SO2-Eq,0.0,CF_TRACI_v2_1__acidification__acidification_potential_AP__water_in_chemical__inventory_indicator__output_flow,kg SO2-Eq/kilogram,True
s_o1,BO1,biosphere|graphite_prod_char|water_chem,"biosphere::water, in chemical::inventory indicator > output flow::kilogram",biosphere,"water, in chemical",graphite_prod_char,water_chem,,inventory indicator > output flow,kilogram,TRACI_v2_1__particulate_matter_formation__particulate_matter_formation_potential_PMFP,TRACI v2.1 | particulate matter formation | particulate matter formation potential (PMFP),particulate matter formation,PM2.5-Eq,0.0,CF_TRACI_v2_1__particulate_matter_formation__particulate_matter_formation_potential_PMFP__water_in_chemical__inventory_indicator__output_flow,PM2.5-Eq/kilogram,True
s_o1,BO1,biosphere|graphite_prod_char|water_chem,"biosphere::water, in chemical::inventory indicator > output flow::kilogram",biosphere,"water, in chemical",graphite_prod_char,water_chem,,inventory indicator > output flow,kilogram,TRACI_v2_1__ecotoxicity_freshwater__ecotoxicity_freshwater,TRACI v2.1 | ecotoxicity: freshwater | ecotoxicity: freshwater,ecotoxicity: freshwater,CTUe,0.0,CF_TRACI_v2_1__ecotoxicity_freshwater__ecotoxicity_freshwater__water_in_chemical__inventory_indicator__output_flow,CTUe/kilogram,True
s_o1,BO1,biosphere|graphite_prod_char|water_chem,"biosphere::water, in chemical::inventory indicator > output flow::kilogram",biosphere,"water, in chemical",graphite_prod_char,water_chem,,inventory indicator > output flow,kilogram,TRACI_v2_1__photochemical_oxidant_formation__maximum_incremental_reactivity_MIR,TRACI v2.1 | photochemical oxidant formation | maximum incremental reactivity (MIR),photochemical oxidant formation,kg O3-Eq,0.0,CF_TRACI_v2_1__photochemical_oxidant_formation__maximum_incremental_reactivity_MIR__water_in_chemical__inventory_indicator__output_flow,kg O3-Eq/kilogram,True
s_o1,BO1,biosphere|graphite_prod_char|h2_by,"biosphere::hydrogen, byproduct::inventory indicator > output flow::kilogram",biosphere,"hydrogen, byproduct",graphite_prod_char,h2_by,,inventory indicator > output flow,kilogram,IPCC_2021__climate_change__global_warming_potential_GWP100,IPCC 2021 | climate change | global warming potential (GWP100),climate change,kg CO2-Eq,0.0,CF_IPCC_2021__climate_change__global_warming_potential_GWP100__hydrogen_byproduct__inventory_indicator__output_flow,kg CO2-Eq/kilogram,True
s_o1,BO1,biosphere|graphite_prod_char|h2_by,"biosphere::hydrogen, byproduct::inventory indicator > output flow::kilogram",biosphere,"hydrogen, byproduct",graphite_prod_char,h2_by,,inventory indicator > output flow,kilogram,TRACI_v2_1__eutrophication__eutrophication_potential,TRACI v2.1 | eutrophication | eutrophication potential,eutrophication,kg N-Eq,0.0,CF_TRACI_v2_1__eutrophication__eutrophication_potential__hydrogen_byproduct__inventory_indicator__output_flow,kg N-Eq/kilogram,True
s_o1,BO1,biosphere|graphite_prod_char|h2_by,"biosphere::hydrogen, byproduct::inventory indicator > output flow::kilogram",biosphere,"hydrogen, byproduct",graphite_prod_char,h2_by,,inventory indicator > output flow,kilogram,TRACI_v2_1__acidification__acidification_potential_AP,TRACI v2.1 | acidification | acidification potential (AP),acidification,kg SO2-Eq,0.0,CF_TRACI_v2_1__acidification__acidification_potential_AP__hydrogen_byproduct__inventory_indicator__output_flow,kg SO2-Eq/kilogram,True
s_o1,BO1,biosphere|graphite_prod_char|h2_by,"biosphere::hydrogen, byproduct::inventory indicator > output flow::kilogram",biosphere,"hydrogen, byproduct",graphite_prod_char,h2_by,,inventory indicator > output flow,kilogram,TRACI_v2_1__particulate_matter_formation__particulate_matter_formation_potential_PMFP,TRACI v2.1 | particulate matter formation | particulate matter formation potential (PMFP),particulate matter formation,PM2.5-Eq,0.0,CF_TRACI_v2_1__particulate_matter_formation__particulate_matter_formation_potential_PMFP__hydrogen_byproduct__inventory_indicator__output_flow,PM2.5-Eq/kilogram,True
s_o1,BO1,biosphere|graphite_prod_char|h2_by,"biosphere::hydrogen, byproduct::inventory indicator > output flow::kilogram",biosphere,"hydrogen, byproduct",graphite_prod_char,h2_by,,inventory indicator > output flow,kilogram,TRACI_v2_1__ecotoxicity_freshwater__ecotoxicity_freshwater,TRACI v2.1 | ecotoxicity: freshwater | ecotoxicity: freshwater,ecotoxicity: freshwater,CTUe,0.0,CF_TRACI_v2_1__ecotoxicity_freshwater__ecotoxicity_freshwater__hydrogen_byproduct__inventory_indicator__output_flow,CTUe/kilogram,True
s_o1,BO1,biosphere|graphite_prod_char|h2_by,"biosphere::hydrogen, byproduct::inventory indicator > output flow::kilogram",biosphere,"hydrogen, byproduct",graphite_prod_char,h2_by,,inventory indicator > output flow,kilogram,TRACI_v2_1__photochemical_oxidant_formation__maximum_incremental_reactivity_MIR,TRACI v2.1 | photochemical oxidant formation | maximum incremental reactivity (MIR),photochemical oxidant formation,kg O3-Eq,0.0,CF_TRACI_v2_1__photochemical_oxidant_formation__maximum_incremental_reactivity_MIR__hydrogen_byproduct__inventory_indicator__output_flow,kg O3-Eq/kilogram,True
s_o1,BO1,biosphere|graphite_prod_char|dilute_wwt,"biosphere::dilute, from waste water management::inventory indicator > output flow::kilogram",biosphere,"dilute, from waste water management",graphite_prod_char,dilute_wwt,,inventory indicator > output flow,kilogram,IPCC_2021__climate_change__global_warming_potential_GWP100,IPCC 2021 | climate change | global warming potential (GWP100),climate change,kg CO2-Eq,0.0,CF_IPCC_2021__climate_change__global_warming_potential_GWP100__dilute_from_waste_water_management__inventory_indicator__output_flow,kg CO2-Eq/kilogram,True
s_o1,BO1,biosphere|graphite_prod_char|dilute_wwt,"biosphere::dilute, from waste water management::inventory indicator > output flow::kilogram",biosphere,"dilute, from waste water management",graphite_prod_char,dilute_wwt,,inventory indicator > output flow,kilogram,TRACI_v2_1__eutrophication__eutrophication_potential,TRACI v2.1 | eutrophication | eutrophication potential,eutrophication,kg N-Eq,0.0,CF_TRACI_v2_1__eutrophication__eutrophication_potential__dilute_from_waste_water_management__inventory_indicator__output_flow,kg N-Eq/kilogram,True
s_o1,BO1,biosphere|graphite_prod_char|dilute_wwt,"biosphere::dilute, from waste water management::inventory indicator > output flow::kilogram",biosphere,"dilute, from waste water management",graphite_prod_char,dilute_wwt,,inventory indicator > output flow,kilogram,TRACI_v2_1__acidification__acidification_potential_AP,TRACI v2.1 | acidification | acidification potential (AP),acidification,kg SO2-Eq,0.0,CF_TRACI_v2_1__acidification__acidification_potential_AP__dilute_from_waste_water_management__inventory_indicator__output_flow,kg SO2-Eq/kilogram,True
s_o1,BO1,biosphere|graphite_prod_char|dilute_wwt,"biosphere::dilute, from waste water management::inventory indicator > output flow::kilogram",biosphere,"dilute, from waste water management",graphite_prod_char,dilute_wwt,,inventory indicator > output flow,kilogram,TRACI_v2_1__particulate_matter_formation__particulate_matter_formation_potential_PMFP,TRACI v2.1 | particulate matter formation | particulate matter formation potential (PMFP),particulate matter formation,PM2.5-Eq,0.0,CF_TRACI_v2_1__particulate_matter_formation__particulate_matter_formation_potential_PMFP__dilute_from_waste_water_management__inventory_indicator__output_flow,PM2.5-Eq/kilogram,True
s_o1,BO1,biosphere|graphite_prod_char|dilute_wwt,"biosphere::dilute, from waste water management::inventory indicator > output flow::kilogram",biosphere,"dilute, from waste water management",graphite_prod_char,dilute_wwt,,inventory indicator > output flow,kilogram,TRACI_v2_1__ecotoxicity_freshwater__ecotoxicity_freshwater,TRACI v2.1 | ecotoxicity: freshwater | ecotoxicity: freshwater,ecotoxicity: freshwater,CTUe,0.0,CF_TRACI_v2_1__ecotoxicity_freshwater__ecotoxicity_freshwater__dilute_from_waste_water_management__inventory_indicator__output_flow,CTUe/kilogram,True
s_o1,BO1,biosphere|graphite_prod_char|dilute_wwt,"biosphere::dilute, from waste water management::inventory indicator > output flow::kilogram",biosphere,"dilute, from waste water management",graphite_prod_char,dilute_wwt,,inventory indicator > output flow,kilogram,TRACI_v2_1__photochemical_oxidant_formation__maximum_incremental_reactivity_MIR,TRACI v2.1 | photochemical oxidant formation | maximum incremental reactivity (MIR),photochemical oxidant formation,kg O3-Eq,0.0,CF_TRACI_v2_1__photochemical_oxidant_formation__maximum_incremental_reactivity_MIR__dilute_from_waste_water_management__inventory_indicator__output_flow,kg O3-Eq/kilogram,True
s_o1,BO1,biosphere|graphite_prod_char|air,biosphere::air::natural resource > in air::kilogram,biosphere,air,graphite_prod_char,air,,natural resource > in air,kilogram,IPCC_2021__climate_change__global_warming_potential_GWP100,IPCC 2021 | climate change | global warming potential (GWP100),climate change,kg CO2-Eq,0.0,CF_IPCC_2021__climate_change__global_warming_potential_GWP100__air__natural_resource__in_air,kg CO2-Eq/kilogram,True
s_o1,BO1,biosphere|graphite_prod_char|air,biosphere::air::natural resource > in air::kilogram,biosphere,air,graphite_prod_char,air,,natural resource > in air,kilogram,TRACI_v2_1__eutrophication__eutrophication_potential,TRACI v2.1 | eutrophication | eutrophication potential,eutrophication,kg N-Eq,0.0,CF_TRACI_v2_1__eutrophication__eutrophication_potential__air__natural_resource__in_air,kg N-Eq/kilogram,True
s_o1,BO1,biosphere|graphite_prod_char|air,biosphere::air::natural resource > in air::kilogram,biosphere,air,graphite_prod_char,air,,natural resource > in air,kilogram,TRACI_v2_1__acidification__acidification_potential_AP,TRACI v2.1 | acidification | acidification potential (AP),acidification,kg SO2-Eq,0.0,CF_TRACI_v2_1__acidification__acidification_potential_AP__air__natural_resource__in_air,kg SO2-Eq/kilogram,True
s_o1,BO1,biosphere|graphite_prod_char|air,biosphere::air::natural resource > in air::kilogram,biosphere,air,graphite_prod_char,air,,natural resource > in air,kilogram,TRACI_v2_1__particulate_matter_formation__particulate_matter_formation_potential_PMFP,TRACI v2.1 | particulate matter formation | particulate matter formation potential (PMFP),particulate matter formation,PM2.5-Eq,0.0,CF_TRACI_v2_1__particulate_matter_formation__particulate_matter_formation_potential_PMFP__air__natural_resource__in_air,PM2.5-Eq/kilogram,True
s_o1,BO1,biosphere|graphite_prod_char|air,biosphere::air::natural resource > in air::kilogram,biosphere,air,graphite_prod_char,air,,natural resource > in air,kilogram,TRACI_v2_1__ecotoxicity_freshwater__ecotoxicity_freshwater,TRACI v2.1 | ecotoxicity: freshwater | ecotoxicity: freshwater,ecotoxicity: freshwater,CTUe,0.0,CF_TRACI_v2_1__ecotoxicity_freshwater__ecotoxicity_freshwater__air__natural_resource__in_air,CTUe/kilogram,True
s_o1,BO1,biosphere|graphite_prod_char|air,biosphere::air::natural resource > in air::kilogram,biosphere,air,graphite_prod_char,air,,natural resource > in air,kilogram,TRACI_v2_1__photochemical_oxidant_formation__maximum_incremental_reactivity_MIR,TRACI v2.1 | photochemical oxidant formation | maximum incremental reactivity (MIR),photochemical oxidant formation,kg O3-Eq,0.0,CF_TRACI_v2_1__photochemical_oxidant_formation__maximum_incremental_reactivity_MIR__air__natural_resource__in_air,kg O3-Eq/kilogram,True
s_o1,BO1,biosphere|graphite_prod_char|biooil,biosphere::biooil::inventory indicator > output flow::kilogram,biosphere,biooil,graphite_prod_char,biooil,,inventory indicator > output flow,kilogram,IPCC_2021__climate_change__global_warming_potential_GWP100,IPCC 2021 | climate change | global warming potential (GWP100),climate change,kg CO2-Eq,0.0,CF_IPCC_2021__climate_change__global_warming_potential_GWP100__biooil__inventory_indicator__output_flow,kg CO2-Eq/kilogram,True
s_o1,BO1,biosphere|graphite_prod_char|biooil,biosphere::biooil::inventory indicator > output flow::kilogram,biosphere,biooil,graphite_prod_char,biooil,,inventory indicator > output flow,kilogram,TRACI_v2_1__eutrophication__eutrophication_potential,TRACI v2.1 | eutrophication | eutrophication potential,eutrophication,kg N-Eq,0.0,CF_TRACI_v2_1__eutrophication__eutrophication_potential__biooil__inventory_indicator__output_flow,kg N-Eq/kilogram,True
s_o1,BO1,biosphere|graphite_prod_char|biooil,biosphere::biooil::inventory indicator > output flow::kilogram,biosphere,biooil,graphite_prod_char,biooil,,inventory indicator > output flow,kilogram,TRACI_v2_1__acidification__acidification_potential_AP,TRACI v2.1 | acidification | acidification potential (AP),acidification,kg SO2-Eq,0.0,CF_TRACI_v2_1__acidification__acidification_potential_AP__biooil__inventory_indicator__output_flow,kg SO2-Eq/kilogram,True
s_o1,BO1,biosphere|graphite_prod_char|biooil,biosphere::biooil::inventory indicator > output flow::kilogram,biosphere,biooil,graphite_prod_char,biooil,,inventory indicator > output flow,kilogram,TRACI_v2_1__particulate_matter_formation__particulate_matter_formation_potential_PMFP,TRACI v2.1 | particulate matter formation | particulate matter formation potential (PMFP),particulate matter formation,PM2.5-Eq,0.0,CF_TRACI_v2_1__particulate_matter_formation__particulate_matter_formation_potential_PMFP__biooil__inventory_indicator__output_flow,PM2.5-Eq/kilogram,True
s_o1,BO1,biosphere|graphite_prod_char|biooil,biosphere::biooil::inventory indicator > output flow::kilogram,biosphere,biooil,graphite_prod_char,biooil,,inventory indicator > output flow,kilogram,TRACI_v2_1__ecotoxicity_freshwater__ecotoxicity_freshwater,TRACI v2.1 | ecotoxicity: freshwater | ecotoxicity: freshwater,ecotoxicity: freshwater,CTUe,0.0,CF_TRACI_v2_1__ecotoxicity_freshwater__ecotoxicity_freshwater__biooil__inventory_indicator__output_flow,CTUe/kilogram,True
s_o1,BO1,biosphere|graphite_prod_char|biooil,biosphere::biooil::inventory indicator > output flow::kilogram,biosphere,biooil,graphite_prod_char,biooil,,inventory indicator > output flow,kilogram,TRACI_v2_1__photochemical_oxidant_formation__maximum_incremental_reactivity_MIR,TRACI v2.1 | photochemical oxidant formation | maximum incremental reactivity (MIR),photochemical oxidant formation,kg O3-Eq,0.0,CF_TRACI_v2_1__photochemical_oxidant_formation__maximum_incremental_reactivity_MIR__biooil__inventory_indicator__output_flow,kg O3-Eq/kilogram,True
s_o1,BO1,biosphere|graphite_prod_char|proc_conds,biosphere::process condensates::inventory indicator > output flow::kilogram,biosphere,process condensates,graphite_prod_char,proc_conds,,inventory indicator > output flow,kilogram,IPCC_2021__climate_change__global_warming_potential_GWP100,IPCC 2021 | climate change | global warming potential (GWP100),climate change,kg CO2-Eq,0.0,CF_IPCC_2021__climate_change__global_warming_potential_GWP100__process_condensates__inventory_indicator__output_flow,kg CO2-Eq/kilogram,True
s_o1,BO1,biosphere|graphite_prod_char|proc_conds,biosphere::process condensates::inventory indicator > output flow::kilogram,biosphere,process condensates,graphite_prod_char,proc_conds,,inventory indicator > output flow,kilogram,TRACI_v2_1__eutrophication__eutrophication_potential,TRACI v2.1 | eutrophication | eutrophication potential,eutrophication,kg N-Eq,0.0,CF_TRACI_v2_1__eutrophication__eutrophication_potential__process_condensates__inventory_indicator__output_flow,kg N-Eq/kilogram,True
s_o1,BO1,biosphere|graphite_prod_char|proc_conds,biosphere::process condensates::inventory indicator > output flow::kilogram,biosphere,process condensates,graphite_prod_char,proc_conds,,inventory indicator > output flow,kilogram,TRACI_v2_1__acidification__acidification_potential_AP,TRACI v2.1 | acidification | acidification potential (AP),acidification,kg SO2-Eq,0.0,CF_TRACI_v2_1__acidification__acidification_potential_AP__process_condensates__inventory_indicator__output_flow,kg SO2-Eq/kilogram,True
s_o1,BO1,biosphere|graphite_prod_char|proc_conds,biosphere::process condensates::inventory indicator > output flow::kilogram,biosphere,process condensates,graphite_prod_char,proc_conds,,inventory indicator > output flow,kilogram,TRACI_v2_1__particulate_matter_formation__particulate_matter_formation_potential_PMFP,TRACI v2.1 | particulate matter formation | particulate matter formation potential (PMFP),particulate matter formation,PM2.5-Eq,0.0,CF_TRACI_v2_1__particulate_matter_formation__particulate_matter_formation_potential_PMFP__process_condensates__inventory_indicator__output_flow,PM2.5-Eq/kilogram,True
s_o1,BO1,biosphere|graphite_prod_char|proc_conds,biosphere::process condensates::inventory indicator > output flow::kilogram,biosphere,process condensates,graphite_prod_char,proc_conds,,inventory indicator > output flow,kilogram,TRACI_v2_1__ecotoxicity_freshwater__ecotoxicity_freshwater,TRACI v2.1 | ecotoxicity: freshwater | ecotoxicity: freshwater,ecotoxicity: freshwater,CTUe,0.0,CF_TRACI_v2_1__ecotoxicity_freshwater__ecotoxicity_freshwater__process_condensates__inventory_indicator__output_flow,CTUe/kilogram,True
s_o1,BO1,biosphere|graphite_prod_char|proc_conds,biosphere::process condensates::inventory indicator > output flow::kilogram,biosphere,process condensates,graphite_prod_char,proc_conds,,inventory indicator > output flow,kilogram,TRACI_v2_1__photochemical_oxidant_formation__maximum_incremental_reactivity_MIR,TRACI v2.1 | photochemical oxidant formation | maximum incremental reactivity (MIR),photochemical oxidant formation,kg O3-Eq,0.0,CF_TRACI_v2_1__photochemical_oxidant_formation__maximum_incremental_reactivity_MIR__process_condensates__inventory_indicator__output_flow,kg O3-Eq/kilogram,True
s_o1,BO1,biosphere|graphite_prod_char|lp_steam,biosphere::low-pressure steam::inventory indicator > output flow::kilogram,biosphere,low-pressure steam,graphite_prod_char,lp_steam,,inventory indicator > output flow,kilogram,IPCC_2021__climate_change__global_warming_potential_GWP100,IPCC 2021 | climate change | global warming potential (GWP100),climate change,kg CO2-Eq,0.0,CF_IPCC_2021__climate_change__global_warming_potential_GWP100__low_pressure_steam__inventory_indicator__output_flow,kg CO2-Eq/kilogram,True
s_o1,BO1,biosphere|graphite_prod_char|lp_steam,biosphere::low-pressure steam::inventory indicator > output flow::kilogram,biosphere,low-pressure steam,graphite_prod_char,lp_steam,,inventory indicator > output flow,kilogram,TRACI_v2_1__eutrophication__eutrophication_potential,TRACI v2.1 | eutrophication | eutrophication potential,eutrophication,kg N-Eq,0.0,CF_TRACI_v2_1__eutrophication__eutrophication_potential__low_pressure_steam__inventory_indicator__output_flow,kg N-Eq/kilogram,True
s_o1,BO1,biosphere|graphite_prod_char|lp_steam,biosphere::low-pressure steam::inventory indicator > output flow::kilogram,biosphere,low-pressure steam,graphite_prod_char,lp_steam,,inventory indicator > output flow,kilogram,TRACI_v2_1__acidification__acidification_potential_AP,TRACI v2.1 | acidification | acidification potential (AP),acidification,kg SO2-Eq,0.0,CF_TRACI_v2_1__acidification__acidification_potential_AP__low_pressure_steam__inventory_indicator__output_flow,kg SO2-Eq/kilogram,True
s_o1,BO1,biosphere|graphite_prod_char|lp_steam,biosphere::low-pressure steam::inventory indicator > output flow::kilogram,biosphere,low-pressure steam,graphite_prod_char,lp_steam,,inventory indicator > output flow,kilogram,TRACI_v2_1__particulate_matter_formation__particulate_matter_formation_potential_PMFP,TRACI v2.1 | particulate matter formation | particulate matter formation potential (PMFP),particulate matter formation,PM2.5-Eq,0.0,CF_TRACI_v2_1__particulate_matter_formation__particulate_matter_formation_potential_PMFP__low_pressure_steam__inventory_indicator__output_flow,PM2.5-Eq/kilogram,True
s_o1,BO1,biosphere|graphite_prod_char|lp_steam,biosphere::low-pressure steam::inventory indicator > output flow::kilogram,biosphere,low-pressure steam,graphite_prod_char,lp_steam,,inventory indicator > output flow,kilogram,TRACI_v2_1__ecotoxicity_freshwater__ecotoxicity_freshwater,TRACI v2.1 | ecotoxicity: freshwater | ecotoxicity: freshwater,ecotoxicity: freshwater,CTUe,0.0,CF_TRACI_v2_1__ecotoxicity_freshwater__ecotoxicity_freshwater__low_pressure_steam__inventory_indicator__output_flow,CTUe/kilogram,True
s_o1,BO1,biosphere|graphite_prod_char|lp_steam,biosphere::low-pressure steam::inventory indicator > output flow::kilogram,biosphere,low-pressure steam,graphite_prod_char,lp_steam,,inventory indicator > output flow,kilogram,TRACI_v2_1__photochemical_oxidant_formation__maximum_incremental_reactivity_MIR,TRACI v2.1 | photochemical oxidant formation | maximum incremental reactivity (MIR),photochemical oxidant formation,kg O3-Eq,0.0,CF_TRACI_v2_1__photochemical_oxidant_formation__maximum_incremental_reactivity_MIR__low_pressure_steam__inventory_indicator__output_flow,kg O3-Eq/kilogram,True
s_o1,BO1,biosphere|graphite_prod_char|consdem_res,"biosphere::waste, construction and demolition::emission > soil::kilogram",biosphere,"waste, construction and demolition",graphite_prod_char,consdem_res,,emission > soil,kilogram,IPCC_2021__climate_change__global_warming_potential_GWP100,IPCC 2021 | climate change | global warming potential (GWP100),climate change,kg CO2-Eq,0.0,CF_IPCC_2021__climate_change__global_warming_potential_GWP100__waste_construction_and_demolition__emission__soil,kg CO2-Eq/kilogram,True
s_o1,BO1,biosphere|graphite_prod_char|consdem_res,"biosphere::waste, construction and demolition::emission > soil::kilogram",biosphere,"waste, construction and demolition",graphite_prod_char,consdem_res,,emission > soil,kilogram,TRACI_v2_1__eutrophication__eutrophication_potential,TRACI v2.1 | eutrophication | eutrophication potential,eutrophication,kg N-Eq,0.0,CF_TRACI_v2_1__eutrophication__eutrophication_potential__waste_construction_and_demolition__emission__soil,kg N-Eq/kilogram,True
s_o1,BO1,biosphere|graphite_prod_char|consdem_res,"biosphere::waste, construction and demolition::emission > soil::kilogram",biosphere,"waste, construction and demolition",graphite_prod_char,consdem_res,,emission > soil,kilogram,TRACI_v2_1__acidification__acidification_potential_AP,TRACI v2.1 | acidification | acidification potential (AP),acidification,kg SO2-Eq,0.0,CF_TRACI_v2_1__acidification__acidification_potential_AP__waste_construction_and_demolition__emission__soil,kg SO2-Eq/kilogram,True
s_o1,BO1,biosphere|graphite_prod_char|consdem_res,"biosphere::waste, construction and demolition::emission > soil::kilogram",biosphere,"waste, construction and demolition",graphite_prod_char,consdem_res,,emission > soil,kilogram,TRACI_v2_1__particulate_matter_formation__particulate_matter_formation_potential_PMFP,TRACI v2.1 | particulate matter formation | particulate matter formation potential (PMFP),particulate matter formation,PM2.5-Eq,0.0,CF_TRACI_v2_1__particulate_matter_formation__particulate_matter_formation_potential_PMFP__waste_construction_and_demolition__emission__soil,PM2.5-Eq/kilogram,True
s_o1,BO1,biosphere|graphite_prod_char|consdem_res,"biosphere::waste, construction and demolition::emission > soil::kilogram",biosphere,"waste, construction and demolition",graphite_prod_char,consdem_res,,emission > soil,kilogram,TRACI_v2_1__ecotoxicity_freshwater__ecotoxicity_freshwater,TRACI v2.1 | ecotoxicity: freshwater | ecotoxicity: freshwater,ecotoxicity: freshwater,CTUe,0.0,CF_TRACI_v2_1__ecotoxicity_freshwater__ecotoxicity_freshwater__waste_construction_and_demolition__emission__soil,CTUe/kilogram,True
s_o1,BO1,biosphere|graphite_prod_char|consdem_res,"biosphere::waste, construction and demolition::emission > soil::kilogram",biosphere,"waste, construction and demolition",graphite_prod_char,consdem_res,,emission > soil,kilogram,TRACI_v2_1__photochemical_oxidant_formation__maximum_incremental_reactivity_MIR,TRACI v2.1 | photochemical oxidant formation | maximum incremental reactivity (MIR),photochemical oxidant formation,kg O3-Eq,0.0,CF_TRACI_v2_1__photochemical_oxidant_formation__maximum_incremental_reactivity_MIR__waste_construction_and_demolition__emission__soil,kg O3-Eq/kilogram,True
s_o1,BO1,biosphere|graphite_prod_char|bio_co2,biosphere::biogenic co2::inventory indicator > output flow::kilogram,biosphere,biogenic co2,graphite_prod_char,bio_co2,,inventory indicator > output flow,kilogram,IPCC_2021__climate_change__global_warming_potential_GWP100,IPCC 2021 | climate change | global warming potential (GWP100),climate change,kg CO2-Eq,0.0,CF_IPCC_2021__climate_change__global_warming_potential_GWP100__biogenic_co2__inventory_indicator__output_flow,kg CO2-Eq/kilogram,True
s_o1,BO1,biosphere|graphite_prod_char|bio_co2,biosphere::biogenic co2::inventory indicator > output flow::kilogram,biosphere,biogenic co2,graphite_prod_char,bio_co2,,inventory indicator > output flow,kilogram,TRACI_v2_1__eutrophication__eutrophication_potential,TRACI v2.1 | eutrophication | eutrophication potential,eutrophication,kg N-Eq,0.0,CF_TRACI_v2_1__eutrophication__eutrophication_potential__biogenic_co2__inventory_indicator__output_flow,kg N-Eq/kilogram,True
s_o1,BO1,biosphere|graphite_prod_char|bio_co2,biosphere::biogenic co2::inventory indicator > output flow::kilogram,biosphere,biogenic co2,graphite_prod_char,bio_co2,,inventory indicator > output flow,kilogram,TRACI_v2_1__acidification__acidification_potential_AP,TRACI v2.1 | acidification | acidification potential (AP),acidification,kg SO2-Eq,0.0,CF_TRACI_v2_1__acidification__acidification_potential_AP__biogenic_co2__inventory_indicator__output_flow,kg SO2-Eq/kilogram,True
s_o1,BO1,biosphere|graphite_prod_char|bio_co2,biosphere::biogenic co2::inventory indicator > output flow::kilogram,biosphere,biogenic co2,graphite_prod_char,bio_co2,,inventory indicator > output flow,kilogram,TRACI_v2_1__particulate_matter_formation__particulate_matter_formation_potential_PMFP,TRACI v2.1 | particulate matter formation | particulate matter formation potential (PMFP),particulate matter formation,PM2.5-Eq,0.0,CF_TRACI_v2_1__particulate_matter_formation__particulate_matter_formation_potential_PMFP__biogenic_co2__inventory_indicator__output_flow,PM2.5-Eq/kilogram,True
s_o1,BO1,biosphere|graphite_prod_char|bio_co2,biosphere::biogenic co2::inventory indicator > output flow::kilogram,biosphere,biogenic co2,graphite_prod_char,bio_co2,,inventory indicator > output flow,kilogram,TRACI_v2_1__ecotoxicity_freshwater__ecotoxicity_freshwater,TRACI v2.1 | ecotoxicity: freshwater | ecotoxicity: freshwater,ecotoxicity: freshwater,CTUe,0.0,CF_TRACI_v2_1__ecotoxicity_freshwater__ecotoxicity_freshwater__biogenic_co2__inventory_indicator__output_flow,CTUe/kilogram,True
s_o1,BO1,biosphere|graphite_prod_char|bio_co2,biosphere::biogenic co2::inventory indicator > output flow::kilogram,biosphere,biogenic co2,graphite_prod_char,bio_co2,,inventory indicator > output flow,kilogram,TRACI_v2_1__photochemical_oxidant_formation__maximum_incremental_reactivity_MIR,TRACI v2.1 | photochemical oxidant formation | maximum incremental reactivity (MIR),photochemical oxidant formation,kg O3-Eq,0.0,CF_TRACI_v2_1__photochemical_oxidant_formation__maximum_incremental_reactivity_MIR__biogenic_co2__inventory_indicator__output_flow,kg O3-Eq/kilogram,True
s_o1,BO1,biosphere|graphite_prod_char|ncg_graphtz,"biosphere::non-condensable gas, graphitization::inventory indicator > output flow::kilogram",biosphere,"non-condensable gas, graphitization",graphite_prod_char,ncg_graphtz,,inventory indicator > output flow,kilogram,IPCC_2021__climate_change__global_warming_potential_GWP100,IPCC 2021 | climate change | global warming potential (GWP100),climate change,kg CO2-Eq,0.0,CF_IPCC_2021__climate_change__global_warming_potential_GWP100__non_condensable_gas_graphitization__inventory_indicator__output_flow,kg CO2-Eq/kilogram,True
s_o1,BO1,biosphere|graphite_prod_char|ncg_graphtz,"biosphere::non-condensable gas, graphitization::inventory indicator > output flow::kilogram",biosphere,"non-condensable gas, graphitization",graphite_prod_char,ncg_graphtz,,inventory indicator > output flow,kilogram,TRACI_v2_1__eutrophication__eutrophication_potential,TRACI v2.1 | eutrophication | eutrophication potential,eutrophication,kg N-Eq,0.0,CF_TRACI_v2_1__eutrophication__eutrophication_potential__non_condensable_gas_graphitization__inventory_indicator__output_flow,kg N-Eq/kilogram,True
s_o1,BO1,biosphere|graphite_prod_char|ncg_graphtz,"biosphere::non-condensable gas, graphitization::inventory indicator > output flow::kilogram",biosphere,"non-condensable gas, graphitization",graphite_prod_char,ncg_graphtz,,inventory indicator > output flow,kilogram,TRACI_v2_1__acidification__acidification_potential_AP,TRACI v2.1 | acidification | acidification potential (AP),acidification,kg SO2-Eq,0.0,CF_TRACI_v2_1__acidification__acidification_potential_AP__non_condensable_gas_graphitization__inventory_indicator__output_flow,kg SO2-Eq/kilogram,True
s_o1,BO1,biosphere|graphite_prod_char|ncg_graphtz,"biosphere::non-condensable gas, graphitization::inventory indicator > output flow::kilogram",biosphere,"non-condensable gas, graphitization",graphite_prod_char,ncg_graphtz,,inventory indicator > output flow,kilogram,TRACI_v2_1__particulate_matter_formation__particulate_matter_formation_potential_PMFP,TRACI v2.1 | particulate matter formation | particulate matter formation potential (PMFP),particulate matter formation,PM2.5-Eq,0.0,CF_TRACI_v2_1__particulate_matter_formation__particulate_matter_formation_potential_PMFP__non_condensable_gas_graphitization__inventory_indicator__output_flow,PM2.5-Eq/kilogram,True
s_o1,BO1,biosphere|graphite_prod_char|ncg_graphtz,"biosphere::non-condensable gas, graphitization::inventory indicator > output flow::kilogram",biosphere,"non-condensable gas, graphitization",graphite_prod_char,ncg_graphtz,,inventory indicator > output flow,kilogram,TRACI_v2_1__ecotoxicity_freshwater__ecotoxicity_freshwater,TRACI v2.1 | ecotoxicity: freshwater | ecotoxicity: freshwater,ecotoxicity: freshwater,CTUe,0.0,CF_TRACI_v2_1__ecotoxicity_freshwater__ecotoxicity_freshwater__non_condensable_gas_graphitization__inventory_indicator__output_flow,CTUe/kilogram,True
s_o1,BO1,biosphere|graphite_prod_char|ncg_graphtz,"biosphere::non-condensable gas, graphitization::inventory indicator > output flow::kilogram",biosphere,"non-condensable gas, graphitization",graphite_prod_char,ncg_graphtz,,inventory indicator > output flow,kilogram,TRACI_v2_1__photochemical_oxidant_formation__maximum_incremental_reactivity_MIR,TRACI v2.1 | photochemical oxidant formation | maximum incremental reactivity (MIR),photochemical oxidant formation,kg O3-Eq,0.0,CF_TRACI_v2_1__photochemical_oxidant_formation__maximum_incremental_reactivity_MIR__non_condensable_gas_graphitization__inventory_indicator__output_flow,kg O3-Eq/kilogram,True
s_o1,BO1,biosphere|graphite_prod_char|water_wwt,"biosphere::water out, from waste water management::inventory indicator > output flow::kilogram",biosphere,"water out, from waste water management",graphite_prod_char,water_wwt,,inventory indicator > output flow,kilogram,IPCC_2021__climate_change__global_warming_potential_GWP100,IPCC 2021 | climate change | global warming potential (GWP100),climate change,kg CO2-Eq,0.0,CF_IPCC_2021__climate_change__global_warming_potential_GWP100__water_out_from_waste_water_management__inventory_indicator__output_flow,kg CO2-Eq/kilogram,True
s_o1,BO1,biosphere|graphite_prod_char|water_wwt,"biosphere::water out, from waste water management::inventory indicator > output flow::kilogram",biosphere,"water out, from waste water management",graphite_prod_char,water_wwt,,inventory indicator > output flow,kilogram,TRACI_v2_1__eutrophication__eutrophication_potential,TRACI v2.1 | eutrophication | eutrophication potential,eutrophication,kg N-Eq,0.0,CF_TRACI_v2_1__eutrophication__eutrophication_potential__water_out_from_waste_water_management__inventory_indicator__output_flow,kg N-Eq/kilogram,True
s_o1,BO1,biosphere|graphite_prod_char|water_wwt,"biosphere::water out, from waste water management::inventory indicator > output flow::kilogram",biosphere,"water out, from waste water management",graphite_prod_char,water_wwt,,inventory indicator > output flow,kilogram,TRACI_v2_1__acidification__acidification_potential_AP,TRACI v2.1 | acidification | acidification potential (AP),acidification,kg SO2-Eq,0.0,CF_TRACI_v2_1__acidification__acidification_potential_AP__water_out_from_waste_water_management__inventory_indicator__output_flow,kg SO2-Eq/kilogram,True
s_o1,BO1,biosphere|graphite_prod_char|water_wwt,"biosphere::water out, from waste water management::inventory indicator > output flow::kilogram",biosphere,"water out, from waste water management",graphite_prod_char,water_wwt,,inventory indicator > output flow,kilogram,TRACI_v2_1__particulate_matter_formation__particulate_matter_formation_potential_PMFP,TRACI v2.1 | particulate matter formation | particulate matter formation potential (PMFP),particulate matter formation,PM2.5-Eq,0.0,CF_TRACI_v2_1__particulate_matter_formation__particulate_matter_formation_potential_PMFP__water_out_from_waste_water_management__inventory_indicator__output_flow,PM2.5-Eq/kilogram,True
s_o1,BO1,biosphere|graphite_prod_char|water_wwt,"biosphere::water out, from waste water management::inventory indicator > output flow::kilogram",biosphere,"water out, from waste water management",graphite_prod_char,water_wwt,,inventory indicator > output flow,kilogram,TRACI_v2_1__ecotoxicity_freshwater__ecotoxicity_freshwater,TRACI v2.1 | ecotoxicity: freshwater | ecotoxicity: freshwater,ecotoxicity: freshwater,CTUe,0.0,CF_TRACI_v2_1__ecotoxicity_freshwater__ecotoxicity_freshwater__water_out_from_waste_water_management__inventory_indicator__output_flow,CTUe/kilogram,True
s_o1,BO1,biosphere|graphite_prod_char|water_wwt,"biosphere::water out, from waste water management::inventory indicator > output flow::kilogram",biosphere,"water out, from waste water management",graphite_prod_char,water_wwt,,inventory indicator > output flow,kilogram,TRACI_v2_1__photochemical_oxidant_formation__maximum_incremental_reactivity_MIR,TRACI v2.1 | photochemical oxidant formation | maximum incremental reactivity (MIR),photochemical oxidant formation,kg O3-Eq,0.0,CF_TRACI_v2_1__photochemical_oxidant_formation__maximum_incremental_reactivity_MIR__water_out_from_waste_water_management__inventory_indicator__output_flow,kg O3-Eq/kilogram,True
s_o1,BO1,biosphere|graphite_prod_char|solids_wwt,"biosphere::solids, from waste water management::inventory indicator > output flow::kilogram",biosphere,"solids, from waste water management",graphite_prod_char,solids_wwt,,inventory indicator > output flow,kilogram,IPCC_2021__climate_change__global_warming_potential_GWP100,IPCC 2021 | climate change | global warming potential (GWP100),climate change,kg CO2-Eq,0.0,CF_IPCC_2021__climate_change__global_warming_potential_GWP100__solids_from_waste_water_management__inventory_indicator__output_flow,kg CO2-Eq/kilogram,True
s_o1,BO1,biosphere|graphite_prod_char|solids_wwt,"biosphere::solids, from waste water management::inventory indicator > output flow::kilogram",biosphere,"solids, from waste water management",graphite_prod_char,solids_wwt,,inventory indicator > output flow,kilogram,TRACI_v2_1__eutrophication__eutrophication_potential,TRACI v2.1 | eutrophication | eutrophication potential,eutrophication,kg N-Eq,0.0,CF_TRACI_v2_1__eutrophication__eutrophication_potential__solids_from_waste_water_management__inventory_indicator__output_flow,kg N-Eq/kilogram,True
s_o1,BO1,biosphere|graphite_prod_char|solids_wwt,"biosphere::solids, from waste water management::inventory indicator > output flow::kilogram",biosphere,"solids, from waste water management",graphite_prod_char,solids_wwt,,inventory indicator > output flow,kilogram,TRACI_v2_1__acidification__acidification_potential_AP,TRACI v2.1 | acidification | acidification potential (AP),acidification,kg SO2-Eq,0.0,CF_TRACI_v2_1__acidification__acidification_potential_AP__solids_from_waste_water_management__inventory_indicator__output_flow,kg SO2-Eq/kilogram,True
s_o1,BO1,biosphere|graphite_prod_char|solids_wwt,"biosphere::solids, from waste water management::inventory indicator > output flow::kilogram",biosphere,"solids, from waste water management",graphite_prod_char,solids_wwt,,inventory indicator > output flow,kilogram,TRACI_v2_1__particulate_matter_formation__particulate_matter_formation_potential_PMFP,TRACI v2.1 | particulate matter formation | particulate matter formation potential (PMFP),particulate matter formation,PM2.5-Eq,0.0,CF_TRACI_v2_1__particulate_matter_formation__particulate_matter_formation_potential_PMFP__solids_from_waste_water_management__inventory_indicator__output_flow,PM2.5-Eq/kilogram,True
s_o1,BO1,biosphere|graphite_prod_char|solids_wwt,"biosphere::solids, from waste water management::inventory indicator > output flow::kilogram",biosphere,"solids, from waste water management",graphite_prod_char,solids_wwt,,inventory indicator > output flow,kilogram,TRACI_v2_1__ecotoxicity_freshwater__ecotoxicity_freshwater,TRACI v2.1 | ecotoxicity: freshwater | ecotoxicity: freshwater,ecotoxicity: freshwater,CTUe,0.0,CF_TRACI_v2_1__ecotoxicity_freshwater__ecotoxicity_freshwater__solids_from_waste_water_management__inventory_indicator__output_flow,CTUe/kilogram,True
s_o1,BO1,biosphere|graphite_prod_char|solids_wwt,"biosphere::solids, from waste water management::inventory indicator > output flow::kilogram",biosphere,"solids, from waste water management",graphite_prod_char,solids_wwt,,inventory indicator > output flow,kilogram,TRACI_v2_1__photochemical_oxidant_formation__maximum_incremental_reactivity_MIR,TRACI v2.1 | photochemical oxidant formation | maximum incremental reactivity (MIR),photochemical oxidant formation,kg O3-Eq,0.0,CF_TRACI_v2_1__photochemical_oxidant_formation__maximum_incremental_reactivity_MIR__solids_from_waste_water_management__inventory_indicator__output_flow,kg O3-Eq/kilogram,True
s_o1,BO1,biosphere|biosphere3|f9749677-9c9f-4678-ab55-c607dfdc2cb9,"biosphere::Carbon dioxide, fossil::air > urban air close to ground::kilogram",biosphere,"Carbon dioxide, fossil",biosphere3,f9749677-9c9f-4678-ab55-c607dfdc2cb9,,air > urban air close to ground,kilogram,IPCC_2021__climate_change__global_warming_potential_GWP100,IPCC 2021 | climate change | global warming potential (GWP100),climate change,kg CO2-Eq,1.0,CF_IPCC_2021__climate_change__global_warming_potential_GWP100__Carbon_dioxide_fossil__air__urban_air_close_to_ground,kg CO2-Eq/kilogram,True
s_o1,BO1,biosphere|biosphere3|f9749677-9c9f-4678-ab55-c607dfdc2cb9,"biosphere::Carbon dioxide, fossil::air > urban air close to ground::kilogram",biosphere,"Carbon dioxide, fossil",biosphere3,f9749677-9c9f-4678-ab55-c607dfdc2cb9,,air > urban air close to ground,kilogram,TRACI_v2_1__eutrophication__eutrophication_potential,TRACI v2.1 | eutrophication | eutrophication potential,eutrophication,kg N-Eq,0.0,CF_TRACI_v2_1__eutrophication__eutrophication_potential__Carbon_dioxide_fossil__air__urban_air_close_to_ground,kg N-Eq/kilogram,True
s_o1,BO1,biosphere|biosphere3|f9749677-9c9f-4678-ab55-c607dfdc2cb9,"biosphere::Carbon dioxide, fossil::air > urban air close to ground::kilogram",biosphere,"Carbon dioxide, fossil",biosphere3,f9749677-9c9f-4678-ab55-c607dfdc2cb9,,air > urban air close to ground,kilogram,TRACI_v2_1__acidification__acidification_potential_AP,TRACI v2.1 | acidification | acidification potential (AP),acidification,kg SO2-Eq,0.0,CF_TRACI_v2_1__acidification__acidification_potential_AP__Carbon_dioxide_fossil__air__urban_air_close_to_ground,kg SO2-Eq/kilogram,True
s_o1,BO1,biosphere|biosphere3|f9749677-9c9f-4678-ab55-c607dfdc2cb9,"biosphere::Carbon dioxide, fossil::air > urban air close to ground::kilogram",biosphere,"Carbon dioxide, fossil",biosphere3,f9749677-9c9f-4678-ab55-c607dfdc2cb9,,air > urban air close to ground,kilogram,TRACI_v2_1__particulate_matter_formation__particulate_matter_formation_potential_PMFP,TRACI v2.1 | particulate matter formation | particulate matter formation potential (PMFP),particulate matter formation,PM2.5-Eq,0.0,CF_TRACI_v2_1__particulate_matter_formation__particulate_matter_formation_potential_PMFP__Carbon_dioxide_fossil__air__urban_air_close_to_ground,PM2.5-Eq/kilogram,True
s_o1,BO1,biosphere|biosphere3|f9749677-9c9f-4678-ab55-c607dfdc2cb9,"biosphere::Carbon dioxide, fossil::air > urban air close to ground::kilogram",biosphere,"Carbon dioxide, fossil",biosphere3,f9749677-9c9f-4678-ab55-c607dfdc2cb9,,air > urban air close to ground,kilogram,TRACI_v2_1__ecotoxicity_freshwater__ecotoxicity_freshwater,TRACI v2.1 | ecotoxicity: freshwater | ecotoxicity: freshwater,ecotoxicity: freshwater,CTUe,0.0,CF_TRACI_v2_1__ecotoxicity_freshwater__ecotoxicity_freshwater__Carbon_dioxide_fossil__air__urban_air_close_to_ground,CTUe/kilogram,True
s_o1,BO1,biosphere|biosphere3|f9749677-9c9f-4678-ab55-c607dfdc2cb9,"biosphere::Carbon dioxide, fossil::air > urban air close to ground::kilogram",biosphere,"Carbon dioxide, fossil",biosphere3,f9749677-9c9f-4678-ab55-c607dfdc2cb9,,air > urban air close to ground,kilogram,TRACI_v2_1__photochemical_oxidant_formation__maximum_incremental_reactivity_MIR,TRACI v2.1 | photochemical oxidant formation | maximum incremental reactivity (MIR),photochemical oxidant formation,kg O3-Eq,0.0,CF_TRACI_v2_1__photochemical_oxidant_formation__maximum_incremental_reactivity_MIR__Carbon_dioxide_fossil__air__urban_air_close_to_ground,kg O3-Eq/kilogram,True
s_o1,BO1,biosphere|biosphere3|5f7aad3d-566c-4d0d-ad59-e765f971aa0f,"biosphere::Methane, fossil::air > urban air close to ground::kilogram",biosphere,"Methane, fossil",biosphere3,5f7aad3d-566c-4d0d-ad59-e765f971aa0f,,air > urban air close to ground,kilogram,IPCC_2021__climate_change__global_warming_potential_GWP100,IPCC 2021 | climate change | global warming potential (GWP100),climate change,kg CO2-Eq,29.8,CF_IPCC_2021__climate_change__global_warming_potential_GWP100__Methane_fossil__air__urban_air_close_to_ground,kg CO2-Eq/kilogram,True
s_o1,BO1,biosphere|biosphere3|5f7aad3d-566c-4d0d-ad59-e765f971aa0f,"biosphere::Methane, fossil::air > urban air close to ground::kilogram",biosphere,"Methane, fossil",biosphere3,5f7aad3d-566c-4d0d-ad59-e765f971aa0f,,air > urban air close to ground,kilogram,TRACI_v2_1__eutrophication__eutrophication_potential,TRACI v2.1 | eutrophication | eutrophication potential,eutrophication,kg N-Eq,0.0,CF_TRACI_v2_1__eutrophication__eutrophication_potential__Methane_fossil__air__urban_air_close_to_ground,kg N-Eq/kilogram,True
s_o1,BO1,biosphere|biosphere3|5f7aad3d-566c-4d0d-ad59-e765f971aa0f,"biosphere::Methane, fossil::air > urban air close to ground::kilogram",biosphere,"Methane, fossil",biosphere3,5f7aad3d-566c-4d0d-ad59-e765f971aa0f,,air > urban air close to ground,kilogram,TRACI_v2_1__acidification__acidification_potential_AP,TRACI v2.1 | acidification | acidification potential (AP),acidification,kg SO2-Eq,0.0,CF_TRACI_v2_1__acidification__acidification_potential_AP__Methane_fossil__air__urban_air_close_to_ground,kg SO2-Eq/kilogram,True
s_o1,BO1,biosphere|biosphere3|5f7aad3d-566c-4d0d-ad59-e765f971aa0f,"biosphere::Methane, fossil::air > urban air close to ground::kilogram",biosphere,"Methane, fossil",biosphere3,5f7aad3d-566c-4d0d-ad59-e765f971aa0f,,air > urban air close to ground,kilogram,TRACI_v2_1__particulate_matter_formation__particulate_matter_formation_potential_PMFP,TRACI v2.1 | particulate matter formation | particulate matter formation potential (PMFP),particulate matter formation,PM2.5-Eq,0.0,CF_TRACI_v2_1__particulate_matter_formation__particulate_matter_formation_potential_PMFP__Methane_fossil__air__urban_air_close_to_ground,PM2.5-Eq/kilogram,True
s_o1,BO1,biosphere|biosphere3|5f7aad3d-566c-4d0d-ad59-e765f971aa0f,"biosphere::Methane, fossil::air > urban air close to ground::kilogram",biosphere,"Methane, fossil",biosphere3,5f7aad3d-566c-4d0d-ad59-e765f971aa0f,,air > urban air close to ground,kilogram,TRACI_v2_1__ecotoxicity_freshwater__ecotoxicity_freshwater,TRACI v2.1 | ecotoxicity: freshwater | ecotoxicity: freshwater,ecotoxicity: freshwater,CTUe,0.0,CF_TRACI_v2_1__ecotoxicity_freshwater__ecotoxicity_freshwater__Methane_fossil__air__urban_air_close_to_ground,CTUe/kilogram,True
s_o1,BO1,biosphere|biosphere3|5f7aad3d-566c-4d0d-ad59-e765f971aa0f,"biosphere::Methane, fossil::air > urban air close to ground::kilogram",biosphere,"Methane, fossil",biosphere3,5f7aad3d-566c-4d0d-ad59-e765f971aa0f,,air > urban air close to ground,kilogram,TRACI_v2_1__photochemical_oxidant_formation__maximum_incremental_reactivity_MIR,TRACI v2.1 | photochemical oxidant formation | maximum incremental reactivity (MIR),photochemical oxidant formation,kg O3-Eq,0.01437948717948718,CF_TRACI_v2_1__photochemical_oxidant_formation__maximum_incremental_reactivity_MIR__Methane_fossil__air__urban_air_close_to_ground,kg O3-Eq/kilogram,True
s_o1,BO1,biosphere|biosphere3|6dc1b46f-ee89-4495-95c4-b8a637bcd6cb,biosphere::Dinitrogen monoxide::air > urban air close to ground::kilogram,biosphere,Dinitrogen monoxide,biosphere3,6dc1b46f-ee89-4495-95c4-b8a637bcd6cb,,air > urban air close to ground,kilogram,IPCC_2021__climate_change__global_warming_potential_GWP100,IPCC 2021 | climate change | global warming potential (GWP100),climate change,kg CO2-Eq,273.0,CF_IPCC_2021__climate_change__global_warming_potential_GWP100__Dinitrogen_monoxide__air__urban_air_close_to_ground,kg CO2-Eq/kilogram,True
s_o1,BO1,biosphere|biosphere3|6dc1b46f-ee89-4495-95c4-b8a637bcd6cb,biosphere::Dinitrogen monoxide::air > urban air close to ground::kilogram,biosphere,Dinitrogen monoxide,biosphere3,6dc1b46f-ee89-4495-95c4-b8a637bcd6cb,,air > urban air close to ground,kilogram,TRACI_v2_1__eutrophication__eutrophication_potential,TRACI v2.1 | eutrophication | eutrophication potential,eutrophication,kg N-Eq,0.0,CF_TRACI_v2_1__eutrophication__eutrophication_potential__Dinitrogen_monoxide__air__urban_air_close_to_ground,kg N-Eq/kilogram,True
s_o1,BO1,biosphere|biosphere3|6dc1b46f-ee89-4495-95c4-b8a637bcd6cb,biosphere::Dinitrogen monoxide::air > urban air close to ground::kilogram,biosphere,Dinitrogen monoxide,biosphere3,6dc1b46f-ee89-4495-95c4-b8a637bcd6cb,,air > urban air close to ground,kilogram,TRACI_v2_1__acidification__acidification_potential_AP,TRACI v2.1 | acidification | acidification potential (AP),acidification,kg SO2-Eq,0.0,CF_TRACI_v2_1__acidification__acidification_potential_AP__Dinitrogen_monoxide__air__urban_air_close_to_ground,kg SO2-Eq/kilogram,True
s_o1,BO1,biosphere|biosphere3|6dc1b46f-ee89-4495-95c4-b8a637bcd6cb,biosphere::Dinitrogen monoxide::air > urban air close to ground::kilogram,biosphere,Dinitrogen monoxide,biosphere3,6dc1b46f-ee89-4495-95c4-b8a637bcd6cb,,air > urban air close to ground,kilogram,TRACI_v2_1__particulate_matter_formation__particulate_matter_formation_potential_PMFP,TRACI v2.1 | particulate matter formation | particulate matter formation potential (PMFP),particulate matter formation,PM2.5-Eq,0.0,CF_TRACI_v2_1__particulate_matter_formation__particulate_matter_formation_potential_PMFP__Dinitrogen_monoxide__air__urban_air_close_to_ground,PM2.5-Eq/kilogram,True
s_o1,BO1,biosphere|biosphere3|6dc1b46f-ee89-4495-95c4-b8a637bcd6cb,biosphere::Dinitrogen monoxide::air > urban air close to ground::kilogram,biosphere,Dinitrogen monoxide,biosphere3,6dc1b46f-ee89-4495-95c4-b8a637bcd6cb,,air > urban air close to ground,kilogram,TRACI_v2_1__ecotoxicity_freshwater__ecotoxicity_freshwater,TRACI v2.1 | ecotoxicity: freshwater | ecotoxicity: freshwater,ecotoxicity: freshwater,CTUe,0.0,CF_TRACI_v2_1__ecotoxicity_freshwater__ecotoxicity_freshwater__Dinitrogen_monoxide__air__urban_air_close_to_ground,CTUe/kilogram,True
s_o1,BO1,biosphere|biosphere3|6dc1b46f-ee89-4495-95c4-b8a637bcd6cb,biosphere::Dinitrogen monoxide::air > urban air close to ground::kilogram,biosphere,Dinitrogen monoxide,biosphere3,6dc1b46f-ee89-4495-95c4-b8a637bcd6cb,,air > urban air close to ground,kilogram,TRACI_v2_1__photochemical_oxidant_formation__maximum_incremental_reactivity_MIR,TRACI v2.1 | photochemical oxidant formation | maximum incremental reactivity (MIR),photochemical oxidant formation,kg O3-Eq,0.0,CF_TRACI_v2_1__photochemical_oxidant_formation__maximum_incremental_reactivity_MIR__Dinitrogen_monoxide__air__urban_air_close_to_ground,kg O3-Eq/kilogram,True
s_o2,BO2,technosphere|ei39_cutoff|00d51d61fff9d552854a91bd45ad14c4,"technosphere::market for hydrochloric acid, without water, in 30% solution state::RoW::kilogram",technosphere,"market for hydrochloric acid, without water, in 30% solution state",ei39_cutoff,00d51d61fff9d552854a91bd45ad14c4,RoW,,kilogram,IPCC_2021__climate_change__global_warming_potential_GWP100,IPCC 2021 | climate change | global warming potential (GWP100),climate change,kg CO2-Eq,0.8350638210654336,UF_IPCC_2021__climate_change__global_warming_potential_GWP100__market_for_hydrochloric_acid_without_water_in_30_solution_state__RoW,kg CO2-Eq/kilogram,True
s_o2,BO2,technosphere|ei39_cutoff|00d51d61fff9d552854a91bd45ad14c4,"technosphere::market for hydrochloric acid, without water, in 30% solution state::RoW::kilogram",technosphere,"market for hydrochloric acid, without water, in 30% solution state",ei39_cutoff,00d51d61fff9d552854a91bd45ad14c4,RoW,,kilogram,TRACI_v2_1__eutrophication__eutrophication_potential,TRACI v2.1 | eutrophication | eutrophication potential,eutrophication,kg N-Eq,0.00435424785724443,UF_TRACI_v2_1__eutrophication__eutrophication_potential__market_for_hydrochloric_acid_without_water_in_30_solution_state__RoW,kg N-Eq/kilogram,True
s_o2,BO2,technosphere|ei39_cutoff|00d51d61fff9d552854a91bd45ad14c4,"technosphere::market for hydrochloric acid, without water, in 30% solution state::RoW::kilogram",technosphere,"market for hydrochloric acid, without water, in 30% solution state",ei39_cutoff,00d51d61fff9d552854a91bd45ad14c4,RoW,,kilogram,TRACI_v2_1__acidification__acidification_potential_AP,TRACI v2.1 | acidification | acidification potential (AP),acidification,kg SO2-Eq,0.005226267622354116,UF_TRACI_v2_1__acidification__acidification_potential_AP__market_for_hydrochloric_acid_without_water_in_30_solution_state__RoW,kg SO2-Eq/kilogram,True
s_o2,BO2,technosphere|ei39_cutoff|00d51d61fff9d552854a91bd45ad14c4,"technosphere::market for hydrochloric acid, without water, in 30% solution state::RoW::kilogram",technosphere,"market for hydrochloric acid, without water, in 30% solution state",ei39_cutoff,00d51d61fff9d552854a91bd45ad14c4,RoW,,kilogram,TRACI_v2_1__particulate_matter_formation__particulate_matter_formation_potential_PMFP,TRACI v2.1 | particulate matter formation | particulate matter formation potential (PMFP),particulate matter formation,PM2.5-Eq,0.001084086216885501,UF_TRACI_v2_1__particulate_matter_formation__particulate_matter_formation_potential_PMFP__market_for_hydrochloric_acid_without_water_in_30_solution_state__RoW,PM2.5-Eq/kilogram,True
s_o2,BO2,technosphere|ei39_cutoff|00d51d61fff9d552854a91bd45ad14c4,"technosphere::market for hydrochloric acid, without water, in 30% solution state::RoW::kilogram",technosphere,"market for hydrochloric acid, without water, in 30% solution state",ei39_cutoff,00d51d61fff9d552854a91bd45ad14c4,RoW,,kilogram,TRACI_v2_1__ecotoxicity_freshwater__ecotoxicity_freshwater,TRACI v2.1 | ecotoxicity: freshwater | ecotoxicity: freshwater,ecotoxicity: freshwater,CTUe,28.135071677585213,UF_TRACI_v2_1__ecotoxicity_freshwater__ecotoxicity_freshwater__market_for_hydrochloric_acid_without_water_in_30_solution_state__RoW,CTUe/kilogram,True
s_o2,BO2,technosphere|ei39_cutoff|00d51d61fff9d552854a91bd45ad14c4,"technosphere::market for hydrochloric acid, without water, in 30% solution state::RoW::kilogram",technosphere,"market for hydrochloric acid, without water, in 30% solution state",ei39_cutoff,00d51d61fff9d552854a91bd45ad14c4,RoW,,kilogram,TRACI_v2_1__photochemical_oxidant_formation__maximum_incremental_reactivity_MIR,TRACI v2.1 | photochemical oxidant formation | maximum incremental reactivity (MIR),photochemical oxidant formation,kg O3-Eq,0.0708386045955694,UF_TRACI_v2_1__photochemical_oxidant_formation__maximum_incremental_reactivity_MIR__market_for_hydrochloric_acid_without_water_in_30_solution_state__RoW,kg O3-Eq/kilogram,True
s_o2,BO2,technosphere|ei39_cutoff|3ee7c8858925e7de6a8ca0eb548143f7,"technosphere::market for inorganic nitrogen fertiliser, as N::US::kilogram",technosphere,"market for inorganic nitrogen fertiliser, as N",ei39_cutoff,3ee7c8858925e7de6a8ca0eb548143f7,US,,kilogram,IPCC_2021__climate_change__global_warming_potential_GWP100,IPCC 2021 | climate change | global warming potential (GWP100),climate change,kg CO2-Eq,5.315694239673883,UF_IPCC_2021__climate_change__global_warming_potential_GWP100__market_for_inorganic_nitrogen_fertiliser_as_N__US,kg CO2-Eq/kilogram,True
s_o2,BO2,technosphere|ei39_cutoff|3ee7c8858925e7de6a8ca0eb548143f7,"technosphere::market for inorganic nitrogen fertiliser, as N::US::kilogram",technosphere,"market for inorganic nitrogen fertiliser, as N",ei39_cutoff,3ee7c8858925e7de6a8ca0eb548143f7,US,,kilogram,TRACI_v2_1__eutrophication__eutrophication_potential,TRACI v2.1 | eutrophication | eutrophication potential,eutrophication,kg N-Eq,0.009845524895215374,UF_TRACI_v2_1__eutrophication__eutrophication_potential__market_for_inorganic_nitrogen_fertiliser_as_N__US,kg N-Eq/kilogram,True
s_o2,BO2,technosphere|ei39_cutoff|3ee7c8858925e7de6a8ca0eb548143f7,"technosphere::market for inorganic nitrogen fertiliser, as N::US::kilogram",technosphere,"market for inorganic nitrogen fertiliser, as N",ei39_cutoff,3ee7c8858925e7de6a8ca0eb548143f7,US,,kilogram,TRACI_v2_1__acidification__acidification_potential_AP,TRACI v2.1 | acidification | acidification potential (AP),acidification,kg SO2-Eq,0.020346980694298522,UF_TRACI_v2_1__acidification__acidification_potential_AP__market_for_inorganic_nitrogen_fertiliser_as_N__US,kg SO2-Eq/kilogram,True
s_o2,BO2,technosphere|ei39_cutoff|3ee7c8858925e7de6a8ca0eb548143f7,"technosphere::market for inorganic nitrogen fertiliser, as N::US::kilogram",technosphere,"market for inorganic nitrogen fertiliser, as N",ei39_cutoff,3ee7c8858925e7de6a8ca0eb548143f7,US,,kilogram,TRACI_v2_1__particulate_matter_formation__particulate_matter_formation_potential_PMFP,TRACI v2.1 | particulate matter formation | particulate matter formation potential (PMFP),particulate matter formation,PM2.5-Eq,0.002738871078875597,UF_TRACI_v2_1__particulate_matter_formation__particulate_matter_formation_potential_PMFP__market_for_inorganic_nitrogen_fertiliser_as_N__US,PM2.5-Eq/kilogram,True
s_o2,BO2,technosphere|ei39_cutoff|3ee7c8858925e7de6a8ca0eb548143f7,"technosphere::market for inorganic nitrogen fertiliser, as N::US::kilogram",technosphere,"market for inorganic nitrogen fertiliser, as N",ei39_cutoff,3ee7c8858925e7de6a8ca0eb548143f7,US,,kilogram,TRACI_v2_1__ecotoxicity_freshwater__ecotoxicity_freshwater,TRACI v2.1 | ecotoxicity: freshwater | ecotoxicity: freshwater,ecotoxicity: freshwater,CTUe,105.57973834340214,UF_TRACI_v2_1__ecotoxicity_freshwater__ecotoxicity_freshwater__market_for_inorganic_nitrogen_fertiliser_as_N__US,CTUe/kilogram,True
s_o2,BO2,technosphere|ei39_cutoff|3ee7c8858925e7de6a8ca0eb548143f7,"technosphere::market for inorganic nitrogen fertiliser, as N::US::kilogram",technosphere,"market for inorganic nitrogen fertiliser, as N",ei39_cutoff,3ee7c8858925e7de6a8ca0eb548143f7,US,,kilogram,TRACI_v2_1__photochemical_oxidant_formation__maximum_incremental_reactivity_MIR,TRACI v2.1 | photochemical oxidant formation | maximum incremental reactivity (MIR),photochemical oxidant formation,kg O3-Eq,0.25391615748994384,UF_TRACI_v2_1__photochemical_oxidant_formation__maximum_incremental_reactivity_MIR__market_for_inorganic_nitrogen_fertiliser_as_N__US,kg O3-Eq/kilogram,True
s_o2,BO2,technosphere|ei39_cutoff|697927891e43c4b12144bd4422a3a4a0,"technosphere::market for inorganic phosphorus fertiliser, as P2O5::US::kilogram",technosphere,"market for inorganic phosphorus fertiliser, as P2O5",ei39_cutoff,697927891e43c4b12144bd4422a3a4a0,US,,kilogram,IPCC_2021__climate_change__global_warming_potential_GWP100,IPCC 2021 | climate change | global warming potential (GWP100),climate change,kg CO2-Eq,3.0735318581253925,UF_IPCC_2021__climate_change__global_warming_potential_GWP100__market_for_inorganic_phosphorus_fertiliser_as_P2O5__US,kg CO2-Eq/kilogram,True
s_o2,BO2,technosphere|ei39_cutoff|697927891e43c4b12144bd4422a3a4a0,"technosphere::market for inorganic phosphorus fertiliser, as P2O5::US::kilogram",technosphere,"market for inorganic phosphorus fertiliser, as P2O5",ei39_cutoff,697927891e43c4b12144bd4422a3a4a0,US,,kilogram,TRACI_v2_1__eutrophication__eutrophication_potential,TRACI v2.1 | eutrophication | eutrophication potential,eutrophication,kg N-Eq,0.00936888940112357,UF_TRACI_v2_1__eutrophication__eutrophication_potential__market_for_inorganic_phosphorus_fertiliser_as_P2O5__US,kg N-Eq/kilogram,True
s_o2,BO2,technosphere|ei39_cutoff|697927891e43c4b12144bd4422a3a4a0,"technosphere::market for inorganic phosphorus fertiliser, as P2O5::US::kilogram",technosphere,"market for inorganic phosphorus fertiliser, as P2O5",ei39_cutoff,697927891e43c4b12144bd4422a3a4a0,US,,kilogram,TRACI_v2_1__acidification__acidification_potential_AP,TRACI v2.1 | acidification | acidification potential (AP),acidification,kg SO2-Eq,0.015889176293569195,UF_TRACI_v2_1__acidification__acidification_potential_AP__market_for_inorganic_phosphorus_fertiliser_as_P2O5__US,kg SO2-Eq/kilogram,True
s_o2,BO2,technosphere|ei39_cutoff|697927891e43c4b12144bd4422a3a4a0,"technosphere::market for inorganic phosphorus fertiliser, as P2O5::US::kilogram",technosphere,"market for inorganic phosphorus fertiliser, as P2O5",ei39_cutoff,697927891e43c4b12144bd4422a3a4a0,US,,kilogram,TRACI_v2_1__particulate_matter_formation__particulate_matter_formation_potential_PMFP,TRACI v2.1 | particulate matter formation | particulate matter formation potential (PMFP),particulate matter formation,PM2.5-Eq,0.002784176115440796,UF_TRACI_v2_1__particulate_matter_formation__particulate_matter_formation_potential_PMFP__market_for_inorganic_phosphorus_fertiliser_as_P2O5__US,PM2.5-Eq/kilogram,True
s_o2,BO2,technosphere|ei39_cutoff|697927891e43c4b12144bd4422a3a4a0,"technosphere::market for inorganic phosphorus fertiliser, as P2O5::US::kilogram",technosphere,"market for inorganic phosphorus fertiliser, as P2O5",ei39_cutoff,697927891e43c4b12144bd4422a3a4a0,US,,kilogram,TRACI_v2_1__ecotoxicity_freshwater__ecotoxicity_freshwater,TRACI v2.1 | ecotoxicity: freshwater | ecotoxicity: freshwater,ecotoxicity: freshwater,CTUe,73.62663883652175,UF_TRACI_v2_1__ecotoxicity_freshwater__ecotoxicity_freshwater__market_for_inorganic_phosphorus_fertiliser_as_P2O5__US,CTUe/kilogram,True
s_o2,BO2,technosphere|ei39_cutoff|697927891e43c4b12144bd4422a3a4a0,"technosphere::market for inorganic phosphorus fertiliser, as P2O5::US::kilogram",technosphere,"market for inorganic phosphorus fertiliser, as P2O5",ei39_cutoff,697927891e43c4b12144bd4422a3a4a0,US,,kilogram,TRACI_v2_1__photochemical_oxidant_formation__maximum_incremental_reactivity_MIR,TRACI v2.1 | photochemical oxidant formation | maximum incremental reactivity (MIR),photochemical oxidant formation,kg O3-Eq,0.20763042009396912,UF_TRACI_v2_1__photochemical_oxidant_formation__maximum_incremental_reactivity_MIR__market_for_inorganic_phosphorus_fertiliser_as_P2O5__US,kg O3-Eq/kilogram,True
s_o2,BO2,technosphere|ei39_cutoff|0123b5c80d7e3ceeab025ca4b17ad9aa,"technosphere::market for inorganic potassium fertiliser, as K2O::US::kilogram",technosphere,"market for inorganic potassium fertiliser, as K2O",ei39_cutoff,0123b5c80d7e3ceeab025ca4b17ad9aa,US,,kilogram,IPCC_2021__climate_change__global_warming_potential_GWP100,IPCC 2021 | climate change | global warming potential (GWP100),climate change,kg CO2-Eq,2.0389412842323824,UF_IPCC_2021__climate_change__global_warming_potential_GWP100__market_for_inorganic_potassium_fertiliser_as_K2O__US,kg CO2-Eq/kilogram,True
s_o2,BO2,technosphere|ei39_cutoff|0123b5c80d7e3ceeab025ca4b17ad9aa,"technosphere::market for inorganic potassium fertiliser, as K2O::US::kilogram",technosphere,"market for inorganic potassium fertiliser, as K2O",ei39_cutoff,0123b5c80d7e3ceeab025ca4b17ad9aa,US,,kilogram,TRACI_v2_1__eutrophication__eutrophication_potential,TRACI v2.1 | eutrophication | eutrophication potential,eutrophication,kg N-Eq,0.004363023625916377,UF_TRACI_v2_1__eutrophication__eutrophication_potential__market_for_inorganic_potassium_fertiliser_as_K2O__US,kg N-Eq/kilogram,True
s_o2,BO2,technosphere|ei39_cutoff|0123b5c80d7e3ceeab025ca4b17ad9aa,"technosphere::market for inorganic potassium fertiliser, as K2O::US::kilogram",technosphere,"market for inorganic potassium fertiliser, as K2O",ei39_cutoff,0123b5c80d7e3ceeab025ca4b17ad9aa,US,,kilogram,TRACI_v2_1__acidification__acidification_potential_AP,TRACI v2.1 | acidification | acidification potential (AP),acidification,kg SO2-Eq,0.00964968353926254,UF_TRACI_v2_1__acidification__acidification_potential_AP__market_for_inorganic_potassium_fertiliser_as_K2O__US,kg SO2-Eq/kilogram,True
s_o2,BO2,technosphere|ei39_cutoff|0123b5c80d7e3ceeab025ca4b17ad9aa,"technosphere::market for inorganic potassium fertiliser, as K2O::US::kilogram",technosphere,"market for inorganic potassium fertiliser, as K2O",ei39_cutoff,0123b5c80d7e3ceeab025ca4b17ad9aa,US,,kilogram,TRACI_v2_1__particulate_matter_formation__particulate_matter_formation_potential_PMFP,TRACI v2.1 | particulate matter formation | particulate matter formation potential (PMFP),particulate matter formation,PM2.5-Eq,0.0014146020233714155,UF_TRACI_v2_1__particulate_matter_formation__particulate_matter_formation_potential_PMFP__market_for_inorganic_potassium_fertiliser_as_K2O__US,PM2.5-Eq/kilogram,True
s_o2,BO2,technosphere|ei39_cutoff|0123b5c80d7e3ceeab025ca4b17ad9aa,"technosphere::market for inorganic potassium fertiliser, as K2O::US::kilogram",technosphere,"market for inorganic potassium fertiliser, as K2O",ei39_cutoff,0123b5c80d7e3ceeab025ca4b17ad9aa,US,,kilogram,TRACI_v2_1__ecotoxicity_freshwater__ecotoxicity_freshwater,TRACI v2.1 | ecotoxicity: freshwater | ecotoxicity: freshwater,ecotoxicity: freshwater,CTUe,46.80023334547587,UF_TRACI_v2_1__ecotoxicity_freshwater__ecotoxicity_freshwater__market_for_inorganic_potassium_fertiliser_as_K2O__US,CTUe/kilogram,True
s_o2,BO2,technosphere|ei39_cutoff|0123b5c80d7e3ceeab025ca4b17ad9aa,"technosphere::market for inorganic potassium fertiliser, as K2O::US::kilogram",technosphere,"market for inorganic potassium fertiliser, as K2O",ei39_cutoff,0123b5c80d7e3ceeab025ca4b17ad9aa,US,,kilogram,TRACI_v2_1__photochemical_oxidant_formation__maximum_incremental_reactivity_MIR,TRACI v2.1 | photochemical oxidant formation | maximum incremental reactivity (MIR),photochemical oxidant formation,kg O3-Eq,0.13207871481048894,UF_TRACI_v2_1__photochemical_oxidant_formation__maximum_incremental_reactivity_MIR__market_for_inorganic_potassium_fertiliser_as_K2O__US,kg O3-Eq/kilogram,True
s_o2,BO2,technosphere|ei39_cutoff|7b62e459ae2e302a703a92dd474a8342,technosphere::market for glyphosate::GLO::kilogram,technosphere,market for glyphosate,ei39_cutoff,7b62e459ae2e302a703a92dd474a8342,GLO,,kilogram,IPCC_2021__climate_change__global_warming_potential_GWP100,IPCC 2021 | climate change | global warming potential (GWP100),climate change,kg CO2-Eq,11.690816260612928,UF_IPCC_2021__climate_change__global_warming_potential_GWP100__market_for_glyphosate__GLO,kg CO2-Eq/kilogram,True
s_o2,BO2,technosphere|ei39_cutoff|7b62e459ae2e302a703a92dd474a8342,technosphere::market for glyphosate::GLO::kilogram,technosphere,market for glyphosate,ei39_cutoff,7b62e459ae2e302a703a92dd474a8342,GLO,,kilogram,TRACI_v2_1__eutrophication__eutrophication_potential,TRACI v2.1 | eutrophication | eutrophication potential,eutrophication,kg N-Eq,0.12257487001809846,UF_TRACI_v2_1__eutrophication__eutrophication_potential__market_for_glyphosate__GLO,kg N-Eq/kilogram,True
s_o2,BO2,technosphere|ei39_cutoff|7b62e459ae2e302a703a92dd474a8342,technosphere::market for glyphosate::GLO::kilogram,technosphere,market for glyphosate,ei39_cutoff,7b62e459ae2e302a703a92dd474a8342,GLO,,kilogram,TRACI_v2_1__acidification__acidification_potential_AP,TRACI v2.1 | acidification | acidification potential (AP),acidification,kg SO2-Eq,0.04943819679163093,UF_TRACI_v2_1__acidification__acidification_potential_AP__market_for_glyphosate__GLO,kg SO2-Eq/kilogram,True
s_o2,BO2,technosphere|ei39_cutoff|7b62e459ae2e302a703a92dd474a8342,technosphere::market for glyphosate::GLO::kilogram,technosphere,market for glyphosate,ei39_cutoff,7b62e459ae2e302a703a92dd474a8342,GLO,,kilogram,TRACI_v2_1__particulate_matter_formation__particulate_matter_formation_potential_PMFP,TRACI v2.1 | particulate matter formation | particulate matter formation potential (PMFP),particulate matter formation,PM2.5-Eq,0.011888640954771336,UF_TRACI_v2_1__particulate_matter_formation__particulate_matter_formation_potential_PMFP__market_for_glyphosate__GLO,PM2.5-Eq/kilogram,True
s_o2,BO2,technosphere|ei39_cutoff|7b62e459ae2e302a703a92dd474a8342,technosphere::market for glyphosate::GLO::kilogram,technosphere,market for glyphosate,ei39_cutoff,7b62e459ae2e302a703a92dd474a8342,GLO,,kilogram,TRACI_v2_1__ecotoxicity_freshwater__ecotoxicity_freshwater,TRACI v2.1 | ecotoxicity: freshwater | ecotoxicity: freshwater,ecotoxicity: freshwater,CTUe,187.89787557422278,UF_TRACI_v2_1__ecotoxicity_freshwater__ecotoxicity_freshwater__market_for_glyphosate__GLO,CTUe/kilogram,True
s_o2,BO2,technosphere|ei39_cutoff|7b62e459ae2e302a703a92dd474a8342,technosphere::market for glyphosate::GLO::kilogram,technosphere,market for glyphosate,ei39_cutoff,7b62e459ae2e302a703a92dd474a8342,GLO,,kilogram,TRACI_v2_1__photochemical_oxidant_formation__maximum_incremental_reactivity_MIR,TRACI v2.1 | photochemical oxidant formation | maximum incremental reactivity (MIR),photochemical oxidant formation,kg O3-Eq,0.7578062957883792,UF_TRACI_v2_1__photochemical_oxidant_formation__maximum_incremental_reactivity_MIR__market_for_glyphosate__GLO,kg O3-Eq/kilogram,True
s_o2,BO2,technosphere|ei39_cutoff|bc2c53ca3fe04d0ed1ff8a1a7706871a,"technosphere::market for calcium carbonate, precipitated::RoW::kilogram",technosphere,"market for calcium carbonate, precipitated",ei39_cutoff,bc2c53ca3fe04d0ed1ff8a1a7706871a,RoW,,kilogram,IPCC_2021__climate_change__global_warming_potential_GWP100,IPCC 2021 | climate change | global warming potential (GWP100),climate change,kg CO2-Eq,0.40142200025540636,UF_IPCC_2021__climate_change__global_warming_potential_GWP100__market_for_calcium_carbonate_precipitated__RoW,kg CO2-Eq/kilogram,True
s_o2,BO2,technosphere|ei39_cutoff|bc2c53ca3fe04d0ed1ff8a1a7706871a,"technosphere::market for calcium carbonate, precipitated::RoW::kilogram",technosphere,"market for calcium carbonate, precipitated",ei39_cutoff,bc2c53ca3fe04d0ed1ff8a1a7706871a,RoW,,kilogram,TRACI_v2_1__eutrophication__eutrophication_potential,TRACI v2.1 | eutrophication | eutrophication potential,eutrophication,kg N-Eq,0.003085076090303275,UF_TRACI_v2_1__eutrophication__eutrophication_potential__market_for_calcium_carbonate_precipitated__RoW,kg N-Eq/kilogram,True
s_o2,BO2,technosphere|ei39_cutoff|bc2c53ca3fe04d0ed1ff8a1a7706871a,"technosphere::market for calcium carbonate, precipitated::RoW::kilogram",technosphere,"market for calcium carbonate, precipitated",ei39_cutoff,bc2c53ca3fe04d0ed1ff8a1a7706871a,RoW,,kilogram,TRACI_v2_1__acidification__acidification_potential_AP,TRACI v2.1 | acidification | acidification potential (AP),acidification,kg SO2-Eq,0.002189482843402736,UF_TRACI_v2_1__acidification__acidification_potential_AP__market_for_calcium_carbonate_precipitated__RoW,kg SO2-Eq/kilogram,True
s_o2,BO2,technosphere|ei39_cutoff|bc2c53ca3fe04d0ed1ff8a1a7706871a,"technosphere::market for calcium carbonate, precipitated::RoW::kilogram",technosphere,"market for calcium carbonate, precipitated",ei39_cutoff,bc2c53ca3fe04d0ed1ff8a1a7706871a,RoW,,kilogram,TRACI_v2_1__particulate_matter_formation__particulate_matter_formation_potential_PMFP,TRACI v2.1 | particulate matter formation | particulate matter formation potential (PMFP),particulate matter formation,PM2.5-Eq,0.00033527889477280896,UF_TRACI_v2_1__particulate_matter_formation__particulate_matter_formation_potential_PMFP__market_for_calcium_carbonate_precipitated__RoW,PM2.5-Eq/kilogram,True
s_o2,BO2,technosphere|ei39_cutoff|bc2c53ca3fe04d0ed1ff8a1a7706871a,"technosphere::market for calcium carbonate, precipitated::RoW::kilogram",technosphere,"market for calcium carbonate, precipitated",ei39_cutoff,bc2c53ca3fe04d0ed1ff8a1a7706871a,RoW,,kilogram,TRACI_v2_1__ecotoxicity_freshwater__ecotoxicity_freshwater,TRACI v2.1 | ecotoxicity: freshwater | ecotoxicity: freshwater,ecotoxicity: freshwater,CTUe,12.087320113825164,UF_TRACI_v2_1__ecotoxicity_freshwater__ecotoxicity_freshwater__market_for_calcium_carbonate_precipitated__RoW,CTUe/kilogram,True
s_o2,BO2,technosphere|ei39_cutoff|bc2c53ca3fe04d0ed1ff8a1a7706871a,"technosphere::market for calcium carbonate, precipitated::RoW::kilogram",technosphere,"market for calcium carbonate, precipitated",ei39_cutoff,bc2c53ca3fe04d0ed1ff8a1a7706871a,RoW,,kilogram,TRACI_v2_1__photochemical_oxidant_formation__maximum_incremental_reactivity_MIR,TRACI v2.1 | photochemical oxidant formation | maximum incremental reactivity (MIR),photochemical oxidant formation,kg O3-Eq,0.035238363297682866,UF_TRACI_v2_1__photochemical_oxidant_formation__maximum_incremental_reactivity_MIR__market_for_calcium_carbonate_precipitated__RoW,kg O3-Eq/kilogram,True
s_o2,BO2,technosphere|ei39_cutoff|22db46f6ba1211c058e4da0ac386d3e7,"technosphere::market for polyethylene, high density, granulate::GLO::kilogram",technosphere,"market for polyethylene, high density, granulate",ei39_cutoff,22db46f6ba1211c058e4da0ac386d3e7,GLO,,kilogram,IPCC_2021__climate_change__global_warming_potential_GWP100,IPCC 2021 | climate change | global warming potential (GWP100),climate change,kg CO2-Eq,2.327628848048704,UF_IPCC_2021__climate_change__global_warming_potential_GWP100__market_for_polyethylene_high_density_granulate__GLO,kg CO2-Eq/kilogram,True
s_o2,BO2,technosphere|ei39_cutoff|22db46f6ba1211c058e4da0ac386d3e7,"technosphere::market for polyethylene, high density, granulate::GLO::kilogram",technosphere,"market for polyethylene, high density, granulate",ei39_cutoff,22db46f6ba1211c058e4da0ac386d3e7,GLO,,kilogram,TRACI_v2_1__eutrophication__eutrophication_potential,TRACI v2.1 | eutrophication | eutrophication potential,eutrophication,kg N-Eq,0.0034507952867211845,UF_TRACI_v2_1__eutrophication__eutrophication_potential__market_for_polyethylene_high_density_granulate__GLO,kg N-Eq/kilogram,True
s_o2,BO2,technosphere|ei39_cutoff|22db46f6ba1211c058e4da0ac386d3e7,"technosphere::market for polyethylene, high density, granulate::GLO::kilogram",technosphere,"market for polyethylene, high density, granulate",ei39_cutoff,22db46f6ba1211c058e4da0ac386d3e7,GLO,,kilogram,TRACI_v2_1__acidification__acidification_potential_AP,TRACI v2.1 | acidification | acidification potential (AP),acidification,kg SO2-Eq,0.0083000356562948,UF_TRACI_v2_1__acidification__acidification_potential_AP__market_for_polyethylene_high_density_granulate__GLO,kg SO2-Eq/kilogram,True
s_o2,BO2,technosphere|ei39_cutoff|22db46f6ba1211c058e4da0ac386d3e7,"technosphere::market for polyethylene, high density, granulate::GLO::kilogram",technosphere,"market for polyethylene, high density, granulate",ei39_cutoff,22db46f6ba1211c058e4da0ac386d3e7,GLO,,kilogram,TRACI_v2_1__particulate_matter_formation__particulate_matter_formation_potential_PMFP,TRACI v2.1 | particulate matter formation | particulate matter formation potential (PMFP),particulate matter formation,PM2.5-Eq,0.0010554731081885138,UF_TRACI_v2_1__particulate_matter_formation__particulate_matter_formation_potential_PMFP__market_for_polyethylene_high_density_granulate__GLO,PM2.5-Eq/kilogram,True
s_o2,BO2,technosphere|ei39_cutoff|22db46f6ba1211c058e4da0ac386d3e7,"technosphere::market for polyethylene, high density, granulate::GLO::kilogram",technosphere,"market for polyethylene, high density, granulate",ei39_cutoff,22db46f6ba1211c058e4da0ac386d3e7,GLO,,kilogram,TRACI_v2_1__ecotoxicity_freshwater__ecotoxicity_freshwater,TRACI v2.1 | ecotoxicity: freshwater | ecotoxicity: freshwater,ecotoxicity: freshwater,CTUe,18.381598624379137,UF_TRACI_v2_1__ecotoxicity_freshwater__ecotoxicity_freshwater__market_for_polyethylene_high_density_granulate__GLO,CTUe/kilogram,True
s_o2,BO2,technosphere|ei39_cutoff|22db46f6ba1211c058e4da0ac386d3e7,"technosphere::market for polyethylene, high density, granulate::GLO::kilogram",technosphere,"market for polyethylene, high density, granulate",ei39_cutoff,22db46f6ba1211c058e4da0ac386d3e7,GLO,,kilogram,TRACI_v2_1__photochemical_oxidant_formation__maximum_incremental_reactivity_MIR,TRACI v2.1 | photochemical oxidant formation | maximum incremental reactivity (MIR),photochemical oxidant formation,kg O3-Eq,0.1268180935028097,UF_TRACI_v2_1__photochemical_oxidant_formation__maximum_incremental_reactivity_MIR__market_for_polyethylene_high_density_granulate__GLO,kg O3-Eq/kilogram,True
s_o2,BO2,technosphere|ei39_cutoff|b613a0e604fce45d4146006a310d2872,technosphere::market for diesel::RoW::kilogram,technosphere,market for diesel,ei39_cutoff,b613a0e604fce45d4146006a310d2872,RoW,,kilogram,IPCC_2021__climate_change__global_warming_potential_GWP100,IPCC 2021 | climate change | global warming potential (GWP100),climate change,kg CO2-Eq,0.7855065768270255,UF_IPCC_2021__climate_change__global_warming_potential_GWP100__market_for_diesel__RoW,kg CO2-Eq/kilogram,True
s_o2,BO2,technosphere|ei39_cutoff|b613a0e604fce45d4146006a310d2872,technosphere::market for diesel::RoW::kilogram,technosphere,market for diesel,ei39_cutoff,b613a0e604fce45d4146006a310d2872,RoW,,kilogram,TRACI_v2_1__eutrophication__eutrophication_potential,TRACI v2.1 | eutrophication | eutrophication potential,eutrophication,kg N-Eq,5.534885493664747e-05,UF_TRACI_v2_1__eutrophication__eutrophication_potential__market_for_diesel__RoW,kg N-Eq/kilogram,True
s_o2,BO2,technosphere|ei39_cutoff|b613a0e604fce45d4146006a310d2872,technosphere::market for diesel::RoW::kilogram,technosphere,market for diesel,ei39_cutoff,b613a0e604fce45d4146006a310d2872,RoW,,kilogram,TRACI_v2_1__acidification__acidification_potential_AP,TRACI v2.1 | acidification | acidification potential (AP),acidification,kg SO2-Eq,0.0008664561085526,UF_TRACI_v2_1__acidification__acidification_potential_AP__market_for_diesel__RoW,kg SO2-Eq/kilogram,True
s_o2,BO2,technosphere|ei39_cutoff|b613a0e604fce45d4146006a310d2872,technosphere::market for diesel::RoW::kilogram,technosphere,market for diesel,ei39_cutoff,b613a0e604fce45d4146006a310d2872,RoW,,kilogram,TRACI_v2_1__particulate_matter_formation__particulate_matter_formation_potential_PMFP,TRACI v2.1 | particulate matter formation | particulate matter formation potential (PMFP),particulate matter formation,PM2.5-Eq,5.986248947905587e-05,UF_TRACI_v2_1__particulate_matter_formation__particulate_matter_formation_potential_PMFP__market_for_diesel__RoW,PM2.5-Eq/kilogram,True
s_o2,BO2,technosphere|ei39_cutoff|b613a0e604fce45d4146006a310d2872,technosphere::market for diesel::RoW::kilogram,technosphere,market for diesel,ei39_cutoff,b613a0e604fce45d4146006a310d2872,RoW,,kilogram,TRACI_v2_1__ecotoxicity_freshwater__ecotoxicity_freshwater,TRACI v2.1 | ecotoxicity: freshwater | ecotoxicity: freshwater,ecotoxicity: freshwater,CTUe,0.3569564404307646,UF_TRACI_v2_1__ecotoxicity_freshwater__ecotoxicity_freshwater__market_for_diesel__RoW,CTUe/kilogram,True
s_o2,BO2,technosphere|ei39_cutoff|b613a0e604fce45d4146006a310d2872,technosphere::market for diesel::RoW::kilogram,technosphere,market for diesel,ei39_cutoff,b613a0e604fce45d4146006a310d2872,RoW,,kilogram,TRACI_v2_1__photochemical_oxidant_formation__maximum_incremental_reactivity_MIR,TRACI v2.1 | photochemical oxidant formation | maximum incremental reactivity (MIR),photochemical oxidant formation,kg O3-Eq,0.022312976481666,UF_TRACI_v2_1__photochemical_oxidant_formation__maximum_incremental_reactivity_MIR__market_for_diesel__RoW,kg O3-Eq/kilogram,True
s_o2,BO2,technosphere|ei39_cutoff|d324aeab28dcbaa4635f5ed8a617cd7f,"technosphere::market for natural gas, high pressure::US::cubic meter",technosphere,"market for natural gas, high pressure",ei39_cutoff,d324aeab28dcbaa4635f5ed8a617cd7f,US,,cubic meter,IPCC_2021__climate_change__global_warming_potential_GWP100,IPCC 2021 | climate change | global warming potential (GWP100),climate change,kg CO2-Eq,0.7094531420177969,UF_IPCC_2021__climate_change__global_warming_potential_GWP100__market_for_natural_gas_high_pressure__US,kg CO2-Eq/cubic meter,True
s_o2,BO2,technosphere|ei39_cutoff|d324aeab28dcbaa4635f5ed8a617cd7f,"technosphere::market for natural gas, high pressure::US::cubic meter",technosphere,"market for natural gas, high pressure",ei39_cutoff,d324aeab28dcbaa4635f5ed8a617cd7f,US,,cubic meter,TRACI_v2_1__eutrophication__eutrophication_potential,TRACI v2.1 | eutrophication | eutrophication potential,eutrophication,kg N-Eq,0.0003276238805927,UF_TRACI_v2_1__eutrophication__eutrophication_potential__market_for_natural_gas_high_pressure__US,kg N-Eq/cubic meter,True
s_o2,BO2,technosphere|ei39_cutoff|d324aeab28dcbaa4635f5ed8a617cd7f,"technosphere::market for natural gas, high pressure::US::cubic meter",technosphere,"market for natural gas, high pressure",ei39_cutoff,d324aeab28dcbaa4635f5ed8a617cd7f,US,,cubic meter,TRACI_v2_1__acidification__acidification_potential_AP,TRACI v2.1 | acidification | acidification potential (AP),acidification,kg SO2-Eq,0.0052522516074527,UF_TRACI_v2_1__acidification__acidification_potential_AP__market_for_natural_gas_high_pressure__US,kg SO2-Eq/cubic meter,True
s_o2,BO2,technosphere|ei39_cutoff|d324aeab28dcbaa4635f5ed8a617cd7f,"technosphere::market for natural gas, high pressure::US::cubic meter",technosphere,"market for natural gas, high pressure",ei39_cutoff,d324aeab28dcbaa4635f5ed8a617cd7f,US,,cubic meter,TRACI_v2_1__particulate_matter_formation__particulate_matter_formation_potential_PMFP,TRACI v2.1 | particulate matter formation | particulate matter formation potential (PMFP),particulate matter formation,PM2.5-Eq,0.0001005673701486,UF_TRACI_v2_1__particulate_matter_formation__particulate_matter_formation_potential_PMFP__market_for_natural_gas_high_pressure__US,PM2.5-Eq/cubic meter,True
s_o2,BO2,technosphere|ei39_cutoff|d324aeab28dcbaa4635f5ed8a617cd7f,"technosphere::market for natural gas, high pressure::US::cubic meter",technosphere,"market for natural gas, high pressure",ei39_cutoff,d324aeab28dcbaa4635f5ed8a617cd7f,US,,cubic meter,TRACI_v2_1__ecotoxicity_freshwater__ecotoxicity_freshwater,TRACI v2.1 | ecotoxicity: freshwater | ecotoxicity: freshwater,ecotoxicity: freshwater,CTUe,1.4015517070524446,UF_TRACI_v2_1__ecotoxicity_freshwater__ecotoxicity_freshwater__market_for_natural_gas_high_pressure__US,CTUe/cubic meter,True
s_o2,BO2,technosphere|ei39_cutoff|d324aeab28dcbaa4635f5ed8a617cd7f,"technosphere::market for natural gas, high pressure::US::cubic meter",technosphere,"market for natural gas, high pressure",ei39_cutoff,d324aeab28dcbaa4635f5ed8a617cd7f,US,,cubic meter,TRACI_v2_1__photochemical_oxidant_formation__maximum_incremental_reactivity_MIR,TRACI v2.1 | photochemical oxidant formation | maximum incremental reactivity (MIR),photochemical oxidant formation,kg O3-Eq,0.1822497028909481,UF_TRACI_v2_1__photochemical_oxidant_formation__maximum_incremental_reactivity_MIR__market_for_natural_gas_high_pressure__US,kg O3-Eq/cubic meter,True
s_o2,BO2,technosphere|ei39_cutoff|2df74714a5a7c8cc88d704fee4a848dd,"technosphere::market group for electricity, medium voltage::US::kilowatt hour",technosphere,"market group for electricity, medium voltage",ei39_cutoff,2df74714a5a7c8cc88d704fee4a848dd,US,,kilowatt hour,IPCC_2021__climate_change__global_warming_potential_GWP100,IPCC 2021 | climate change | global warming potential (GWP100),climate change,kg CO2-Eq,0.4728443002819068,UF_IPCC_2021__climate_change__global_warming_potential_GWP100__market_group_for_electricity_medium_voltage__US,kg CO2-Eq/kilowatt hour,True
s_o2,BO2,technosphere|ei39_cutoff|2df74714a5a7c8cc88d704fee4a848dd,"technosphere::market group for electricity, medium voltage::US::kilowatt hour",technosphere,"market group for electricity, medium voltage",ei39_cutoff,2df74714a5a7c8cc88d704fee4a848dd,US,,kilowatt hour,TRACI_v2_1__eutrophication__eutrophication_potential,TRACI v2.1 | eutrophication | eutrophication potential,eutrophication,kg N-Eq,0.002211554909681796,UF_TRACI_v2_1__eutrophication__eutrophication_potential__market_group_for_electricity_medium_voltage__US,kg N-Eq/kilowatt hour,True
s_o2,BO2,technosphere|ei39_cutoff|2df74714a5a7c8cc88d704fee4a848dd,"technosphere::market group for electricity, medium voltage::US::kilowatt hour",technosphere,"market group for electricity, medium voltage",ei39_cutoff,2df74714a5a7c8cc88d704fee4a848dd,US,,kilowatt hour,TRACI_v2_1__acidification__acidification_potential_AP,TRACI v2.1 | acidification | acidification potential (AP),acidification,kg SO2-Eq,0.001124419064627588,UF_TRACI_v2_1__acidification__acidification_potential_AP__market_group_for_electricity_medium_voltage__US,kg SO2-Eq/kilowatt hour,True
s_o2,BO2,technosphere|ei39_cutoff|2df74714a5a7c8cc88d704fee4a848dd,"technosphere::market group for electricity, medium voltage::US::kilowatt hour",technosphere,"market group for electricity, medium voltage",ei39_cutoff,2df74714a5a7c8cc88d704fee4a848dd,US,,kilowatt hour,TRACI_v2_1__particulate_matter_formation__particulate_matter_formation_potential_PMFP,TRACI v2.1 | particulate matter formation | particulate matter formation potential (PMFP),particulate matter formation,PM2.5-Eq,0.0007527393607662401,UF_TRACI_v2_1__particulate_matter_formation__particulate_matter_formation_potential_PMFP__market_group_for_electricity_medium_voltage__US,PM2.5-Eq/kilowatt hour,True
s_o2,BO2,technosphere|ei39_cutoff|2df74714a5a7c8cc88d704fee4a848dd,"technosphere::market group for electricity, medium voltage::US::kilowatt hour",technosphere,"market group for electricity, medium voltage",ei39_cutoff,2df74714a5a7c8cc88d704fee4a848dd,US,,kilowatt hour,TRACI_v2_1__ecotoxicity_freshwater__ecotoxicity_freshwater,TRACI v2.1 | ecotoxicity: freshwater | ecotoxicity: freshwater,ecotoxicity: freshwater,CTUe,4.028041058991695,UF_TRACI_v2_1__ecotoxicity_freshwater__ecotoxicity_freshwater__market_group_for_electricity_medium_voltage__US,CTUe/kilowatt hour,True
s_o2,BO2,technosphere|ei39_cutoff|2df74714a5a7c8cc88d704fee4a848dd,"technosphere::market group for electricity, medium voltage::US::kilowatt hour",technosphere,"market group for electricity, medium voltage",ei39_cutoff,2df74714a5a7c8cc88d704fee4a848dd,US,,kilowatt hour,TRACI_v2_1__photochemical_oxidant_formation__maximum_incremental_reactivity_MIR,TRACI v2.1 | photochemical oxidant formation | maximum incremental reactivity (MIR),photochemical oxidant formation,kg O3-Eq,0.014089251392504224,UF_TRACI_v2_1__photochemical_oxidant_formation__maximum_incremental_reactivity_MIR__market_group_for_electricity_medium_voltage__US,kg O3-Eq/kilowatt hour,True
s_o2,BO2,technosphere|ei39_cutoff|2f298d6798217ca204f60bdc1efe8ea1,"technosphere::market for sodium hydroxide, without water, in 50% solution state::GLO::kilogram",technosphere,"market for sodium hydroxide, without water, in 50% solution state",ei39_cutoff,2f298d6798217ca204f60bdc1efe8ea1,GLO,,kilogram,IPCC_2021__climate_change__global_warming_potential_GWP100,IPCC 2021 | climate change | global warming potential (GWP100),climate change,kg CO2-Eq,1.29059149221159,UF_IPCC_2021__climate_change__global_warming_potential_GWP100__market_for_sodium_hydroxide_without_water_in_50_solution_state__GLO,kg CO2-Eq/kilogram,True
s_o2,BO2,technosphere|ei39_cutoff|2f298d6798217ca204f60bdc1efe8ea1,"technosphere::market for sodium hydroxide, without water, in 50% solution state::GLO::kilogram",technosphere,"market for sodium hydroxide, without water, in 50% solution state",ei39_cutoff,2f298d6798217ca204f60bdc1efe8ea1,GLO,,kilogram,TRACI_v2_1__eutrophication__eutrophication_potential,TRACI v2.1 | eutrophication | eutrophication potential,eutrophication,kg N-Eq,0.004860766119250988,UF_TRACI_v2_1__eutrophication__eutrophication_potential__market_for_sodium_hydroxide_without_water_in_50_solution_state__GLO,kg N-Eq/kilogram,True
s_o2,BO2,technosphere|ei39_cutoff|2f298d6798217ca204f60bdc1efe8ea1,"technosphere::market for sodium hydroxide, without water, in 50% solution state::GLO::kilogram",technosphere,"market for sodium hydroxide, without water, in 50% solution state",ei39_cutoff,2f298d6798217ca204f60bdc1efe8ea1,GLO,,kilogram,TRACI_v2_1__acidification__acidification_potential_AP,TRACI v2.1 | acidification | acidification potential (AP),acidification,kg SO2-Eq,0.0062057351392088515,UF_TRACI_v2_1__acidification__acidification_potential_AP__market_for_sodium_hydroxide_without_water_in_50_solution_state__GLO,kg SO2-Eq/kilogram,True
s_o2,BO2,technosphere|ei39_cutoff|2f298d6798217ca204f60bdc1efe8ea1,"technosphere::market for sodium hydroxide, without water, in 50% solution state::GLO::kilogram",technosphere,"market for sodium hydroxide, without water, in 50% solution state",ei39_cutoff,2f298d6798217ca204f60bdc1efe8ea1,GLO,,kilogram,TRACI_v2_1__particulate_matter_formation__particulate_matter_formation_potential_PMFP,TRACI v2.1 | particulate matter formation | particulate matter formation potential (PMFP),particulate matter formation,PM2.5-Eq,0.0016356704631753565,UF_TRACI_v2_1__particulate_matter_formation__particulate_matter_formation_potential_PMFP__market_for_sodium_hydroxide_without_water_in_50_solution_state__GLO,PM2.5-Eq/kilogram,True
s_o2,BO2,technosphere|ei39_cutoff|2f298d6798217ca204f60bdc1efe8ea1,"technosphere::market for sodium hydroxide, without water, in 50% solution state::GLO::kilogram",technosphere,"market for sodium hydroxide, without water, in 50% solution state",ei39_cutoff,2f298d6798217ca204f60bdc1efe8ea1,GLO,,kilogram,TRACI_v2_1__ecotoxicity_freshwater__ecotoxicity_freshwater,TRACI v2.1 | ecotoxicity: freshwater | ecotoxicity: freshwater,ecotoxicity: freshwater,CTUe,22.331207123515167,UF_TRACI_v2_1__ecotoxicity_freshwater__ecotoxicity_freshwater__market_for_sodium_hydroxide_without_water_in_50_solution_state__GLO,CTUe/kilogram,True
s_o2,BO2,technosphere|ei39_cutoff|2f298d6798217ca204f60bdc1efe8ea1,"technosphere::market for sodium hydroxide, without water, in 50% solution state::GLO::kilogram",technosphere,"market for sodium hydroxide, without water, in 50% solution state",ei39_cutoff,2f298d6798217ca204f60bdc1efe8ea1,GLO,,kilogram,TRACI_v2_1__photochemical_oxidant_formation__maximum_incremental_reactivity_MIR,TRACI v2.1 | photochemical oxidant formation | maximum incremental reactivity (MIR),photochemical oxidant formation,kg O3-Eq,0.08709205636683066,UF_TRACI_v2_1__photochemical_oxidant_formation__maximum_incremental_reactivity_MIR__market_for_sodium_hydroxide_without_water_in_50_solution_state__GLO,kg O3-Eq/kilogram,True
s_o2,BO2,technosphere|ei39_cutoff|5bfa39eda2a710103c8b0797d6285143,"technosphere::treatment of inert waste, inert material landfill::RoW::kilogram",technosphere,"treatment of inert waste, inert material landfill",ei39_cutoff,5bfa39eda2a710103c8b0797d6285143,RoW,,kilogram,IPCC_2021__climate_change__global_warming_potential_GWP100,IPCC 2021 | climate change | global warming potential (GWP100),climate change,kg CO2-Eq,-0.006082528525850623,UF_IPCC_2021__climate_change__global_warming_potential_GWP100__treatment_of_inert_waste_inert_material_landfill__RoW,kg CO2-Eq/kilogram,True
s_o2,BO2,technosphere|ei39_cutoff|5bfa39eda2a710103c8b0797d6285143,"technosphere::treatment of inert waste, inert material landfill::RoW::kilogram",technosphere,"treatment of inert waste, inert material landfill",ei39_cutoff,5bfa39eda2a710103c8b0797d6285143,RoW,,kilogram,TRACI_v2_1__eutrophication__eutrophication_potential,TRACI v2.1 | eutrophication | eutrophication potential,eutrophication,kg N-Eq,-7.041256744626135e-06,UF_TRACI_v2_1__eutrophication__eutrophication_potential__treatment_of_inert_waste_inert_material_landfill__RoW,kg N-Eq/kilogram,True
s_o2,BO2,technosphere|ei39_cutoff|5bfa39eda2a710103c8b0797d6285143,"technosphere::treatment of inert waste, inert material landfill::RoW::kilogram",technosphere,"treatment of inert waste, inert material landfill",ei39_cutoff,5bfa39eda2a710103c8b0797d6285143,RoW,,kilogram,TRACI_v2_1__acidification__acidification_potential_AP,TRACI v2.1 | acidification | acidification potential (AP),acidification,kg SO2-Eq,-4.107861458545637e-05,UF_TRACI_v2_1__acidification__acidification_potential_AP__treatment_of_inert_waste_inert_material_landfill__RoW,kg SO2-Eq/kilogram,True
s_o2,BO2,technosphere|ei39_cutoff|5bfa39eda2a710103c8b0797d6285143,"technosphere::treatment of inert waste, inert material landfill::RoW::kilogram",technosphere,"treatment of inert waste, inert material landfill",ei39_cutoff,5bfa39eda2a710103c8b0797d6285143,RoW,,kilogram,TRACI_v2_1__particulate_matter_formation__particulate_matter_formation_potential_PMFP,TRACI v2.1 | particulate matter formation | particulate matter formation potential (PMFP),particulate matter formation,PM2.5-Eq,-5.619936408395167e-06,UF_TRACI_v2_1__particulate_matter_formation__particulate_matter_formation_potential_PMFP__treatment_of_inert_waste_inert_material_landfill__RoW,PM2.5-Eq/kilogram,True
s_o2,BO2,technosphere|ei39_cutoff|5bfa39eda2a710103c8b0797d6285143,"technosphere::treatment of inert waste, inert material landfill::RoW::kilogram",technosphere,"treatment of inert waste, inert material landfill",ei39_cutoff,5bfa39eda2a710103c8b0797d6285143,RoW,,kilogram,TRACI_v2_1__ecotoxicity_freshwater__ecotoxicity_freshwater,TRACI v2.1 | ecotoxicity: freshwater | ecotoxicity: freshwater,ecotoxicity: freshwater,CTUe,-0.029894957371319877,UF_TRACI_v2_1__ecotoxicity_freshwater__ecotoxicity_freshwater__treatment_of_inert_waste_inert_material_landfill__RoW,CTUe/kilogram,True
s_o2,BO2,technosphere|ei39_cutoff|5bfa39eda2a710103c8b0797d6285143,"technosphere::treatment of inert waste, inert material landfill::RoW::kilogram",technosphere,"treatment of inert waste, inert material landfill",ei39_cutoff,5bfa39eda2a710103c8b0797d6285143,RoW,,kilogram,TRACI_v2_1__photochemical_oxidant_formation__maximum_incremental_reactivity_MIR,TRACI v2.1 | photochemical oxidant formation | maximum incremental reactivity (MIR),photochemical oxidant formation,kg O3-Eq,-0.0011575140390691018,UF_TRACI_v2_1__photochemical_oxidant_formation__maximum_incremental_reactivity_MIR__treatment_of_inert_waste_inert_material_landfill__RoW,kg O3-Eq/kilogram,True
s_o2,BO2,technosphere|ei39_cutoff|8fcd322e3bfcf29cc506c34e95336f81,"technosphere::willow production, short rotation coppice::RoW::kilogram",technosphere,"willow production, short rotation coppice",ei39_cutoff,8fcd322e3bfcf29cc506c34e95336f81,RoW,,kilogram,IPCC_2021__climate_change__global_warming_potential_GWP100,IPCC 2021 | climate change | global warming potential (GWP100),climate change,kg CO2-Eq,0.06014236196420901,UF_IPCC_2021__climate_change__global_warming_potential_GWP100__willow_production_short_rotation_coppice__RoW,kg CO2-Eq/kilogram,True
s_o2,BO2,technosphere|ei39_cutoff|8fcd322e3bfcf29cc506c34e95336f81,"technosphere::willow production, short rotation coppice::RoW::kilogram",technosphere,"willow production, short rotation coppice",ei39_cutoff,8fcd322e3bfcf29cc506c34e95336f81,RoW,,kilogram,TRACI_v2_1__eutrophication__eutrophication_potential,TRACI v2.1 | eutrophication | eutrophication potential,eutrophication,kg N-Eq,0.0016108580342260792,UF_TRACI_v2_1__eutrophication__eutrophication_potential__willow_production_short_rotation_coppice__RoW,kg N-Eq/kilogram,True
s_o2,BO2,technosphere|ei39_cutoff|8fcd322e3bfcf29cc506c34e95336f81,"technosphere::willow production, short rotation coppice::RoW::kilogram",technosphere,"willow production, short rotation coppice",ei39_cutoff,8fcd322e3bfcf29cc506c34e95336f81,RoW,,kilogram,TRACI_v2_1__acidification__acidification_potential_AP,TRACI v2.1 | acidification | acidification potential (AP),acidification,kg SO2-Eq,0.00040443473919663805,UF_TRACI_v2_1__acidification__acidification_potential_AP__willow_production_short_rotation_coppice__RoW,kg SO2-Eq/kilogram,True
s_o2,BO2,technosphere|ei39_cutoff|8fcd322e3bfcf29cc506c34e95336f81,"technosphere::willow production, short rotation coppice::RoW::kilogram",technosphere,"willow production, short rotation coppice",ei39_cutoff,8fcd322e3bfcf29cc506c34e95336f81,RoW,,kilogram,TRACI_v2_1__particulate_matter_formation__particulate_matter_formation_potential_PMFP,TRACI v2.1 | particulate matter formation | particulate matter formation potential (PMFP),particulate matter formation,PM2.5-Eq,6.346341734089864e-05,UF_TRACI_v2_1__particulate_matter_formation__particulate_matter_formation_potential_PMFP__willow_production_short_rotation_coppice__RoW,PM2.5-Eq/kilogram,True
s_o2,BO2,technosphere|ei39_cutoff|8fcd322e3bfcf29cc506c34e95336f81,"technosphere::willow production, short rotation coppice::RoW::kilogram",technosphere,"willow production, short rotation coppice",ei39_cutoff,8fcd322e3bfcf29cc506c34e95336f81,RoW,,kilogram,TRACI_v2_1__ecotoxicity_freshwater__ecotoxicity_freshwater,TRACI v2.1 | ecotoxicity: freshwater | ecotoxicity: freshwater,ecotoxicity: freshwater,CTUe,0.7688898774690659,UF_TRACI_v2_1__ecotoxicity_freshwater__ecotoxicity_freshwater__willow_production_short_rotation_coppice__RoW,CTUe/kilogram,True
s_o2,BO2,technosphere|ei39_cutoff|8fcd322e3bfcf29cc506c34e95336f81,"technosphere::willow production, short rotation coppice::RoW::kilogram",technosphere,"willow production, short rotation coppice",ei39_cutoff,8fcd322e3bfcf29cc506c34e95336f81,RoW,,kilogram,TRACI_v2_1__photochemical_oxidant_formation__maximum_incremental_reactivity_MIR,TRACI v2.1 | photochemical oxidant formation | maximum incremental reactivity (MIR),photochemical oxidant formation,kg O3-Eq,0.007670579162386124,UF_TRACI_v2_1__photochemical_oxidant_formation__maximum_incremental_reactivity_MIR__willow_production_short_rotation_coppice__RoW,kg O3-Eq/kilogram,True
s_o2,BO2,technosphere|ei39_cutoff|c819ffd8b2666db32408aadf99fc96cb,"technosphere::market for aluminium oxide, metallurgical::RoW::kilogram",technosphere,"market for aluminium oxide, metallurgical",ei39_cutoff,c819ffd8b2666db32408aadf99fc96cb,RoW,,kilogram,IPCC_2021__climate_change__global_warming_potential_GWP100,IPCC 2021 | climate change | global warming potential (GWP100),climate change,kg CO2-Eq,2.275153801614239,UF_IPCC_2021__climate_change__global_warming_potential_GWP100__market_for_aluminium_oxide_metallurgical__RoW,kg CO2-Eq/kilogram,True
s_o2,BO2,technosphere|ei39_cutoff|c819ffd8b2666db32408aadf99fc96cb,"technosphere::market for aluminium oxide, metallurgical::RoW::kilogram",technosphere,"market for aluminium oxide, metallurgical",ei39_cutoff,c819ffd8b2666db32408aadf99fc96cb,RoW,,kilogram,TRACI_v2_1__eutrophication__eutrophication_potential,TRACI v2.1 | eutrophication | eutrophication potential,eutrophication,kg N-Eq,0.00874582886268957,UF_TRACI_v2_1__eutrophication__eutrophication_potential__market_for_aluminium_oxide_metallurgical__RoW,kg N-Eq/kilogram,True
s_o2,BO2,technosphere|ei39_cutoff|c819ffd8b2666db32408aadf99fc96cb,"technosphere::market for aluminium oxide, metallurgical::RoW::kilogram",technosphere,"market for aluminium oxide, metallurgical",ei39_cutoff,c819ffd8b2666db32408aadf99fc96cb,RoW,,kilogram,TRACI_v2_1__acidification__acidification_potential_AP,TRACI v2.1 | acidification | acidification potential (AP),acidification,kg SO2-Eq,0.018068022317881627,UF_TRACI_v2_1__acidification__acidification_potential_AP__market_for_aluminium_oxide_metallurgical__RoW,kg SO2-Eq/kilogram,True
s_o2,BO2,technosphere|ei39_cutoff|c819ffd8b2666db32408aadf99fc96cb,"technosphere::market for aluminium oxide, metallurgical::RoW::kilogram",technosphere,"market for aluminium oxide, metallurgical",ei39_cutoff,c819ffd8b2666db32408aadf99fc96cb,RoW,,kilogram,TRACI_v2_1__particulate_matter_formation__particulate_matter_formation_potential_PMFP,TRACI v2.1 | particulate matter formation | particulate matter formation potential (PMFP),particulate matter formation,PM2.5-Eq,0.001985092788702531,UF_TRACI_v2_1__particulate_matter_formation__particulate_matter_formation_potential_PMFP__market_for_aluminium_oxide_metallurgical__RoW,PM2.5-Eq/kilogram,True
s_o2,BO2,technosphere|ei39_cutoff|c819ffd8b2666db32408aadf99fc96cb,"technosphere::market for aluminium oxide, metallurgical::RoW::kilogram",technosphere,"market for aluminium oxide, metallurgical",ei39_cutoff,c819ffd8b2666db32408aadf99fc96cb,RoW,,kilogram,TRACI_v2_1__ecotoxicity_freshwater__ecotoxicity_freshwater,TRACI v2.1 | ecotoxicity: freshwater | ecotoxicity: freshwater,ecotoxicity: freshwater,CTUe,93.67342267988215,UF_TRACI_v2_1__ecotoxicity_freshwater__ecotoxicity_freshwater__market_for_aluminium_oxide_metallurgical__RoW,CTUe/kilogram,True
s_o2,BO2,technosphere|ei39_cutoff|c819ffd8b2666db32408aadf99fc96cb,"technosphere::market for aluminium oxide, metallurgical::RoW::kilogram",technosphere,"market for aluminium oxide, metallurgical",ei39_cutoff,c819ffd8b2666db32408aadf99fc96cb,RoW,,kilogram,TRACI_v2_1__photochemical_oxidant_formation__maximum_incremental_reactivity_MIR,TRACI v2.1 | photochemical oxidant formation | maximum incremental reactivity (MIR),photochemical oxidant formation,kg O3-Eq,0.20855095199997029,UF_TRACI_v2_1__photochemical_oxidant_formation__maximum_incremental_reactivity_MIR__market_for_aluminium_oxide_metallurgical__RoW,kg O3-Eq/kilogram,True
s_o2,BO2,technosphere|ei39_cutoff|4347b9665d0aea69c7956fa09ac8db07,"technosphere::market for nickel, class 1::GLO::kilogram",technosphere,"market for nickel, class 1",ei39_cutoff,4347b9665d0aea69c7956fa09ac8db07,GLO,,kilogram,IPCC_2021__climate_change__global_warming_potential_GWP100,IPCC 2021 | climate change | global warming potential (GWP100),climate change,kg CO2-Eq,17.527998945313573,UF_IPCC_2021__climate_change__global_warming_potential_GWP100__market_for_nickel_class_1__GLO,kg CO2-Eq/kilogram,True
s_o2,BO2,technosphere|ei39_cutoff|4347b9665d0aea69c7956fa09ac8db07,"technosphere::market for nickel, class 1::GLO::kilogram",technosphere,"market for nickel, class 1",ei39_cutoff,4347b9665d0aea69c7956fa09ac8db07,GLO,,kilogram,TRACI_v2_1__eutrophication__eutrophication_potential,TRACI v2.1 | eutrophication | eutrophication potential,eutrophication,kg N-Eq,0.13447302163632388,UF_TRACI_v2_1__eutrophication__eutrophication_potential__market_for_nickel_class_1__GLO,kg N-Eq/kilogram,True
s_o2,BO2,technosphere|ei39_cutoff|4347b9665d0aea69c7956fa09ac8db07,"technosphere::market for nickel, class 1::GLO::kilogram",technosphere,"market for nickel, class 1",ei39_cutoff,4347b9665d0aea69c7956fa09ac8db07,GLO,,kilogram,TRACI_v2_1__acidification__acidification_potential_AP,TRACI v2.1 | acidification | acidification potential (AP),acidification,kg SO2-Eq,1.5400545501862717,UF_TRACI_v2_1__acidification__acidification_potential_AP__market_for_nickel_class_1__GLO,kg SO2-Eq/kilogram,True
s_o2,BO2,technosphere|ei39_cutoff|4347b9665d0aea69c7956fa09ac8db07,"technosphere::market for nickel, class 1::GLO::kilogram",technosphere,"market for nickel, class 1",ei39_cutoff,4347b9665d0aea69c7956fa09ac8db07,GLO,,kilogram,TRACI_v2_1__particulate_matter_formation__particulate_matter_formation_potential_PMFP,TRACI v2.1 | particulate matter formation | particulate matter formation potential (PMFP),particulate matter formation,PM2.5-Eq,0.10238521160991086,UF_TRACI_v2_1__particulate_matter_formation__particulate_matter_formation_potential_PMFP__market_for_nickel_class_1__GLO,PM2.5-Eq/kilogram,True
s_o2,BO2,technosphere|ei39_cutoff|4347b9665d0aea69c7956fa09ac8db07,"technosphere::market for nickel, class 1::GLO::kilogram",technosphere,"market for nickel, class 1",ei39_cutoff,4347b9665d0aea69c7956fa09ac8db07,GLO,,kilogram,TRACI_v2_1__ecotoxicity_freshwater__ecotoxicity_freshwater,TRACI v2.1 | ecotoxicity: freshwater | ecotoxicity: freshwater,ecotoxicity: freshwater,CTUe,2993.261765419485,UF_TRACI_v2_1__ecotoxicity_freshwater__ecotoxicity_freshwater__market_for_nickel_class_1__GLO,CTUe/kilogram,True
s_o2,BO2,technosphere|ei39_cutoff|4347b9665d0aea69c7956fa09ac8db07,"technosphere::market for nickel, class 1::GLO::kilogram",technosphere,"market for nickel, class 1",ei39_cutoff,4347b9665d0aea69c7956fa09ac8db07,GLO,,kilogram,TRACI_v2_1__photochemical_oxidant_formation__maximum_incremental_reactivity_MIR,TRACI v2.1 | photochemical oxidant formation | maximum incremental reactivity (MIR),photochemical oxidant formation,kg O3-Eq,2.0013735148556115,UF_TRACI_v2_1__photochemical_oxidant_formation__maximum_incremental_reactivity_MIR__market_for_nickel_class_1__GLO,kg O3-Eq/kilogram,True
s_o2,BO2,technosphere|ei39_cutoff|eb94e20c0297117949e1bddd83d7cc05,technosphere::market for magnesium oxide::GLO::kilogram,technosphere,market for magnesium oxide,ei39_cutoff,eb94e20c0297117949e1bddd83d7cc05,GLO,,kilogram,IPCC_2021__climate_change__global_warming_potential_GWP100,IPCC 2021 | climate change | global warming potential (GWP100),climate change,kg CO2-Eq,2.0728110325819586,UF_IPCC_2021__climate_change__global_warming_potential_GWP100__market_for_magnesium_oxide__GLO,kg CO2-Eq/kilogram,True
s_o2,BO2,technosphere|ei39_cutoff|eb94e20c0297117949e1bddd83d7cc05,technosphere::market for magnesium oxide::GLO::kilogram,technosphere,market for magnesium oxide,ei39_cutoff,eb94e20c0297117949e1bddd83d7cc05,GLO,,kilogram,TRACI_v2_1__eutrophication__eutrophication_potential,TRACI v2.1 | eutrophication | eutrophication potential,eutrophication,kg N-Eq,0.0021479200695199412,UF_TRACI_v2_1__eutrophication__eutrophication_potential__market_for_magnesium_oxide__GLO,kg N-Eq/kilogram,True
s_o2,BO2,technosphere|ei39_cutoff|eb94e20c0297117949e1bddd83d7cc05,technosphere::market for magnesium oxide::GLO::kilogram,technosphere,market for magnesium oxide,ei39_cutoff,eb94e20c0297117949e1bddd83d7cc05,GLO,,kilogram,TRACI_v2_1__acidification__acidification_potential_AP,TRACI v2.1 | acidification | acidification potential (AP),acidification,kg SO2-Eq,0.005210407118169192,UF_TRACI_v2_1__acidification__acidification_potential_AP__market_for_magnesium_oxide__GLO,kg SO2-Eq/kilogram,True
s_o2,BO2,technosphere|ei39_cutoff|eb94e20c0297117949e1bddd83d7cc05,technosphere::market for magnesium oxide::GLO::kilogram,technosphere,market for magnesium oxide,ei39_cutoff,eb94e20c0297117949e1bddd83d7cc05,GLO,,kilogram,TRACI_v2_1__particulate_matter_formation__particulate_matter_formation_potential_PMFP,TRACI v2.1 | particulate matter formation | particulate matter formation potential (PMFP),particulate matter formation,PM2.5-Eq,0.0015635433810243704,UF_TRACI_v2_1__particulate_matter_formation__particulate_matter_formation_potential_PMFP__market_for_magnesium_oxide__GLO,PM2.5-Eq/kilogram,True
s_o2,BO2,technosphere|ei39_cutoff|eb94e20c0297117949e1bddd83d7cc05,technosphere::market for magnesium oxide::GLO::kilogram,technosphere,market for magnesium oxide,ei39_cutoff,eb94e20c0297117949e1bddd83d7cc05,GLO,,kilogram,TRACI_v2_1__ecotoxicity_freshwater__ecotoxicity_freshwater,TRACI v2.1 | ecotoxicity: freshwater | ecotoxicity: freshwater,ecotoxicity: freshwater,CTUe,27.574183625963652,UF_TRACI_v2_1__ecotoxicity_freshwater__ecotoxicity_freshwater__market_for_magnesium_oxide__GLO,CTUe/kilogram,True
s_o2,BO2,technosphere|ei39_cutoff|eb94e20c0297117949e1bddd83d7cc05,technosphere::market for magnesium oxide::GLO::kilogram,technosphere,market for magnesium oxide,ei39_cutoff,eb94e20c0297117949e1bddd83d7cc05,GLO,,kilogram,TRACI_v2_1__photochemical_oxidant_formation__maximum_incremental_reactivity_MIR,TRACI v2.1 | photochemical oxidant formation | maximum incremental reactivity (MIR),photochemical oxidant formation,kg O3-Eq,0.07271216338123115,UF_TRACI_v2_1__photochemical_oxidant_formation__maximum_incremental_reactivity_MIR__market_for_magnesium_oxide__GLO,kg O3-Eq/kilogram,True
s_o2,BO2,technosphere|ei39_cutoff|052eca926bd9d9041df3b9325e33e8b7,technosphere::market for molybdenum trioxide::GLO::kilogram,technosphere,market for molybdenum trioxide,ei39_cutoff,052eca926bd9d9041df3b9325e33e8b7,GLO,,kilogram,IPCC_2021__climate_change__global_warming_potential_GWP100,IPCC 2021 | climate change | global warming potential (GWP100),climate change,kg CO2-Eq,7.895466844962237,UF_IPCC_2021__climate_change__global_warming_potential_GWP100__market_for_molybdenum_trioxide__GLO,kg CO2-Eq/kilogram,True
s_o2,BO2,technosphere|ei39_cutoff|052eca926bd9d9041df3b9325e33e8b7,technosphere::market for molybdenum trioxide::GLO::kilogram,technosphere,market for molybdenum trioxide,ei39_cutoff,052eca926bd9d9041df3b9325e33e8b7,GLO,,kilogram,TRACI_v2_1__eutrophication__eutrophication_potential,TRACI v2.1 | eutrophication | eutrophication potential,eutrophication,kg N-Eq,0.6096456670508323,UF_TRACI_v2_1__eutrophication__eutrophication_potential__market_for_molybdenum_trioxide__GLO,kg N-Eq/kilogram,True
s_o2,BO2,technosphere|ei39_cutoff|052eca926bd9d9041df3b9325e33e8b7,technosphere::market for molybdenum trioxide::GLO::kilogram,technosphere,market for molybdenum trioxide,ei39_cutoff,052eca926bd9d9041df3b9325e33e8b7,GLO,,kilogram,TRACI_v2_1__acidification__acidification_potential_AP,TRACI v2.1 | acidification | acidification potential (AP),acidification,kg SO2-Eq,0.1977178191476079,UF_TRACI_v2_1__acidification__acidification_potential_AP__market_for_molybdenum_trioxide__GLO,kg SO2-Eq/kilogram,True
s_o2,BO2,technosphere|ei39_cutoff|052eca926bd9d9041df3b9325e33e8b7,technosphere::market for molybdenum trioxide::GLO::kilogram,technosphere,market for molybdenum trioxide,ei39_cutoff,052eca926bd9d9041df3b9325e33e8b7,GLO,,kilogram,TRACI_v2_1__particulate_matter_formation__particulate_matter_formation_potential_PMFP,TRACI v2.1 | particulate matter formation | particulate matter formation potential (PMFP),particulate matter formation,PM2.5-Eq,0.05454097192885137,UF_TRACI_v2_1__particulate_matter_formation__particulate_matter_formation_potential_PMFP__market_for_molybdenum_trioxide__GLO,PM2.5-Eq/kilogram,True
s_o2,BO2,technosphere|ei39_cutoff|052eca926bd9d9041df3b9325e33e8b7,technosphere::market for molybdenum trioxide::GLO::kilogram,technosphere,market for molybdenum trioxide,ei39_cutoff,052eca926bd9d9041df3b9325e33e8b7,GLO,,kilogram,TRACI_v2_1__ecotoxicity_freshwater__ecotoxicity_freshwater,TRACI v2.1 | ecotoxicity: freshwater | ecotoxicity: freshwater,ecotoxicity: freshwater,CTUe,21892.96516400348,UF_TRACI_v2_1__ecotoxicity_freshwater__ecotoxicity_freshwater__market_for_molybdenum_trioxide__GLO,CTUe/kilogram,True
s_o2,BO2,technosphere|ei39_cutoff|052eca926bd9d9041df3b9325e33e8b7,technosphere::market for molybdenum trioxide::GLO::kilogram,technosphere,market for molybdenum trioxide,ei39_cutoff,052eca926bd9d9041df3b9325e33e8b7,GLO,,kilogram,TRACI_v2_1__photochemical_oxidant_formation__maximum_incremental_reactivity_MIR,TRACI v2.1 | photochemical oxidant formation | maximum incremental reactivity (MIR),photochemical oxidant formation,kg O3-Eq,2.863395272924539,UF_TRACI_v2_1__photochemical_oxidant_formation__maximum_incremental_reactivity_MIR__market_for_molybdenum_trioxide__GLO,kg O3-Eq/kilogram,True
s_o2,BO2,technosphere|ei39_cutoff|5298254fa3c87afd6b7e4e8dd48f1635,technosphere::market for zirconium oxide::GLO::kilogram,technosphere,market for zirconium oxide,ei39_cutoff,5298254fa3c87afd6b7e4e8dd48f1635,GLO,,kilogram,IPCC_2021__climate_change__global_warming_potential_GWP100,IPCC 2021 | climate change | global warming potential (GWP100),climate change,kg CO2-Eq,4.137264040123165,UF_IPCC_2021__climate_change__global_warming_potential_GWP100__market_for_zirconium_oxide__GLO,kg CO2-Eq/kilogram,True
s_o2,BO2,technosphere|ei39_cutoff|5298254fa3c87afd6b7e4e8dd48f1635,technosphere::market for zirconium oxide::GLO::kilogram,technosphere,market for zirconium oxide,ei39_cutoff,5298254fa3c87afd6b7e4e8dd48f1635,GLO,,kilogram,TRACI_v2_1__eutrophication__eutrophication_potential,TRACI v2.1 | eutrophication | eutrophication potential,eutrophication,kg N-Eq,0.0179248812169897,UF_TRACI_v2_1__eutrophication__eutrophication_potential__market_for_zirconium_oxide__GLO,kg N-Eq/kilogram,True
s_o2,BO2,technosphere|ei39_cutoff|5298254fa3c87afd6b7e4e8dd48f1635,technosphere::market for zirconium oxide::GLO::kilogram,technosphere,market for zirconium oxide,ei39_cutoff,5298254fa3c87afd6b7e4e8dd48f1635,GLO,,kilogram,TRACI_v2_1__acidification__acidification_potential_AP,TRACI v2.1 | acidification | acidification potential (AP),acidification,kg SO2-Eq,0.025503411551296137,UF_TRACI_v2_1__acidification__acidification_potential_AP__market_for_zirconium_oxide__GLO,kg SO2-Eq/kilogram,True
s_o2,BO2,technosphere|ei39_cutoff|5298254fa3c87afd6b7e4e8dd48f1635,technosphere::market for zirconium oxide::GLO::kilogram,technosphere,market for zirconium oxide,ei39_cutoff,5298254fa3c87afd6b7e4e8dd48f1635,GLO,,kilogram,TRACI_v2_1__particulate_matter_formation__particulate_matter_formation_potential_PMFP,TRACI v2.1 | particulate matter formation | particulate matter formation potential (PMFP),particulate matter formation,PM2.5-Eq,0.004261195921213315,UF_TRACI_v2_1__particulate_matter_formation__particulate_matter_formation_potential_PMFP__market_for_zirconium_oxide__GLO,PM2.5-Eq/kilogram,True
s_o2,BO2,technosphere|ei39_cutoff|5298254fa3c87afd6b7e4e8dd48f1635,technosphere::market for zirconium oxide::GLO::kilogram,technosphere,market for zirconium oxide,ei39_cutoff,5298254fa3c87afd6b7e4e8dd48f1635,GLO,,kilogram,TRACI_v2_1__ecotoxicity_freshwater__ecotoxicity_freshwater,TRACI v2.1 | ecotoxicity: freshwater | ecotoxicity: freshwater,ecotoxicity: freshwater,CTUe,70.18012937479432,UF_TRACI_v2_1__ecotoxicity_freshwater__ecotoxicity_freshwater__market_for_zirconium_oxide__GLO,CTUe/kilogram,True
s_o2,BO2,technosphere|ei39_cutoff|5298254fa3c87afd6b7e4e8dd48f1635,technosphere::market for zirconium oxide::GLO::kilogram,technosphere,market for zirconium oxide,ei39_cutoff,5298254fa3c87afd6b7e4e8dd48f1635,GLO,,kilogram,TRACI_v2_1__photochemical_oxidant_formation__maximum_incremental_reactivity_MIR,TRACI v2.1 | photochemical oxidant formation | maximum incremental reactivity (MIR),photochemical oxidant formation,kg O3-Eq,0.36978465491807844,UF_TRACI_v2_1__photochemical_oxidant_formation__maximum_incremental_reactivity_MIR__market_for_zirconium_oxide__GLO,kg O3-Eq/kilogram,True
s_o2,BO2,technosphere|ei39_cutoff|6d9198849efff1e8d431ca2bd2837440,"technosphere::market for iron(III) chloride, without water, in 14% iron solution state::GLO::kilogram",technosphere,"market for iron(III) chloride, without water, in 14% iron solution state",ei39_cutoff,6d9198849efff1e8d431ca2bd2837440,GLO,,kilogram,IPCC_2021__climate_change__global_warming_potential_GWP100,IPCC 2021 | climate change | global warming potential (GWP100),climate change,kg CO2-Eq,0.5386110773512014,UF_IPCC_2021__climate_change__global_warming_potential_GWP100__market_for_iron_III_chloride_without_water_in_14_iron_solution_state__GLO,kg CO2-Eq/kilogram,True
s_o2,BO2,technosphere|ei39_cutoff|6d9198849efff1e8d431ca2bd2837440,"technosphere::market for iron(III) chloride, without water, in 14% iron solution state::GLO::kilogram",technosphere,"market for iron(III) chloride, without water, in 14% iron solution state",ei39_cutoff,6d9198849efff1e8d431ca2bd2837440,GLO,,kilogram,TRACI_v2_1__eutrophication__eutrophication_potential,TRACI v2.1 | eutrophication | eutrophication potential,eutrophication,kg N-Eq,0.002286244221700504,UF_TRACI_v2_1__eutrophication__eutrophication_potential__market_for_iron_III_chloride_without_water_in_14_iron_solution_state__GLO,kg N-Eq/kilogram,True
s_o2,BO2,technosphere|ei39_cutoff|6d9198849efff1e8d431ca2bd2837440,"technosphere::market for iron(III) chloride, without water, in 14% iron solution state::GLO::kilogram",technosphere,"market for iron(III) chloride, without water, in 14% iron solution state",ei39_cutoff,6d9198849efff1e8d431ca2bd2837440,GLO,,kilogram,TRACI_v2_1__acidification__acidification_potential_AP,TRACI v2.1 | acidification | acidification potential (AP),acidification,kg SO2-Eq,0.0031705317624436046,UF_TRACI_v2_1__acidification__acidification_potential_AP__market_for_iron_III_chloride_without_water_in_14_iron_solution_state__GLO,kg SO2-Eq/kilogram,True
s_o2,BO2,technosphere|ei39_cutoff|6d9198849efff1e8d431ca2bd2837440,"technosphere::market for iron(III) chloride, without water, in 14% iron solution state::GLO::kilogram",technosphere,"market for iron(III) chloride, without water, in 14% iron solution state",ei39_cutoff,6d9198849efff1e8d431ca2bd2837440,GLO,,kilogram,TRACI_v2_1__particulate_matter_formation__particulate_matter_formation_potential_PMFP,TRACI v2.1 | particulate matter formation | particulate matter formation potential (PMFP),particulate matter formation,PM2.5-Eq,0.0007164271667695953,UF_TRACI_v2_1__particulate_matter_formation__particulate_matter_formation_potential_PMFP__market_for_iron_III_chloride_without_water_in_14_iron_solution_state__GLO,PM2.5-Eq/kilogram,True
s_o2,BO2,technosphere|ei39_cutoff|6d9198849efff1e8d431ca2bd2837440,"technosphere::market for iron(III) chloride, without water, in 14% iron solution state::GLO::kilogram",technosphere,"market for iron(III) chloride, without water, in 14% iron solution state",ei39_cutoff,6d9198849efff1e8d431ca2bd2837440,GLO,,kilogram,TRACI_v2_1__ecotoxicity_freshwater__ecotoxicity_freshwater,TRACI v2.1 | ecotoxicity: freshwater | ecotoxicity: freshwater,ecotoxicity: freshwater,CTUe,23.160797691805435,UF_TRACI_v2_1__ecotoxicity_freshwater__ecotoxicity_freshwater__market_for_iron_III_chloride_without_water_in_14_iron_solution_state__GLO,CTUe/kilogram,True
s_o2,BO2,technosphere|ei39_cutoff|6d9198849efff1e8d431ca2bd2837440,"technosphere::market for iron(III) chloride, without water, in 14% iron solution state::GLO::kilogram",technosphere,"market for iron(III) chloride, without water, in 14% iron solution state",ei39_cutoff,6d9198849efff1e8d431ca2bd2837440,GLO,,kilogram,TRACI_v2_1__photochemical_oxidant_formation__maximum_incremental_reactivity_MIR,TRACI v2.1 | photochemical oxidant formation | maximum incremental reactivity (MIR),photochemical oxidant formation,kg O3-Eq,0.042984430010360154,UF_TRACI_v2_1__photochemical_oxidant_formation__maximum_incremental_reactivity_MIR__market_for_iron_III_chloride_without_water_in_14_iron_solution_state__GLO,kg O3-Eq/kilogram,True
s_o2,BO2,technosphere|ei39_cutoff|2f509df8e5e4d5702ca6da6967c537a7,technosphere::market for hydrogen sulfide::RoW::kilogram,technosphere,market for hydrogen sulfide,ei39_cutoff,2f509df8e5e4d5702ca6da6967c537a7,RoW,,kilogram,IPCC_2021__climate_change__global_warming_potential_GWP100,IPCC 2021 | climate change | global warming potential (GWP100),climate change,kg CO2-Eq,0.7565168199380724,UF_IPCC_2021__climate_change__global_warming_potential_GWP100__market_for_hydrogen_sulfide__RoW,kg CO2-Eq/kilogram,True
s_o2,BO2,technosphere|ei39_cutoff|2f509df8e5e4d5702ca6da6967c537a7,technosphere::market for hydrogen sulfide::RoW::kilogram,technosphere,market for hydrogen sulfide,ei39_cutoff,2f509df8e5e4d5702ca6da6967c537a7,RoW,,kilogram,TRACI_v2_1__eutrophication__eutrophication_potential,TRACI v2.1 | eutrophication | eutrophication potential,eutrophication,kg N-Eq,0.0015867014859788043,UF_TRACI_v2_1__eutrophication__eutrophication_potential__market_for_hydrogen_sulfide__RoW,kg N-Eq/kilogram,True
s_o2,BO2,technosphere|ei39_cutoff|2f509df8e5e4d5702ca6da6967c537a7,technosphere::market for hydrogen sulfide::RoW::kilogram,technosphere,market for hydrogen sulfide,ei39_cutoff,2f509df8e5e4d5702ca6da6967c537a7,RoW,,kilogram,TRACI_v2_1__acidification__acidification_potential_AP,TRACI v2.1 | acidification | acidification potential (AP),acidification,kg SO2-Eq,0.023374031679857184,UF_TRACI_v2_1__acidification__acidification_potential_AP__market_for_hydrogen_sulfide__RoW,kg SO2-Eq/kilogram,True
s_o2,BO2,technosphere|ei39_cutoff|2f509df8e5e4d5702ca6da6967c537a7,technosphere::market for hydrogen sulfide::RoW::kilogram,technosphere,market for hydrogen sulfide,ei39_cutoff,2f509df8e5e4d5702ca6da6967c537a7,RoW,,kilogram,TRACI_v2_1__particulate_matter_formation__particulate_matter_formation_potential_PMFP,TRACI v2.1 | particulate matter formation | particulate matter formation potential (PMFP),particulate matter formation,PM2.5-Eq,0.0018443884856421374,UF_TRACI_v2_1__particulate_matter_formation__particulate_matter_formation_potential_PMFP__market_for_hydrogen_sulfide__RoW,PM2.5-Eq/kilogram,True
s_o2,BO2,technosphere|ei39_cutoff|2f509df8e5e4d5702ca6da6967c537a7,technosphere::market for hydrogen sulfide::RoW::kilogram,technosphere,market for hydrogen sulfide,ei39_cutoff,2f509df8e5e4d5702ca6da6967c537a7,RoW,,kilogram,TRACI_v2_1__ecotoxicity_freshwater__ecotoxicity_freshwater,TRACI v2.1 | ecotoxicity: freshwater | ecotoxicity: freshwater,ecotoxicity: freshwater,CTUe,13.803022714186683,UF_TRACI_v2_1__ecotoxicity_freshwater__ecotoxicity_freshwater__market_for_hydrogen_sulfide__RoW,CTUe/kilogram,True
s_o2,BO2,technosphere|ei39_cutoff|2f509df8e5e4d5702ca6da6967c537a7,technosphere::market for hydrogen sulfide::RoW::kilogram,technosphere,market for hydrogen sulfide,ei39_cutoff,2f509df8e5e4d5702ca6da6967c537a7,RoW,,kilogram,TRACI_v2_1__photochemical_oxidant_formation__maximum_incremental_reactivity_MIR,TRACI v2.1 | photochemical oxidant formation | maximum incremental reactivity (MIR),photochemical oxidant formation,kg O3-Eq,0.047915779217813016,UF_TRACI_v2_1__photochemical_oxidant_formation__maximum_incremental_reactivity_MIR__market_for_hydrogen_sulfide__RoW,kg O3-Eq/kilogram,True
s_o2,BO2,technosphere|ei39_cutoff|289eaaf5e6f8ef0f5df16e297e913692,"technosphere::hardwood forestry, beech, sustainable forest management::RoW::kilogram",technosphere,"hardwood forestry, beech, sustainable forest management",ei39_cutoff,289eaaf5e6f8ef0f5df16e297e913692,RoW,,kilogram,IPCC_2021__climate_change__global_warming_potential_GWP100,IPCC 2021 | climate change | global warming potential (GWP100),climate change,kg CO2-Eq,0.03814431843005901,UF_IPCC_2021__climate_change__global_warming_potential_GWP100__hardwood_forestry_beech_sustainable_forest_management__RoW,kg CO2-Eq/kilogram,True
s_o2,BO2,technosphere|ei39_cutoff|289eaaf5e6f8ef0f5df16e297e913692,"technosphere::hardwood forestry, beech, sustainable forest management::RoW::kilogram",technosphere,"hardwood forestry, beech, sustainable forest management",ei39_cutoff,289eaaf5e6f8ef0f5df16e297e913692,RoW,,kilogram,TRACI_v2_1__eutrophication__eutrophication_potential,TRACI v2.1 | eutrophication | eutrophication potential,eutrophication,kg N-Eq,0.00025755164709581515,UF_TRACI_v2_1__eutrophication__eutrophication_potential__hardwood_forestry_beech_sustainable_forest_management__RoW,kg N-Eq/kilogram,True
s_o2,BO2,technosphere|ei39_cutoff|289eaaf5e6f8ef0f5df16e297e913692,"technosphere::hardwood forestry, beech, sustainable forest management::RoW::kilogram",technosphere,"hardwood forestry, beech, sustainable forest management",ei39_cutoff,289eaaf5e6f8ef0f5df16e297e913692,RoW,,kilogram,TRACI_v2_1__acidification__acidification_potential_AP,TRACI v2.1 | acidification | acidification potential (AP),acidification,kg SO2-Eq,0.000178345659693067,UF_TRACI_v2_1__acidification__acidification_potential_AP__hardwood_forestry_beech_sustainable_forest_management__RoW,kg SO2-Eq/kilogram,True
s_o2,BO2,technosphere|ei39_cutoff|289eaaf5e6f8ef0f5df16e297e913692,"technosphere::hardwood forestry, beech, sustainable forest management::RoW::kilogram",technosphere,"hardwood forestry, beech, sustainable forest management",ei39_cutoff,289eaaf5e6f8ef0f5df16e297e913692,RoW,,kilogram,TRACI_v2_1__particulate_matter_formation__particulate_matter_formation_potential_PMFP,TRACI v2.1 | particulate matter formation | particulate matter formation potential (PMFP),particulate matter formation,PM2.5-Eq,2.142476915095764e-05,UF_TRACI_v2_1__particulate_matter_formation__particulate_matter_formation_potential_PMFP__hardwood_forestry_beech_sustainable_forest_management__RoW,PM2.5-Eq/kilogram,True
s_o2,BO2,technosphere|ei39_cutoff|289eaaf5e6f8ef0f5df16e297e913692,"technosphere::hardwood forestry, beech, sustainable forest management::RoW::kilogram",technosphere,"hardwood forestry, beech, sustainable forest management",ei39_cutoff,289eaaf5e6f8ef0f5df16e297e913692,RoW,,kilogram,TRACI_v2_1__ecotoxicity_freshwater__ecotoxicity_freshwater,TRACI v2.1 | ecotoxicity: freshwater | ecotoxicity: freshwater,ecotoxicity: freshwater,CTUe,0.22273809928213587,UF_TRACI_v2_1__ecotoxicity_freshwater__ecotoxicity_freshwater__hardwood_forestry_beech_sustainable_forest_management__RoW,CTUe/kilogram,True
s_o2,BO2,technosphere|ei39_cutoff|289eaaf5e6f8ef0f5df16e297e913692,"technosphere::hardwood forestry, beech, sustainable forest management::RoW::kilogram",technosphere,"hardwood forestry, beech, sustainable forest management",ei39_cutoff,289eaaf5e6f8ef0f5df16e297e913692,RoW,,kilogram,TRACI_v2_1__photochemical_oxidant_formation__maximum_incremental_reactivity_MIR,TRACI v2.1 | photochemical oxidant formation | maximum incremental reactivity (MIR),photochemical oxidant formation,kg O3-Eq,0.006290325958373548,UF_TRACI_v2_1__photochemical_oxidant_formation__maximum_incremental_reactivity_MIR__hardwood_forestry_beech_sustainable_forest_management__RoW,kg O3-Eq/kilogram,True
s_o2,BO2,technosphere|ei39_cutoff|cc629a57d77e951cdca1ee8b9abb4d32,"technosphere::hardwood forestry, birch, sustainable forest management::RoW::kilogram",technosphere,"hardwood forestry, birch, sustainable forest management",ei39_cutoff,cc629a57d77e951cdca1ee8b9abb4d32,RoW,,kilogram,IPCC_2021__climate_change__global_warming_potential_GWP100,IPCC 2021 | climate change | global warming potential (GWP100),climate change,kg CO2-Eq,0.02947478166068488,UF_IPCC_2021__climate_change__global_warming_potential_GWP100__hardwood_forestry_birch_sustainable_forest_management__RoW,kg CO2-Eq/kilogram,True
s_o2,BO2,technosphere|ei39_cutoff|cc629a57d77e951cdca1ee8b9abb4d32,"technosphere::hardwood forestry, birch, sustainable forest management::RoW::kilogram",technosphere,"hardwood forestry, birch, sustainable forest management",ei39_cutoff,cc629a57d77e951cdca1ee8b9abb4d32,RoW,,kilogram,TRACI_v2_1__eutrophication__eutrophication_potential,TRACI v2.1 | eutrophication | eutrophication potential,eutrophication,kg N-Eq,0.00011018922010638059,UF_TRACI_v2_1__eutrophication__eutrophication_potential__hardwood_forestry_birch_sustainable_forest_management__RoW,kg N-Eq/kilogram,True
s_o2,BO2,technosphere|ei39_cutoff|cc629a57d77e951cdca1ee8b9abb4d32,"technosphere::hardwood forestry, birch, sustainable forest management::RoW::kilogram",technosphere,"hardwood forestry, birch, sustainable forest management",ei39_cutoff,cc629a57d77e951cdca1ee8b9abb4d32,RoW,,kilogram,TRACI_v2_1__acidification__acidification_potential_AP,TRACI v2.1 | acidification | acidification potential (AP),acidification,kg SO2-Eq,0.00014406828020139693,UF_TRACI_v2_1__acidification__acidification_potential_AP__hardwood_forestry_birch_sustainable_forest_management__RoW,kg SO2-Eq/kilogram,True
s_o2,BO2,technosphere|ei39_cutoff|cc629a57d77e951cdca1ee8b9abb4d32,"technosphere::hardwood forestry, birch, sustainable forest management::RoW::kilogram",technosphere,"hardwood forestry, birch, sustainable forest management",ei39_cutoff,cc629a57d77e951cdca1ee8b9abb4d32,RoW,,kilogram,TRACI_v2_1__particulate_matter_formation__particulate_matter_formation_potential_PMFP,TRACI v2.1 | particulate matter formation | particulate matter formation potential (PMFP),particulate matter formation,PM2.5-Eq,1.438002906016838e-05,UF_TRACI_v2_1__particulate_matter_formation__particulate_matter_formation_potential_PMFP__hardwood_forestry_birch_sustainable_forest_management__RoW,PM2.5-Eq/kilogram,True
s_o2,BO2,technosphere|ei39_cutoff|cc629a57d77e951cdca1ee8b9abb4d32,"technosphere::hardwood forestry, birch, sustainable forest management::RoW::kilogram",technosphere,"hardwood forestry, birch, sustainable forest management",ei39_cutoff,cc629a57d77e951cdca1ee8b9abb4d32,RoW,,kilogram,TRACI_v2_1__ecotoxicity_freshwater__ecotoxicity_freshwater,TRACI v2.1 | ecotoxicity: freshwater | ecotoxicity: freshwater,ecotoxicity: freshwater,CTUe,0.11756082488840551,UF_TRACI_v2_1__ecotoxicity_freshwater__ecotoxicity_freshwater__hardwood_forestry_birch_sustainable_forest_management__RoW,CTUe/kilogram,True
s_o2,BO2,technosphere|ei39_cutoff|cc629a57d77e951cdca1ee8b9abb4d32,"technosphere::hardwood forestry, birch, sustainable forest management::RoW::kilogram",technosphere,"hardwood forestry, birch, sustainable forest management",ei39_cutoff,cc629a57d77e951cdca1ee8b9abb4d32,RoW,,kilogram,TRACI_v2_1__photochemical_oxidant_formation__maximum_incremental_reactivity_MIR,TRACI v2.1 | photochemical oxidant formation | maximum incremental reactivity (MIR),photochemical oxidant formation,kg O3-Eq,0.004664055367008915,UF_TRACI_v2_1__photochemical_oxidant_formation__maximum_incremental_reactivity_MIR__hardwood_forestry_birch_sustainable_forest_management__RoW,kg O3-Eq/kilogram,True
s_o2,BO2,technosphere|ei39_cutoff|39637a65852c08973cb0b45962f74e09,"technosphere::hardwood forestry, eucalyptus ssp., planted forest management::RoW::kilogram",technosphere,"hardwood forestry, eucalyptus ssp., planted forest management",ei39_cutoff,39637a65852c08973cb0b45962f74e09,RoW,,kilogram,IPCC_2021__climate_change__global_warming_potential_GWP100,IPCC 2021 | climate change | global warming potential (GWP100),climate change,kg CO2-Eq,0.13643626956907723,UF_IPCC_2021__climate_change__global_warming_potential_GWP100__hardwood_forestry_eucalyptus_ssp_planted_forest_management__RoW,kg CO2-Eq/kilogram,True
s_o2,BO2,technosphere|ei39_cutoff|39637a65852c08973cb0b45962f74e09,"technosphere::hardwood forestry, eucalyptus ssp., planted forest management::RoW::kilogram",technosphere,"hardwood forestry, eucalyptus ssp., planted forest management",ei39_cutoff,39637a65852c08973cb0b45962f74e09,RoW,,kilogram,TRACI_v2_1__eutrophication__eutrophication_potential,TRACI v2.1 | eutrophication | eutrophication potential,eutrophication,kg N-Eq,0.00019478506453374293,UF_TRACI_v2_1__eutrophication__eutrophication_potential__hardwood_forestry_eucalyptus_ssp_planted_forest_management__RoW,kg N-Eq/kilogram,True
s_o2,BO2,technosphere|ei39_cutoff|39637a65852c08973cb0b45962f74e09,"technosphere::hardwood forestry, eucalyptus ssp., planted forest management::RoW::kilogram",technosphere,"hardwood forestry, eucalyptus ssp., planted forest management",ei39_cutoff,39637a65852c08973cb0b45962f74e09,RoW,,kilogram,TRACI_v2_1__acidification__acidification_potential_AP,TRACI v2.1 | acidification | acidification potential (AP),acidification,kg SO2-Eq,0.00022751570129201385,UF_TRACI_v2_1__acidification__acidification_potential_AP__hardwood_forestry_eucalyptus_ssp_planted_forest_management__RoW,kg SO2-Eq/kilogram,True
s_o2,BO2,technosphere|ei39_cutoff|39637a65852c08973cb0b45962f74e09,"technosphere::hardwood forestry, eucalyptus ssp., planted forest management::RoW::kilogram",technosphere,"hardwood forestry, eucalyptus ssp., planted forest management",ei39_cutoff,39637a65852c08973cb0b45962f74e09,RoW,,kilogram,TRACI_v2_1__particulate_matter_formation__particulate_matter_formation_potential_PMFP,TRACI v2.1 | particulate matter formation | particulate matter formation potential (PMFP),particulate matter formation,PM2.5-Eq,1.6280538507012613e-05,UF_TRACI_v2_1__particulate_matter_formation__particulate_matter_formation_potential_PMFP__hardwood_forestry_eucalyptus_ssp_planted_forest_management__RoW,PM2.5-Eq/kilogram,True
s_o2,BO2,technosphere|ei39_cutoff|39637a65852c08973cb0b45962f74e09,"technosphere::hardwood forestry, eucalyptus ssp., planted forest management::RoW::kilogram",technosphere,"hardwood forestry, eucalyptus ssp., planted forest management",ei39_cutoff,39637a65852c08973cb0b45962f74e09,RoW,,kilogram,TRACI_v2_1__ecotoxicity_freshwater__ecotoxicity_freshwater,TRACI v2.1 | ecotoxicity: freshwater | ecotoxicity: freshwater,ecotoxicity: freshwater,CTUe,-0.04898288458816657,UF_TRACI_v2_1__ecotoxicity_freshwater__ecotoxicity_freshwater__hardwood_forestry_eucalyptus_ssp_planted_forest_management__RoW,CTUe/kilogram,True
s_o2,BO2,technosphere|ei39_cutoff|39637a65852c08973cb0b45962f74e09,"technosphere::hardwood forestry, eucalyptus ssp., planted forest management::RoW::kilogram",technosphere,"hardwood forestry, eucalyptus ssp., planted forest management",ei39_cutoff,39637a65852c08973cb0b45962f74e09,RoW,,kilogram,TRACI_v2_1__photochemical_oxidant_formation__maximum_incremental_reactivity_MIR,TRACI v2.1 | photochemical oxidant formation | maximum incremental reactivity (MIR),photochemical oxidant formation,kg O3-Eq,0.003847697546286858,UF_TRACI_v2_1__photochemical_oxidant_formation__maximum_incremental_reactivity_MIR__hardwood_forestry_eucalyptus_ssp_planted_forest_management__RoW,kg O3-Eq/kilogram,True
s_o2,BO2,technosphere|ei39_cutoff|c655f5b0ff84702a0077ad38fdf4f750,"technosphere::hardwood forestry, oak, sustainable forest management::RoW::kilogram",technosphere,"hardwood forestry, oak, sustainable forest management",ei39_cutoff,c655f5b0ff84702a0077ad38fdf4f750,RoW,,kilogram,IPCC_2021__climate_change__global_warming_potential_GWP100,IPCC 2021 | climate change | global warming potential (GWP100),climate change,kg CO2-Eq,0.03675034756784392,UF_IPCC_2021__climate_change__global_warming_potential_GWP100__hardwood_forestry_oak_sustainable_forest_management__RoW,kg CO2-Eq/kilogram,True
s_o2,BO2,technosphere|ei39_cutoff|c655f5b0ff84702a0077ad38fdf4f750,"technosphere::hardwood forestry, oak, sustainable forest management::RoW::kilogram",technosphere,"hardwood forestry, oak, sustainable forest management",ei39_cutoff,c655f5b0ff84702a0077ad38fdf4f750,RoW,,kilogram,TRACI_v2_1__eutrophication__eutrophication_potential,TRACI v2.1 | eutrophication | eutrophication potential,eutrophication,kg N-Eq,0.00021637409342683476,UF_TRACI_v2_1__eutrophication__eutrophication_potential__hardwood_forestry_oak_sustainable_forest_management__RoW,kg N-Eq/kilogram,True
s_o2,BO2,technosphere|ei39_cutoff|c655f5b0ff84702a0077ad38fdf4f750,"technosphere::hardwood forestry, oak, sustainable forest management::RoW::kilogram",technosphere,"hardwood forestry, oak, sustainable forest management",ei39_cutoff,c655f5b0ff84702a0077ad38fdf4f750,RoW,,kilogram,TRACI_v2_1__acidification__acidification_potential_AP,TRACI v2.1 | acidification | acidification potential (AP),acidification,kg SO2-Eq,0.00017610661312031443,UF_TRACI_v2_1__acidification__acidification_potential_AP__hardwood_forestry_oak_sustainable_forest_management__RoW,kg SO2-Eq/kilogram,True
s_o2,BO2,technosphere|ei39_cutoff|c655f5b0ff84702a0077ad38fdf4f750,"technosphere::hardwood forestry, oak, sustainable forest management::RoW::kilogram",technosphere,"hardwood forestry, oak, sustainable forest management",ei39_cutoff,c655f5b0ff84702a0077ad38fdf4f750,RoW,,kilogram,TRACI_v2_1__particulate_matter_formation__particulate_matter_formation_potential_PMFP,TRACI v2.1 | particulate matter formation | particulate matter formation potential (PMFP),particulate matter formation,PM2.5-Eq,2.113096399172191e-05,UF_TRACI_v2_1__particulate_matter_formation__particulate_matter_formation_potential_PMFP__hardwood_forestry_oak_sustainable_forest_management__RoW,PM2.5-Eq/kilogram,True
s_o2,BO2,technosphere|ei39_cutoff|c655f5b0ff84702a0077ad38fdf4f750,"technosphere::hardwood forestry, oak, sustainable forest management::RoW::kilogram",technosphere,"hardwood forestry, oak, sustainable forest management",ei39_cutoff,c655f5b0ff84702a0077ad38fdf4f750,RoW,,kilogram,TRACI_v2_1__ecotoxicity_freshwater__ecotoxicity_freshwater,TRACI v2.1 | ecotoxicity: freshwater | ecotoxicity: freshwater,ecotoxicity: freshwater,CTUe,0.20754007653368498,UF_TRACI_v2_1__ecotoxicity_freshwater__ecotoxicity_freshwater__hardwood_forestry_oak_sustainable_forest_management__RoW,CTUe/kilogram,True
s_o2,BO2,technosphere|ei39_cutoff|c655f5b0ff84702a0077ad38fdf4f750,"technosphere::hardwood forestry, oak, sustainable forest management::RoW::kilogram",technosphere,"hardwood forestry, oak, sustainable forest management",ei39_cutoff,c655f5b0ff84702a0077ad38fdf4f750,RoW,,kilogram,TRACI_v2_1__photochemical_oxidant_formation__maximum_incremental_reactivity_MIR,TRACI v2.1 | photochemical oxidant formation | maximum incremental reactivity (MIR),photochemical oxidant formation,kg O3-Eq,0.005999363605900706,UF_TRACI_v2_1__photochemical_oxidant_formation__maximum_incremental_reactivity_MIR__hardwood_forestry_oak_sustainable_forest_management__RoW,kg O3-Eq/kilogram,True
s_o2,BO2,technosphere|ei39_cutoff|7f63fa1d975fd20397933993cfe1bbf2,"technosphere::softwood forestry, pine, sustainable forest management::RoW::kilogram",technosphere,"softwood forestry, pine, sustainable forest management",ei39_cutoff,7f63fa1d975fd20397933993cfe1bbf2,RoW,,kilogram,IPCC_2021__climate_change__global_warming_potential_GWP100,IPCC 2021 | climate change | global warming potential (GWP100),climate change,kg CO2-Eq,0.041488017252952196,UF_IPCC_2021__climate_change__global_warming_potential_GWP100__softwood_forestry_pine_sustainable_forest_management__RoW,kg CO2-Eq/kilogram,True
s_o2,BO2,technosphere|ei39_cutoff|7f63fa1d975fd20397933993cfe1bbf2,"technosphere::softwood forestry, pine, sustainable forest management::RoW::kilogram",technosphere,"softwood forestry, pine, sustainable forest management",ei39_cutoff,7f63fa1d975fd20397933993cfe1bbf2,RoW,,kilogram,TRACI_v2_1__eutrophication__eutrophication_potential,TRACI v2.1 | eutrophication | eutrophication potential,eutrophication,kg N-Eq,0.00013874263730151163,UF_TRACI_v2_1__eutrophication__eutrophication_potential__softwood_forestry_pine_sustainable_forest_management__RoW,kg N-Eq/kilogram,True
s_o2,BO2,technosphere|ei39_cutoff|7f63fa1d975fd20397933993cfe1bbf2,"technosphere::softwood forestry, pine, sustainable forest management::RoW::kilogram",technosphere,"softwood forestry, pine, sustainable forest management",ei39_cutoff,7f63fa1d975fd20397933993cfe1bbf2,RoW,,kilogram,TRACI_v2_1__acidification__acidification_potential_AP,TRACI v2.1 | acidification | acidification potential (AP),acidification,kg SO2-Eq,0.00020810587540811147,UF_TRACI_v2_1__acidification__acidification_potential_AP__softwood_forestry_pine_sustainable_forest_management__RoW,kg SO2-Eq/kilogram,True
s_o2,BO2,technosphere|ei39_cutoff|7f63fa1d975fd20397933993cfe1bbf2,"technosphere::softwood forestry, pine, sustainable forest management::RoW::kilogram",technosphere,"softwood forestry, pine, sustainable forest management",ei39_cutoff,7f63fa1d975fd20397933993cfe1bbf2,RoW,,kilogram,TRACI_v2_1__particulate_matter_formation__particulate_matter_formation_potential_PMFP,TRACI v2.1 | particulate matter formation | particulate matter formation potential (PMFP),particulate matter formation,PM2.5-Eq,2.2622645627996565e-05,UF_TRACI_v2_1__particulate_matter_formation__particulate_matter_formation_potential_PMFP__softwood_forestry_pine_sustainable_forest_management__RoW,PM2.5-Eq/kilogram,True
s_o2,BO2,technosphere|ei39_cutoff|7f63fa1d975fd20397933993cfe1bbf2,"technosphere::softwood forestry, pine, sustainable forest management::RoW::kilogram",technosphere,"softwood forestry, pine, sustainable forest management",ei39_cutoff,7f63fa1d975fd20397933993cfe1bbf2,RoW,,kilogram,TRACI_v2_1__ecotoxicity_freshwater__ecotoxicity_freshwater,TRACI v2.1 | ecotoxicity: freshwater | ecotoxicity: freshwater,ecotoxicity: freshwater,CTUe,0.16823964479603412,UF_TRACI_v2_1__ecotoxicity_freshwater__ecotoxicity_freshwater__softwood_forestry_pine_sustainable_forest_management__RoW,CTUe/kilogram,True
s_o2,BO2,technosphere|ei39_cutoff|7f63fa1d975fd20397933993cfe1bbf2,"technosphere::softwood forestry, pine, sustainable forest management::RoW::kilogram",technosphere,"softwood forestry, pine, sustainable forest management",ei39_cutoff,7f63fa1d975fd20397933993cfe1bbf2,RoW,,kilogram,TRACI_v2_1__photochemical_oxidant_formation__maximum_incremental_reactivity_MIR,TRACI v2.1 | photochemical oxidant formation | maximum incremental reactivity (MIR),photochemical oxidant formation,kg O3-Eq,0.006493490284901372,UF_TRACI_v2_1__photochemical_oxidant_formation__maximum_incremental_reactivity_MIR__softwood_forestry_pine_sustainable_forest_management__RoW,kg O3-Eq/kilogram,True
s_o2,BO2,technosphere|ei39_cutoff|a54115ba044e5f4394c78824ef3e2c6f,"technosphere::softwood forestry, spruce, sustainable forest management::RoW::kilogram",technosphere,"softwood forestry, spruce, sustainable forest management",ei39_cutoff,a54115ba044e5f4394c78824ef3e2c6f,RoW,,kilogram,IPCC_2021__climate_change__global_warming_potential_GWP100,IPCC 2021 | climate change | global warming potential (GWP100),climate change,kg CO2-Eq,0.043717840062554726,UF_IPCC_2021__climate_change__global_warming_potential_GWP100__softwood_forestry_spruce_sustainable_forest_management__RoW,kg CO2-Eq/kilogram,True
s_o2,BO2,technosphere|ei39_cutoff|a54115ba044e5f4394c78824ef3e2c6f,"technosphere::softwood forestry, spruce, sustainable forest management::RoW::kilogram",technosphere,"softwood forestry, spruce, sustainable forest management",ei39_cutoff,a54115ba044e5f4394c78824ef3e2c6f,RoW,,kilogram,TRACI_v2_1__eutrophication__eutrophication_potential,TRACI v2.1 | eutrophication | eutrophication potential,eutrophication,kg N-Eq,0.00011892132282326929,UF_TRACI_v2_1__eutrophication__eutrophication_potential__softwood_forestry_spruce_sustainable_forest_management__RoW,kg N-Eq/kilogram,True
s_o2,BO2,technosphere|ei39_cutoff|a54115ba044e5f4394c78824ef3e2c6f,"technosphere::softwood forestry, spruce, sustainable forest management::RoW::kilogram",technosphere,"softwood forestry, spruce, sustainable forest management",ei39_cutoff,a54115ba044e5f4394c78824ef3e2c6f,RoW,,kilogram,TRACI_v2_1__acidification__acidification_potential_AP,TRACI v2.1 | acidification | acidification potential (AP),acidification,kg SO2-Eq,0.0002181635462752674,UF_TRACI_v2_1__acidification__acidification_potential_AP__softwood_forestry_spruce_sustainable_forest_management__RoW,kg SO2-Eq/kilogram,True
s_o2,BO2,technosphere|ei39_cutoff|a54115ba044e5f4394c78824ef3e2c6f,"technosphere::softwood forestry, spruce, sustainable forest management::RoW::kilogram",technosphere,"softwood forestry, spruce, sustainable forest management",ei39_cutoff,a54115ba044e5f4394c78824ef3e2c6f,RoW,,kilogram,TRACI_v2_1__particulate_matter_formation__particulate_matter_formation_potential_PMFP,TRACI v2.1 | particulate matter formation | particulate matter formation potential (PMFP),particulate matter formation,PM2.5-Eq,2.2515605235573244e-05,UF_TRACI_v2_1__particulate_matter_formation__particulate_matter_formation_potential_PMFP__softwood_forestry_spruce_sustainable_forest_management__RoW,PM2.5-Eq/kilogram,True
s_o2,BO2,technosphere|ei39_cutoff|a54115ba044e5f4394c78824ef3e2c6f,"technosphere::softwood forestry, spruce, sustainable forest management::RoW::kilogram",technosphere,"softwood forestry, spruce, sustainable forest management",ei39_cutoff,a54115ba044e5f4394c78824ef3e2c6f,RoW,,kilogram,TRACI_v2_1__ecotoxicity_freshwater__ecotoxicity_freshwater,TRACI v2.1 | ecotoxicity: freshwater | ecotoxicity: freshwater,ecotoxicity: freshwater,CTUe,0.17263738350032282,UF_TRACI_v2_1__ecotoxicity_freshwater__ecotoxicity_freshwater__softwood_forestry_spruce_sustainable_forest_management__RoW,CTUe/kilogram,True
s_o2,BO2,technosphere|ei39_cutoff|a54115ba044e5f4394c78824ef3e2c6f,"technosphere::softwood forestry, spruce, sustainable forest management::RoW::kilogram",technosphere,"softwood forestry, spruce, sustainable forest management",ei39_cutoff,a54115ba044e5f4394c78824ef3e2c6f,RoW,,kilogram,TRACI_v2_1__photochemical_oxidant_formation__maximum_incremental_reactivity_MIR,TRACI v2.1 | photochemical oxidant formation | maximum incremental reactivity (MIR),photochemical oxidant formation,kg O3-Eq,0.006735277366388107,UF_TRACI_v2_1__photochemical_oxidant_formation__maximum_incremental_reactivity_MIR__softwood_forestry_spruce_sustainable_forest_management__RoW,kg O3-Eq/kilogram,True
s_o2,BO2,technosphere|ei39_cutoff|a59a845057a75670b39c812c45810d97,technosphere::market for diazole-compound::GLO::kilogram,technosphere,market for diazole-compound,ei39_cutoff,a59a845057a75670b39c812c45810d97,GLO,,kilogram,IPCC_2021__climate_change__global_warming_potential_GWP100,IPCC 2021 | climate change | global warming potential (GWP100),climate change,kg CO2-Eq,17.07894457048169,UF_IPCC_2021__climate_change__global_warming_potential_GWP100__market_for_diazole_compound__GLO,kg CO2-Eq/kilogram,True
s_o2,BO2,technosphere|ei39_cutoff|a59a845057a75670b39c812c45810d97,technosphere::market for diazole-compound::GLO::kilogram,technosphere,market for diazole-compound,ei39_cutoff,a59a845057a75670b39c812c45810d97,GLO,,kilogram,TRACI_v2_1__eutrophication__eutrophication_potential,TRACI v2.1 | eutrophication | eutrophication potential,eutrophication,kg N-Eq,0.05053608574437812,UF_TRACI_v2_1__eutrophication__eutrophication_potential__market_for_diazole_compound__GLO,kg N-Eq/kilogram,True
s_o2,BO2,technosphere|ei39_cutoff|a59a845057a75670b39c812c45810d97,technosphere::market for diazole-compound::GLO::kilogram,technosphere,market for diazole-compound,ei39_cutoff,a59a845057a75670b39c812c45810d97,GLO,,kilogram,TRACI_v2_1__acidification__acidification_potential_AP,TRACI v2.1 | acidification | acidification potential (AP),acidification,kg SO2-Eq,0.23732420959252015,UF_TRACI_v2_1__acidification__acidification_potential_AP__market_for_diazole_compound__GLO,kg SO2-Eq/kilogram,True
s_o2,BO2,technosphere|ei39_cutoff|a59a845057a75670b39c812c45810d97,technosphere::market for diazole-compound::GLO::kilogram,technosphere,market for diazole-compound,ei39_cutoff,a59a845057a75670b39c812c45810d97,GLO,,kilogram,TRACI_v2_1__particulate_matter_formation__particulate_matter_formation_potential_PMFP,TRACI v2.1 | particulate matter formation | particulate matter formation potential (PMFP),particulate matter formation,PM2.5-Eq,0.02312838941490435,UF_TRACI_v2_1__particulate_matter_formation__particulate_matter_formation_potential_PMFP__market_for_diazole_compound__GLO,PM2.5-Eq/kilogram,True
s_o2,BO2,technosphere|ei39_cutoff|a59a845057a75670b39c812c45810d97,technosphere::market for diazole-compound::GLO::kilogram,technosphere,market for diazole-compound,ei39_cutoff,a59a845057a75670b39c812c45810d97,GLO,,kilogram,TRACI_v2_1__ecotoxicity_freshwater__ecotoxicity_freshwater,TRACI v2.1 | ecotoxicity: freshwater | ecotoxicity: freshwater,ecotoxicity: freshwater,CTUe,452.9456463625074,UF_TRACI_v2_1__ecotoxicity_freshwater__ecotoxicity_freshwater__market_for_diazole_compound__GLO,CTUe/kilogram,True
s_o2,BO2,technosphere|ei39_cutoff|a59a845057a75670b39c812c45810d97,technosphere::market for diazole-compound::GLO::kilogram,technosphere,market for diazole-compound,ei39_cutoff,a59a845057a75670b39c812c45810d97,GLO,,kilogram,TRACI_v2_1__photochemical_oxidant_formation__maximum_incremental_reactivity_MIR,TRACI v2.1 | photochemical oxidant formation | maximum incremental reactivity (MIR),photochemical oxidant formation,kg O3-Eq,0.8995655408072925,UF_TRACI_v2_1__photochemical_oxidant_formation__maximum_incremental_reactivity_MIR__market_for_diazole_compound__GLO,kg O3-Eq/kilogram,True
s_o2,BO2,technosphere|ei39_cutoff|2ba127601085d3c181813d9d3c33b22a,"technosphere::market for nitrogen, liquid::RoW::kilogram",technosphere,"market for nitrogen, liquid",ei39_cutoff,2ba127601085d3c181813d9d3c33b22a,RoW,,kilogram,IPCC_2021__climate_change__global_warming_potential_GWP100,IPCC 2021 | climate change | global warming potential (GWP100),climate change,kg CO2-Eq,0.4369268616564815,UF_IPCC_2021__climate_change__global_warming_potential_GWP100__market_for_nitrogen_liquid__RoW,kg CO2-Eq/kilogram,True
s_o2,BO2,technosphere|ei39_cutoff|2ba127601085d3c181813d9d3c33b22a,"technosphere::market for nitrogen, liquid::RoW::kilogram",technosphere,"market for nitrogen, liquid",ei39_cutoff,2ba127601085d3c181813d9d3c33b22a,RoW,,kilogram,TRACI_v2_1__eutrophication__eutrophication_potential,TRACI v2.1 | eutrophication | eutrophication potential,eutrophication,kg N-Eq,0.0013897182237045174,UF_TRACI_v2_1__eutrophication__eutrophication_potential__market_for_nitrogen_liquid__RoW,kg N-Eq/kilogram,True
s_o2,BO2,technosphere|ei39_cutoff|2ba127601085d3c181813d9d3c33b22a,"technosphere::market for nitrogen, liquid::RoW::kilogram",technosphere,"market for nitrogen, liquid",ei39_cutoff,2ba127601085d3c181813d9d3c33b22a,RoW,,kilogram,TRACI_v2_1__acidification__acidification_potential_AP,TRACI v2.1 | acidification | acidification potential (AP),acidification,kg SO2-Eq,0.0018446756620852849,UF_TRACI_v2_1__acidification__acidification_potential_AP__market_for_nitrogen_liquid__RoW,kg SO2-Eq/kilogram,True
s_o2,BO2,technosphere|ei39_cutoff|2ba127601085d3c181813d9d3c33b22a,"technosphere::market for nitrogen, liquid::RoW::kilogram",technosphere,"market for nitrogen, liquid",ei39_cutoff,2ba127601085d3c181813d9d3c33b22a,RoW,,kilogram,TRACI_v2_1__particulate_matter_formation__particulate_matter_formation_potential_PMFP,TRACI v2.1 | particulate matter formation | particulate matter formation potential (PMFP),particulate matter formation,PM2.5-Eq,0.0005971849054450145,UF_TRACI_v2_1__particulate_matter_formation__particulate_matter_formation_potential_PMFP__market_for_nitrogen_liquid__RoW,PM2.5-Eq/kilogram,True
s_o2,BO2,technosphere|ei39_cutoff|2ba127601085d3c181813d9d3c33b22a,"technosphere::market for nitrogen, liquid::RoW::kilogram",technosphere,"market for nitrogen, liquid",ei39_cutoff,2ba127601085d3c181813d9d3c33b22a,RoW,,kilogram,TRACI_v2_1__ecotoxicity_freshwater__ecotoxicity_freshwater,TRACI v2.1 | ecotoxicity: freshwater | ecotoxicity: freshwater,ecotoxicity: freshwater,CTUe,2.8149459321024772,UF_TRACI_v2_1__ecotoxicity_freshwater__ecotoxicity_freshwater__market_for_nitrogen_liquid__RoW,CTUe/kilogram,True
s_o2,BO2,technosphere|ei39_cutoff|2ba127601085d3c181813d9d3c33b22a,"technosphere::market for nitrogen, liquid::RoW::kilogram",technosphere,"market for nitrogen, liquid",ei39_cutoff,2ba127601085d3c181813d9d3c33b22a,RoW,,kilogram,TRACI_v2_1__photochemical_oxidant_formation__maximum_incremental_reactivity_MIR,TRACI v2.1 | photochemical oxidant formation | maximum incremental reactivity (MIR),photochemical oxidant formation,kg O3-Eq,0.02596230209496063,UF_TRACI_v2_1__photochemical_oxidant_formation__maximum_incremental_reactivity_MIR__market_for_nitrogen_liquid__RoW,kg O3-Eq/kilogram,True
s_o2,BO2,technosphere|ei39_cutoff|72f0fb1669cc82aed89e97ac2d612d0b,technosphere::market for sand::RoW::kilogram,technosphere,market for sand,ei39_cutoff,72f0fb1669cc82aed89e97ac2d612d0b,RoW,,kilogram,IPCC_2021__climate_change__global_warming_potential_GWP100,IPCC 2021 | climate change | global warming potential (GWP100),climate change,kg CO2-Eq,0.012730996122035132,UF_IPCC_2021__climate_change__global_warming_potential_GWP100__market_for_sand__RoW,kg CO2-Eq/kilogram,True
s_o2,BO2,technosphere|ei39_cutoff|72f0fb1669cc82aed89e97ac2d612d0b,technosphere::market for sand::RoW::kilogram,technosphere,market for sand,ei39_cutoff,72f0fb1669cc82aed89e97ac2d612d0b,RoW,,kilogram,TRACI_v2_1__eutrophication__eutrophication_potential,TRACI v2.1 | eutrophication | eutrophication potential,eutrophication,kg N-Eq,1.87437275678617e-05,UF_TRACI_v2_1__eutrophication__eutrophication_potential__market_for_sand__RoW,kg N-Eq/kilogram,True
s_o2,BO2,technosphere|ei39_cutoff|72f0fb1669cc82aed89e97ac2d612d0b,technosphere::market for sand::RoW::kilogram,technosphere,market for sand,ei39_cutoff,72f0fb1669cc82aed89e97ac2d612d0b,RoW,,kilogram,TRACI_v2_1__acidification__acidification_potential_AP,TRACI v2.1 | acidification | acidification potential (AP),acidification,kg SO2-Eq,7.855745894720203e-05,UF_TRACI_v2_1__acidification__acidification_potential_AP__market_for_sand__RoW,kg SO2-Eq/kilogram,True
s_o2,BO2,technosphere|ei39_cutoff|72f0fb1669cc82aed89e97ac2d612d0b,technosphere::market for sand::RoW::kilogram,technosphere,market for sand,ei39_cutoff,72f0fb1669cc82aed89e97ac2d612d0b,RoW,,kilogram,TRACI_v2_1__particulate_matter_formation__particulate_matter_formation_potential_PMFP,TRACI v2.1 | particulate matter formation | particulate matter formation potential (PMFP),particulate matter formation,PM2.5-Eq,1.1330961940729252e-05,UF_TRACI_v2_1__particulate_matter_formation__particulate_matter_formation_potential_PMFP__market_for_sand__RoW,PM2.5-Eq/kilogram,True
s_o2,BO2,technosphere|ei39_cutoff|72f0fb1669cc82aed89e97ac2d612d0b,technosphere::market for sand::RoW::kilogram,technosphere,market for sand,ei39_cutoff,72f0fb1669cc82aed89e97ac2d612d0b,RoW,,kilogram,TRACI_v2_1__ecotoxicity_freshwater__ecotoxicity_freshwater,TRACI v2.1 | ecotoxicity: freshwater | ecotoxicity: freshwater,ecotoxicity: freshwater,CTUe,0.13636892273508294,UF_TRACI_v2_1__ecotoxicity_freshwater__ecotoxicity_freshwater__market_for_sand__RoW,CTUe/kilogram,True
s_o2,BO2,technosphere|ei39_cutoff|72f0fb1669cc82aed89e97ac2d612d0b,technosphere::market for sand::RoW::kilogram,technosphere,market for sand,ei39_cutoff,72f0fb1669cc82aed89e97ac2d612d0b,RoW,,kilogram,TRACI_v2_1__photochemical_oxidant_formation__maximum_incremental_reactivity_MIR,TRACI v2.1 | photochemical oxidant formation | maximum incremental reactivity (MIR),photochemical oxidant formation,kg O3-Eq,0.0019928958018144262,UF_TRACI_v2_1__photochemical_oxidant_formation__maximum_incremental_reactivity_MIR__market_for_sand__RoW,kg O3-Eq/kilogram,True
s_o2,BO2,technosphere|ei39_cutoff|90aa1cf7ab6b25320d33a20c3150da18,technosphere::market for platinum::GLO::kilogram,technosphere,market for platinum,ei39_cutoff,90aa1cf7ab6b25320d33a20c3150da18,GLO,,kilogram,IPCC_2021__climate_change__global_warming_potential_GWP100,IPCC 2021 | climate change | global warming potential (GWP100),climate change,kg CO2-Eq,69669.93448606638,UF_IPCC_2021__climate_change__global_warming_potential_GWP100__market_for_platinum__GLO,kg CO2-Eq/kilogram,True
s_o2,BO2,technosphere|ei39_cutoff|90aa1cf7ab6b25320d33a20c3150da18,technosphere::market for platinum::GLO::kilogram,technosphere,market for platinum,ei39_cutoff,90aa1cf7ab6b25320d33a20c3150da18,GLO,,kilogram,TRACI_v2_1__eutrophication__eutrophication_potential,TRACI v2.1 | eutrophication | eutrophication potential,eutrophication,kg N-Eq,706.8632247498847,UF_TRACI_v2_1__eutrophication__eutrophication_potential__market_for_platinum__GLO,kg N-Eq/kilogram,True
s_o2,BO2,technosphere|ei39_cutoff|90aa1cf7ab6b25320d33a20c3150da18,technosphere::market for platinum::GLO::kilogram,technosphere,market for platinum,ei39_cutoff,90aa1cf7ab6b25320d33a20c3150da18,GLO,,kilogram,TRACI_v2_1__acidification__acidification_potential_AP,TRACI v2.1 | acidification | acidification potential (AP),acidification,kg SO2-Eq,3916.8339187105944,UF_TRACI_v2_1__acidification__acidification_potential_AP__market_for_platinum__GLO,kg SO2-Eq/kilogram,True
s_o2,BO2,technosphere|ei39_cutoff|90aa1cf7ab6b25320d33a20c3150da18,technosphere::market for platinum::GLO::kilogram,technosphere,market for platinum,ei39_cutoff,90aa1cf7ab6b25320d33a20c3150da18,GLO,,kilogram,TRACI_v2_1__particulate_matter_formation__particulate_matter_formation_potential_PMFP,TRACI v2.1 | particulate matter formation | particulate matter formation potential (PMFP),particulate matter formation,PM2.5-Eq,221.3784111223011,UF_TRACI_v2_1__particulate_matter_formation__particulate_matter_formation_potential_PMFP__market_for_platinum__GLO,PM2.5-Eq/kilogram,True
s_o2,BO2,technosphere|ei39_cutoff|90aa1cf7ab6b25320d33a20c3150da18,technosphere::market for platinum::GLO::kilogram,technosphere,market for platinum,ei39_cutoff,90aa1cf7ab6b25320d33a20c3150da18,GLO,,kilogram,TRACI_v2_1__ecotoxicity_freshwater__ecotoxicity_freshwater,TRACI v2.1 | ecotoxicity: freshwater | ecotoxicity: freshwater,ecotoxicity: freshwater,CTUe,11105903.560964072,UF_TRACI_v2_1__ecotoxicity_freshwater__ecotoxicity_freshwater__market_for_platinum__GLO,CTUe/kilogram,True
s_o2,BO2,technosphere|ei39_cutoff|90aa1cf7ab6b25320d33a20c3150da18,technosphere::market for platinum::GLO::kilogram,technosphere,market for platinum,ei39_cutoff,90aa1cf7ab6b25320d33a20c3150da18,GLO,,kilogram,TRACI_v2_1__photochemical_oxidant_formation__maximum_incremental_reactivity_MIR,TRACI v2.1 | photochemical oxidant formation | maximum incremental reactivity (MIR),photochemical oxidant formation,kg O3-Eq,24628.101794169655,UF_TRACI_v2_1__photochemical_oxidant_formation__maximum_incremental_reactivity_MIR__market_for_platinum__GLO,kg O3-Eq/kilogram,True
s_o2,BO2,technosphere|ei39_cutoff|9414676a9e496f1dbed42962f4adaddb,"technosphere::market for toluene, liquid::RoW::kilogram",technosphere,"market for toluene, liquid",ei39_cutoff,9414676a9e496f1dbed42962f4adaddb,RoW,,kilogram,IPCC_2021__climate_change__global_warming_potential_GWP100,IPCC 2021 | climate change | global warming potential (GWP100),climate change,kg CO2-Eq,1.610229929950158,UF_IPCC_2021__climate_change__global_warming_potential_GWP100__market_for_toluene_liquid__RoW,kg CO2-Eq/kilogram,True
s_o2,BO2,technosphere|ei39_cutoff|9414676a9e496f1dbed42962f4adaddb,"technosphere::market for toluene, liquid::RoW::kilogram",technosphere,"market for toluene, liquid",ei39_cutoff,9414676a9e496f1dbed42962f4adaddb,RoW,,kilogram,TRACI_v2_1__eutrophication__eutrophication_potential,TRACI v2.1 | eutrophication | eutrophication potential,eutrophication,kg N-Eq,0.00031367750275180584,UF_TRACI_v2_1__eutrophication__eutrophication_potential__market_for_toluene_liquid__RoW,kg N-Eq/kilogram,True
s_o2,BO2,technosphere|ei39_cutoff|9414676a9e496f1dbed42962f4adaddb,"technosphere::market for toluene, liquid::RoW::kilogram",technosphere,"market for toluene, liquid",ei39_cutoff,9414676a9e496f1dbed42962f4adaddb,RoW,,kilogram,TRACI_v2_1__acidification__acidification_potential_AP,TRACI v2.1 | acidification | acidification potential (AP),acidification,kg SO2-Eq,0.004179126642469253,UF_TRACI_v2_1__acidification__acidification_potential_AP__market_for_toluene_liquid__RoW,kg SO2-Eq/kilogram,True
s_o2,BO2,technosphere|ei39_cutoff|9414676a9e496f1dbed42962f4adaddb,"technosphere::market for toluene, liquid::RoW::kilogram",technosphere,"market for toluene, liquid",ei39_cutoff,9414676a9e496f1dbed42962f4adaddb,RoW,,kilogram,TRACI_v2_1__particulate_matter_formation__particulate_matter_formation_potential_PMFP,TRACI v2.1 | particulate matter formation | particulate matter formation potential (PMFP),particulate matter formation,PM2.5-Eq,0.0003415864079987117,UF_TRACI_v2_1__particulate_matter_formation__particulate_matter_formation_potential_PMFP__market_for_toluene_liquid__RoW,PM2.5-Eq/kilogram,True
s_o2,BO2,technosphere|ei39_cutoff|9414676a9e496f1dbed42962f4adaddb,"technosphere::market for toluene, liquid::RoW::kilogram",technosphere,"market for toluene, liquid",ei39_cutoff,9414676a9e496f1dbed42962f4adaddb,RoW,,kilogram,TRACI_v2_1__ecotoxicity_freshwater__ecotoxicity_freshwater,TRACI v2.1 | ecotoxicity: freshwater | ecotoxicity: freshwater,ecotoxicity: freshwater,CTUe,1.882254369507067,UF_TRACI_v2_1__ecotoxicity_freshwater__ecotoxicity_freshwater__market_for_toluene_liquid__RoW,CTUe/kilogram,True
s_o2,BO2,technosphere|ei39_cutoff|9414676a9e496f1dbed42962f4adaddb,"technosphere::market for toluene, liquid::RoW::kilogram",technosphere,"market for toluene, liquid",ei39_cutoff,9414676a9e496f1dbed42962f4adaddb,RoW,,kilogram,TRACI_v2_1__photochemical_oxidant_formation__maximum_incremental_reactivity_MIR,TRACI v2.1 | photochemical oxidant formation | maximum incremental reactivity (MIR),photochemical oxidant formation,kg O3-Eq,0.0689493708108899,UF_TRACI_v2_1__photochemical_oxidant_formation__maximum_incremental_reactivity_MIR__market_for_toluene_liquid__RoW,kg O3-Eq/kilogram,True
s_o2,BO2,biosphere|graphite_prod_char|dilute_wwt,"biosphere::dilute, from waste water management::inventory indicator > output flow::kilogram",biosphere,"dilute, from waste water management",graphite_prod_char,dilute_wwt,,inventory indicator > output flow,kilogram,IPCC_2021__climate_change__global_warming_potential_GWP100,IPCC 2021 | climate change | global warming potential (GWP100),climate change,kg CO2-Eq,0.0,CF_IPCC_2021__climate_change__global_warming_potential_GWP100__dilute_from_waste_water_management__inventory_indicator__output_flow,kg CO2-Eq/kilogram,True
s_o2,BO2,biosphere|graphite_prod_char|dilute_wwt,"biosphere::dilute, from waste water management::inventory indicator > output flow::kilogram",biosphere,"dilute, from waste water management",graphite_prod_char,dilute_wwt,,inventory indicator > output flow,kilogram,TRACI_v2_1__eutrophication__eutrophication_potential,TRACI v2.1 | eutrophication | eutrophication potential,eutrophication,kg N-Eq,0.0,CF_TRACI_v2_1__eutrophication__eutrophication_potential__dilute_from_waste_water_management__inventory_indicator__output_flow,kg N-Eq/kilogram,True
s_o2,BO2,biosphere|graphite_prod_char|dilute_wwt,"biosphere::dilute, from waste water management::inventory indicator > output flow::kilogram",biosphere,"dilute, from waste water management",graphite_prod_char,dilute_wwt,,inventory indicator > output flow,kilogram,TRACI_v2_1__acidification__acidification_potential_AP,TRACI v2.1 | acidification | acidification potential (AP),acidification,kg SO2-Eq,0.0,CF_TRACI_v2_1__acidification__acidification_potential_AP__dilute_from_waste_water_management__inventory_indicator__output_flow,kg SO2-Eq/kilogram,True
s_o2,BO2,biosphere|graphite_prod_char|dilute_wwt,"biosphere::dilute, from waste water management::inventory indicator > output flow::kilogram",biosphere,"dilute, from waste water management",graphite_prod_char,dilute_wwt,,inventory indicator > output flow,kilogram,TRACI_v2_1__particulate_matter_formation__particulate_matter_formation_potential_PMFP,TRACI v2.1 | particulate matter formation | particulate matter formation potential (PMFP),particulate matter formation,PM2.5-Eq,0.0,CF_TRACI_v2_1__particulate_matter_formation__particulate_matter_formation_potential_PMFP__dilute_from_waste_water_management__inventory_indicator__output_flow,PM2.5-Eq/kilogram,True
s_o2,BO2,biosphere|graphite_prod_char|dilute_wwt,"biosphere::dilute, from waste water management::inventory indicator > output flow::kilogram",biosphere,"dilute, from waste water management",graphite_prod_char,dilute_wwt,,inventory indicator > output flow,kilogram,TRACI_v2_1__ecotoxicity_freshwater__ecotoxicity_freshwater,TRACI v2.1 | ecotoxicity: freshwater | ecotoxicity: freshwater,ecotoxicity: freshwater,CTUe,0.0,CF_TRACI_v2_1__ecotoxicity_freshwater__ecotoxicity_freshwater__dilute_from_waste_water_management__inventory_indicator__output_flow,CTUe/kilogram,True
s_o2,BO2,biosphere|graphite_prod_char|dilute_wwt,"biosphere::dilute, from waste water management::inventory indicator > output flow::kilogram",biosphere,"dilute, from waste water management",graphite_prod_char,dilute_wwt,,inventory indicator > output flow,kilogram,TRACI_v2_1__photochemical_oxidant_formation__maximum_incremental_reactivity_MIR,TRACI v2.1 | photochemical oxidant formation | maximum incremental reactivity (MIR),photochemical oxidant formation,kg O3-Eq,0.0,CF_TRACI_v2_1__photochemical_oxidant_formation__maximum_incremental_reactivity_MIR__dilute_from_waste_water_management__inventory_indicator__output_flow,kg O3-Eq/kilogram,True
s_o2,BO2,biosphere|graphite_prod_char|air,biosphere::air::natural resource > in air::kilogram,biosphere,air,graphite_prod_char,air,,natural resource > in air,kilogram,IPCC_2021__climate_change__global_warming_potential_GWP100,IPCC 2021 | climate change | global warming potential (GWP100),climate change,kg CO2-Eq,0.0,CF_IPCC_2021__climate_change__global_warming_potential_GWP100__air__natural_resource__in_air,kg CO2-Eq/kilogram,True
s_o2,BO2,biosphere|graphite_prod_char|air,biosphere::air::natural resource > in air::kilogram,biosphere,air,graphite_prod_char,air,,natural resource > in air,kilogram,TRACI_v2_1__eutrophication__eutrophication_potential,TRACI v2.1 | eutrophication | eutrophication potential,eutrophication,kg N-Eq,0.0,CF_TRACI_v2_1__eutrophication__eutrophication_potential__air__natural_resource__in_air,kg N-Eq/kilogram,True
s_o2,BO2,biosphere|graphite_prod_char|air,biosphere::air::natural resource > in air::kilogram,biosphere,air,graphite_prod_char,air,,natural resource > in air,kilogram,TRACI_v2_1__acidification__acidification_potential_AP,TRACI v2.1 | acidification | acidification potential (AP),acidification,kg SO2-Eq,0.0,CF_TRACI_v2_1__acidification__acidification_potential_AP__air__natural_resource__in_air,kg SO2-Eq/kilogram,True
s_o2,BO2,biosphere|graphite_prod_char|air,biosphere::air::natural resource > in air::kilogram,biosphere,air,graphite_prod_char,air,,natural resource > in air,kilogram,TRACI_v2_1__particulate_matter_formation__particulate_matter_formation_potential_PMFP,TRACI v2.1 | particulate matter formation | particulate matter formation potential (PMFP),particulate matter formation,PM2.5-Eq,0.0,CF_TRACI_v2_1__particulate_matter_formation__particulate_matter_formation_potential_PMFP__air__natural_resource__in_air,PM2.5-Eq/kilogram,True
s_o2,BO2,biosphere|graphite_prod_char|air,biosphere::air::natural resource > in air::kilogram,biosphere,air,graphite_prod_char,air,,natural resource > in air,kilogram,TRACI_v2_1__ecotoxicity_freshwater__ecotoxicity_freshwater,TRACI v2.1 | ecotoxicity: freshwater | ecotoxicity: freshwater,ecotoxicity: freshwater,CTUe,0.0,CF_TRACI_v2_1__ecotoxicity_freshwater__ecotoxicity_freshwater__air__natural_resource__in_air,CTUe/kilogram,True
s_o2,BO2,biosphere|graphite_prod_char|air,biosphere::air::natural resource > in air::kilogram,biosphere,air,graphite_prod_char,air,,natural resource > in air,kilogram,TRACI_v2_1__photochemical_oxidant_formation__maximum_incremental_reactivity_MIR,TRACI v2.1 | photochemical oxidant formation | maximum incremental reactivity (MIR),photochemical oxidant formation,kg O3-Eq,0.0,CF_TRACI_v2_1__photochemical_oxidant_formation__maximum_incremental_reactivity_MIR__air__natural_resource__in_air,kg O3-Eq/kilogram,True
s_o2,BO2,biosphere|biosphere3|8c1494a5-4987-4715-aa2d-1908c495f4eb,"biosphere::Water, turbine use, unspecified natural origin::natural resource > in water::cubic meter",biosphere,"Water, turbine use, unspecified natural origin",biosphere3,8c1494a5-4987-4715-aa2d-1908c495f4eb,,natural resource > in water,cubic meter,IPCC_2021__climate_change__global_warming_potential_GWP100,IPCC 2021 | climate change | global warming potential (GWP100),climate change,kg CO2-Eq,0.0,CF_IPCC_2021__climate_change__global_warming_potential_GWP100__Water_turbine_use_unspecified_natural_origin__natural_resource__in_water,kg CO2-Eq/cubic meter,True
s_o2,BO2,biosphere|biosphere3|8c1494a5-4987-4715-aa2d-1908c495f4eb,"biosphere::Water, turbine use, unspecified natural origin::natural resource > in water::cubic meter",biosphere,"Water, turbine use, unspecified natural origin",biosphere3,8c1494a5-4987-4715-aa2d-1908c495f4eb,,natural resource > in water,cubic meter,TRACI_v2_1__eutrophication__eutrophication_potential,TRACI v2.1 | eutrophication | eutrophication potential,eutrophication,kg N-Eq,0.0,CF_TRACI_v2_1__eutrophication__eutrophication_potential__Water_turbine_use_unspecified_natural_origin__natural_resource__in_water,kg N-Eq/cubic meter,True
s_o2,BO2,biosphere|biosphere3|8c1494a5-4987-4715-aa2d-1908c495f4eb,"biosphere::Water, turbine use, unspecified natural origin::natural resource > in water::cubic meter",biosphere,"Water, turbine use, unspecified natural origin",biosphere3,8c1494a5-4987-4715-aa2d-1908c495f4eb,,natural resource > in water,cubic meter,TRACI_v2_1__acidification__acidification_potential_AP,TRACI v2.1 | acidification | acidification potential (AP),acidification,kg SO2-Eq,0.0,CF_TRACI_v2_1__acidification__acidification_potential_AP__Water_turbine_use_unspecified_natural_origin__natural_resource__in_water,kg SO2-Eq/cubic meter,True
s_o2,BO2,biosphere|biosphere3|8c1494a5-4987-4715-aa2d-1908c495f4eb,"biosphere::Water, turbine use, unspecified natural origin::natural resource > in water::cubic meter",biosphere,"Water, turbine use, unspecified natural origin",biosphere3,8c1494a5-4987-4715-aa2d-1908c495f4eb,,natural resource > in water,cubic meter,TRACI_v2_1__particulate_matter_formation__particulate_matter_formation_potential_PMFP,TRACI v2.1 | particulate matter formation | particulate matter formation potential (PMFP),particulate matter formation,PM2.5-Eq,0.0,CF_TRACI_v2_1__particulate_matter_formation__particulate_matter_formation_potential_PMFP__Water_turbine_use_unspecified_natural_origin__natural_resource__in_water,PM2.5-Eq/cubic meter,True
s_o2,BO2,biosphere|biosphere3|8c1494a5-4987-4715-aa2d-1908c495f4eb,"biosphere::Water, turbine use, unspecified natural origin::natural resource > in water::cubic meter",biosphere,"Water, turbine use, unspecified natural origin",biosphere3,8c1494a5-4987-4715-aa2d-1908c495f4eb,,natural resource > in water,cubic meter,TRACI_v2_1__ecotoxicity_freshwater__ecotoxicity_freshwater,TRACI v2.1 | ecotoxicity: freshwater | ecotoxicity: freshwater,ecotoxicity: freshwater,CTUe,0.0,CF_TRACI_v2_1__ecotoxicity_freshwater__ecotoxicity_freshwater__Water_turbine_use_unspecified_natural_origin__natural_resource__in_water,CTUe/cubic meter,True
s_o2,BO2,biosphere|biosphere3|8c1494a5-4987-4715-aa2d-1908c495f4eb,"biosphere::Water, turbine use, unspecified natural origin::natural resource > in water::cubic meter",biosphere,"Water, turbine use, unspecified natural origin",biosphere3,8c1494a5-4987-4715-aa2d-1908c495f4eb,,natural resource > in water,cubic meter,TRACI_v2_1__photochemical_oxidant_formation__maximum_incremental_reactivity_MIR,TRACI v2.1 | photochemical oxidant formation | maximum incremental reactivity (MIR),photochemical oxidant formation,kg O3-Eq,0.0,CF_TRACI_v2_1__photochemical_oxidant_formation__maximum_incremental_reactivity_MIR__Water_turbine_use_unspecified_natural_origin__natural_resource__in_water,kg O3-Eq/cubic meter,True
s_o2,BO2,biosphere|graphite_prod_char|proc_conds,biosphere::process condensates::inventory indicator > output flow::kilogram,biosphere,process condensates,graphite_prod_char,proc_conds,,inventory indicator > output flow,kilogram,IPCC_2021__climate_change__global_warming_potential_GWP100,IPCC 2021 | climate change | global warming potential (GWP100),climate change,kg CO2-Eq,0.0,CF_IPCC_2021__climate_change__global_warming_potential_GWP100__process_condensates__inventory_indicator__output_flow,kg CO2-Eq/kilogram,True
s_o2,BO2,biosphere|graphite_prod_char|proc_conds,biosphere::process condensates::inventory indicator > output flow::kilogram,biosphere,process condensates,graphite_prod_char,proc_conds,,inventory indicator > output flow,kilogram,TRACI_v2_1__eutrophication__eutrophication_potential,TRACI v2.1 | eutrophication | eutrophication potential,eutrophication,kg N-Eq,0.0,CF_TRACI_v2_1__eutrophication__eutrophication_potential__process_condensates__inventory_indicator__output_flow,kg N-Eq/kilogram,True
s_o2,BO2,biosphere|graphite_prod_char|proc_conds,biosphere::process condensates::inventory indicator > output flow::kilogram,biosphere,process condensates,graphite_prod_char,proc_conds,,inventory indicator > output flow,kilogram,TRACI_v2_1__acidification__acidification_potential_AP,TRACI v2.1 | acidification | acidification potential (AP),acidification,kg SO2-Eq,0.0,CF_TRACI_v2_1__acidification__acidification_potential_AP__process_condensates__inventory_indicator__output_flow,kg SO2-Eq/kilogram,True
s_o2,BO2,biosphere|graphite_prod_char|proc_conds,biosphere::process condensates::inventory indicator > output flow::kilogram,biosphere,process condensates,graphite_prod_char,proc_conds,,inventory indicator > output flow,kilogram,TRACI_v2_1__particulate_matter_formation__particulate_matter_formation_potential_PMFP,TRACI v2.1 | particulate matter formation | particulate matter formation potential (PMFP),particulate matter formation,PM2.5-Eq,0.0,CF_TRACI_v2_1__particulate_matter_formation__particulate_matter_formation_potential_PMFP__process_condensates__inventory_indicator__output_flow,PM2.5-Eq/kilogram,True
s_o2,BO2,biosphere|graphite_prod_char|proc_conds,biosphere::process condensates::inventory indicator > output flow::kilogram,biosphere,process condensates,graphite_prod_char,proc_conds,,inventory indicator > output flow,kilogram,TRACI_v2_1__ecotoxicity_freshwater__ecotoxicity_freshwater,TRACI v2.1 | ecotoxicity: freshwater | ecotoxicity: freshwater,ecotoxicity: freshwater,CTUe,0.0,CF_TRACI_v2_1__ecotoxicity_freshwater__ecotoxicity_freshwater__process_condensates__inventory_indicator__output_flow,CTUe/kilogram,True
s_o2,BO2,biosphere|graphite_prod_char|proc_conds,biosphere::process condensates::inventory indicator > output flow::kilogram,biosphere,process condensates,graphite_prod_char,proc_conds,,inventory indicator > output flow,kilogram,TRACI_v2_1__photochemical_oxidant_formation__maximum_incremental_reactivity_MIR,TRACI v2.1 | photochemical oxidant formation | maximum incremental reactivity (MIR),photochemical oxidant formation,kg O3-Eq,0.0,CF_TRACI_v2_1__photochemical_oxidant_formation__maximum_incremental_reactivity_MIR__process_condensates__inventory_indicator__output_flow,kg O3-Eq/kilogram,True
s_o2,BO2,biosphere|graphite_prod_char|lp_steam,biosphere::low-pressure steam::inventory indicator > output flow::kilogram,biosphere,low-pressure steam,graphite_prod_char,lp_steam,,inventory indicator > output flow,kilogram,IPCC_2021__climate_change__global_warming_potential_GWP100,IPCC 2021 | climate change | global warming potential (GWP100),climate change,kg CO2-Eq,0.0,CF_IPCC_2021__climate_change__global_warming_potential_GWP100__low_pressure_steam__inventory_indicator__output_flow,kg CO2-Eq/kilogram,True
s_o2,BO2,biosphere|graphite_prod_char|lp_steam,biosphere::low-pressure steam::inventory indicator > output flow::kilogram,biosphere,low-pressure steam,graphite_prod_char,lp_steam,,inventory indicator > output flow,kilogram,TRACI_v2_1__eutrophication__eutrophication_potential,TRACI v2.1 | eutrophication | eutrophication potential,eutrophication,kg N-Eq,0.0,CF_TRACI_v2_1__eutrophication__eutrophication_potential__low_pressure_steam__inventory_indicator__output_flow,kg N-Eq/kilogram,True
s_o2,BO2,biosphere|graphite_prod_char|lp_steam,biosphere::low-pressure steam::inventory indicator > output flow::kilogram,biosphere,low-pressure steam,graphite_prod_char,lp_steam,,inventory indicator > output flow,kilogram,TRACI_v2_1__acidification__acidification_potential_AP,TRACI v2.1 | acidification | acidification potential (AP),acidification,kg SO2-Eq,0.0,CF_TRACI_v2_1__acidification__acidification_potential_AP__low_pressure_steam__inventory_indicator__output_flow,kg SO2-Eq/kilogram,True
s_o2,BO2,biosphere|graphite_prod_char|lp_steam,biosphere::low-pressure steam::inventory indicator > output flow::kilogram,biosphere,low-pressure steam,graphite_prod_char,lp_steam,,inventory indicator > output flow,kilogram,TRACI_v2_1__particulate_matter_formation__particulate_matter_formation_potential_PMFP,TRACI v2.1 | particulate matter formation | particulate matter formation potential (PMFP),particulate matter formation,PM2.5-Eq,0.0,CF_TRACI_v2_1__particulate_matter_formation__particulate_matter_formation_potential_PMFP__low_pressure_steam__inventory_indicator__output_flow,PM2.5-Eq/kilogram,True
s_o2,BO2,biosphere|graphite_prod_char|lp_steam,biosphere::low-pressure steam::inventory indicator > output flow::kilogram,biosphere,low-pressure steam,graphite_prod_char,lp_steam,,inventory indicator > output flow,kilogram,TRACI_v2_1__ecotoxicity_freshwater__ecotoxicity_freshwater,TRACI v2.1 | ecotoxicity: freshwater | ecotoxicity: freshwater,ecotoxicity: freshwater,CTUe,0.0,CF_TRACI_v2_1__ecotoxicity_freshwater__ecotoxicity_freshwater__low_pressure_steam__inventory_indicator__output_flow,CTUe/kilogram,True
s_o2,BO2,biosphere|graphite_prod_char|lp_steam,biosphere::low-pressure steam::inventory indicator > output flow::kilogram,biosphere,low-pressure steam,graphite_prod_char,lp_steam,,inventory indicator > output flow,kilogram,TRACI_v2_1__photochemical_oxidant_formation__maximum_incremental_reactivity_MIR,TRACI v2.1 | photochemical oxidant formation | maximum incremental reactivity (MIR),photochemical oxidant formation,kg O3-Eq,0.0,CF_TRACI_v2_1__photochemical_oxidant_formation__maximum_incremental_reactivity_MIR__low_pressure_steam__inventory_indicator__output_flow,kg O3-Eq/kilogram,True
s_o2,BO2,biosphere|biosphere3|afd6d670-bbb0-4625-9730-04088a5b035e,biosphere::Dinitrogen monoxide::air > non-urban air or from high stacks::kilogram,biosphere,Dinitrogen monoxide,biosphere3,afd6d670-bbb0-4625-9730-04088a5b035e,,air > non-urban air or from high stacks,kilogram,IPCC_2021__climate_change__global_warming_potential_GWP100,IPCC 2021 | climate change | global warming potential (GWP100),climate change,kg CO2-Eq,273.0,CF_IPCC_2021__climate_change__global_warming_potential_GWP100__Dinitrogen_monoxide__air__non_urban_air_or_from_high_stacks,kg CO2-Eq/kilogram,True
s_o2,BO2,biosphere|biosphere3|afd6d670-bbb0-4625-9730-04088a5b035e,biosphere::Dinitrogen monoxide::air > non-urban air or from high stacks::kilogram,biosphere,Dinitrogen monoxide,biosphere3,afd6d670-bbb0-4625-9730-04088a5b035e,,air > non-urban air or from high stacks,kilogram,TRACI_v2_1__eutrophication__eutrophication_potential,TRACI v2.1 | eutrophication | eutrophication potential,eutrophication,kg N-Eq,0.0,CF_TRACI_v2_1__eutrophication__eutrophication_potential__Dinitrogen_monoxide__air__non_urban_air_or_from_high_stacks,kg N-Eq/kilogram,True
s_o2,BO2,biosphere|biosphere3|afd6d670-bbb0-4625-9730-04088a5b035e,biosphere::Dinitrogen monoxide::air > non-urban air or from high stacks::kilogram,biosphere,Dinitrogen monoxide,biosphere3,afd6d670-bbb0-4625-9730-04088a5b035e,,air > non-urban air or from high stacks,kilogram,TRACI_v2_1__acidification__acidification_potential_AP,TRACI v2.1 | acidification | acidification potential (AP),acidification,kg SO2-Eq,0.0,CF_TRACI_v2_1__acidification__acidification_potential_AP__Dinitrogen_monoxide__air__non_urban_air_or_from_high_stacks,kg SO2-Eq/kilogram,True
s_o2,BO2,biosphere|biosphere3|afd6d670-bbb0-4625-9730-04088a5b035e,biosphere::Dinitrogen monoxide::air > non-urban air or from high stacks::kilogram,biosphere,Dinitrogen monoxide,biosphere3,afd6d670-bbb0-4625-9730-04088a5b035e,,air > non-urban air or from high stacks,kilogram,TRACI_v2_1__particulate_matter_formation__particulate_matter_formation_potential_PMFP,TRACI v2.1 | particulate matter formation | particulate matter formation potential (PMFP),particulate matter formation,PM2.5-Eq,0.0,CF_TRACI_v2_1__particulate_matter_formation__particulate_matter_formation_potential_PMFP__Dinitrogen_monoxide__air__non_urban_air_or_from_high_stacks,PM2.5-Eq/kilogram,True
s_o2,BO2,biosphere|biosphere3|afd6d670-bbb0-4625-9730-04088a5b035e,biosphere::Dinitrogen monoxide::air > non-urban air or from high stacks::kilogram,biosphere,Dinitrogen monoxide,biosphere3,afd6d670-bbb0-4625-9730-04088a5b035e,,air > non-urban air or from high stacks,kilogram,TRACI_v2_1__ecotoxicity_freshwater__ecotoxicity_freshwater,TRACI v2.1 | ecotoxicity: freshwater | ecotoxicity: freshwater,ecotoxicity: freshwater,CTUe,0.0,CF_TRACI_v2_1__ecotoxicity_freshwater__ecotoxicity_freshwater__Dinitrogen_monoxide__air__non_urban_air_or_from_high_stacks,CTUe/kilogram,True
s_o2,BO2,biosphere|biosphere3|afd6d670-bbb0-4625-9730-04088a5b035e,biosphere::Dinitrogen monoxide::air > non-urban air or from high stacks::kilogram,biosphere,Dinitrogen monoxide,biosphere3,afd6d670-bbb0-4625-9730-04088a5b035e,,air > non-urban air or from high stacks,kilogram,TRACI_v2_1__photochemical_oxidant_formation__maximum_incremental_reactivity_MIR,TRACI v2.1 | photochemical oxidant formation | maximum incremental reactivity (MIR),photochemical oxidant formation,kg O3-Eq,0.0,CF_TRACI_v2_1__photochemical_oxidant_formation__maximum_incremental_reactivity_MIR__Dinitrogen_monoxide__air__non_urban_air_or_from_high_stacks,kg O3-Eq/kilogram,True
s_o2,BO2,biosphere|biosphere3|77357947-ccc5-438e-9996-95e65e1e1bce,biosphere::Nitrogen oxides::air > non-urban air or from high stacks::kilogram,biosphere,Nitrogen oxides,biosphere3,77357947-ccc5-438e-9996-95e65e1e1bce,,air > non-urban air or from high stacks,kilogram,IPCC_2021__climate_change__global_warming_potential_GWP100,IPCC 2021 | climate change | global warming potential (GWP100),climate change,kg CO2-Eq,0.0,CF_IPCC_2021__climate_change__global_warming_potential_GWP100__Nitrogen_oxides__air__non_urban_air_or_from_high_stacks,kg CO2-Eq/kilogram,True
s_o2,BO2,biosphere|biosphere3|77357947-ccc5-438e-9996-95e65e1e1bce,biosphere::Nitrogen oxides::air > non-urban air or from high stacks::kilogram,biosphere,Nitrogen oxides,biosphere3,77357947-ccc5-438e-9996-95e65e1e1bce,,air > non-urban air or from high stacks,kilogram,TRACI_v2_1__eutrophication__eutrophication_potential,TRACI v2.1 | eutrophication | eutrophication potential,eutrophication,kg N-Eq,0.04429,CF_TRACI_v2_1__eutrophication__eutrophication_potential__Nitrogen_oxides__air__non_urban_air_or_from_high_stacks,kg N-Eq/kilogram,True
s_o2,BO2,biosphere|biosphere3|77357947-ccc5-438e-9996-95e65e1e1bce,biosphere::Nitrogen oxides::air > non-urban air or from high stacks::kilogram,biosphere,Nitrogen oxides,biosphere3,77357947-ccc5-438e-9996-95e65e1e1bce,,air > non-urban air or from high stacks,kilogram,TRACI_v2_1__acidification__acidification_potential_AP,TRACI v2.1 | acidification | acidification potential (AP),acidification,kg SO2-Eq,0.7,CF_TRACI_v2_1__acidification__acidification_potential_AP__Nitrogen_oxides__air__non_urban_air_or_from_high_stacks,kg SO2-Eq/kilogram,True
s_o2,BO2,biosphere|biosphere3|77357947-ccc5-438e-9996-95e65e1e1bce,biosphere::Nitrogen oxides::air > non-urban air or from high stacks::kilogram,biosphere,Nitrogen oxides,biosphere3,77357947-ccc5-438e-9996-95e65e1e1bce,,air > non-urban air or from high stacks,kilogram,TRACI_v2_1__particulate_matter_formation__particulate_matter_formation_potential_PMFP,TRACI v2.1 | particulate matter formation | particulate matter formation potential (PMFP),particulate matter formation,PM2.5-Eq,0.007222222222222222,CF_TRACI_v2_1__particulate_matter_formation__particulate_matter_formation_potential_PMFP__Nitrogen_oxides__air__non_urban_air_or_from_high_stacks,PM2.5-Eq/kilogram,True
s_o2,BO2,biosphere|biosphere3|77357947-ccc5-438e-9996-95e65e1e1bce,biosphere::Nitrogen oxides::air > non-urban air or from high stacks::kilogram,biosphere,Nitrogen oxides,biosphere3,77357947-ccc5-438e-9996-95e65e1e1bce,,air > non-urban air or from high stacks,kilogram,TRACI_v2_1__ecotoxicity_freshwater__ecotoxicity_freshwater,TRACI v2.1 | ecotoxicity: freshwater | ecotoxicity: freshwater,ecotoxicity: freshwater,CTUe,0.0,CF_TRACI_v2_1__ecotoxicity_freshwater__ecotoxicity_freshwater__Nitrogen_oxides__air__non_urban_air_or_from_high_stacks,CTUe/kilogram,True
s_o2,BO2,biosphere|biosphere3|77357947-ccc5-438e-9996-95e65e1e1bce,biosphere::Nitrogen oxides::air > non-urban air or from high stacks::kilogram,biosphere,Nitrogen oxides,biosphere3,77357947-ccc5-438e-9996-95e65e1e1bce,,air > non-urban air or from high stacks,kilogram,TRACI_v2_1__photochemical_oxidant_formation__maximum_incremental_reactivity_MIR,TRACI v2.1 | photochemical oxidant formation | maximum incremental reactivity (MIR),photochemical oxidant formation,kg O3-Eq,24.79358974358974,CF_TRACI_v2_1__photochemical_oxidant_formation__maximum_incremental_reactivity_MIR__Nitrogen_oxides__air__non_urban_air_or_from_high_stacks,kg O3-Eq/kilogram,True
s_o2,BO2,biosphere|graphite_prod_char|water_wwt,"biosphere::water out, from waste water management::inventory indicator > output flow::kilogram",biosphere,"water out, from waste water management",graphite_prod_char,water_wwt,,inventory indicator > output flow,kilogram,IPCC_2021__climate_change__global_warming_potential_GWP100,IPCC 2021 | climate change | global warming potential (GWP100),climate change,kg CO2-Eq,0.0,CF_IPCC_2021__climate_change__global_warming_potential_GWP100__water_out_from_waste_water_management__inventory_indicator__output_flow,kg CO2-Eq/kilogram,True
s_o2,BO2,biosphere|graphite_prod_char|water_wwt,"biosphere::water out, from waste water management::inventory indicator > output flow::kilogram",biosphere,"water out, from waste water management",graphite_prod_char,water_wwt,,inventory indicator > output flow,kilogram,TRACI_v2_1__eutrophication__eutrophication_potential,TRACI v2.1 | eutrophication | eutrophication potential,eutrophication,kg N-Eq,0.0,CF_TRACI_v2_1__eutrophication__eutrophication_potential__water_out_from_waste_water_management__inventory_indicator__output_flow,kg N-Eq/kilogram,True
s_o2,BO2,biosphere|graphite_prod_char|water_wwt,"biosphere::water out, from waste water management::inventory indicator > output flow::kilogram",biosphere,"water out, from waste water management",graphite_prod_char,water_wwt,,inventory indicator > output flow,kilogram,TRACI_v2_1__acidification__acidification_potential_AP,TRACI v2.1 | acidification | acidification potential (AP),acidification,kg SO2-Eq,0.0,CF_TRACI_v2_1__acidification__acidification_potential_AP__water_out_from_waste_water_management__inventory_indicator__output_flow,kg SO2-Eq/kilogram,True
s_o2,BO2,biosphere|graphite_prod_char|water_wwt,"biosphere::water out, from waste water management::inventory indicator > output flow::kilogram",biosphere,"water out, from waste water management",graphite_prod_char,water_wwt,,inventory indicator > output flow,kilogram,TRACI_v2_1__particulate_matter_formation__particulate_matter_formation_potential_PMFP,TRACI v2.1 | particulate matter formation | particulate matter formation potential (PMFP),particulate matter formation,PM2.5-Eq,0.0,CF_TRACI_v2_1__particulate_matter_formation__particulate_matter_formation_potential_PMFP__water_out_from_waste_water_management__inventory_indicator__output_flow,PM2.5-Eq/kilogram,True
s_o2,BO2,biosphere|graphite_prod_char|water_wwt,"biosphere::water out, from waste water management::inventory indicator > output flow::kilogram",biosphere,"water out, from waste water management",graphite_prod_char,water_wwt,,inventory indicator > output flow,kilogram,TRACI_v2_1__ecotoxicity_freshwater__ecotoxicity_freshwater,TRACI v2.1 | ecotoxicity: freshwater | ecotoxicity: freshwater,ecotoxicity: freshwater,CTUe,0.0,CF_TRACI_v2_1__ecotoxicity_freshwater__ecotoxicity_freshwater__water_out_from_waste_water_management__inventory_indicator__output_flow,CTUe/kilogram,True
s_o2,BO2,biosphere|graphite_prod_char|water_wwt,"biosphere::water out, from waste water management::inventory indicator > output flow::kilogram",biosphere,"water out, from waste water management",graphite_prod_char,water_wwt,,inventory indicator > output flow,kilogram,TRACI_v2_1__photochemical_oxidant_formation__maximum_incremental_reactivity_MIR,TRACI v2.1 | photochemical oxidant formation | maximum incremental reactivity (MIR),photochemical oxidant formation,kg O3-Eq,0.0,CF_TRACI_v2_1__photochemical_oxidant_formation__maximum_incremental_reactivity_MIR__water_out_from_waste_water_management__inventory_indicator__output_flow,kg O3-Eq/kilogram,True
s_o2,BO2,biosphere|graphite_prod_char|solids_wwt,"biosphere::solids, from waste water management::inventory indicator > output flow::kilogram",biosphere,"solids, from waste water management",graphite_prod_char,solids_wwt,,inventory indicator > output flow,kilogram,IPCC_2021__climate_change__global_warming_potential_GWP100,IPCC 2021 | climate change | global warming potential (GWP100),climate change,kg CO2-Eq,0.0,CF_IPCC_2021__climate_change__global_warming_potential_GWP100__solids_from_waste_water_management__inventory_indicator__output_flow,kg CO2-Eq/kilogram,True
s_o2,BO2,biosphere|graphite_prod_char|solids_wwt,"biosphere::solids, from waste water management::inventory indicator > output flow::kilogram",biosphere,"solids, from waste water management",graphite_prod_char,solids_wwt,,inventory indicator > output flow,kilogram,TRACI_v2_1__eutrophication__eutrophication_potential,TRACI v2.1 | eutrophication | eutrophication potential,eutrophication,kg N-Eq,0.0,CF_TRACI_v2_1__eutrophication__eutrophication_potential__solids_from_waste_water_management__inventory_indicator__output_flow,kg N-Eq/kilogram,True
s_o2,BO2,biosphere|graphite_prod_char|solids_wwt,"biosphere::solids, from waste water management::inventory indicator > output flow::kilogram",biosphere,"solids, from waste water management",graphite_prod_char,solids_wwt,,inventory indicator > output flow,kilogram,TRACI_v2_1__acidification__acidification_potential_AP,TRACI v2.1 | acidification | acidification potential (AP),acidification,kg SO2-Eq,0.0,CF_TRACI_v2_1__acidification__acidification_potential_AP__solids_from_waste_water_management__inventory_indicator__output_flow,kg SO2-Eq/kilogram,True
s_o2,BO2,biosphere|graphite_prod_char|solids_wwt,"biosphere::solids, from waste water management::inventory indicator > output flow::kilogram",biosphere,"solids, from waste water management",graphite_prod_char,solids_wwt,,inventory indicator > output flow,kilogram,TRACI_v2_1__particulate_matter_formation__particulate_matter_formation_potential_PMFP,TRACI v2.1 | particulate matter formation | particulate matter formation potential (PMFP),particulate matter formation,PM2.5-Eq,0.0,CF_TRACI_v2_1__particulate_matter_formation__particulate_matter_formation_potential_PMFP__solids_from_waste_water_management__inventory_indicator__output_flow,PM2.5-Eq/kilogram,True
s_o2,BO2,biosphere|graphite_prod_char|solids_wwt,"biosphere::solids, from waste water management::inventory indicator > output flow::kilogram",biosphere,"solids, from waste water management",graphite_prod_char,solids_wwt,,inventory indicator > output flow,kilogram,TRACI_v2_1__ecotoxicity_freshwater__ecotoxicity_freshwater,TRACI v2.1 | ecotoxicity: freshwater | ecotoxicity: freshwater,ecotoxicity: freshwater,CTUe,0.0,CF_TRACI_v2_1__ecotoxicity_freshwater__ecotoxicity_freshwater__solids_from_waste_water_management__inventory_indicator__output_flow,CTUe/kilogram,True
s_o2,BO2,biosphere|graphite_prod_char|solids_wwt,"biosphere::solids, from waste water management::inventory indicator > output flow::kilogram",biosphere,"solids, from waste water management",graphite_prod_char,solids_wwt,,inventory indicator > output flow,kilogram,TRACI_v2_1__photochemical_oxidant_formation__maximum_incremental_reactivity_MIR,TRACI v2.1 | photochemical oxidant formation | maximum incremental reactivity (MIR),photochemical oxidant formation,kg O3-Eq,0.0,CF_TRACI_v2_1__photochemical_oxidant_formation__maximum_incremental_reactivity_MIR__solids_from_waste_water_management__inventory_indicator__output_flow,kg O3-Eq/kilogram,True
s_o2,BO2,biosphere|graphite_prod_char|h2_by,"biosphere::hydrogen, byproduct::inventory indicator > output flow::kilogram",biosphere,"hydrogen, byproduct",graphite_prod_char,h2_by,,inventory indicator > output flow,kilogram,IPCC_2021__climate_change__global_warming_potential_GWP100,IPCC 2021 | climate change | global warming potential (GWP100),climate change,kg CO2-Eq,0.0,CF_IPCC_2021__climate_change__global_warming_potential_GWP100__hydrogen_byproduct__inventory_indicator__output_flow,kg CO2-Eq/kilogram,True
s_o2,BO2,biosphere|graphite_prod_char|h2_by,"biosphere::hydrogen, byproduct::inventory indicator > output flow::kilogram",biosphere,"hydrogen, byproduct",graphite_prod_char,h2_by,,inventory indicator > output flow,kilogram,TRACI_v2_1__eutrophication__eutrophication_potential,TRACI v2.1 | eutrophication | eutrophication potential,eutrophication,kg N-Eq,0.0,CF_TRACI_v2_1__eutrophication__eutrophication_potential__hydrogen_byproduct__inventory_indicator__output_flow,kg N-Eq/kilogram,True
s_o2,BO2,biosphere|graphite_prod_char|h2_by,"biosphere::hydrogen, byproduct::inventory indicator > output flow::kilogram",biosphere,"hydrogen, byproduct",graphite_prod_char,h2_by,,inventory indicator > output flow,kilogram,TRACI_v2_1__acidification__acidification_potential_AP,TRACI v2.1 | acidification | acidification potential (AP),acidification,kg SO2-Eq,0.0,CF_TRACI_v2_1__acidification__acidification_potential_AP__hydrogen_byproduct__inventory_indicator__output_flow,kg SO2-Eq/kilogram,True
s_o2,BO2,biosphere|graphite_prod_char|h2_by,"biosphere::hydrogen, byproduct::inventory indicator > output flow::kilogram",biosphere,"hydrogen, byproduct",graphite_prod_char,h2_by,,inventory indicator > output flow,kilogram,TRACI_v2_1__particulate_matter_formation__particulate_matter_formation_potential_PMFP,TRACI v2.1 | particulate matter formation | particulate matter formation potential (PMFP),particulate matter formation,PM2.5-Eq,0.0,CF_TRACI_v2_1__particulate_matter_formation__particulate_matter_formation_potential_PMFP__hydrogen_byproduct__inventory_indicator__output_flow,PM2.5-Eq/kilogram,True
s_o2,BO2,biosphere|graphite_prod_char|h2_by,"biosphere::hydrogen, byproduct::inventory indicator > output flow::kilogram",biosphere,"hydrogen, byproduct",graphite_prod_char,h2_by,,inventory indicator > output flow,kilogram,TRACI_v2_1__ecotoxicity_freshwater__ecotoxicity_freshwater,TRACI v2.1 | ecotoxicity: freshwater | ecotoxicity: freshwater,ecotoxicity: freshwater,CTUe,0.0,CF_TRACI_v2_1__ecotoxicity_freshwater__ecotoxicity_freshwater__hydrogen_byproduct__inventory_indicator__output_flow,CTUe/kilogram,True
s_o2,BO2,biosphere|graphite_prod_char|h2_by,"biosphere::hydrogen, byproduct::inventory indicator > output flow::kilogram",biosphere,"hydrogen, byproduct",graphite_prod_char,h2_by,,inventory indicator > output flow,kilogram,TRACI_v2_1__photochemical_oxidant_formation__maximum_incremental_reactivity_MIR,TRACI v2.1 | photochemical oxidant formation | maximum incremental reactivity (MIR),photochemical oxidant formation,kg O3-Eq,0.0,CF_TRACI_v2_1__photochemical_oxidant_formation__maximum_incremental_reactivity_MIR__hydrogen_byproduct__inventory_indicator__output_flow,kg O3-Eq/kilogram,True
s_o2,BO2,biosphere|biosphere3|f9749677-9c9f-4678-ab55-c607dfdc2cb9,"biosphere::Carbon dioxide, fossil::air > urban air close to ground::kilogram",biosphere,"Carbon dioxide, fossil",biosphere3,f9749677-9c9f-4678-ab55-c607dfdc2cb9,,air > urban air close to ground,kilogram,IPCC_2021__climate_change__global_warming_potential_GWP100,IPCC 2021 | climate change | global warming potential (GWP100),climate change,kg CO2-Eq,1.0,CF_IPCC_2021__climate_change__global_warming_potential_GWP100__Carbon_dioxide_fossil__air__urban_air_close_to_ground,kg CO2-Eq/kilogram,True
s_o2,BO2,biosphere|biosphere3|f9749677-9c9f-4678-ab55-c607dfdc2cb9,"biosphere::Carbon dioxide, fossil::air > urban air close to ground::kilogram",biosphere,"Carbon dioxide, fossil",biosphere3,f9749677-9c9f-4678-ab55-c607dfdc2cb9,,air > urban air close to ground,kilogram,TRACI_v2_1__eutrophication__eutrophication_potential,TRACI v2.1 | eutrophication | eutrophication potential,eutrophication,kg N-Eq,0.0,CF_TRACI_v2_1__eutrophication__eutrophication_potential__Carbon_dioxide_fossil__air__urban_air_close_to_ground,kg N-Eq/kilogram,True
s_o2,BO2,biosphere|biosphere3|f9749677-9c9f-4678-ab55-c607dfdc2cb9,"biosphere::Carbon dioxide, fossil::air > urban air close to ground::kilogram",biosphere,"Carbon dioxide, fossil",biosphere3,f9749677-9c9f-4678-ab55-c607dfdc2cb9,,air > urban air close to ground,kilogram,TRACI_v2_1__acidification__acidification_potential_AP,TRACI v2.1 | acidification | acidification potential (AP),acidification,kg SO2-Eq,0.0,CF_TRACI_v2_1__acidification__acidification_potential_AP__Carbon_dioxide_fossil__air__urban_air_close_to_ground,kg SO2-Eq/kilogram,True
s_o2,BO2,biosphere|biosphere3|f9749677-9c9f-4678-ab55-c607dfdc2cb9,"biosphere::Carbon dioxide, fossil::air > urban air close to ground::kilogram",biosphere,"Carbon dioxide, fossil",biosphere3,f9749677-9c9f-4678-ab55-c607dfdc2cb9,,air > urban air close to ground,kilogram,TRACI_v2_1__particulate_matter_formation__particulate_matter_formation_potential_PMFP,TRACI v2.1 | particulate matter formation | particulate matter formation potential (PMFP),particulate matter formation,PM2.5-Eq,0.0,CF_TRACI_v2_1__particulate_matter_formation__particulate_matter_formation_potential_PMFP__Carbon_dioxide_fossil__air__urban_air_close_to_ground,PM2.5-Eq/kilogram,True
s_o2,BO2,biosphere|biosphere3|f9749677-9c9f-4678-ab55-c607dfdc2cb9,"biosphere::Carbon dioxide, fossil::air > urban air close to ground::kilogram",biosphere,"Carbon dioxide, fossil",biosphere3,f9749677-9c9f-4678-ab55-c607dfdc2cb9,,air > urban air close to ground,kilogram,TRACI_v2_1__ecotoxicity_freshwater__ecotoxicity_freshwater,TRACI v2.1 | ecotoxicity: freshwater | ecotoxicity: freshwater,ecotoxicity: freshwater,CTUe,0.0,CF_TRACI_v2_1__ecotoxicity_freshwater__ecotoxicity_freshwater__Carbon_dioxide_fossil__air__urban_air_close_to_ground,CTUe/kilogram,True
s_o2,BO2,biosphere|biosphere3|f9749677-9c9f-4678-ab55-c607dfdc2cb9,"biosphere::Carbon dioxide, fossil::air > urban air close to ground::kilogram",biosphere,"Carbon dioxide, fossil",biosphere3,f9749677-9c9f-4678-ab55-c607dfdc2cb9,,air > urban air close to ground,kilogram,TRACI_v2_1__photochemical_oxidant_formation__maximum_incremental_reactivity_MIR,TRACI v2.1 | photochemical oxidant formation | maximum incremental reactivity (MIR),photochemical oxidant formation,kg O3-Eq,0.0,CF_TRACI_v2_1__photochemical_oxidant_formation__maximum_incremental_reactivity_MIR__Carbon_dioxide_fossil__air__urban_air_close_to_ground,kg O3-Eq/kilogram,True
s_o2,BO2,biosphere|biosphere3|5f7aad3d-566c-4d0d-ad59-e765f971aa0f,"biosphere::Methane, fossil::air > urban air close to ground::kilogram",biosphere,"Methane, fossil",biosphere3,5f7aad3d-566c-4d0d-ad59-e765f971aa0f,,air > urban air close to ground,kilogram,IPCC_2021__climate_change__global_warming_potential_GWP100,IPCC 2021 | climate change | global warming potential (GWP100),climate change,kg CO2-Eq,29.8,CF_IPCC_2021__climate_change__global_warming_potential_GWP100__Methane_fossil__air__urban_air_close_to_ground,kg CO2-Eq/kilogram,True
s_o2,BO2,biosphere|biosphere3|5f7aad3d-566c-4d0d-ad59-e765f971aa0f,"biosphere::Methane, fossil::air > urban air close to ground::kilogram",biosphere,"Methane, fossil",biosphere3,5f7aad3d-566c-4d0d-ad59-e765f971aa0f,,air > urban air close to ground,kilogram,TRACI_v2_1__eutrophication__eutrophication_potential,TRACI v2.1 | eutrophication | eutrophication potential,eutrophication,kg N-Eq,0.0,CF_TRACI_v2_1__eutrophication__eutrophication_potential__Methane_fossil__air__urban_air_close_to_ground,kg N-Eq/kilogram,True
s_o2,BO2,biosphere|biosphere3|5f7aad3d-566c-4d0d-ad59-e765f971aa0f,"biosphere::Methane, fossil::air > urban air close to ground::kilogram",biosphere,"Methane, fossil",biosphere3,5f7aad3d-566c-4d0d-ad59-e765f971aa0f,,air > urban air close to ground,kilogram,TRACI_v2_1__acidification__acidification_potential_AP,TRACI v2.1 | acidification | acidification potential (AP),acidification,kg SO2-Eq,0.0,CF_TRACI_v2_1__acidification__acidification_potential_AP__Methane_fossil__air__urban_air_close_to_ground,kg SO2-Eq/kilogram,True
s_o2,BO2,biosphere|biosphere3|5f7aad3d-566c-4d0d-ad59-e765f971aa0f,"biosphere::Methane, fossil::air > urban air close to ground::kilogram",biosphere,"Methane, fossil",biosphere3,5f7aad3d-566c-4d0d-ad59-e765f971aa0f,,air > urban air close to ground,kilogram,TRACI_v2_1__particulate_matter_formation__particulate_matter_formation_potential_PMFP,TRACI v2.1 | particulate matter formation | particulate matter formation potential (PMFP),particulate matter formation,PM2.5-Eq,0.0,CF_TRACI_v2_1__particulate_matter_formation__particulate_matter_formation_potential_PMFP__Methane_fossil__air__urban_air_close_to_ground,PM2.5-Eq/kilogram,True
s_o2,BO2,biosphere|biosphere3|5f7aad3d-566c-4d0d-ad59-e765f971aa0f,"biosphere::Methane, fossil::air > urban air close to ground::kilogram",biosphere,"Methane, fossil",biosphere3,5f7aad3d-566c-4d0d-ad59-e765f971aa0f,,air > urban air close to ground,kilogram,TRACI_v2_1__ecotoxicity_freshwater__ecotoxicity_freshwater,TRACI v2.1 | ecotoxicity: freshwater | ecotoxicity: freshwater,ecotoxicity: freshwater,CTUe,0.0,CF_TRACI_v2_1__ecotoxicity_freshwater__ecotoxicity_freshwater__Methane_fossil__air__urban_air_close_to_ground,CTUe/kilogram,True
s_o2,BO2,biosphere|biosphere3|5f7aad3d-566c-4d0d-ad59-e765f971aa0f,"biosphere::Methane, fossil::air > urban air close to ground::kilogram",biosphere,"Methane, fossil",biosphere3,5f7aad3d-566c-4d0d-ad59-e765f971aa0f,,air > urban air close to ground,kilogram,TRACI_v2_1__photochemical_oxidant_formation__maximum_incremental_reactivity_MIR,TRACI v2.1 | photochemical oxidant formation | maximum incremental reactivity (MIR),photochemical oxidant formation,kg O3-Eq,0.01437948717948718,CF_TRACI_v2_1__photochemical_oxidant_formation__maximum_incremental_reactivity_MIR__Methane_fossil__air__urban_air_close_to_ground,kg O3-Eq/kilogram,True
s_o2,BO2,biosphere|biosphere3|6dc1b46f-ee89-4495-95c4-b8a637bcd6cb,biosphere::Dinitrogen monoxide::air > urban air close to ground::kilogram,biosphere,Dinitrogen monoxide,biosphere3,6dc1b46f-ee89-4495-95c4-b8a637bcd6cb,,air > urban air close to ground,kilogram,IPCC_2021__climate_change__global_warming_potential_GWP100,IPCC 2021 | climate change | global warming potential (GWP100),climate change,kg CO2-Eq,273.0,CF_IPCC_2021__climate_change__global_warming_potential_GWP100__Dinitrogen_monoxide__air__urban_air_close_to_ground,kg CO2-Eq/kilogram,True
s_o2,BO2,biosphere|biosphere3|6dc1b46f-ee89-4495-95c4-b8a637bcd6cb,biosphere::Dinitrogen monoxide::air > urban air close to ground::kilogram,biosphere,Dinitrogen monoxide,biosphere3,6dc1b46f-ee89-4495-95c4-b8a637bcd6cb,,air > urban air close to ground,kilogram,TRACI_v2_1__eutrophication__eutrophication_potential,TRACI v2.1 | eutrophication | eutrophication potential,eutrophication,kg N-Eq,0.0,CF_TRACI_v2_1__eutrophication__eutrophication_potential__Dinitrogen_monoxide__air__urban_air_close_to_ground,kg N-Eq/kilogram,True
s_o2,BO2,biosphere|biosphere3|6dc1b46f-ee89-4495-95c4-b8a637bcd6cb,biosphere::Dinitrogen monoxide::air > urban air close to ground::kilogram,biosphere,Dinitrogen monoxide,biosphere3,6dc1b46f-ee89-4495-95c4-b8a637bcd6cb,,air > urban air close to ground,kilogram,TRACI_v2_1__acidification__acidification_potential_AP,TRACI v2.1 | acidification | acidification potential (AP),acidification,kg SO2-Eq,0.0,CF_TRACI_v2_1__acidification__acidification_potential_AP__Dinitrogen_monoxide__air__urban_air_close_to_ground,kg SO2-Eq/kilogram,True
s_o2,BO2,biosphere|biosphere3|6dc1b46f-ee89-4495-95c4-b8a637bcd6cb,biosphere::Dinitrogen monoxide::air > urban air close to ground::kilogram,biosphere,Dinitrogen monoxide,biosphere3,6dc1b46f-ee89-4495-95c4-b8a637bcd6cb,,air > urban air close to ground,kilogram,TRACI_v2_1__particulate_matter_formation__particulate_matter_formation_potential_PMFP,TRACI v2.1 | particulate matter formation | particulate matter formation potential (PMFP),particulate matter formation,PM2.5-Eq,0.0,CF_TRACI_v2_1__particulate_matter_formation__particulate_matter_formation_potential_PMFP__Dinitrogen_monoxide__air__urban_air_close_to_ground,PM2.5-Eq/kilogram,True
s_o2,BO2,biosphere|biosphere3|6dc1b46f-ee89-4495-95c4-b8a637bcd6cb,biosphere::Dinitrogen monoxide::air > urban air close to ground::kilogram,biosphere,Dinitrogen monoxide,biosphere3,6dc1b46f-ee89-4495-95c4-b8a637bcd6cb,,air > urban air close to ground,kilogram,TRACI_v2_1__ecotoxicity_freshwater__ecotoxicity_freshwater,TRACI v2.1 | ecotoxicity: freshwater | ecotoxicity: freshwater,ecotoxicity: freshwater,CTUe,0.0,CF_TRACI_v2_1__ecotoxicity_freshwater__ecotoxicity_freshwater__Dinitrogen_monoxide__air__urban_air_close_to_ground,CTUe/kilogram,True
s_o2,BO2,biosphere|biosphere3|6dc1b46f-ee89-4495-95c4-b8a637bcd6cb,biosphere::Dinitrogen monoxide::air > urban air close to ground::kilogram,biosphere,Dinitrogen monoxide,biosphere3,6dc1b46f-ee89-4495-95c4-b8a637bcd6cb,,air > urban air close to ground,kilogram,TRACI_v2_1__photochemical_oxidant_formation__maximum_incremental_reactivity_MIR,TRACI v2.1 | photochemical oxidant formation | maximum incremental reactivity (MIR),photochemical oxidant formation,kg O3-Eq,0.0,CF_TRACI_v2_1__photochemical_oxidant_formation__maximum_incremental_reactivity_MIR__Dinitrogen_monoxide__air__urban_air_close_to_ground,kg O3-Eq/kilogram,True
s_o2,BO2,biosphere|graphite_prod_char|consdem_res,"biosphere::waste, construction and demolition::emission > soil::kilogram",biosphere,"waste, construction and demolition",graphite_prod_char,consdem_res,,emission > soil,kilogram,IPCC_2021__climate_change__global_warming_potential_GWP100,IPCC 2021 | climate change | global warming potential (GWP100),climate change,kg CO2-Eq,0.0,CF_IPCC_2021__climate_change__global_warming_potential_GWP100__waste_construction_and_demolition__emission__soil,kg CO2-Eq/kilogram,True
s_o2,BO2,biosphere|graphite_prod_char|consdem_res,"biosphere::waste, construction and demolition::emission > soil::kilogram",biosphere,"waste, construction and demolition",graphite_prod_char,consdem_res,,emission > soil,kilogram,TRACI_v2_1__eutrophication__eutrophication_potential,TRACI v2.1 | eutrophication | eutrophication potential,eutrophication,kg N-Eq,0.0,CF_TRACI_v2_1__eutrophication__eutrophication_potential__waste_construction_and_demolition__emission__soil,kg N-Eq/kilogram,True
s_o2,BO2,biosphere|graphite_prod_char|consdem_res,"biosphere::waste, construction and demolition::emission > soil::kilogram",biosphere,"waste, construction and demolition",graphite_prod_char,consdem_res,,emission > soil,kilogram,TRACI_v2_1__acidification__acidification_potential_AP,TRACI v2.1 | acidification | acidification potential (AP),acidification,kg SO2-Eq,0.0,CF_TRACI_v2_1__acidification__acidification_potential_AP__waste_construction_and_demolition__emission__soil,kg SO2-Eq/kilogram,True
s_o2,BO2,biosphere|graphite_prod_char|consdem_res,"biosphere::waste, construction and demolition::emission > soil::kilogram",biosphere,"waste, construction and demolition",graphite_prod_char,consdem_res,,emission > soil,kilogram,TRACI_v2_1__particulate_matter_formation__particulate_matter_formation_potential_PMFP,TRACI v2.1 | particulate matter formation | particulate matter formation potential (PMFP),particulate matter formation,PM2.5-Eq,0.0,CF_TRACI_v2_1__particulate_matter_formation__particulate_matter_formation_potential_PMFP__waste_construction_and_demolition__emission__soil,PM2.5-Eq/kilogram,True
s_o2,BO2,biosphere|graphite_prod_char|consdem_res,"biosphere::waste, construction and demolition::emission > soil::kilogram",biosphere,"waste, construction and demolition",graphite_prod_char,consdem_res,,emission > soil,kilogram,TRACI_v2_1__ecotoxicity_freshwater__ecotoxicity_freshwater,TRACI v2.1 | ecotoxicity: freshwater | ecotoxicity: freshwater,ecotoxicity: freshwater,CTUe,0.0,CF_TRACI_v2_1__ecotoxicity_freshwater__ecotoxicity_freshwater__waste_construction_and_demolition__emission__soil,CTUe/kilogram,True
s_o2,BO2,biosphere|graphite_prod_char|consdem_res,"biosphere::waste, construction and demolition::emission > soil::kilogram",biosphere,"waste, construction and demolition",graphite_prod_char,consdem_res,,emission > soil,kilogram,TRACI_v2_1__photochemical_oxidant_formation__maximum_incremental_reactivity_MIR,TRACI v2.1 | photochemical oxidant formation | maximum incremental reactivity (MIR),photochemical oxidant formation,kg O3-Eq,0.0,CF_TRACI_v2_1__photochemical_oxidant_formation__maximum_incremental_reactivity_MIR__waste_construction_and_demolition__emission__soil,kg O3-Eq/kilogram,True
s_o2,BO2,biosphere|graphite_prod_char|water_chem,"biosphere::water, in chemical::inventory indicator > output flow::kilogram",biosphere,"water, in chemical",graphite_prod_char,water_chem,,inventory indicator > output flow,kilogram,IPCC_2021__climate_change__global_warming_potential_GWP100,IPCC 2021 | climate change | global warming potential (GWP100),climate change,kg CO2-Eq,0.0,CF_IPCC_2021__climate_change__global_warming_potential_GWP100__water_in_chemical__inventory_indicator__output_flow,kg CO2-Eq/kilogram,True
s_o2,BO2,biosphere|graphite_prod_char|water_chem,"biosphere::water, in chemical::inventory indicator > output flow::kilogram",biosphere,"water, in chemical",graphite_prod_char,water_chem,,inventory indicator > output flow,kilogram,TRACI_v2_1__eutrophication__eutrophication_potential,TRACI v2.1 | eutrophication | eutrophication potential,eutrophication,kg N-Eq,0.0,CF_TRACI_v2_1__eutrophication__eutrophication_potential__water_in_chemical__inventory_indicator__output_flow,kg N-Eq/kilogram,True
s_o2,BO2,biosphere|graphite_prod_char|water_chem,"biosphere::water, in chemical::inventory indicator > output flow::kilogram",biosphere,"water, in chemical",graphite_prod_char,water_chem,,inventory indicator > output flow,kilogram,TRACI_v2_1__acidification__acidification_potential_AP,TRACI v2.1 | acidification | acidification potential (AP),acidification,kg SO2-Eq,0.0,CF_TRACI_v2_1__acidification__acidification_potential_AP__water_in_chemical__inventory_indicator__output_flow,kg SO2-Eq/kilogram,True
s_o2,BO2,biosphere|graphite_prod_char|water_chem,"biosphere::water, in chemical::inventory indicator > output flow::kilogram",biosphere,"water, in chemical",graphite_prod_char,water_chem,,inventory indicator > output flow,kilogram,TRACI_v2_1__particulate_matter_formation__particulate_matter_formation_potential_PMFP,TRACI v2.1 | particulate matter formation | particulate matter formation potential (PMFP),particulate matter formation,PM2.5-Eq,0.0,CF_TRACI_v2_1__particulate_matter_formation__particulate_matter_formation_potential_PMFP__water_in_chemical__inventory_indicator__output_flow,PM2.5-Eq/kilogram,True
s_o2,BO2,biosphere|graphite_prod_char|water_chem,"biosphere::water, in chemical::inventory indicator > output flow::kilogram",biosphere,"water, in chemical",graphite_prod_char,water_chem,,inventory indicator > output flow,kilogram,TRACI_v2_1__ecotoxicity_freshwater__ecotoxicity_freshwater,TRACI v2.1 | ecotoxicity: freshwater | ecotoxicity: freshwater,ecotoxicity: freshwater,CTUe,0.0,CF_TRACI_v2_1__ecotoxicity_freshwater__ecotoxicity_freshwater__water_in_chemical__inventory_indicator__output_flow,CTUe/kilogram,True
s_o2,BO2,biosphere|graphite_prod_char|water_chem,"biosphere::water, in chemical::inventory indicator > output flow::kilogram",biosphere,"water, in chemical",graphite_prod_char,water_chem,,inventory indicator > output flow,kilogram,TRACI_v2_1__photochemical_oxidant_formation__maximum_incremental_reactivity_MIR,TRACI v2.1 | photochemical oxidant formation | maximum incremental reactivity (MIR),photochemical oxidant formation,kg O3-Eq,0.0,CF_TRACI_v2_1__photochemical_oxidant_formation__maximum_incremental_reactivity_MIR__water_in_chemical__inventory_indicator__output_flow,kg O3-Eq/kilogram,True
s_o2,BO2,biosphere|graphite_prod_char|hydrocarbon_hytrt,"biosphere::hydrocarbon, from hydrotreating::inventory indicator > output flow::kilogram",biosphere,"hydrocarbon, from hydrotreating",graphite_prod_char,hydrocarbon_hytrt,,inventory indicator > output flow,kilogram,IPCC_2021__climate_change__global_warming_potential_GWP100,IPCC 2021 | climate change | global warming potential (GWP100),climate change,kg CO2-Eq,0.0,CF_IPCC_2021__climate_change__global_warming_potential_GWP100__hydrocarbon_from_hydrotreating__inventory_indicator__output_flow,kg CO2-Eq/kilogram,True
s_o2,BO2,biosphere|graphite_prod_char|hydrocarbon_hytrt,"biosphere::hydrocarbon, from hydrotreating::inventory indicator > output flow::kilogram",biosphere,"hydrocarbon, from hydrotreating",graphite_prod_char,hydrocarbon_hytrt,,inventory indicator > output flow,kilogram,TRACI_v2_1__eutrophication__eutrophication_potential,TRACI v2.1 | eutrophication | eutrophication potential,eutrophication,kg N-Eq,0.0,CF_TRACI_v2_1__eutrophication__eutrophication_potential__hydrocarbon_from_hydrotreating__inventory_indicator__output_flow,kg N-Eq/kilogram,True
s_o2,BO2,biosphere|graphite_prod_char|hydrocarbon_hytrt,"biosphere::hydrocarbon, from hydrotreating::inventory indicator > output flow::kilogram",biosphere,"hydrocarbon, from hydrotreating",graphite_prod_char,hydrocarbon_hytrt,,inventory indicator > output flow,kilogram,TRACI_v2_1__acidification__acidification_potential_AP,TRACI v2.1 | acidification | acidification potential (AP),acidification,kg SO2-Eq,0.0,CF_TRACI_v2_1__acidification__acidification_potential_AP__hydrocarbon_from_hydrotreating__inventory_indicator__output_flow,kg SO2-Eq/kilogram,True
s_o2,BO2,biosphere|graphite_prod_char|hydrocarbon_hytrt,"biosphere::hydrocarbon, from hydrotreating::inventory indicator > output flow::kilogram",biosphere,"hydrocarbon, from hydrotreating",graphite_prod_char,hydrocarbon_hytrt,,inventory indicator > output flow,kilogram,TRACI_v2_1__particulate_matter_formation__particulate_matter_formation_potential_PMFP,TRACI v2.1 | particulate matter formation | particulate matter formation potential (PMFP),particulate matter formation,PM2.5-Eq,0.0,CF_TRACI_v2_1__particulate_matter_formation__particulate_matter_formation_potential_PMFP__hydrocarbon_from_hydrotreating__inventory_indicator__output_flow,PM2.5-Eq/kilogram,True
s_o2,BO2,biosphere|graphite_prod_char|hydrocarbon_hytrt,"biosphere::hydrocarbon, from hydrotreating::inventory indicator > output flow::kilogram",biosphere,"hydrocarbon, from hydrotreating",graphite_prod_char,hydrocarbon_hytrt,,inventory indicator > output flow,kilogram,TRACI_v2_1__ecotoxicity_freshwater__ecotoxicity_freshwater,TRACI v2.1 | ecotoxicity: freshwater | ecotoxicity: freshwater,ecotoxicity: freshwater,CTUe,0.0,CF_TRACI_v2_1__ecotoxicity_freshwater__ecotoxicity_freshwater__hydrocarbon_from_hydrotreating__inventory_indicator__output_flow,CTUe/kilogram,True
s_o2,BO2,biosphere|graphite_prod_char|hydrocarbon_hytrt,"biosphere::hydrocarbon, from hydrotreating::inventory indicator > output flow::kilogram",biosphere,"hydrocarbon, from hydrotreating",graphite_prod_char,hydrocarbon_hytrt,,inventory indicator > output flow,kilogram,TRACI_v2_1__photochemical_oxidant_formation__maximum_incremental_reactivity_MIR,TRACI v2.1 | photochemical oxidant formation | maximum incremental reactivity (MIR),photochemical oxidant formation,kg O3-Eq,0.0,CF_TRACI_v2_1__photochemical_oxidant_formation__maximum_incremental_reactivity_MIR__hydrocarbon_from_hydrotreating__inventory_indicator__output_flow,kg O3-Eq/kilogram,True
s_o2,BO2,biosphere|graphite_prod_char|bio_co2,biosphere::biogenic co2::inventory indicator > output flow::kilogram,biosphere,biogenic co2,graphite_prod_char,bio_co2,,inventory indicator > output flow,kilogram,IPCC_2021__climate_change__global_warming_potential_GWP100,IPCC 2021 | climate change | global warming potential (GWP100),climate change,kg CO2-Eq,0.0,CF_IPCC_2021__climate_change__global_warming_potential_GWP100__biogenic_co2__inventory_indicator__output_flow,kg CO2-Eq/kilogram,True
s_o2,BO2,biosphere|graphite_prod_char|bio_co2,biosphere::biogenic co2::inventory indicator > output flow::kilogram,biosphere,biogenic co2,graphite_prod_char,bio_co2,,inventory indicator > output flow,kilogram,TRACI_v2_1__eutrophication__eutrophication_potential,TRACI v2.1 | eutrophication | eutrophication potential,eutrophication,kg N-Eq,0.0,CF_TRACI_v2_1__eutrophication__eutrophication_potential__biogenic_co2__inventory_indicator__output_flow,kg N-Eq/kilogram,True
s_o2,BO2,biosphere|graphite_prod_char|bio_co2,biosphere::biogenic co2::inventory indicator > output flow::kilogram,biosphere,biogenic co2,graphite_prod_char,bio_co2,,inventory indicator > output flow,kilogram,TRACI_v2_1__acidification__acidification_potential_AP,TRACI v2.1 | acidification | acidification potential (AP),acidification,kg SO2-Eq,0.0,CF_TRACI_v2_1__acidification__acidification_potential_AP__biogenic_co2__inventory_indicator__output_flow,kg SO2-Eq/kilogram,True
s_o2,BO2,biosphere|graphite_prod_char|bio_co2,biosphere::biogenic co2::inventory indicator > output flow::kilogram,biosphere,biogenic co2,graphite_prod_char,bio_co2,,inventory indicator > output flow,kilogram,TRACI_v2_1__particulate_matter_formation__particulate_matter_formation_potential_PMFP,TRACI v2.1 | particulate matter formation | particulate matter formation potential (PMFP),particulate matter formation,PM2.5-Eq,0.0,CF_TRACI_v2_1__particulate_matter_formation__particulate_matter_formation_potential_PMFP__biogenic_co2__inventory_indicator__output_flow,PM2.5-Eq/kilogram,True
s_o2,BO2,biosphere|graphite_prod_char|bio_co2,biosphere::biogenic co2::inventory indicator > output flow::kilogram,biosphere,biogenic co2,graphite_prod_char,bio_co2,,inventory indicator > output flow,kilogram,TRACI_v2_1__ecotoxicity_freshwater__ecotoxicity_freshwater,TRACI v2.1 | ecotoxicity: freshwater | ecotoxicity: freshwater,ecotoxicity: freshwater,CTUe,0.0,CF_TRACI_v2_1__ecotoxicity_freshwater__ecotoxicity_freshwater__biogenic_co2__inventory_indicator__output_flow,CTUe/kilogram,True
s_o2,BO2,biosphere|graphite_prod_char|bio_co2,biosphere::biogenic co2::inventory indicator > output flow::kilogram,biosphere,biogenic co2,graphite_prod_char,bio_co2,,inventory indicator > output flow,kilogram,TRACI_v2_1__photochemical_oxidant_formation__maximum_incremental_reactivity_MIR,TRACI v2.1 | photochemical oxidant formation | maximum incremental reactivity (MIR),photochemical oxidant formation,kg O3-Eq,0.0,CF_TRACI_v2_1__photochemical_oxidant_formation__maximum_incremental_reactivity_MIR__biogenic_co2__inventory_indicator__output_flow,kg O3-Eq/kilogram,True
