scenario,pathway,portable_mapping_key,exchange_type,provider_or_flow_name,provider_location,biosphere_categories,flow_unit,method_slug,impact_category,impact_unit,factor_unit,include_in_lcia,factor_value,factor_source,factor_reference,factor_notes
s_c1,BC1,technosphere::market for diesel::RoW::kilogram,technosphere,market for diesel,RoW,,kilogram,IPCC_2021__climate_change__global_warming_potential_GWP100,climate change,kg CO2-Eq,kg CO2-Eq/kilogram,True,,,,
s_c1,BC1,technosphere::market for diesel::RoW::kilogram,technosphere,market for diesel,RoW,,kilogram,TRACI_v2_1__eutrophication__eutrophication_potential,eutrophication,kg N-Eq,kg N-Eq/kilogram,True,,,,
s_c1,BC1,technosphere::market for diesel::RoW::kilogram,technosphere,market for diesel,RoW,,kilogram,TRACI_v2_1__acidification__acidification_potential_AP,acidification,kg SO2-Eq,kg SO2-Eq/kilogram,True,,,,
s_c1,BC1,technosphere::market for diesel::RoW::kilogram,technosphere,market for diesel,RoW,,kilogram,TRACI_v2_1__particulate_matter_formation__particulate_matter_formation_potential_PMFP,particulate matter formation,PM2.5-Eq,PM2.5-Eq/kilogram,True,,,,
s_c1,BC1,technosphere::market for diesel::RoW::kilogram,technosphere,market for diesel,RoW,,kilogram,TRACI_v2_1__ecotoxicity_freshwater__ecotoxicity_freshwater,ecotoxicity: freshwater,CTUe,CTUe/kilogram,True,,,,
s_c1,BC1,technosphere::market for diesel::RoW::kilogram,technosphere,market for diesel,RoW,,kilogram,TRACI_v2_1__photochemical_oxidant_formation__maximum_incremental_reactivity_MIR,photochemical oxidant formation,kg O3-Eq,kg O3-Eq/kilogram,True,,,,
s_c1,BC1,"technosphere::market for nitrogen, liquid::RoW::kilogram",technosphere,"market for nitrogen, liquid",RoW,,kilogram,IPCC_2021__climate_change__global_warming_potential_GWP100,climate change,kg CO2-Eq,kg CO2-Eq/kilogram,True,,,,
s_c1,BC1,"technosphere::market for nitrogen, liquid::RoW::kilogram",technosphere,"market for nitrogen, liquid",RoW,,kilogram,TRACI_v2_1__eutrophication__eutrophication_potential,eutrophication,kg N-Eq,kg N-Eq/kilogram,True,,,,
s_c1,BC1,"technosphere::market for nitrogen, liquid::RoW::kilogram",technosphere,"market for nitrogen, liquid",RoW,,kilogram,TRACI_v2_1__acidification__acidification_potential_AP,acidification,kg SO2-Eq,kg SO2-Eq/kilogram,True,,,,
s_c1,BC1,"technosphere::market for nitrogen, liquid::RoW::kilogram",technosphere,"market for nitrogen, liquid",RoW,,kilogram,TRACI_v2_1__particulate_matter_formation__particulate_matter_formation_potential_PMFP,particulate matter formation,PM2.5-Eq,PM2.5-Eq/kilogram,True,,,,
s_c1,BC1,"technosphere::market for nitrogen, liquid::RoW::kilogram",technosphere,"market for nitrogen, liquid",RoW,,kilogram,TRACI_v2_1__ecotoxicity_freshwater__ecotoxicity_freshwater,ecotoxicity: freshwater,CTUe,CTUe/kilogram,True,,,,
s_c1,BC1,"technosphere::market for nitrogen, liquid::RoW::kilogram",technosphere,"market for nitrogen, liquid",RoW,,kilogram,TRACI_v2_1__photochemical_oxidant_formation__maximum_incremental_reactivity_MIR,photochemical oxidant formation,kg O3-Eq,kg O3-Eq/kilogram,True,,,,
s_c1,BC1,"technosphere::market group for electricity, medium voltage::US::kilowatt hour",technosphere,"market group for electricity, medium voltage",US,,kilowatt hour,IPCC_2021__climate_change__global_warming_potential_GWP100,climate change,kg CO2-Eq,kg CO2-Eq/kilowatt hour,True,,,,
s_c1,BC1,"technosphere::market group for electricity, medium voltage::US::kilowatt hour",technosphere,"market group for electricity, medium voltage",US,,kilowatt hour,TRACI_v2_1__eutrophication__eutrophication_potential,eutrophication,kg N-Eq,kg N-Eq/kilowatt hour,True,,,,
s_c1,BC1,"technosphere::market group for electricity, medium voltage::US::kilowatt hour",technosphere,"market group for electricity, medium voltage",US,,kilowatt hour,TRACI_v2_1__acidification__acidification_potential_AP,acidification,kg SO2-Eq,kg SO2-Eq/kilowatt hour,True,,,,
s_c1,BC1,"technosphere::market group for electricity, medium voltage::US::kilowatt hour",technosphere,"market group for electricity, medium voltage",US,,kilowatt hour,TRACI_v2_1__particulate_matter_formation__particulate_matter_formation_potential_PMFP,particulate matter formation,PM2.5-Eq,PM2.5-Eq/kilowatt hour,True,,,,
s_c1,BC1,"technosphere::market group for electricity, medium voltage::US::kilowatt hour",technosphere,"market group for electricity, medium voltage",US,,kilowatt hour,TRACI_v2_1__ecotoxicity_freshwater__ecotoxicity_freshwater,ecotoxicity: freshwater,CTUe,CTUe/kilowatt hour,True,,,,
s_c1,BC1,"technosphere::market group for electricity, medium voltage::US::kilowatt hour",technosphere,"market group for electricity, medium voltage",US,,kilowatt hour,TRACI_v2_1__photochemical_oxidant_formation__maximum_incremental_reactivity_MIR,photochemical oxidant formation,kg O3-Eq,kg O3-Eq/kilowatt hour,True,,,,
s_c1,BC1,"technosphere::treatment of wastewater, average, wastewater treatment::RoW::cubic meter",technosphere,"treatment of wastewater, average, wastewater treatment",RoW,,cubic meter,IPCC_2021__climate_change__global_warming_potential_GWP100,climate change,kg CO2-Eq,kg CO2-Eq/cubic meter,True,,,,
s_c1,BC1,"technosphere::treatment of wastewater, average, wastewater treatment::RoW::cubic meter",technosphere,"treatment of wastewater, average, wastewater treatment",RoW,,cubic meter,TRACI_v2_1__eutrophication__eutrophication_potential,eutrophication,kg N-Eq,kg N-Eq/cubic meter,True,,,,
s_c1,BC1,"technosphere::treatment of wastewater, average, wastewater treatment::RoW::cubic meter",technosphere,"treatment of wastewater, average, wastewater treatment",RoW,,cubic meter,TRACI_v2_1__acidification__acidification_potential_AP,acidification,kg SO2-Eq,kg SO2-Eq/cubic meter,True,,,,
s_c1,BC1,"technosphere::treatment of wastewater, average, wastewater treatment::RoW::cubic meter",technosphere,"treatment of wastewater, average, wastewater treatment",RoW,,cubic meter,TRACI_v2_1__particulate_matter_formation__particulate_matter_formation_potential_PMFP,particulate matter formation,PM2.5-Eq,PM2.5-Eq/cubic meter,True,,,,
s_c1,BC1,"technosphere::treatment of wastewater, average, wastewater treatment::RoW::cubic meter",technosphere,"treatment of wastewater, average, wastewater treatment",RoW,,cubic meter,TRACI_v2_1__ecotoxicity_freshwater__ecotoxicity_freshwater,ecotoxicity: freshwater,CTUe,CTUe/cubic meter,True,,,,
s_c1,BC1,"technosphere::treatment of wastewater, average, wastewater treatment::RoW::cubic meter",technosphere,"treatment of wastewater, average, wastewater treatment",RoW,,cubic meter,TRACI_v2_1__photochemical_oxidant_formation__maximum_incremental_reactivity_MIR,photochemical oxidant formation,kg O3-Eq,kg O3-Eq/cubic meter,True,,,,
s_c1,BC1,"technosphere::hardwood forestry, beech, sustainable forest management::RoW::kilogram",technosphere,"hardwood forestry, beech, sustainable forest management",RoW,,kilogram,IPCC_2021__climate_change__global_warming_potential_GWP100,climate change,kg CO2-Eq,kg CO2-Eq/kilogram,True,,,,
s_c1,BC1,"technosphere::hardwood forestry, beech, sustainable forest management::RoW::kilogram",technosphere,"hardwood forestry, beech, sustainable forest management",RoW,,kilogram,TRACI_v2_1__eutrophication__eutrophication_potential,eutrophication,kg N-Eq,kg N-Eq/kilogram,True,,,,
s_c1,BC1,"technosphere::hardwood forestry, beech, sustainable forest management::RoW::kilogram",technosphere,"hardwood forestry, beech, sustainable forest management",RoW,,kilogram,TRACI_v2_1__acidification__acidification_potential_AP,acidification,kg SO2-Eq,kg SO2-Eq/kilogram,True,,,,
s_c1,BC1,"technosphere::hardwood forestry, beech, sustainable forest management::RoW::kilogram",technosphere,"hardwood forestry, beech, sustainable forest management",RoW,,kilogram,TRACI_v2_1__particulate_matter_formation__particulate_matter_formation_potential_PMFP,particulate matter formation,PM2.5-Eq,PM2.5-Eq/kilogram,True,,,,
s_c1,BC1,"technosphere::hardwood forestry, beech, sustainable forest management::RoW::kilogram",technosphere,"hardwood forestry, beech, sustainable forest management",RoW,,kilogram,TRACI_v2_1__ecotoxicity_freshwater__ecotoxicity_freshwater,ecotoxicity: freshwater,CTUe,CTUe/kilogram,True,,,,
s_c1,BC1,"technosphere::hardwood forestry, beech, sustainable forest management::RoW::kilogram",technosphere,"hardwood forestry, beech, sustainable forest management",RoW,,kilogram,TRACI_v2_1__photochemical_oxidant_formation__maximum_incremental_reactivity_MIR,photochemical oxidant formation,kg O3-Eq,kg O3-Eq/kilogram,True,,,,
s_c1,BC1,"technosphere::hardwood forestry, birch, sustainable forest management::RoW::kilogram",technosphere,"hardwood forestry, birch, sustainable forest management",RoW,,kilogram,IPCC_2021__climate_change__global_warming_potential_GWP100,climate change,kg CO2-Eq,kg CO2-Eq/kilogram,True,,,,
s_c1,BC1,"technosphere::hardwood forestry, birch, sustainable forest management::RoW::kilogram",technosphere,"hardwood forestry, birch, sustainable forest management",RoW,,kilogram,TRACI_v2_1__eutrophication__eutrophication_potential,eutrophication,kg N-Eq,kg N-Eq/kilogram,True,,,,
s_c1,BC1,"technosphere::hardwood forestry, birch, sustainable forest management::RoW::kilogram",technosphere,"hardwood forestry, birch, sustainable forest management",RoW,,kilogram,TRACI_v2_1__acidification__acidification_potential_AP,acidification,kg SO2-Eq,kg SO2-Eq/kilogram,True,,,,
s_c1,BC1,"technosphere::hardwood forestry, birch, sustainable forest management::RoW::kilogram",technosphere,"hardwood forestry, birch, sustainable forest management",RoW,,kilogram,TRACI_v2_1__particulate_matter_formation__particulate_matter_formation_potential_PMFP,particulate matter formation,PM2.5-Eq,PM2.5-Eq/kilogram,True,,,,
s_c1,BC1,"technosphere::hardwood forestry, birch, sustainable forest management::RoW::kilogram",technosphere,"hardwood forestry, birch, sustainable forest management",RoW,,kilogram,TRACI_v2_1__ecotoxicity_freshwater__ecotoxicity_freshwater,ecotoxicity: freshwater,CTUe,CTUe/kilogram,True,,,,
s_c1,BC1,"technosphere::hardwood forestry, birch, sustainable forest management::RoW::kilogram",technosphere,"hardwood forestry, birch, sustainable forest management",RoW,,kilogram,TRACI_v2_1__photochemical_oxidant_formation__maximum_incremental_reactivity_MIR,photochemical oxidant formation,kg O3-Eq,kg O3-Eq/kilogram,True,,,,
s_c1,BC1,"technosphere::hardwood forestry, eucalyptus ssp., planted forest management::RoW::kilogram",technosphere,"hardwood forestry, eucalyptus ssp., planted forest management",RoW,,kilogram,IPCC_2021__climate_change__global_warming_potential_GWP100,climate change,kg CO2-Eq,kg CO2-Eq/kilogram,True,,,,
s_c1,BC1,"technosphere::hardwood forestry, eucalyptus ssp., planted forest management::RoW::kilogram",technosphere,"hardwood forestry, eucalyptus ssp., planted forest management",RoW,,kilogram,TRACI_v2_1__eutrophication__eutrophication_potential,eutrophication,kg N-Eq,kg N-Eq/kilogram,True,,,,
s_c1,BC1,"technosphere::hardwood forestry, eucalyptus ssp., planted forest management::RoW::kilogram",technosphere,"hardwood forestry, eucalyptus ssp., planted forest management",RoW,,kilogram,TRACI_v2_1__acidification__acidification_potential_AP,acidification,kg SO2-Eq,kg SO2-Eq/kilogram,True,,,,
s_c1,BC1,"technosphere::hardwood forestry, eucalyptus ssp., planted forest management::RoW::kilogram",technosphere,"hardwood forestry, eucalyptus ssp., planted forest management",RoW,,kilogram,TRACI_v2_1__particulate_matter_formation__particulate_matter_formation_potential_PMFP,particulate matter formation,PM2.5-Eq,PM2.5-Eq/kilogram,True,,,,
s_c1,BC1,"technosphere::hardwood forestry, eucalyptus ssp., planted forest management::RoW::kilogram",technosphere,"hardwood forestry, eucalyptus ssp., planted forest management",RoW,,kilogram,TRACI_v2_1__ecotoxicity_freshwater__ecotoxicity_freshwater,ecotoxicity: freshwater,CTUe,CTUe/kilogram,True,,,,
s_c1,BC1,"technosphere::hardwood forestry, eucalyptus ssp., planted forest management::RoW::kilogram",technosphere,"hardwood forestry, eucalyptus ssp., planted forest management",RoW,,kilogram,TRACI_v2_1__photochemical_oxidant_formation__maximum_incremental_reactivity_MIR,photochemical oxidant formation,kg O3-Eq,kg O3-Eq/kilogram,True,,,,
s_c1,BC1,"technosphere::hardwood forestry, oak, sustainable forest management::RoW::kilogram",technosphere,"hardwood forestry, oak, sustainable forest management",RoW,,kilogram,IPCC_2021__climate_change__global_warming_potential_GWP100,climate change,kg CO2-Eq,kg CO2-Eq/kilogram,True,,,,
s_c1,BC1,"technosphere::hardwood forestry, oak, sustainable forest management::RoW::kilogram",technosphere,"hardwood forestry, oak, sustainable forest management",RoW,,kilogram,TRACI_v2_1__eutrophication__eutrophication_potential,eutrophication,kg N-Eq,kg N-Eq/kilogram,True,,,,
s_c1,BC1,"technosphere::hardwood forestry, oak, sustainable forest management::RoW::kilogram",technosphere,"hardwood forestry, oak, sustainable forest management",RoW,,kilogram,TRACI_v2_1__acidification__acidification_potential_AP,acidification,kg SO2-Eq,kg SO2-Eq/kilogram,True,,,,
s_c1,BC1,"technosphere::hardwood forestry, oak, sustainable forest management::RoW::kilogram",technosphere,"hardwood forestry, oak, sustainable forest management",RoW,,kilogram,TRACI_v2_1__particulate_matter_formation__particulate_matter_formation_potential_PMFP,particulate matter formation,PM2.5-Eq,PM2.5-Eq/kilogram,True,,,,
s_c1,BC1,"technosphere::hardwood forestry, oak, sustainable forest management::RoW::kilogram",technosphere,"hardwood forestry, oak, sustainable forest management",RoW,,kilogram,TRACI_v2_1__ecotoxicity_freshwater__ecotoxicity_freshwater,ecotoxicity: freshwater,CTUe,CTUe/kilogram,True,,,,
s_c1,BC1,"technosphere::hardwood forestry, oak, sustainable forest management::RoW::kilogram",technosphere,"hardwood forestry, oak, sustainable forest management",RoW,,kilogram,TRACI_v2_1__photochemical_oxidant_formation__maximum_incremental_reactivity_MIR,photochemical oxidant formation,kg O3-Eq,kg O3-Eq/kilogram,True,,,,
s_c1,BC1,"technosphere::softwood forestry, pine, sustainable forest management::RoW::kilogram",technosphere,"softwood forestry, pine, sustainable forest management",RoW,,kilogram,IPCC_2021__climate_change__global_warming_potential_GWP100,climate change,kg CO2-Eq,kg CO2-Eq/kilogram,True,,,,
s_c1,BC1,"technosphere::softwood forestry, pine, sustainable forest management::RoW::kilogram",technosphere,"softwood forestry, pine, sustainable forest management",RoW,,kilogram,TRACI_v2_1__eutrophication__eutrophication_potential,eutrophication,kg N-Eq,kg N-Eq/kilogram,True,,,,
s_c1,BC1,"technosphere::softwood forestry, pine, sustainable forest management::RoW::kilogram",technosphere,"softwood forestry, pine, sustainable forest management",RoW,,kilogram,TRACI_v2_1__acidification__acidification_potential_AP,acidification,kg SO2-Eq,kg SO2-Eq/kilogram,True,,,,
s_c1,BC1,"technosphere::softwood forestry, pine, sustainable forest management::RoW::kilogram",technosphere,"softwood forestry, pine, sustainable forest management",RoW,,kilogram,TRACI_v2_1__particulate_matter_formation__particulate_matter_formation_potential_PMFP,particulate matter formation,PM2.5-Eq,PM2.5-Eq/kilogram,True,,,,
s_c1,BC1,"technosphere::softwood forestry, pine, sustainable forest management::RoW::kilogram",technosphere,"softwood forestry, pine, sustainable forest management",RoW,,kilogram,TRACI_v2_1__ecotoxicity_freshwater__ecotoxicity_freshwater,ecotoxicity: freshwater,CTUe,CTUe/kilogram,True,,,,
s_c1,BC1,"technosphere::softwood forestry, pine, sustainable forest management::RoW::kilogram",technosphere,"softwood forestry, pine, sustainable forest management",RoW,,kilogram,TRACI_v2_1__photochemical_oxidant_formation__maximum_incremental_reactivity_MIR,photochemical oxidant formation,kg O3-Eq,kg O3-Eq/kilogram,True,,,,
s_c1,BC1,"technosphere::softwood forestry, spruce, sustainable forest management::RoW::kilogram",technosphere,"softwood forestry, spruce, sustainable forest management",RoW,,kilogram,IPCC_2021__climate_change__global_warming_potential_GWP100,climate change,kg CO2-Eq,kg CO2-Eq/kilogram,True,,,,
s_c1,BC1,"technosphere::softwood forestry, spruce, sustainable forest management::RoW::kilogram",technosphere,"softwood forestry, spruce, sustainable forest management",RoW,,kilogram,TRACI_v2_1__eutrophication__eutrophication_potential,eutrophication,kg N-Eq,kg N-Eq/kilogram,True,,,,
s_c1,BC1,"technosphere::softwood forestry, spruce, sustainable forest management::RoW::kilogram",technosphere,"softwood forestry, spruce, sustainable forest management",RoW,,kilogram,TRACI_v2_1__acidification__acidification_potential_AP,acidification,kg SO2-Eq,kg SO2-Eq/kilogram,True,,,,
s_c1,BC1,"technosphere::softwood forestry, spruce, sustainable forest management::RoW::kilogram",technosphere,"softwood forestry, spruce, sustainable forest management",RoW,,kilogram,TRACI_v2_1__particulate_matter_formation__particulate_matter_formation_potential_PMFP,particulate matter formation,PM2.5-Eq,PM2.5-Eq/kilogram,True,,,,
s_c1,BC1,"technosphere::softwood forestry, spruce, sustainable forest management::RoW::kilogram",technosphere,"softwood forestry, spruce, sustainable forest management",RoW,,kilogram,TRACI_v2_1__ecotoxicity_freshwater__ecotoxicity_freshwater,ecotoxicity: freshwater,CTUe,CTUe/kilogram,True,,,,
s_c1,BC1,"technosphere::softwood forestry, spruce, sustainable forest management::RoW::kilogram",technosphere,"softwood forestry, spruce, sustainable forest management",RoW,,kilogram,TRACI_v2_1__photochemical_oxidant_formation__maximum_incremental_reactivity_MIR,photochemical oxidant formation,kg O3-Eq,kg O3-Eq/kilogram,True,,,,
s_c1,BC1,"technosphere::willow production, short rotation coppice::RoW::kilogram",technosphere,"willow production, short rotation coppice",RoW,,kilogram,IPCC_2021__climate_change__global_warming_potential_GWP100,climate change,kg CO2-Eq,kg CO2-Eq/kilogram,True,,,,
s_c1,BC1,"technosphere::willow production, short rotation coppice::RoW::kilogram",technosphere,"willow production, short rotation coppice",RoW,,kilogram,TRACI_v2_1__eutrophication__eutrophication_potential,eutrophication,kg N-Eq,kg N-Eq/kilogram,True,,,,
s_c1,BC1,"technosphere::willow production, short rotation coppice::RoW::kilogram",technosphere,"willow production, short rotation coppice",RoW,,kilogram,TRACI_v2_1__acidification__acidification_potential_AP,acidification,kg SO2-Eq,kg SO2-Eq/kilogram,True,,,,
s_c1,BC1,"technosphere::willow production, short rotation coppice::RoW::kilogram",technosphere,"willow production, short rotation coppice",RoW,,kilogram,TRACI_v2_1__particulate_matter_formation__particulate_matter_formation_potential_PMFP,particulate matter formation,PM2.5-Eq,PM2.5-Eq/kilogram,True,,,,
s_c1,BC1,"technosphere::willow production, short rotation coppice::RoW::kilogram",technosphere,"willow production, short rotation coppice",RoW,,kilogram,TRACI_v2_1__ecotoxicity_freshwater__ecotoxicity_freshwater,ecotoxicity: freshwater,CTUe,CTUe/kilogram,True,,,,
s_c1,BC1,"technosphere::willow production, short rotation coppice::RoW::kilogram",technosphere,"willow production, short rotation coppice",RoW,,kilogram,TRACI_v2_1__photochemical_oxidant_formation__maximum_incremental_reactivity_MIR,photochemical oxidant formation,kg O3-Eq,kg O3-Eq/kilogram,True,,,,
s_c1,BC1,"technosphere::market for inorganic nitrogen fertiliser, as N::US::kilogram",technosphere,"market for inorganic nitrogen fertiliser, as N",US,,kilogram,IPCC_2021__climate_change__global_warming_potential_GWP100,climate change,kg CO2-Eq,kg CO2-Eq/kilogram,True,,,,
s_c1,BC1,"technosphere::market for inorganic nitrogen fertiliser, as N::US::kilogram",technosphere,"market for inorganic nitrogen fertiliser, as N",US,,kilogram,TRACI_v2_1__eutrophication__eutrophication_potential,eutrophication,kg N-Eq,kg N-Eq/kilogram,True,,,,
s_c1,BC1,"technosphere::market for inorganic nitrogen fertiliser, as N::US::kilogram",technosphere,"market for inorganic nitrogen fertiliser, as N",US,,kilogram,TRACI_v2_1__acidification__acidification_potential_AP,acidification,kg SO2-Eq,kg SO2-Eq/kilogram,True,,,,
s_c1,BC1,"technosphere::market for inorganic nitrogen fertiliser, as N::US::kilogram",technosphere,"market for inorganic nitrogen fertiliser, as N",US,,kilogram,TRACI_v2_1__particulate_matter_formation__particulate_matter_formation_potential_PMFP,particulate matter formation,PM2.5-Eq,PM2.5-Eq/kilogram,True,,,,
s_c1,BC1,"technosphere::market for inorganic nitrogen fertiliser, as N::US::kilogram",technosphere,"market for inorganic nitrogen fertiliser, as N",US,,kilogram,TRACI_v2_1__ecotoxicity_freshwater__ecotoxicity_freshwater,ecotoxicity: freshwater,CTUe,CTUe/kilogram,True,,,,
s_c1,BC1,"technosphere::market for inorganic nitrogen fertiliser, as N::US::kilogram",technosphere,"market for inorganic nitrogen fertiliser, as N",US,,kilogram,TRACI_v2_1__photochemical_oxidant_formation__maximum_incremental_reactivity_MIR,photochemical oxidant formation,kg O3-Eq,kg O3-Eq/kilogram,True,,,,
s_c1,BC1,"technosphere::market for inorganic phosphorus fertiliser, as P2O5::US::kilogram",technosphere,"market for inorganic phosphorus fertiliser, as P2O5",US,,kilogram,IPCC_2021__climate_change__global_warming_potential_GWP100,climate change,kg CO2-Eq,kg CO2-Eq/kilogram,True,,,,
s_c1,BC1,"technosphere::market for inorganic phosphorus fertiliser, as P2O5::US::kilogram",technosphere,"market for inorganic phosphorus fertiliser, as P2O5",US,,kilogram,TRACI_v2_1__eutrophication__eutrophication_potential,eutrophication,kg N-Eq,kg N-Eq/kilogram,True,,,,
s_c1,BC1,"technosphere::market for inorganic phosphorus fertiliser, as P2O5::US::kilogram",technosphere,"market for inorganic phosphorus fertiliser, as P2O5",US,,kilogram,TRACI_v2_1__acidification__acidification_potential_AP,acidification,kg SO2-Eq,kg SO2-Eq/kilogram,True,,,,
s_c1,BC1,"technosphere::market for inorganic phosphorus fertiliser, as P2O5::US::kilogram",technosphere,"market for inorganic phosphorus fertiliser, as P2O5",US,,kilogram,TRACI_v2_1__particulate_matter_formation__particulate_matter_formation_potential_PMFP,particulate matter formation,PM2.5-Eq,PM2.5-Eq/kilogram,True,,,,
s_c1,BC1,"technosphere::market for inorganic phosphorus fertiliser, as P2O5::US::kilogram",technosphere,"market for inorganic phosphorus fertiliser, as P2O5",US,,kilogram,TRACI_v2_1__ecotoxicity_freshwater__ecotoxicity_freshwater,ecotoxicity: freshwater,CTUe,CTUe/kilogram,True,,,,
s_c1,BC1,"technosphere::market for inorganic phosphorus fertiliser, as P2O5::US::kilogram",technosphere,"market for inorganic phosphorus fertiliser, as P2O5",US,,kilogram,TRACI_v2_1__photochemical_oxidant_formation__maximum_incremental_reactivity_MIR,photochemical oxidant formation,kg O3-Eq,kg O3-Eq/kilogram,True,,,,
s_c1,BC1,"technosphere::market for inorganic potassium fertiliser, as K2O::US::kilogram",technosphere,"market for inorganic potassium fertiliser, as K2O",US,,kilogram,IPCC_2021__climate_change__global_warming_potential_GWP100,climate change,kg CO2-Eq,kg CO2-Eq/kilogram,True,,,,
s_c1,BC1,"technosphere::market for inorganic potassium fertiliser, as K2O::US::kilogram",technosphere,"market for inorganic potassium fertiliser, as K2O",US,,kilogram,TRACI_v2_1__eutrophication__eutrophication_potential,eutrophication,kg N-Eq,kg N-Eq/kilogram,True,,,,
s_c1,BC1,"technosphere::market for inorganic potassium fertiliser, as K2O::US::kilogram",technosphere,"market for inorganic potassium fertiliser, as K2O",US,,kilogram,TRACI_v2_1__acidification__acidification_potential_AP,acidification,kg SO2-Eq,kg SO2-Eq/kilogram,True,,,,
s_c1,BC1,"technosphere::market for inorganic potassium fertiliser, as K2O::US::kilogram",technosphere,"market for inorganic potassium fertiliser, as K2O",US,,kilogram,TRACI_v2_1__particulate_matter_formation__particulate_matter_formation_potential_PMFP,particulate matter formation,PM2.5-Eq,PM2.5-Eq/kilogram,True,,,,
s_c1,BC1,"technosphere::market for inorganic potassium fertiliser, as K2O::US::kilogram",technosphere,"market for inorganic potassium fertiliser, as K2O",US,,kilogram,TRACI_v2_1__ecotoxicity_freshwater__ecotoxicity_freshwater,ecotoxicity: freshwater,CTUe,CTUe/kilogram,True,,,,
s_c1,BC1,"technosphere::market for inorganic potassium fertiliser, as K2O::US::kilogram",technosphere,"market for inorganic potassium fertiliser, as K2O",US,,kilogram,TRACI_v2_1__photochemical_oxidant_formation__maximum_incremental_reactivity_MIR,photochemical oxidant formation,kg O3-Eq,kg O3-Eq/kilogram,True,,,,
s_c1,BC1,technosphere::market for glyphosate::GLO::kilogram,technosphere,market for glyphosate,GLO,,kilogram,IPCC_2021__climate_change__global_warming_potential_GWP100,climate change,kg CO2-Eq,kg CO2-Eq/kilogram,True,,,,
s_c1,BC1,technosphere::market for glyphosate::GLO::kilogram,technosphere,market for glyphosate,GLO,,kilogram,TRACI_v2_1__eutrophication__eutrophication_potential,eutrophication,kg N-Eq,kg N-Eq/kilogram,True,,,,
s_c1,BC1,technosphere::market for glyphosate::GLO::kilogram,technosphere,market for glyphosate,GLO,,kilogram,TRACI_v2_1__acidification__acidification_potential_AP,acidification,kg SO2-Eq,kg SO2-Eq/kilogram,True,,,,
s_c1,BC1,technosphere::market for glyphosate::GLO::kilogram,technosphere,market for glyphosate,GLO,,kilogram,TRACI_v2_1__particulate_matter_formation__particulate_matter_formation_potential_PMFP,particulate matter formation,PM2.5-Eq,PM2.5-Eq/kilogram,True,,,,
s_c1,BC1,technosphere::market for glyphosate::GLO::kilogram,technosphere,market for glyphosate,GLO,,kilogram,TRACI_v2_1__ecotoxicity_freshwater__ecotoxicity_freshwater,ecotoxicity: freshwater,CTUe,CTUe/kilogram,True,,,,
s_c1,BC1,technosphere::market for glyphosate::GLO::kilogram,technosphere,market for glyphosate,GLO,,kilogram,TRACI_v2_1__photochemical_oxidant_formation__maximum_incremental_reactivity_MIR,photochemical oxidant formation,kg O3-Eq,kg O3-Eq/kilogram,True,,,,
s_c1,BC1,"technosphere::market for calcium carbonate, precipitated::RoW::kilogram",technosphere,"market for calcium carbonate, precipitated",RoW,,kilogram,IPCC_2021__climate_change__global_warming_potential_GWP100,climate change,kg CO2-Eq,kg CO2-Eq/kilogram,True,,,,
s_c1,BC1,"technosphere::market for calcium carbonate, precipitated::RoW::kilogram",technosphere,"market for calcium carbonate, precipitated",RoW,,kilogram,TRACI_v2_1__eutrophication__eutrophication_potential,eutrophication,kg N-Eq,kg N-Eq/kilogram,True,,,,
s_c1,BC1,"technosphere::market for calcium carbonate, precipitated::RoW::kilogram",technosphere,"market for calcium carbonate, precipitated",RoW,,kilogram,TRACI_v2_1__acidification__acidification_potential_AP,acidification,kg SO2-Eq,kg SO2-Eq/kilogram,True,,,,
s_c1,BC1,"technosphere::market for calcium carbonate, precipitated::RoW::kilogram",technosphere,"market for calcium carbonate, precipitated",RoW,,kilogram,TRACI_v2_1__particulate_matter_formation__particulate_matter_formation_potential_PMFP,particulate matter formation,PM2.5-Eq,PM2.5-Eq/kilogram,True,,,,
s_c1,BC1,"technosphere::market for calcium carbonate, precipitated::RoW::kilogram",technosphere,"market for calcium carbonate, precipitated",RoW,,kilogram,TRACI_v2_1__ecotoxicity_freshwater__ecotoxicity_freshwater,ecotoxicity: freshwater,CTUe,CTUe/kilogram,True,,,,
s_c1,BC1,"technosphere::market for calcium carbonate, precipitated::RoW::kilogram",technosphere,"market for calcium carbonate, precipitated",RoW,,kilogram,TRACI_v2_1__photochemical_oxidant_formation__maximum_incremental_reactivity_MIR,photochemical oxidant formation,kg O3-Eq,kg O3-Eq/kilogram,True,,,,
s_c1,BC1,"technosphere::market for polyethylene, high density, granulate::GLO::kilogram",technosphere,"market for polyethylene, high density, granulate",GLO,,kilogram,IPCC_2021__climate_change__global_warming_potential_GWP100,climate change,kg CO2-Eq,kg CO2-Eq/kilogram,True,,,,
s_c1,BC1,"technosphere::market for polyethylene, high density, granulate::GLO::kilogram",technosphere,"market for polyethylene, high density, granulate",GLO,,kilogram,TRACI_v2_1__eutrophication__eutrophication_potential,eutrophication,kg N-Eq,kg N-Eq/kilogram,True,,,,
s_c1,BC1,"technosphere::market for polyethylene, high density, granulate::GLO::kilogram",technosphere,"market for polyethylene, high density, granulate",GLO,,kilogram,TRACI_v2_1__acidification__acidification_potential_AP,acidification,kg SO2-Eq,kg SO2-Eq/kilogram,True,,,,
s_c1,BC1,"technosphere::market for polyethylene, high density, granulate::GLO::kilogram",technosphere,"market for polyethylene, high density, granulate",GLO,,kilogram,TRACI_v2_1__particulate_matter_formation__particulate_matter_formation_potential_PMFP,particulate matter formation,PM2.5-Eq,PM2.5-Eq/kilogram,True,,,,
s_c1,BC1,"technosphere::market for polyethylene, high density, granulate::GLO::kilogram",technosphere,"market for polyethylene, high density, granulate",GLO,,kilogram,TRACI_v2_1__ecotoxicity_freshwater__ecotoxicity_freshwater,ecotoxicity: freshwater,CTUe,CTUe/kilogram,True,,,,
s_c1,BC1,"technosphere::market for polyethylene, high density, granulate::GLO::kilogram",technosphere,"market for polyethylene, high density, granulate",GLO,,kilogram,TRACI_v2_1__photochemical_oxidant_formation__maximum_incremental_reactivity_MIR,photochemical oxidant formation,kg O3-Eq,kg O3-Eq/kilogram,True,,,,
s_c1,BC1,"technosphere::market for iron(III) chloride, without water, in 14% iron solution state::GLO::kilogram",technosphere,"market for iron(III) chloride, without water, in 14% iron solution state",GLO,,kilogram,IPCC_2021__climate_change__global_warming_potential_GWP100,climate change,kg CO2-Eq,kg CO2-Eq/kilogram,True,,,,
s_c1,BC1,"technosphere::market for iron(III) chloride, without water, in 14% iron solution state::GLO::kilogram",technosphere,"market for iron(III) chloride, without water, in 14% iron solution state",GLO,,kilogram,TRACI_v2_1__eutrophication__eutrophication_potential,eutrophication,kg N-Eq,kg N-Eq/kilogram,True,,,,
s_c1,BC1,"technosphere::market for iron(III) chloride, without water, in 14% iron solution state::GLO::kilogram",technosphere,"market for iron(III) chloride, without water, in 14% iron solution state",GLO,,kilogram,TRACI_v2_1__acidification__acidification_potential_AP,acidification,kg SO2-Eq,kg SO2-Eq/kilogram,True,,,,
s_c1,BC1,"technosphere::market for iron(III) chloride, without water, in 14% iron solution state::GLO::kilogram",technosphere,"market for iron(III) chloride, without water, in 14% iron solution state",GLO,,kilogram,TRACI_v2_1__particulate_matter_formation__particulate_matter_formation_potential_PMFP,particulate matter formation,PM2.5-Eq,PM2.5-Eq/kilogram,True,,,,
s_c1,BC1,"technosphere::market for iron(III) chloride, without water, in 14% iron solution state::GLO::kilogram",technosphere,"market for iron(III) chloride, without water, in 14% iron solution state",GLO,,kilogram,TRACI_v2_1__ecotoxicity_freshwater__ecotoxicity_freshwater,ecotoxicity: freshwater,CTUe,CTUe/kilogram,True,,,,
s_c1,BC1,"technosphere::market for iron(III) chloride, without water, in 14% iron solution state::GLO::kilogram",technosphere,"market for iron(III) chloride, without water, in 14% iron solution state",GLO,,kilogram,TRACI_v2_1__photochemical_oxidant_formation__maximum_incremental_reactivity_MIR,photochemical oxidant formation,kg O3-Eq,kg O3-Eq/kilogram,True,,,,
s_c1,BC1,"technosphere::market for hydrochloric acid, without water, in 30% solution state::RoW::kilogram",technosphere,"market for hydrochloric acid, without water, in 30% solution state",RoW,,kilogram,IPCC_2021__climate_change__global_warming_potential_GWP100,climate change,kg CO2-Eq,kg CO2-Eq/kilogram,True,,,,
s_c1,BC1,"technosphere::market for hydrochloric acid, without water, in 30% solution state::RoW::kilogram",technosphere,"market for hydrochloric acid, without water, in 30% solution state",RoW,,kilogram,TRACI_v2_1__eutrophication__eutrophication_potential,eutrophication,kg N-Eq,kg N-Eq/kilogram,True,,,,
s_c1,BC1,"technosphere::market for hydrochloric acid, without water, in 30% solution state::RoW::kilogram",technosphere,"market for hydrochloric acid, without water, in 30% solution state",RoW,,kilogram,TRACI_v2_1__acidification__acidification_potential_AP,acidification,kg SO2-Eq,kg SO2-Eq/kilogram,True,,,,
s_c1,BC1,"technosphere::market for hydrochloric acid, without water, in 30% solution state::RoW::kilogram",technosphere,"market for hydrochloric acid, without water, in 30% solution state",RoW,,kilogram,TRACI_v2_1__particulate_matter_formation__particulate_matter_formation_potential_PMFP,particulate matter formation,PM2.5-Eq,PM2.5-Eq/kilogram,True,,,,
s_c1,BC1,"technosphere::market for hydrochloric acid, without water, in 30% solution state::RoW::kilogram",technosphere,"market for hydrochloric acid, without water, in 30% solution state",RoW,,kilogram,TRACI_v2_1__ecotoxicity_freshwater__ecotoxicity_freshwater,ecotoxicity: freshwater,CTUe,CTUe/kilogram,True,,,,
s_c1,BC1,"technosphere::market for hydrochloric acid, without water, in 30% solution state::RoW::kilogram",technosphere,"market for hydrochloric acid, without water, in 30% solution state",RoW,,kilogram,TRACI_v2_1__photochemical_oxidant_formation__maximum_incremental_reactivity_MIR,photochemical oxidant formation,kg O3-Eq,kg O3-Eq/kilogram,True,,,,
s_c1,BC1,"technosphere::market for natural gas, high pressure::US::cubic meter",technosphere,"market for natural gas, high pressure",US,,cubic meter,IPCC_2021__climate_change__global_warming_potential_GWP100,climate change,kg CO2-Eq,kg CO2-Eq/cubic meter,True,,,,
s_c1,BC1,"technosphere::market for natural gas, high pressure::US::cubic meter",technosphere,"market for natural gas, high pressure",US,,cubic meter,TRACI_v2_1__eutrophication__eutrophication_potential,eutrophication,kg N-Eq,kg N-Eq/cubic meter,True,,,,
s_c1,BC1,"technosphere::market for natural gas, high pressure::US::cubic meter",technosphere,"market for natural gas, high pressure",US,,cubic meter,TRACI_v2_1__acidification__acidification_potential_AP,acidification,kg SO2-Eq,kg SO2-Eq/cubic meter,True,,,,
s_c1,BC1,"technosphere::market for natural gas, high pressure::US::cubic meter",technosphere,"market for natural gas, high pressure",US,,cubic meter,TRACI_v2_1__particulate_matter_formation__particulate_matter_formation_potential_PMFP,particulate matter formation,PM2.5-Eq,PM2.5-Eq/cubic meter,True,,,,
s_c1,BC1,"technosphere::market for natural gas, high pressure::US::cubic meter",technosphere,"market for natural gas, high pressure",US,,cubic meter,TRACI_v2_1__ecotoxicity_freshwater__ecotoxicity_freshwater,ecotoxicity: freshwater,CTUe,CTUe/cubic meter,True,,,,
s_c1,BC1,"technosphere::market for natural gas, high pressure::US::cubic meter",technosphere,"market for natural gas, high pressure",US,,cubic meter,TRACI_v2_1__photochemical_oxidant_formation__maximum_incremental_reactivity_MIR,photochemical oxidant formation,kg O3-Eq,kg O3-Eq/cubic meter,True,,,,
s_c1,BC1,"technosphere::market for sodium hydroxide, without water, in 50% solution state::GLO::kilogram",technosphere,"market for sodium hydroxide, without water, in 50% solution state",GLO,,kilogram,IPCC_2021__climate_change__global_warming_potential_GWP100,climate change,kg CO2-Eq,kg CO2-Eq/kilogram,True,,,,
s_c1,BC1,"technosphere::market for sodium hydroxide, without water, in 50% solution state::GLO::kilogram",technosphere,"market for sodium hydroxide, without water, in 50% solution state",GLO,,kilogram,TRACI_v2_1__eutrophication__eutrophication_potential,eutrophication,kg N-Eq,kg N-Eq/kilogram,True,,,,
s_c1,BC1,"technosphere::market for sodium hydroxide, without water, in 50% solution state::GLO::kilogram",technosphere,"market for sodium hydroxide, without water, in 50% solution state",GLO,,kilogram,TRACI_v2_1__acidification__acidification_potential_AP,acidification,kg SO2-Eq,kg SO2-Eq/kilogram,True,,,,
s_c1,BC1,"technosphere::market for sodium hydroxide, without water, in 50% solution state::GLO::kilogram",technosphere,"market for sodium hydroxide, without water, in 50% solution state",GLO,,kilogram,TRACI_v2_1__particulate_matter_formation__particulate_matter_formation_potential_PMFP,particulate matter formation,PM2.5-Eq,PM2.5-Eq/kilogram,True,,,,
s_c1,BC1,"technosphere::market for sodium hydroxide, without water, in 50% solution state::GLO::kilogram",technosphere,"market for sodium hydroxide, without water, in 50% solution state",GLO,,kilogram,TRACI_v2_1__ecotoxicity_freshwater__ecotoxicity_freshwater,ecotoxicity: freshwater,CTUe,CTUe/kilogram,True,,,,
s_c1,BC1,"technosphere::market for sodium hydroxide, without water, in 50% solution state::GLO::kilogram",technosphere,"market for sodium hydroxide, without water, in 50% solution state",GLO,,kilogram,TRACI_v2_1__photochemical_oxidant_formation__maximum_incremental_reactivity_MIR,photochemical oxidant formation,kg O3-Eq,kg O3-Eq/kilogram,True,,,,
s_c1,BC1,biosphere::Oxygen::natural resource > in air::kilogram,biosphere,Oxygen,,natural resource > in air,kilogram,IPCC_2021__climate_change__global_warming_potential_GWP100,climate change,kg CO2-Eq,kg CO2-Eq/kilogram,True,,,,
s_c1,BC1,biosphere::Oxygen::natural resource > in air::kilogram,biosphere,Oxygen,,natural resource > in air,kilogram,TRACI_v2_1__eutrophication__eutrophication_potential,eutrophication,kg N-Eq,kg N-Eq/kilogram,True,,,,
s_c1,BC1,biosphere::Oxygen::natural resource > in air::kilogram,biosphere,Oxygen,,natural resource > in air,kilogram,TRACI_v2_1__acidification__acidification_potential_AP,acidification,kg SO2-Eq,kg SO2-Eq/kilogram,True,,,,
s_c1,BC1,biosphere::Oxygen::natural resource > in air::kilogram,biosphere,Oxygen,,natural resource > in air,kilogram,TRACI_v2_1__particulate_matter_formation__particulate_matter_formation_potential_PMFP,particulate matter formation,PM2.5-Eq,PM2.5-Eq/kilogram,True,,,,
s_c1,BC1,biosphere::Oxygen::natural resource > in air::kilogram,biosphere,Oxygen,,natural resource > in air,kilogram,TRACI_v2_1__ecotoxicity_freshwater__ecotoxicity_freshwater,ecotoxicity: freshwater,CTUe,CTUe/kilogram,True,,,,
s_c1,BC1,biosphere::Oxygen::natural resource > in air::kilogram,biosphere,Oxygen,,natural resource > in air,kilogram,TRACI_v2_1__photochemical_oxidant_formation__maximum_incremental_reactivity_MIR,photochemical oxidant formation,kg O3-Eq,kg O3-Eq/kilogram,True,,,,
s_c1,BC1,biosphere::biogenic co2::inventory indicator > output flow::kilogram,biosphere,biogenic co2,,inventory indicator > output flow,kilogram,IPCC_2021__climate_change__global_warming_potential_GWP100,climate change,kg CO2-Eq,kg CO2-Eq/kilogram,True,,,,
s_c1,BC1,biosphere::biogenic co2::inventory indicator > output flow::kilogram,biosphere,biogenic co2,,inventory indicator > output flow,kilogram,TRACI_v2_1__eutrophication__eutrophication_potential,eutrophication,kg N-Eq,kg N-Eq/kilogram,True,,,,
s_c1,BC1,biosphere::biogenic co2::inventory indicator > output flow::kilogram,biosphere,biogenic co2,,inventory indicator > output flow,kilogram,TRACI_v2_1__acidification__acidification_potential_AP,acidification,kg SO2-Eq,kg SO2-Eq/kilogram,True,,,,
s_c1,BC1,biosphere::biogenic co2::inventory indicator > output flow::kilogram,biosphere,biogenic co2,,inventory indicator > output flow,kilogram,TRACI_v2_1__particulate_matter_formation__particulate_matter_formation_potential_PMFP,particulate matter formation,PM2.5-Eq,PM2.5-Eq/kilogram,True,,,,
s_c1,BC1,biosphere::biogenic co2::inventory indicator > output flow::kilogram,biosphere,biogenic co2,,inventory indicator > output flow,kilogram,TRACI_v2_1__ecotoxicity_freshwater__ecotoxicity_freshwater,ecotoxicity: freshwater,CTUe,CTUe/kilogram,True,,,,
s_c1,BC1,biosphere::biogenic co2::inventory indicator > output flow::kilogram,biosphere,biogenic co2,,inventory indicator > output flow,kilogram,TRACI_v2_1__photochemical_oxidant_formation__maximum_incremental_reactivity_MIR,photochemical oxidant formation,kg O3-Eq,kg O3-Eq/kilogram,True,,,,
s_c1,BC1,"biosphere::non-condensable gas, graphitization::inventory indicator > output flow::kilogram",biosphere,"non-condensable gas, graphitization",,inventory indicator > output flow,kilogram,IPCC_2021__climate_change__global_warming_potential_GWP100,climate change,kg CO2-Eq,kg CO2-Eq/kilogram,True,,,,
s_c1,BC1,"biosphere::non-condensable gas, graphitization::inventory indicator > output flow::kilogram",biosphere,"non-condensable gas, graphitization",,inventory indicator > output flow,kilogram,TRACI_v2_1__eutrophication__eutrophication_potential,eutrophication,kg N-Eq,kg N-Eq/kilogram,True,,,,
s_c1,BC1,"biosphere::non-condensable gas, graphitization::inventory indicator > output flow::kilogram",biosphere,"non-condensable gas, graphitization",,inventory indicator > output flow,kilogram,TRACI_v2_1__acidification__acidification_potential_AP,acidification,kg SO2-Eq,kg SO2-Eq/kilogram,True,,,,
s_c1,BC1,"biosphere::non-condensable gas, graphitization::inventory indicator > output flow::kilogram",biosphere,"non-condensable gas, graphitization",,inventory indicator > output flow,kilogram,TRACI_v2_1__particulate_matter_formation__particulate_matter_formation_potential_PMFP,particulate matter formation,PM2.5-Eq,PM2.5-Eq/kilogram,True,,,,
s_c1,BC1,"biosphere::non-condensable gas, graphitization::inventory indicator > output flow::kilogram",biosphere,"non-condensable gas, graphitization",,inventory indicator > output flow,kilogram,TRACI_v2_1__ecotoxicity_freshwater__ecotoxicity_freshwater,ecotoxicity: freshwater,CTUe,CTUe/kilogram,True,,,,
s_c1,BC1,"biosphere::non-condensable gas, graphitization::inventory indicator > output flow::kilogram",biosphere,"non-condensable gas, graphitization",,inventory indicator > output flow,kilogram,TRACI_v2_1__photochemical_oxidant_formation__maximum_incremental_reactivity_MIR,photochemical oxidant formation,kg O3-Eq,kg O3-Eq/kilogram,True,,,,
s_c1,BC1,"biosphere::water out, from waste water management::inventory indicator > output flow::kilogram",biosphere,"water out, from waste water management",,inventory indicator > output flow,kilogram,IPCC_2021__climate_change__global_warming_potential_GWP100,climate change,kg CO2-Eq,kg CO2-Eq/kilogram,True,,,,
s_c1,BC1,"biosphere::water out, from waste water management::inventory indicator > output flow::kilogram",biosphere,"water out, from waste water management",,inventory indicator > output flow,kilogram,TRACI_v2_1__eutrophication__eutrophication_potential,eutrophication,kg N-Eq,kg N-Eq/kilogram,True,,,,
s_c1,BC1,"biosphere::water out, from waste water management::inventory indicator > output flow::kilogram",biosphere,"water out, from waste water management",,inventory indicator > output flow,kilogram,TRACI_v2_1__acidification__acidification_potential_AP,acidification,kg SO2-Eq,kg SO2-Eq/kilogram,True,,,,
s_c1,BC1,"biosphere::water out, from waste water management::inventory indicator > output flow::kilogram",biosphere,"water out, from waste water management",,inventory indicator > output flow,kilogram,TRACI_v2_1__particulate_matter_formation__particulate_matter_formation_potential_PMFP,particulate matter formation,PM2.5-Eq,PM2.5-Eq/kilogram,True,,,,
s_c1,BC1,"biosphere::water out, from waste water management::inventory indicator > output flow::kilogram",biosphere,"water out, from waste water management",,inventory indicator > output flow,kilogram,TRACI_v2_1__ecotoxicity_freshwater__ecotoxicity_freshwater,ecotoxicity: freshwater,CTUe,CTUe/kilogram,True,,,,
s_c1,BC1,"biosphere::water out, from waste water management::inventory indicator > output flow::kilogram",biosphere,"water out, from waste water management",,inventory indicator > output flow,kilogram,TRACI_v2_1__photochemical_oxidant_formation__maximum_incremental_reactivity_MIR,photochemical oxidant formation,kg O3-Eq,kg O3-Eq/kilogram,True,,,,
s_c1,BC1,"biosphere::Carbon dioxide, fossil::air > urban air close to ground::kilogram",biosphere,"Carbon dioxide, fossil",,air > urban air close to ground,kilogram,IPCC_2021__climate_change__global_warming_potential_GWP100,climate change,kg CO2-Eq,kg CO2-Eq/kilogram,True,,,,
s_c1,BC1,"biosphere::Carbon dioxide, fossil::air > urban air close to ground::kilogram",biosphere,"Carbon dioxide, fossil",,air > urban air close to ground,kilogram,TRACI_v2_1__eutrophication__eutrophication_potential,eutrophication,kg N-Eq,kg N-Eq/kilogram,True,,,,
s_c1,BC1,"biosphere::Carbon dioxide, fossil::air > urban air close to ground::kilogram",biosphere,"Carbon dioxide, fossil",,air > urban air close to ground,kilogram,TRACI_v2_1__acidification__acidification_potential_AP,acidification,kg SO2-Eq,kg SO2-Eq/kilogram,True,,,,
s_c1,BC1,"biosphere::Carbon dioxide, fossil::air > urban air close to ground::kilogram",biosphere,"Carbon dioxide, fossil",,air > urban air close to ground,kilogram,TRACI_v2_1__particulate_matter_formation__particulate_matter_formation_potential_PMFP,particulate matter formation,PM2.5-Eq,PM2.5-Eq/kilogram,True,,,,
s_c1,BC1,"biosphere::Carbon dioxide, fossil::air > urban air close to ground::kilogram",biosphere,"Carbon dioxide, fossil",,air > urban air close to ground,kilogram,TRACI_v2_1__ecotoxicity_freshwater__ecotoxicity_freshwater,ecotoxicity: freshwater,CTUe,CTUe/kilogram,True,,,,
s_c1,BC1,"biosphere::Carbon dioxide, fossil::air > urban air close to ground::kilogram",biosphere,"Carbon dioxide, fossil",,air > urban air close to ground,kilogram,TRACI_v2_1__photochemical_oxidant_formation__maximum_incremental_reactivity_MIR,photochemical oxidant formation,kg O3-Eq,kg O3-Eq/kilogram,True,,,,
s_c1,BC1,"biosphere::Methane, fossil::air > urban air close to ground::kilogram",biosphere,"Methane, fossil",,air > urban air close to ground,kilogram,IPCC_2021__climate_change__global_warming_potential_GWP100,climate change,kg CO2-Eq,kg CO2-Eq/kilogram,True,,,,
s_c1,BC1,"biosphere::Methane, fossil::air > urban air close to ground::kilogram",biosphere,"Methane, fossil",,air > urban air close to ground,kilogram,TRACI_v2_1__eutrophication__eutrophication_potential,eutrophication,kg N-Eq,kg N-Eq/kilogram,True,,,,
s_c1,BC1,"biosphere::Methane, fossil::air > urban air close to ground::kilogram",biosphere,"Methane, fossil",,air > urban air close to ground,kilogram,TRACI_v2_1__acidification__acidification_potential_AP,acidification,kg SO2-Eq,kg SO2-Eq/kilogram,True,,,,
s_c1,BC1,"biosphere::Methane, fossil::air > urban air close to ground::kilogram",biosphere,"Methane, fossil",,air > urban air close to ground,kilogram,TRACI_v2_1__particulate_matter_formation__particulate_matter_formation_potential_PMFP,particulate matter formation,PM2.5-Eq,PM2.5-Eq/kilogram,True,,,,
s_c1,BC1,"biosphere::Methane, fossil::air > urban air close to ground::kilogram",biosphere,"Methane, fossil",,air > urban air close to ground,kilogram,TRACI_v2_1__ecotoxicity_freshwater__ecotoxicity_freshwater,ecotoxicity: freshwater,CTUe,CTUe/kilogram,True,,,,
s_c1,BC1,"biosphere::Methane, fossil::air > urban air close to ground::kilogram",biosphere,"Methane, fossil",,air > urban air close to ground,kilogram,TRACI_v2_1__photochemical_oxidant_formation__maximum_incremental_reactivity_MIR,photochemical oxidant formation,kg O3-Eq,kg O3-Eq/kilogram,True,,,,
s_c1,BC1,biosphere::Dinitrogen monoxide::air > urban air close to ground::kilogram,biosphere,Dinitrogen monoxide,,air > urban air close to ground,kilogram,IPCC_2021__climate_change__global_warming_potential_GWP100,climate change,kg CO2-Eq,kg CO2-Eq/kilogram,True,,,,
s_c1,BC1,biosphere::Dinitrogen monoxide::air > urban air close to ground::kilogram,biosphere,Dinitrogen monoxide,,air > urban air close to ground,kilogram,TRACI_v2_1__eutrophication__eutrophication_potential,eutrophication,kg N-Eq,kg N-Eq/kilogram,True,,,,
s_c1,BC1,biosphere::Dinitrogen monoxide::air > urban air close to ground::kilogram,biosphere,Dinitrogen monoxide,,air > urban air close to ground,kilogram,TRACI_v2_1__acidification__acidification_potential_AP,acidification,kg SO2-Eq,kg SO2-Eq/kilogram,True,,,,
s_c1,BC1,biosphere::Dinitrogen monoxide::air > urban air close to ground::kilogram,biosphere,Dinitrogen monoxide,,air > urban air close to ground,kilogram,TRACI_v2_1__particulate_matter_formation__particulate_matter_formation_potential_PMFP,particulate matter formation,PM2.5-Eq,PM2.5-Eq/kilogram,True,,,,
s_c1,BC1,biosphere::Dinitrogen monoxide::air > urban air close to ground::kilogram,biosphere,Dinitrogen monoxide,,air > urban air close to ground,kilogram,TRACI_v2_1__ecotoxicity_freshwater__ecotoxicity_freshwater,ecotoxicity: freshwater,CTUe,CTUe/kilogram,True,,,,
s_c1,BC1,biosphere::Dinitrogen monoxide::air > urban air close to ground::kilogram,biosphere,Dinitrogen monoxide,,air > urban air close to ground,kilogram,TRACI_v2_1__photochemical_oxidant_formation__maximum_incremental_reactivity_MIR,photochemical oxidant formation,kg O3-Eq,kg O3-Eq/kilogram,True,,,,
s_c1,BC1,"biosphere::waste, construction and demolition::emission > soil::kilogram",biosphere,"waste, construction and demolition",,emission > soil,kilogram,IPCC_2021__climate_change__global_warming_potential_GWP100,climate change,kg CO2-Eq,kg CO2-Eq/kilogram,True,,,,
s_c1,BC1,"biosphere::waste, construction and demolition::emission > soil::kilogram",biosphere,"waste, construction and demolition",,emission > soil,kilogram,TRACI_v2_1__eutrophication__eutrophication_potential,eutrophication,kg N-Eq,kg N-Eq/kilogram,True,,,,
s_c1,BC1,"biosphere::waste, construction and demolition::emission > soil::kilogram",biosphere,"waste, construction and demolition",,emission > soil,kilogram,TRACI_v2_1__acidification__acidification_potential_AP,acidification,kg SO2-Eq,kg SO2-Eq/kilogram,True,,,,
s_c1,BC1,"biosphere::waste, construction and demolition::emission > soil::kilogram",biosphere,"waste, construction and demolition",,emission > soil,kilogram,TRACI_v2_1__particulate_matter_formation__particulate_matter_formation_potential_PMFP,particulate matter formation,PM2.5-Eq,PM2.5-Eq/kilogram,True,,,,
s_c1,BC1,"biosphere::waste, construction and demolition::emission > soil::kilogram",biosphere,"waste, construction and demolition",,emission > soil,kilogram,TRACI_v2_1__ecotoxicity_freshwater__ecotoxicity_freshwater,ecotoxicity: freshwater,CTUe,CTUe/kilogram,True,,,,
s_c1,BC1,"biosphere::waste, construction and demolition::emission > soil::kilogram",biosphere,"waste, construction and demolition",,emission > soil,kilogram,TRACI_v2_1__photochemical_oxidant_formation__maximum_incremental_reactivity_MIR,photochemical oxidant formation,kg O3-Eq,kg O3-Eq/kilogram,True,,,,
s_c1,BC1,biosphere::Dinitrogen monoxide::air > non-urban air or from high stacks::kilogram,biosphere,Dinitrogen monoxide,,air > non-urban air or from high stacks,kilogram,IPCC_2021__climate_change__global_warming_potential_GWP100,climate change,kg CO2-Eq,kg CO2-Eq/kilogram,True,,,,
s_c1,BC1,biosphere::Dinitrogen monoxide::air > non-urban air or from high stacks::kilogram,biosphere,Dinitrogen monoxide,,air > non-urban air or from high stacks,kilogram,TRACI_v2_1__eutrophication__eutrophication_potential,eutrophication,kg N-Eq,kg N-Eq/kilogram,True,,,,
s_c1,BC1,biosphere::Dinitrogen monoxide::air > non-urban air or from high stacks::kilogram,biosphere,Dinitrogen monoxide,,air > non-urban air or from high stacks,kilogram,TRACI_v2_1__acidification__acidification_potential_AP,acidification,kg SO2-Eq,kg SO2-Eq/kilogram,True,,,,
s_c1,BC1,biosphere::Dinitrogen monoxide::air > non-urban air or from high stacks::kilogram,biosphere,Dinitrogen monoxide,,air > non-urban air or from high stacks,kilogram,TRACI_v2_1__particulate_matter_formation__particulate_matter_formation_potential_PMFP,particulate matter formation,PM2.5-Eq,PM2.5-Eq/kilogram,True,,,,
s_c1,BC1,biosphere::Dinitrogen monoxide::air > non-urban air or from high stacks::kilogram,biosphere,Dinitrogen monoxide,,air > non-urban air or from high stacks,kilogram,TRACI_v2_1__ecotoxicity_freshwater__ecotoxicity_freshwater,ecotoxicity: freshwater,CTUe,CTUe/kilogram,True,,,,
s_c1,BC1,biosphere::Dinitrogen monoxide::air > non-urban air or from high stacks::kilogram,biosphere,Dinitrogen monoxide,,air > non-urban air or from high stacks,kilogram,TRACI_v2_1__photochemical_oxidant_formation__maximum_incremental_reactivity_MIR,photochemical oxidant formation,kg O3-Eq,kg O3-Eq/kilogram,True,,,,
s_c1,BC1,biosphere::Nitrogen oxides::air > non-urban air or from high stacks::kilogram,biosphere,Nitrogen oxides,,air > non-urban air or from high stacks,kilogram,IPCC_2021__climate_change__global_warming_potential_GWP100,climate change,kg CO2-Eq,kg CO2-Eq/kilogram,True,,,,
s_c1,BC1,biosphere::Nitrogen oxides::air > non-urban air or from high stacks::kilogram,biosphere,Nitrogen oxides,,air > non-urban air or from high stacks,kilogram,TRACI_v2_1__eutrophication__eutrophication_potential,eutrophication,kg N-Eq,kg N-Eq/kilogram,True,,,,
s_c1,BC1,biosphere::Nitrogen oxides::air > non-urban air or from high stacks::kilogram,biosphere,Nitrogen oxides,,air > non-urban air or from high stacks,kilogram,TRACI_v2_1__acidification__acidification_potential_AP,acidification,kg SO2-Eq,kg SO2-Eq/kilogram,True,,,,
s_c1,BC1,biosphere::Nitrogen oxides::air > non-urban air or from high stacks::kilogram,biosphere,Nitrogen oxides,,air > non-urban air or from high stacks,kilogram,TRACI_v2_1__particulate_matter_formation__particulate_matter_formation_potential_PMFP,particulate matter formation,PM2.5-Eq,PM2.5-Eq/kilogram,True,,,,
s_c1,BC1,biosphere::Nitrogen oxides::air > non-urban air or from high stacks::kilogram,biosphere,Nitrogen oxides,,air > non-urban air or from high stacks,kilogram,TRACI_v2_1__ecotoxicity_freshwater__ecotoxicity_freshwater,ecotoxicity: freshwater,CTUe,CTUe/kilogram,True,,,,
s_c1,BC1,biosphere::Nitrogen oxides::air > non-urban air or from high stacks::kilogram,biosphere,Nitrogen oxides,,air > non-urban air or from high stacks,kilogram,TRACI_v2_1__photochemical_oxidant_formation__maximum_incremental_reactivity_MIR,photochemical oxidant formation,kg O3-Eq,kg O3-Eq/kilogram,True,,,,
s_c1,BC1,"biosphere::Water, turbine use, unspecified natural origin::natural resource > in water::cubic meter",biosphere,"Water, turbine use, unspecified natural origin",,natural resource > in water,cubic meter,IPCC_2021__climate_change__global_warming_potential_GWP100,climate change,kg CO2-Eq,kg CO2-Eq/cubic meter,True,,,,
s_c1,BC1,"biosphere::Water, turbine use, unspecified natural origin::natural resource > in water::cubic meter",biosphere,"Water, turbine use, unspecified natural origin",,natural resource > in water,cubic meter,TRACI_v2_1__eutrophication__eutrophication_potential,eutrophication,kg N-Eq,kg N-Eq/cubic meter,True,,,,
s_c1,BC1,"biosphere::Water, turbine use, unspecified natural origin::natural resource > in water::cubic meter",biosphere,"Water, turbine use, unspecified natural origin",,natural resource > in water,cubic meter,TRACI_v2_1__acidification__acidification_potential_AP,acidification,kg SO2-Eq,kg SO2-Eq/cubic meter,True,,,,
s_c1,BC1,"biosphere::Water, turbine use, unspecified natural origin::natural resource > in water::cubic meter",biosphere,"Water, turbine use, unspecified natural origin",,natural resource > in water,cubic meter,TRACI_v2_1__particulate_matter_formation__particulate_matter_formation_potential_PMFP,particulate matter formation,PM2.5-Eq,PM2.5-Eq/cubic meter,True,,,,
s_c1,BC1,"biosphere::Water, turbine use, unspecified natural origin::natural resource > in water::cubic meter",biosphere,"Water, turbine use, unspecified natural origin",,natural resource > in water,cubic meter,TRACI_v2_1__ecotoxicity_freshwater__ecotoxicity_freshwater,ecotoxicity: freshwater,CTUe,CTUe/cubic meter,True,,,,
s_c1,BC1,"biosphere::Water, turbine use, unspecified natural origin::natural resource > in water::cubic meter",biosphere,"Water, turbine use, unspecified natural origin",,natural resource > in water,cubic meter,TRACI_v2_1__photochemical_oxidant_formation__maximum_incremental_reactivity_MIR,photochemical oxidant formation,kg O3-Eq,kg O3-Eq/cubic meter,True,,,,
s_c1,BC1,"biosphere::water, in chemical::inventory indicator > output flow::kilogram",biosphere,"water, in chemical",,inventory indicator > output flow,kilogram,IPCC_2021__climate_change__global_warming_potential_GWP100,climate change,kg CO2-Eq,kg CO2-Eq/kilogram,True,,,,
s_c1,BC1,"biosphere::water, in chemical::inventory indicator > output flow::kilogram",biosphere,"water, in chemical",,inventory indicator > output flow,kilogram,TRACI_v2_1__eutrophication__eutrophication_potential,eutrophication,kg N-Eq,kg N-Eq/kilogram,True,,,,
s_c1,BC1,"biosphere::water, in chemical::inventory indicator > output flow::kilogram",biosphere,"water, in chemical",,inventory indicator > output flow,kilogram,TRACI_v2_1__acidification__acidification_potential_AP,acidification,kg SO2-Eq,kg SO2-Eq/kilogram,True,,,,
s_c1,BC1,"biosphere::water, in chemical::inventory indicator > output flow::kilogram",biosphere,"water, in chemical",,inventory indicator > output flow,kilogram,TRACI_v2_1__particulate_matter_formation__particulate_matter_formation_potential_PMFP,particulate matter formation,PM2.5-Eq,PM2.5-Eq/kilogram,True,,,,
s_c1,BC1,"biosphere::water, in chemical::inventory indicator > output flow::kilogram",biosphere,"water, in chemical",,inventory indicator > output flow,kilogram,TRACI_v2_1__ecotoxicity_freshwater__ecotoxicity_freshwater,ecotoxicity: freshwater,CTUe,CTUe/kilogram,True,,,,
s_c1,BC1,"biosphere::water, in chemical::inventory indicator > output flow::kilogram",biosphere,"water, in chemical",,inventory indicator > output flow,kilogram,TRACI_v2_1__photochemical_oxidant_formation__maximum_incremental_reactivity_MIR,photochemical oxidant formation,kg O3-Eq,kg O3-Eq/kilogram,True,,,,
s_c1,BC1,"biosphere::solids, from waste water management::inventory indicator > output flow::kilogram",biosphere,"solids, from waste water management",,inventory indicator > output flow,kilogram,IPCC_2021__climate_change__global_warming_potential_GWP100,climate change,kg CO2-Eq,kg CO2-Eq/kilogram,True,,,,
s_c1,BC1,"biosphere::solids, from waste water management::inventory indicator > output flow::kilogram",biosphere,"solids, from waste water management",,inventory indicator > output flow,kilogram,TRACI_v2_1__eutrophication__eutrophication_potential,eutrophication,kg N-Eq,kg N-Eq/kilogram,True,,,,
s_c1,BC1,"biosphere::solids, from waste water management::inventory indicator > output flow::kilogram",biosphere,"solids, from waste water management",,inventory indicator > output flow,kilogram,TRACI_v2_1__acidification__acidification_potential_AP,acidification,kg SO2-Eq,kg SO2-Eq/kilogram,True,,,,
s_c1,BC1,"biosphere::solids, from waste water management::inventory indicator > output flow::kilogram",biosphere,"solids, from waste water management",,inventory indicator > output flow,kilogram,TRACI_v2_1__particulate_matter_formation__particulate_matter_formation_potential_PMFP,particulate matter formation,PM2.5-Eq,PM2.5-Eq/kilogram,True,,,,
s_c1,BC1,"biosphere::solids, from waste water management::inventory indicator > output flow::kilogram",biosphere,"solids, from waste water management",,inventory indicator > output flow,kilogram,TRACI_v2_1__ecotoxicity_freshwater__ecotoxicity_freshwater,ecotoxicity: freshwater,CTUe,CTUe/kilogram,True,,,,
s_c1,BC1,"biosphere::solids, from waste water management::inventory indicator > output flow::kilogram",biosphere,"solids, from waste water management",,inventory indicator > output flow,kilogram,TRACI_v2_1__photochemical_oxidant_formation__maximum_incremental_reactivity_MIR,photochemical oxidant formation,kg O3-Eq,kg O3-Eq/kilogram,True,,,,
s_c2,BC2,technosphere::market for diesel::RoW::kilogram,technosphere,market for diesel,RoW,,kilogram,IPCC_2021__climate_change__global_warming_potential_GWP100,climate change,kg CO2-Eq,kg CO2-Eq/kilogram,True,,,,
s_c2,BC2,technosphere::market for diesel::RoW::kilogram,technosphere,market for diesel,RoW,,kilogram,TRACI_v2_1__eutrophication__eutrophication_potential,eutrophication,kg N-Eq,kg N-Eq/kilogram,True,,,,
s_c2,BC2,technosphere::market for diesel::RoW::kilogram,technosphere,market for diesel,RoW,,kilogram,TRACI_v2_1__acidification__acidification_potential_AP,acidification,kg SO2-Eq,kg SO2-Eq/kilogram,True,,,,
s_c2,BC2,technosphere::market for diesel::RoW::kilogram,technosphere,market for diesel,RoW,,kilogram,TRACI_v2_1__particulate_matter_formation__particulate_matter_formation_potential_PMFP,particulate matter formation,PM2.5-Eq,PM2.5-Eq/kilogram,True,,,,
s_c2,BC2,technosphere::market for diesel::RoW::kilogram,technosphere,market for diesel,RoW,,kilogram,TRACI_v2_1__ecotoxicity_freshwater__ecotoxicity_freshwater,ecotoxicity: freshwater,CTUe,CTUe/kilogram,True,,,,
s_c2,BC2,technosphere::market for diesel::RoW::kilogram,technosphere,market for diesel,RoW,,kilogram,TRACI_v2_1__photochemical_oxidant_formation__maximum_incremental_reactivity_MIR,photochemical oxidant formation,kg O3-Eq,kg O3-Eq/kilogram,True,,,,
s_c2,BC2,"technosphere::market for nickel, class 1::GLO::kilogram",technosphere,"market for nickel, class 1",GLO,,kilogram,IPCC_2021__climate_change__global_warming_potential_GWP100,climate change,kg CO2-Eq,kg CO2-Eq/kilogram,True,,,,
s_c2,BC2,"technosphere::market for nickel, class 1::GLO::kilogram",technosphere,"market for nickel, class 1",GLO,,kilogram,TRACI_v2_1__eutrophication__eutrophication_potential,eutrophication,kg N-Eq,kg N-Eq/kilogram,True,,,,
s_c2,BC2,"technosphere::market for nickel, class 1::GLO::kilogram",technosphere,"market for nickel, class 1",GLO,,kilogram,TRACI_v2_1__acidification__acidification_potential_AP,acidification,kg SO2-Eq,kg SO2-Eq/kilogram,True,,,,
s_c2,BC2,"technosphere::market for nickel, class 1::GLO::kilogram",technosphere,"market for nickel, class 1",GLO,,kilogram,TRACI_v2_1__particulate_matter_formation__particulate_matter_formation_potential_PMFP,particulate matter formation,PM2.5-Eq,PM2.5-Eq/kilogram,True,,,,
s_c2,BC2,"technosphere::market for nickel, class 1::GLO::kilogram",technosphere,"market for nickel, class 1",GLO,,kilogram,TRACI_v2_1__ecotoxicity_freshwater__ecotoxicity_freshwater,ecotoxicity: freshwater,CTUe,CTUe/kilogram,True,,,,
s_c2,BC2,"technosphere::market for nickel, class 1::GLO::kilogram",technosphere,"market for nickel, class 1",GLO,,kilogram,TRACI_v2_1__photochemical_oxidant_formation__maximum_incremental_reactivity_MIR,photochemical oxidant formation,kg O3-Eq,kg O3-Eq/kilogram,True,,,,
s_c2,BC2,technosphere::market for molybdenum trioxide::GLO::kilogram,technosphere,market for molybdenum trioxide,GLO,,kilogram,IPCC_2021__climate_change__global_warming_potential_GWP100,climate change,kg CO2-Eq,kg CO2-Eq/kilogram,True,,,,
s_c2,BC2,technosphere::market for molybdenum trioxide::GLO::kilogram,technosphere,market for molybdenum trioxide,GLO,,kilogram,TRACI_v2_1__eutrophication__eutrophication_potential,eutrophication,kg N-Eq,kg N-Eq/kilogram,True,,,,
s_c2,BC2,technosphere::market for molybdenum trioxide::GLO::kilogram,technosphere,market for molybdenum trioxide,GLO,,kilogram,TRACI_v2_1__acidification__acidification_potential_AP,acidification,kg SO2-Eq,kg SO2-Eq/kilogram,True,,,,
s_c2,BC2,technosphere::market for molybdenum trioxide::GLO::kilogram,technosphere,market for molybdenum trioxide,GLO,,kilogram,TRACI_v2_1__particulate_matter_formation__particulate_matter_formation_potential_PMFP,particulate matter formation,PM2.5-Eq,PM2.5-Eq/kilogram,True,,,,
s_c2,BC2,technosphere::market for molybdenum trioxide::GLO::kilogram,technosphere,market for molybdenum trioxide,GLO,,kilogram,TRACI_v2_1__ecotoxicity_freshwater__ecotoxicity_freshwater,ecotoxicity: freshwater,CTUe,CTUe/kilogram,True,,,,
s_c2,BC2,technosphere::market for molybdenum trioxide::GLO::kilogram,technosphere,market for molybdenum trioxide,GLO,,kilogram,TRACI_v2_1__photochemical_oxidant_formation__maximum_incremental_reactivity_MIR,photochemical oxidant formation,kg O3-Eq,kg O3-Eq/kilogram,True,,,,
s_c2,BC2,"technosphere::market for aluminium oxide, metallurgical::RoW::kilogram",technosphere,"market for aluminium oxide, metallurgical",RoW,,kilogram,IPCC_2021__climate_change__global_warming_potential_GWP100,climate change,kg CO2-Eq,kg CO2-Eq/kilogram,True,,,,
s_c2,BC2,"technosphere::market for aluminium oxide, metallurgical::RoW::kilogram",technosphere,"market for aluminium oxide, metallurgical",RoW,,kilogram,TRACI_v2_1__eutrophication__eutrophication_potential,eutrophication,kg N-Eq,kg N-Eq/kilogram,True,,,,
s_c2,BC2,"technosphere::market for aluminium oxide, metallurgical::RoW::kilogram",technosphere,"market for aluminium oxide, metallurgical",RoW,,kilogram,TRACI_v2_1__acidification__acidification_potential_AP,acidification,kg SO2-Eq,kg SO2-Eq/kilogram,True,,,,
s_c2,BC2,"technosphere::market for aluminium oxide, metallurgical::RoW::kilogram",technosphere,"market for aluminium oxide, metallurgical",RoW,,kilogram,TRACI_v2_1__particulate_matter_formation__particulate_matter_formation_potential_PMFP,particulate matter formation,PM2.5-Eq,PM2.5-Eq/kilogram,True,,,,
s_c2,BC2,"technosphere::market for aluminium oxide, metallurgical::RoW::kilogram",technosphere,"market for aluminium oxide, metallurgical",RoW,,kilogram,TRACI_v2_1__ecotoxicity_freshwater__ecotoxicity_freshwater,ecotoxicity: freshwater,CTUe,CTUe/kilogram,True,,,,
s_c2,BC2,"technosphere::market for aluminium oxide, metallurgical::RoW::kilogram",technosphere,"market for aluminium oxide, metallurgical",RoW,,kilogram,TRACI_v2_1__photochemical_oxidant_formation__maximum_incremental_reactivity_MIR,photochemical oxidant formation,kg O3-Eq,kg O3-Eq/kilogram,True,,,,
s_c2,BC2,"technosphere::market group for electricity, medium voltage::US::kilowatt hour",technosphere,"market group for electricity, medium voltage",US,,kilowatt hour,IPCC_2021__climate_change__global_warming_potential_GWP100,climate change,kg CO2-Eq,kg CO2-Eq/kilowatt hour,True,,,,
s_c2,BC2,"technosphere::market group for electricity, medium voltage::US::kilowatt hour",technosphere,"market group for electricity, medium voltage",US,,kilowatt hour,TRACI_v2_1__eutrophication__eutrophication_potential,eutrophication,kg N-Eq,kg N-Eq/kilowatt hour,True,,,,
s_c2,BC2,"technosphere::market group for electricity, medium voltage::US::kilowatt hour",technosphere,"market group for electricity, medium voltage",US,,kilowatt hour,TRACI_v2_1__acidification__acidification_potential_AP,acidification,kg SO2-Eq,kg SO2-Eq/kilowatt hour,True,,,,
s_c2,BC2,"technosphere::market group for electricity, medium voltage::US::kilowatt hour",technosphere,"market group for electricity, medium voltage",US,,kilowatt hour,TRACI_v2_1__particulate_matter_formation__particulate_matter_formation_potential_PMFP,particulate matter formation,PM2.5-Eq,PM2.5-Eq/kilowatt hour,True,,,,
s_c2,BC2,"technosphere::market group for electricity, medium voltage::US::kilowatt hour",technosphere,"market group for electricity, medium voltage",US,,kilowatt hour,TRACI_v2_1__ecotoxicity_freshwater__ecotoxicity_freshwater,ecotoxicity: freshwater,CTUe,CTUe/kilowatt hour,True,,,,
s_c2,BC2,"technosphere::market group for electricity, medium voltage::US::kilowatt hour",technosphere,"market group for electricity, medium voltage",US,,kilowatt hour,TRACI_v2_1__photochemical_oxidant_formation__maximum_incremental_reactivity_MIR,photochemical oxidant formation,kg O3-Eq,kg O3-Eq/kilowatt hour,True,,,,
s_c2,BC2,technosphere::market for hydrogen sulfide::RoW::kilogram,technosphere,market for hydrogen sulfide,RoW,,kilogram,IPCC_2021__climate_change__global_warming_potential_GWP100,climate change,kg CO2-Eq,kg CO2-Eq/kilogram,True,,,,
s_c2,BC2,technosphere::market for hydrogen sulfide::RoW::kilogram,technosphere,market for hydrogen sulfide,RoW,,kilogram,TRACI_v2_1__eutrophication__eutrophication_potential,eutrophication,kg N-Eq,kg N-Eq/kilogram,True,,,,
s_c2,BC2,technosphere::market for hydrogen sulfide::RoW::kilogram,technosphere,market for hydrogen sulfide,RoW,,kilogram,TRACI_v2_1__acidification__acidification_potential_AP,acidification,kg SO2-Eq,kg SO2-Eq/kilogram,True,,,,
s_c2,BC2,technosphere::market for hydrogen sulfide::RoW::kilogram,technosphere,market for hydrogen sulfide,RoW,,kilogram,TRACI_v2_1__particulate_matter_formation__particulate_matter_formation_potential_PMFP,particulate matter formation,PM2.5-Eq,PM2.5-Eq/kilogram,True,,,,
s_c2,BC2,technosphere::market for hydrogen sulfide::RoW::kilogram,technosphere,market for hydrogen sulfide,RoW,,kilogram,TRACI_v2_1__ecotoxicity_freshwater__ecotoxicity_freshwater,ecotoxicity: freshwater,CTUe,CTUe/kilogram,True,,,,
s_c2,BC2,technosphere::market for hydrogen sulfide::RoW::kilogram,technosphere,market for hydrogen sulfide,RoW,,kilogram,TRACI_v2_1__photochemical_oxidant_formation__maximum_incremental_reactivity_MIR,photochemical oxidant formation,kg O3-Eq,kg O3-Eq/kilogram,True,,,,
s_c2,BC2,"technosphere::willow production, short rotation coppice::RoW::kilogram",technosphere,"willow production, short rotation coppice",RoW,,kilogram,IPCC_2021__climate_change__global_warming_potential_GWP100,climate change,kg CO2-Eq,kg CO2-Eq/kilogram,True,,,,
s_c2,BC2,"technosphere::willow production, short rotation coppice::RoW::kilogram",technosphere,"willow production, short rotation coppice",RoW,,kilogram,TRACI_v2_1__eutrophication__eutrophication_potential,eutrophication,kg N-Eq,kg N-Eq/kilogram,True,,,,
s_c2,BC2,"technosphere::willow production, short rotation coppice::RoW::kilogram",technosphere,"willow production, short rotation coppice",RoW,,kilogram,TRACI_v2_1__acidification__acidification_potential_AP,acidification,kg SO2-Eq,kg SO2-Eq/kilogram,True,,,,
s_c2,BC2,"technosphere::willow production, short rotation coppice::RoW::kilogram",technosphere,"willow production, short rotation coppice",RoW,,kilogram,TRACI_v2_1__particulate_matter_formation__particulate_matter_formation_potential_PMFP,particulate matter formation,PM2.5-Eq,PM2.5-Eq/kilogram,True,,,,
s_c2,BC2,"technosphere::willow production, short rotation coppice::RoW::kilogram",technosphere,"willow production, short rotation coppice",RoW,,kilogram,TRACI_v2_1__ecotoxicity_freshwater__ecotoxicity_freshwater,ecotoxicity: freshwater,CTUe,CTUe/kilogram,True,,,,
s_c2,BC2,"technosphere::willow production, short rotation coppice::RoW::kilogram",technosphere,"willow production, short rotation coppice",RoW,,kilogram,TRACI_v2_1__photochemical_oxidant_formation__maximum_incremental_reactivity_MIR,photochemical oxidant formation,kg O3-Eq,kg O3-Eq/kilogram,True,,,,
s_c2,BC2,"technosphere::market for inorganic nitrogen fertiliser, as N::US::kilogram",technosphere,"market for inorganic nitrogen fertiliser, as N",US,,kilogram,IPCC_2021__climate_change__global_warming_potential_GWP100,climate change,kg CO2-Eq,kg CO2-Eq/kilogram,True,,,,
s_c2,BC2,"technosphere::market for inorganic nitrogen fertiliser, as N::US::kilogram",technosphere,"market for inorganic nitrogen fertiliser, as N",US,,kilogram,TRACI_v2_1__eutrophication__eutrophication_potential,eutrophication,kg N-Eq,kg N-Eq/kilogram,True,,,,
s_c2,BC2,"technosphere::market for inorganic nitrogen fertiliser, as N::US::kilogram",technosphere,"market for inorganic nitrogen fertiliser, as N",US,,kilogram,TRACI_v2_1__acidification__acidification_potential_AP,acidification,kg SO2-Eq,kg SO2-Eq/kilogram,True,,,,
s_c2,BC2,"technosphere::market for inorganic nitrogen fertiliser, as N::US::kilogram",technosphere,"market for inorganic nitrogen fertiliser, as N",US,,kilogram,TRACI_v2_1__particulate_matter_formation__particulate_matter_formation_potential_PMFP,particulate matter formation,PM2.5-Eq,PM2.5-Eq/kilogram,True,,,,
s_c2,BC2,"technosphere::market for inorganic nitrogen fertiliser, as N::US::kilogram",technosphere,"market for inorganic nitrogen fertiliser, as N",US,,kilogram,TRACI_v2_1__ecotoxicity_freshwater__ecotoxicity_freshwater,ecotoxicity: freshwater,CTUe,CTUe/kilogram,True,,,,
s_c2,BC2,"technosphere::market for inorganic nitrogen fertiliser, as N::US::kilogram",technosphere,"market for inorganic nitrogen fertiliser, as N",US,,kilogram,TRACI_v2_1__photochemical_oxidant_formation__maximum_incremental_reactivity_MIR,photochemical oxidant formation,kg O3-Eq,kg O3-Eq/kilogram,True,,,,
s_c2,BC2,"technosphere::market for inorganic phosphorus fertiliser, as P2O5::US::kilogram",technosphere,"market for inorganic phosphorus fertiliser, as P2O5",US,,kilogram,IPCC_2021__climate_change__global_warming_potential_GWP100,climate change,kg CO2-Eq,kg CO2-Eq/kilogram,True,,,,
s_c2,BC2,"technosphere::market for inorganic phosphorus fertiliser, as P2O5::US::kilogram",technosphere,"market for inorganic phosphorus fertiliser, as P2O5",US,,kilogram,TRACI_v2_1__eutrophication__eutrophication_potential,eutrophication,kg N-Eq,kg N-Eq/kilogram,True,,,,
s_c2,BC2,"technosphere::market for inorganic phosphorus fertiliser, as P2O5::US::kilogram",technosphere,"market for inorganic phosphorus fertiliser, as P2O5",US,,kilogram,TRACI_v2_1__acidification__acidification_potential_AP,acidification,kg SO2-Eq,kg SO2-Eq/kilogram,True,,,,
s_c2,BC2,"technosphere::market for inorganic phosphorus fertiliser, as P2O5::US::kilogram",technosphere,"market for inorganic phosphorus fertiliser, as P2O5",US,,kilogram,TRACI_v2_1__particulate_matter_formation__particulate_matter_formation_potential_PMFP,particulate matter formation,PM2.5-Eq,PM2.5-Eq/kilogram,True,,,,
s_c2,BC2,"technosphere::market for inorganic phosphorus fertiliser, as P2O5::US::kilogram",technosphere,"market for inorganic phosphorus fertiliser, as P2O5",US,,kilogram,TRACI_v2_1__ecotoxicity_freshwater__ecotoxicity_freshwater,ecotoxicity: freshwater,CTUe,CTUe/kilogram,True,,,,
s_c2,BC2,"technosphere::market for inorganic phosphorus fertiliser, as P2O5::US::kilogram",technosphere,"market for inorganic phosphorus fertiliser, as P2O5",US,,kilogram,TRACI_v2_1__photochemical_oxidant_formation__maximum_incremental_reactivity_MIR,photochemical oxidant formation,kg O3-Eq,kg O3-Eq/kilogram,True,,,,
s_c2,BC2,"technosphere::market for inorganic potassium fertiliser, as K2O::US::kilogram",technosphere,"market for inorganic potassium fertiliser, as K2O",US,,kilogram,IPCC_2021__climate_change__global_warming_potential_GWP100,climate change,kg CO2-Eq,kg CO2-Eq/kilogram,True,,,,
s_c2,BC2,"technosphere::market for inorganic potassium fertiliser, as K2O::US::kilogram",technosphere,"market for inorganic potassium fertiliser, as K2O",US,,kilogram,TRACI_v2_1__eutrophication__eutrophication_potential,eutrophication,kg N-Eq,kg N-Eq/kilogram,True,,,,
s_c2,BC2,"technosphere::market for inorganic potassium fertiliser, as K2O::US::kilogram",technosphere,"market for inorganic potassium fertiliser, as K2O",US,,kilogram,TRACI_v2_1__acidification__acidification_potential_AP,acidification,kg SO2-Eq,kg SO2-Eq/kilogram,True,,,,
s_c2,BC2,"technosphere::market for inorganic potassium fertiliser, as K2O::US::kilogram",technosphere,"market for inorganic potassium fertiliser, as K2O",US,,kilogram,TRACI_v2_1__particulate_matter_formation__particulate_matter_formation_potential_PMFP,particulate matter formation,PM2.5-Eq,PM2.5-Eq/kilogram,True,,,,
s_c2,BC2,"technosphere::market for inorganic potassium fertiliser, as K2O::US::kilogram",technosphere,"market for inorganic potassium fertiliser, as K2O",US,,kilogram,TRACI_v2_1__ecotoxicity_freshwater__ecotoxicity_freshwater,ecotoxicity: freshwater,CTUe,CTUe/kilogram,True,,,,
s_c2,BC2,"technosphere::market for inorganic potassium fertiliser, as K2O::US::kilogram",technosphere,"market for inorganic potassium fertiliser, as K2O",US,,kilogram,TRACI_v2_1__photochemical_oxidant_formation__maximum_incremental_reactivity_MIR,photochemical oxidant formation,kg O3-Eq,kg O3-Eq/kilogram,True,,,,
s_c2,BC2,technosphere::market for glyphosate::GLO::kilogram,technosphere,market for glyphosate,GLO,,kilogram,IPCC_2021__climate_change__global_warming_potential_GWP100,climate change,kg CO2-Eq,kg CO2-Eq/kilogram,True,,,,
s_c2,BC2,technosphere::market for glyphosate::GLO::kilogram,technosphere,market for glyphosate,GLO,,kilogram,TRACI_v2_1__eutrophication__eutrophication_potential,eutrophication,kg N-Eq,kg N-Eq/kilogram,True,,,,
s_c2,BC2,technosphere::market for glyphosate::GLO::kilogram,technosphere,market for glyphosate,GLO,,kilogram,TRACI_v2_1__acidification__acidification_potential_AP,acidification,kg SO2-Eq,kg SO2-Eq/kilogram,True,,,,
s_c2,BC2,technosphere::market for glyphosate::GLO::kilogram,technosphere,market for glyphosate,GLO,,kilogram,TRACI_v2_1__particulate_matter_formation__particulate_matter_formation_potential_PMFP,particulate matter formation,PM2.5-Eq,PM2.5-Eq/kilogram,True,,,,
s_c2,BC2,technosphere::market for glyphosate::GLO::kilogram,technosphere,market for glyphosate,GLO,,kilogram,TRACI_v2_1__ecotoxicity_freshwater__ecotoxicity_freshwater,ecotoxicity: freshwater,CTUe,CTUe/kilogram,True,,,,
s_c2,BC2,technosphere::market for glyphosate::GLO::kilogram,technosphere,market for glyphosate,GLO,,kilogram,TRACI_v2_1__photochemical_oxidant_formation__maximum_incremental_reactivity_MIR,photochemical oxidant formation,kg O3-Eq,kg O3-Eq/kilogram,True,,,,
s_c2,BC2,"technosphere::market for calcium carbonate, precipitated::RoW::kilogram",technosphere,"market for calcium carbonate, precipitated",RoW,,kilogram,IPCC_2021__climate_change__global_warming_potential_GWP100,climate change,kg CO2-Eq,kg CO2-Eq/kilogram,True,,,,
s_c2,BC2,"technosphere::market for calcium carbonate, precipitated::RoW::kilogram",technosphere,"market for calcium carbonate, precipitated",RoW,,kilogram,TRACI_v2_1__eutrophication__eutrophication_potential,eutrophication,kg N-Eq,kg N-Eq/kilogram,True,,,,
s_c2,BC2,"technosphere::market for calcium carbonate, precipitated::RoW::kilogram",technosphere,"market for calcium carbonate, precipitated",RoW,,kilogram,TRACI_v2_1__acidification__acidification_potential_AP,acidification,kg SO2-Eq,kg SO2-Eq/kilogram,True,,,,
s_c2,BC2,"technosphere::market for calcium carbonate, precipitated::RoW::kilogram",technosphere,"market for calcium carbonate, precipitated",RoW,,kilogram,TRACI_v2_1__particulate_matter_formation__particulate_matter_formation_potential_PMFP,particulate matter formation,PM2.5-Eq,PM2.5-Eq/kilogram,True,,,,
s_c2,BC2,"technosphere::market for calcium carbonate, precipitated::RoW::kilogram",technosphere,"market for calcium carbonate, precipitated",RoW,,kilogram,TRACI_v2_1__ecotoxicity_freshwater__ecotoxicity_freshwater,ecotoxicity: freshwater,CTUe,CTUe/kilogram,True,,,,
s_c2,BC2,"technosphere::market for calcium carbonate, precipitated::RoW::kilogram",technosphere,"market for calcium carbonate, precipitated",RoW,,kilogram,TRACI_v2_1__photochemical_oxidant_formation__maximum_incremental_reactivity_MIR,photochemical oxidant formation,kg O3-Eq,kg O3-Eq/kilogram,True,,,,
s_c2,BC2,"technosphere::market for polyethylene, high density, granulate::GLO::kilogram",technosphere,"market for polyethylene, high density, granulate",GLO,,kilogram,IPCC_2021__climate_change__global_warming_potential_GWP100,climate change,kg CO2-Eq,kg CO2-Eq/kilogram,True,,,,
s_c2,BC2,"technosphere::market for polyethylene, high density, granulate::GLO::kilogram",technosphere,"market for polyethylene, high density, granulate",GLO,,kilogram,TRACI_v2_1__eutrophication__eutrophication_potential,eutrophication,kg N-Eq,kg N-Eq/kilogram,True,,,,
s_c2,BC2,"technosphere::market for polyethylene, high density, granulate::GLO::kilogram",technosphere,"market for polyethylene, high density, granulate",GLO,,kilogram,TRACI_v2_1__acidification__acidification_potential_AP,acidification,kg SO2-Eq,kg SO2-Eq/kilogram,True,,,,
s_c2,BC2,"technosphere::market for polyethylene, high density, granulate::GLO::kilogram",technosphere,"market for polyethylene, high density, granulate",GLO,,kilogram,TRACI_v2_1__particulate_matter_formation__particulate_matter_formation_potential_PMFP,particulate matter formation,PM2.5-Eq,PM2.5-Eq/kilogram,True,,,,
s_c2,BC2,"technosphere::market for polyethylene, high density, granulate::GLO::kilogram",technosphere,"market for polyethylene, high density, granulate",GLO,,kilogram,TRACI_v2_1__ecotoxicity_freshwater__ecotoxicity_freshwater,ecotoxicity: freshwater,CTUe,CTUe/kilogram,True,,,,
s_c2,BC2,"technosphere::market for polyethylene, high density, granulate::GLO::kilogram",technosphere,"market for polyethylene, high density, granulate",GLO,,kilogram,TRACI_v2_1__photochemical_oxidant_formation__maximum_incremental_reactivity_MIR,photochemical oxidant formation,kg O3-Eq,kg O3-Eq/kilogram,True,,,,
s_c2,BC2,"technosphere::market for nitrogen, liquid::RoW::kilogram",technosphere,"market for nitrogen, liquid",RoW,,kilogram,IPCC_2021__climate_change__global_warming_potential_GWP100,climate change,kg CO2-Eq,kg CO2-Eq/kilogram,True,,,,
s_c2,BC2,"technosphere::market for nitrogen, liquid::RoW::kilogram",technosphere,"market for nitrogen, liquid",RoW,,kilogram,TRACI_v2_1__eutrophication__eutrophication_potential,eutrophication,kg N-Eq,kg N-Eq/kilogram,True,,,,
s_c2,BC2,"technosphere::market for nitrogen, liquid::RoW::kilogram",technosphere,"market for nitrogen, liquid",RoW,,kilogram,TRACI_v2_1__acidification__acidification_potential_AP,acidification,kg SO2-Eq,kg SO2-Eq/kilogram,True,,,,
s_c2,BC2,"technosphere::market for nitrogen, liquid::RoW::kilogram",technosphere,"market for nitrogen, liquid",RoW,,kilogram,TRACI_v2_1__particulate_matter_formation__particulate_matter_formation_potential_PMFP,particulate matter formation,PM2.5-Eq,PM2.5-Eq/kilogram,True,,,,
s_c2,BC2,"technosphere::market for nitrogen, liquid::RoW::kilogram",technosphere,"market for nitrogen, liquid",RoW,,kilogram,TRACI_v2_1__ecotoxicity_freshwater__ecotoxicity_freshwater,ecotoxicity: freshwater,CTUe,CTUe/kilogram,True,,,,
s_c2,BC2,"technosphere::market for nitrogen, liquid::RoW::kilogram",technosphere,"market for nitrogen, liquid",RoW,,kilogram,TRACI_v2_1__photochemical_oxidant_formation__maximum_incremental_reactivity_MIR,photochemical oxidant formation,kg O3-Eq,kg O3-Eq/kilogram,True,,,,
s_c2,BC2,"technosphere::market for natural gas, high pressure::US::cubic meter",technosphere,"market for natural gas, high pressure",US,,cubic meter,IPCC_2021__climate_change__global_warming_potential_GWP100,climate change,kg CO2-Eq,kg CO2-Eq/cubic meter,True,,,,
s_c2,BC2,"technosphere::market for natural gas, high pressure::US::cubic meter",technosphere,"market for natural gas, high pressure",US,,cubic meter,TRACI_v2_1__eutrophication__eutrophication_potential,eutrophication,kg N-Eq,kg N-Eq/cubic meter,True,,,,
s_c2,BC2,"technosphere::market for natural gas, high pressure::US::cubic meter",technosphere,"market for natural gas, high pressure",US,,cubic meter,TRACI_v2_1__acidification__acidification_potential_AP,acidification,kg SO2-Eq,kg SO2-Eq/cubic meter,True,,,,
s_c2,BC2,"technosphere::market for natural gas, high pressure::US::cubic meter",technosphere,"market for natural gas, high pressure",US,,cubic meter,TRACI_v2_1__particulate_matter_formation__particulate_matter_formation_potential_PMFP,particulate matter formation,PM2.5-Eq,PM2.5-Eq/cubic meter,True,,,,
s_c2,BC2,"technosphere::market for natural gas, high pressure::US::cubic meter",technosphere,"market for natural gas, high pressure",US,,cubic meter,TRACI_v2_1__ecotoxicity_freshwater__ecotoxicity_freshwater,ecotoxicity: freshwater,CTUe,CTUe/cubic meter,True,,,,
s_c2,BC2,"technosphere::market for natural gas, high pressure::US::cubic meter",technosphere,"market for natural gas, high pressure",US,,cubic meter,TRACI_v2_1__photochemical_oxidant_formation__maximum_incremental_reactivity_MIR,photochemical oxidant formation,kg O3-Eq,kg O3-Eq/cubic meter,True,,,,
s_c2,BC2,"technosphere::market for hydrochloric acid, without water, in 30% solution state::RoW::kilogram",technosphere,"market for hydrochloric acid, without water, in 30% solution state",RoW,,kilogram,IPCC_2021__climate_change__global_warming_potential_GWP100,climate change,kg CO2-Eq,kg CO2-Eq/kilogram,True,,,,
s_c2,BC2,"technosphere::market for hydrochloric acid, without water, in 30% solution state::RoW::kilogram",technosphere,"market for hydrochloric acid, without water, in 30% solution state",RoW,,kilogram,TRACI_v2_1__eutrophication__eutrophication_potential,eutrophication,kg N-Eq,kg N-Eq/kilogram,True,,,,
s_c2,BC2,"technosphere::market for hydrochloric acid, without water, in 30% solution state::RoW::kilogram",technosphere,"market for hydrochloric acid, without water, in 30% solution state",RoW,,kilogram,TRACI_v2_1__acidification__acidification_potential_AP,acidification,kg SO2-Eq,kg SO2-Eq/kilogram,True,,,,
s_c2,BC2,"technosphere::market for hydrochloric acid, without water, in 30% solution state::RoW::kilogram",technosphere,"market for hydrochloric acid, without water, in 30% solution state",RoW,,kilogram,TRACI_v2_1__particulate_matter_formation__particulate_matter_formation_potential_PMFP,particulate matter formation,PM2.5-Eq,PM2.5-Eq/kilogram,True,,,,
s_c2,BC2,"technosphere::market for hydrochloric acid, without water, in 30% solution state::RoW::kilogram",technosphere,"market for hydrochloric acid, without water, in 30% solution state",RoW,,kilogram,TRACI_v2_1__ecotoxicity_freshwater__ecotoxicity_freshwater,ecotoxicity: freshwater,CTUe,CTUe/kilogram,True,,,,
s_c2,BC2,"technosphere::market for hydrochloric acid, without water, in 30% solution state::RoW::kilogram",technosphere,"market for hydrochloric acid, without water, in 30% solution state",RoW,,kilogram,TRACI_v2_1__photochemical_oxidant_formation__maximum_incremental_reactivity_MIR,photochemical oxidant formation,kg O3-Eq,kg O3-Eq/kilogram,True,,,,
s_c2,BC2,"technosphere::market for iron(III) chloride, without water, in 14% iron solution state::GLO::kilogram",technosphere,"market for iron(III) chloride, without water, in 14% iron solution state",GLO,,kilogram,IPCC_2021__climate_change__global_warming_potential_GWP100,climate change,kg CO2-Eq,kg CO2-Eq/kilogram,True,,,,
s_c2,BC2,"technosphere::market for iron(III) chloride, without water, in 14% iron solution state::GLO::kilogram",technosphere,"market for iron(III) chloride, without water, in 14% iron solution state",GLO,,kilogram,TRACI_v2_1__eutrophication__eutrophication_potential,eutrophication,kg N-Eq,kg N-Eq/kilogram,True,,,,
s_c2,BC2,"technosphere::market for iron(III) chloride, without water, in 14% iron solution state::GLO::kilogram",technosphere,"market for iron(III) chloride, without water, in 14% iron solution state",GLO,,kilogram,TRACI_v2_1__acidification__acidification_potential_AP,acidification,kg SO2-Eq,kg SO2-Eq/kilogram,True,,,,
s_c2,BC2,"technosphere::market for iron(III) chloride, without water, in 14% iron solution state::GLO::kilogram",technosphere,"market for iron(III) chloride, without water, in 14% iron solution state",GLO,,kilogram,TRACI_v2_1__particulate_matter_formation__particulate_matter_formation_potential_PMFP,particulate matter formation,PM2.5-Eq,PM2.5-Eq/kilogram,True,,,,
s_c2,BC2,"technosphere::market for iron(III) chloride, without water, in 14% iron solution state::GLO::kilogram",technosphere,"market for iron(III) chloride, without water, in 14% iron solution state",GLO,,kilogram,TRACI_v2_1__ecotoxicity_freshwater__ecotoxicity_freshwater,ecotoxicity: freshwater,CTUe,CTUe/kilogram,True,,,,
s_c2,BC2,"technosphere::market for iron(III) chloride, without water, in 14% iron solution state::GLO::kilogram",technosphere,"market for iron(III) chloride, without water, in 14% iron solution state",GLO,,kilogram,TRACI_v2_1__photochemical_oxidant_formation__maximum_incremental_reactivity_MIR,photochemical oxidant formation,kg O3-Eq,kg O3-Eq/kilogram,True,,,,
s_c2,BC2,"technosphere::market for sodium hydroxide, without water, in 50% solution state::GLO::kilogram",technosphere,"market for sodium hydroxide, without water, in 50% solution state",GLO,,kilogram,IPCC_2021__climate_change__global_warming_potential_GWP100,climate change,kg CO2-Eq,kg CO2-Eq/kilogram,True,,,,
s_c2,BC2,"technosphere::market for sodium hydroxide, without water, in 50% solution state::GLO::kilogram",technosphere,"market for sodium hydroxide, without water, in 50% solution state",GLO,,kilogram,TRACI_v2_1__eutrophication__eutrophication_potential,eutrophication,kg N-Eq,kg N-Eq/kilogram,True,,,,
s_c2,BC2,"technosphere::market for sodium hydroxide, without water, in 50% solution state::GLO::kilogram",technosphere,"market for sodium hydroxide, without water, in 50% solution state",GLO,,kilogram,TRACI_v2_1__acidification__acidification_potential_AP,acidification,kg SO2-Eq,kg SO2-Eq/kilogram,True,,,,
s_c2,BC2,"technosphere::market for sodium hydroxide, without water, in 50% solution state::GLO::kilogram",technosphere,"market for sodium hydroxide, without water, in 50% solution state",GLO,,kilogram,TRACI_v2_1__particulate_matter_formation__particulate_matter_formation_potential_PMFP,particulate matter formation,PM2.5-Eq,PM2.5-Eq/kilogram,True,,,,
s_c2,BC2,"technosphere::market for sodium hydroxide, without water, in 50% solution state::GLO::kilogram",technosphere,"market for sodium hydroxide, without water, in 50% solution state",GLO,,kilogram,TRACI_v2_1__ecotoxicity_freshwater__ecotoxicity_freshwater,ecotoxicity: freshwater,CTUe,CTUe/kilogram,True,,,,
s_c2,BC2,"technosphere::market for sodium hydroxide, without water, in 50% solution state::GLO::kilogram",technosphere,"market for sodium hydroxide, without water, in 50% solution state",GLO,,kilogram,TRACI_v2_1__photochemical_oxidant_formation__maximum_incremental_reactivity_MIR,photochemical oxidant formation,kg O3-Eq,kg O3-Eq/kilogram,True,,,,
s_c2,BC2,"technosphere::hardwood forestry, beech, sustainable forest management::RoW::kilogram",technosphere,"hardwood forestry, beech, sustainable forest management",RoW,,kilogram,IPCC_2021__climate_change__global_warming_potential_GWP100,climate change,kg CO2-Eq,kg CO2-Eq/kilogram,True,,,,
s_c2,BC2,"technosphere::hardwood forestry, beech, sustainable forest management::RoW::kilogram",technosphere,"hardwood forestry, beech, sustainable forest management",RoW,,kilogram,TRACI_v2_1__eutrophication__eutrophication_potential,eutrophication,kg N-Eq,kg N-Eq/kilogram,True,,,,
s_c2,BC2,"technosphere::hardwood forestry, beech, sustainable forest management::RoW::kilogram",technosphere,"hardwood forestry, beech, sustainable forest management",RoW,,kilogram,TRACI_v2_1__acidification__acidification_potential_AP,acidification,kg SO2-Eq,kg SO2-Eq/kilogram,True,,,,
s_c2,BC2,"technosphere::hardwood forestry, beech, sustainable forest management::RoW::kilogram",technosphere,"hardwood forestry, beech, sustainable forest management",RoW,,kilogram,TRACI_v2_1__particulate_matter_formation__particulate_matter_formation_potential_PMFP,particulate matter formation,PM2.5-Eq,PM2.5-Eq/kilogram,True,,,,
s_c2,BC2,"technosphere::hardwood forestry, beech, sustainable forest management::RoW::kilogram",technosphere,"hardwood forestry, beech, sustainable forest management",RoW,,kilogram,TRACI_v2_1__ecotoxicity_freshwater__ecotoxicity_freshwater,ecotoxicity: freshwater,CTUe,CTUe/kilogram,True,,,,
s_c2,BC2,"technosphere::hardwood forestry, beech, sustainable forest management::RoW::kilogram",technosphere,"hardwood forestry, beech, sustainable forest management",RoW,,kilogram,TRACI_v2_1__photochemical_oxidant_formation__maximum_incremental_reactivity_MIR,photochemical oxidant formation,kg O3-Eq,kg O3-Eq/kilogram,True,,,,
s_c2,BC2,"technosphere::hardwood forestry, birch, sustainable forest management::RoW::kilogram",technosphere,"hardwood forestry, birch, sustainable forest management",RoW,,kilogram,IPCC_2021__climate_change__global_warming_potential_GWP100,climate change,kg CO2-Eq,kg CO2-Eq/kilogram,True,,,,
s_c2,BC2,"technosphere::hardwood forestry, birch, sustainable forest management::RoW::kilogram",technosphere,"hardwood forestry, birch, sustainable forest management",RoW,,kilogram,TRACI_v2_1__eutrophication__eutrophication_potential,eutrophication,kg N-Eq,kg N-Eq/kilogram,True,,,,
s_c2,BC2,"technosphere::hardwood forestry, birch, sustainable forest management::RoW::kilogram",technosphere,"hardwood forestry, birch, sustainable forest management",RoW,,kilogram,TRACI_v2_1__acidification__acidification_potential_AP,acidification,kg SO2-Eq,kg SO2-Eq/kilogram,True,,,,
s_c2,BC2,"technosphere::hardwood forestry, birch, sustainable forest management::RoW::kilogram",technosphere,"hardwood forestry, birch, sustainable forest management",RoW,,kilogram,TRACI_v2_1__particulate_matter_formation__particulate_matter_formation_potential_PMFP,particulate matter formation,PM2.5-Eq,PM2.5-Eq/kilogram,True,,,,
s_c2,BC2,"technosphere::hardwood forestry, birch, sustainable forest management::RoW::kilogram",technosphere,"hardwood forestry, birch, sustainable forest management",RoW,,kilogram,TRACI_v2_1__ecotoxicity_freshwater__ecotoxicity_freshwater,ecotoxicity: freshwater,CTUe,CTUe/kilogram,True,,,,
s_c2,BC2,"technosphere::hardwood forestry, birch, sustainable forest management::RoW::kilogram",technosphere,"hardwood forestry, birch, sustainable forest management",RoW,,kilogram,TRACI_v2_1__photochemical_oxidant_formation__maximum_incremental_reactivity_MIR,photochemical oxidant formation,kg O3-Eq,kg O3-Eq/kilogram,True,,,,
s_c2,BC2,"technosphere::hardwood forestry, eucalyptus ssp., planted forest management::RoW::kilogram",technosphere,"hardwood forestry, eucalyptus ssp., planted forest management",RoW,,kilogram,IPCC_2021__climate_change__global_warming_potential_GWP100,climate change,kg CO2-Eq,kg CO2-Eq/kilogram,True,,,,
s_c2,BC2,"technosphere::hardwood forestry, eucalyptus ssp., planted forest management::RoW::kilogram",technosphere,"hardwood forestry, eucalyptus ssp., planted forest management",RoW,,kilogram,TRACI_v2_1__eutrophication__eutrophication_potential,eutrophication,kg N-Eq,kg N-Eq/kilogram,True,,,,
s_c2,BC2,"technosphere::hardwood forestry, eucalyptus ssp., planted forest management::RoW::kilogram",technosphere,"hardwood forestry, eucalyptus ssp., planted forest management",RoW,,kilogram,TRACI_v2_1__acidification__acidification_potential_AP,acidification,kg SO2-Eq,kg SO2-Eq/kilogram,True,,,,
s_c2,BC2,"technosphere::hardwood forestry, eucalyptus ssp., planted forest management::RoW::kilogram",technosphere,"hardwood forestry, eucalyptus ssp., planted forest management",RoW,,kilogram,TRACI_v2_1__particulate_matter_formation__particulate_matter_formation_potential_PMFP,particulate matter formation,PM2.5-Eq,PM2.5-Eq/kilogram,True,,,,
s_c2,BC2,"technosphere::hardwood forestry, eucalyptus ssp., planted forest management::RoW::kilogram",technosphere,"hardwood forestry, eucalyptus ssp., planted forest management",RoW,,kilogram,TRACI_v2_1__ecotoxicity_freshwater__ecotoxicity_freshwater,ecotoxicity: freshwater,CTUe,CTUe/kilogram,True,,,,
s_c2,BC2,"technosphere::hardwood forestry, eucalyptus ssp., planted forest management::RoW::kilogram",technosphere,"hardwood forestry, eucalyptus ssp., planted forest management",RoW,,kilogram,TRACI_v2_1__photochemical_oxidant_formation__maximum_incremental_reactivity_MIR,photochemical oxidant formation,kg O3-Eq,kg O3-Eq/kilogram,True,,,,
s_c2,BC2,"technosphere::hardwood forestry, oak, sustainable forest management::RoW::kilogram",technosphere,"hardwood forestry, oak, sustainable forest management",RoW,,kilogram,IPCC_2021__climate_change__global_warming_potential_GWP100,climate change,kg CO2-Eq,kg CO2-Eq/kilogram,True,,,,
s_c2,BC2,"technosphere::hardwood forestry, oak, sustainable forest management::RoW::kilogram",technosphere,"hardwood forestry, oak, sustainable forest management",RoW,,kilogram,TRACI_v2_1__eutrophication__eutrophication_potential,eutrophication,kg N-Eq,kg N-Eq/kilogram,True,,,,
s_c2,BC2,"technosphere::hardwood forestry, oak, sustainable forest management::RoW::kilogram",technosphere,"hardwood forestry, oak, sustainable forest management",RoW,,kilogram,TRACI_v2_1__acidification__acidification_potential_AP,acidification,kg SO2-Eq,kg SO2-Eq/kilogram,True,,,,
s_c2,BC2,"technosphere::hardwood forestry, oak, sustainable forest management::RoW::kilogram",technosphere,"hardwood forestry, oak, sustainable forest management",RoW,,kilogram,TRACI_v2_1__particulate_matter_formation__particulate_matter_formation_potential_PMFP,particulate matter formation,PM2.5-Eq,PM2.5-Eq/kilogram,True,,,,
s_c2,BC2,"technosphere::hardwood forestry, oak, sustainable forest management::RoW::kilogram",technosphere,"hardwood forestry, oak, sustainable forest management",RoW,,kilogram,TRACI_v2_1__ecotoxicity_freshwater__ecotoxicity_freshwater,ecotoxicity: freshwater,CTUe,CTUe/kilogram,True,,,,
s_c2,BC2,"technosphere::hardwood forestry, oak, sustainable forest management::RoW::kilogram",technosphere,"hardwood forestry, oak, sustainable forest management",RoW,,kilogram,TRACI_v2_1__photochemical_oxidant_formation__maximum_incremental_reactivity_MIR,photochemical oxidant formation,kg O3-Eq,kg O3-Eq/kilogram,True,,,,
s_c2,BC2,"technosphere::softwood forestry, pine, sustainable forest management::RoW::kilogram",technosphere,"softwood forestry, pine, sustainable forest management",RoW,,kilogram,IPCC_2021__climate_change__global_warming_potential_GWP100,climate change,kg CO2-Eq,kg CO2-Eq/kilogram,True,,,,
s_c2,BC2,"technosphere::softwood forestry, pine, sustainable forest management::RoW::kilogram",technosphere,"softwood forestry, pine, sustainable forest management",RoW,,kilogram,TRACI_v2_1__eutrophication__eutrophication_potential,eutrophication,kg N-Eq,kg N-Eq/kilogram,True,,,,
s_c2,BC2,"technosphere::softwood forestry, pine, sustainable forest management::RoW::kilogram",technosphere,"softwood forestry, pine, sustainable forest management",RoW,,kilogram,TRACI_v2_1__acidification__acidification_potential_AP,acidification,kg SO2-Eq,kg SO2-Eq/kilogram,True,,,,
s_c2,BC2,"technosphere::softwood forestry, pine, sustainable forest management::RoW::kilogram",technosphere,"softwood forestry, pine, sustainable forest management",RoW,,kilogram,TRACI_v2_1__particulate_matter_formation__particulate_matter_formation_potential_PMFP,particulate matter formation,PM2.5-Eq,PM2.5-Eq/kilogram,True,,,,
s_c2,BC2,"technosphere::softwood forestry, pine, sustainable forest management::RoW::kilogram",technosphere,"softwood forestry, pine, sustainable forest management",RoW,,kilogram,TRACI_v2_1__ecotoxicity_freshwater__ecotoxicity_freshwater,ecotoxicity: freshwater,CTUe,CTUe/kilogram,True,,,,
s_c2,BC2,"technosphere::softwood forestry, pine, sustainable forest management::RoW::kilogram",technosphere,"softwood forestry, pine, sustainable forest management",RoW,,kilogram,TRACI_v2_1__photochemical_oxidant_formation__maximum_incremental_reactivity_MIR,photochemical oxidant formation,kg O3-Eq,kg O3-Eq/kilogram,True,,,,
s_c2,BC2,"technosphere::softwood forestry, spruce, sustainable forest management::RoW::kilogram",technosphere,"softwood forestry, spruce, sustainable forest management",RoW,,kilogram,IPCC_2021__climate_change__global_warming_potential_GWP100,climate change,kg CO2-Eq,kg CO2-Eq/kilogram,True,,,,
s_c2,BC2,"technosphere::softwood forestry, spruce, sustainable forest management::RoW::kilogram",technosphere,"softwood forestry, spruce, sustainable forest management",RoW,,kilogram,TRACI_v2_1__eutrophication__eutrophication_potential,eutrophication,kg N-Eq,kg N-Eq/kilogram,True,,,,
s_c2,BC2,"technosphere::softwood forestry, spruce, sustainable forest management::RoW::kilogram",technosphere,"softwood forestry, spruce, sustainable forest management",RoW,,kilogram,TRACI_v2_1__acidification__acidification_potential_AP,acidification,kg SO2-Eq,kg SO2-Eq/kilogram,True,,,,
s_c2,BC2,"technosphere::softwood forestry, spruce, sustainable forest management::RoW::kilogram",technosphere,"softwood forestry, spruce, sustainable forest management",RoW,,kilogram,TRACI_v2_1__particulate_matter_formation__particulate_matter_formation_potential_PMFP,particulate matter formation,PM2.5-Eq,PM2.5-Eq/kilogram,True,,,,
s_c2,BC2,"technosphere::softwood forestry, spruce, sustainable forest management::RoW::kilogram",technosphere,"softwood forestry, spruce, sustainable forest management",RoW,,kilogram,TRACI_v2_1__ecotoxicity_freshwater__ecotoxicity_freshwater,ecotoxicity: freshwater,CTUe,CTUe/kilogram,True,,,,
s_c2,BC2,"technosphere::softwood forestry, spruce, sustainable forest management::RoW::kilogram",technosphere,"softwood forestry, spruce, sustainable forest management",RoW,,kilogram,TRACI_v2_1__photochemical_oxidant_formation__maximum_incremental_reactivity_MIR,photochemical oxidant formation,kg O3-Eq,kg O3-Eq/kilogram,True,,,,
s_c2,BC2,technosphere::market for diazole-compound::GLO::kilogram,technosphere,market for diazole-compound,GLO,,kilogram,IPCC_2021__climate_change__global_warming_potential_GWP100,climate change,kg CO2-Eq,kg CO2-Eq/kilogram,True,,,,
s_c2,BC2,technosphere::market for diazole-compound::GLO::kilogram,technosphere,market for diazole-compound,GLO,,kilogram,TRACI_v2_1__eutrophication__eutrophication_potential,eutrophication,kg N-Eq,kg N-Eq/kilogram,True,,,,
s_c2,BC2,technosphere::market for diazole-compound::GLO::kilogram,technosphere,market for diazole-compound,GLO,,kilogram,TRACI_v2_1__acidification__acidification_potential_AP,acidification,kg SO2-Eq,kg SO2-Eq/kilogram,True,,,,
s_c2,BC2,technosphere::market for diazole-compound::GLO::kilogram,technosphere,market for diazole-compound,GLO,,kilogram,TRACI_v2_1__particulate_matter_formation__particulate_matter_formation_potential_PMFP,particulate matter formation,PM2.5-Eq,PM2.5-Eq/kilogram,True,,,,
s_c2,BC2,technosphere::market for diazole-compound::GLO::kilogram,technosphere,market for diazole-compound,GLO,,kilogram,TRACI_v2_1__ecotoxicity_freshwater__ecotoxicity_freshwater,ecotoxicity: freshwater,CTUe,CTUe/kilogram,True,,,,
s_c2,BC2,technosphere::market for diazole-compound::GLO::kilogram,technosphere,market for diazole-compound,GLO,,kilogram,TRACI_v2_1__photochemical_oxidant_formation__maximum_incremental_reactivity_MIR,photochemical oxidant formation,kg O3-Eq,kg O3-Eq/kilogram,True,,,,
s_c2,BC2,"biosphere::Carbon dioxide, fossil::air > urban air close to ground::kilogram",biosphere,"Carbon dioxide, fossil",,air > urban air close to ground,kilogram,IPCC_2021__climate_change__global_warming_potential_GWP100,climate change,kg CO2-Eq,kg CO2-Eq/kilogram,True,,,,
s_c2,BC2,"biosphere::Carbon dioxide, fossil::air > urban air close to ground::kilogram",biosphere,"Carbon dioxide, fossil",,air > urban air close to ground,kilogram,TRACI_v2_1__eutrophication__eutrophication_potential,eutrophication,kg N-Eq,kg N-Eq/kilogram,True,,,,
s_c2,BC2,"biosphere::Carbon dioxide, fossil::air > urban air close to ground::kilogram",biosphere,"Carbon dioxide, fossil",,air > urban air close to ground,kilogram,TRACI_v2_1__acidification__acidification_potential_AP,acidification,kg SO2-Eq,kg SO2-Eq/kilogram,True,,,,
s_c2,BC2,"biosphere::Carbon dioxide, fossil::air > urban air close to ground::kilogram",biosphere,"Carbon dioxide, fossil",,air > urban air close to ground,kilogram,TRACI_v2_1__particulate_matter_formation__particulate_matter_formation_potential_PMFP,particulate matter formation,PM2.5-Eq,PM2.5-Eq/kilogram,True,,,,
s_c2,BC2,"biosphere::Carbon dioxide, fossil::air > urban air close to ground::kilogram",biosphere,"Carbon dioxide, fossil",,air > urban air close to ground,kilogram,TRACI_v2_1__ecotoxicity_freshwater__ecotoxicity_freshwater,ecotoxicity: freshwater,CTUe,CTUe/kilogram,True,,,,
s_c2,BC2,"biosphere::Carbon dioxide, fossil::air > urban air close to ground::kilogram",biosphere,"Carbon dioxide, fossil",,air > urban air close to ground,kilogram,TRACI_v2_1__photochemical_oxidant_formation__maximum_incremental_reactivity_MIR,photochemical oxidant formation,kg O3-Eq,kg O3-Eq/kilogram,True,,,,
s_c2,BC2,"biosphere::Methane, fossil::air > urban air close to ground::kilogram",biosphere,"Methane, fossil",,air > urban air close to ground,kilogram,IPCC_2021__climate_change__global_warming_potential_GWP100,climate change,kg CO2-Eq,kg CO2-Eq/kilogram,True,,,,
s_c2,BC2,"biosphere::Methane, fossil::air > urban air close to ground::kilogram",biosphere,"Methane, fossil",,air > urban air close to ground,kilogram,TRACI_v2_1__eutrophication__eutrophication_potential,eutrophication,kg N-Eq,kg N-Eq/kilogram,True,,,,
s_c2,BC2,"biosphere::Methane, fossil::air > urban air close to ground::kilogram",biosphere,"Methane, fossil",,air > urban air close to ground,kilogram,TRACI_v2_1__acidification__acidification_potential_AP,acidification,kg SO2-Eq,kg SO2-Eq/kilogram,True,,,,
s_c2,BC2,"biosphere::Methane, fossil::air > urban air close to ground::kilogram",biosphere,"Methane, fossil",,air > urban air close to ground,kilogram,TRACI_v2_1__particulate_matter_formation__particulate_matter_formation_potential_PMFP,particulate matter formation,PM2.5-Eq,PM2.5-Eq/kilogram,True,,,,
s_c2,BC2,"biosphere::Methane, fossil::air > urban air close to ground::kilogram",biosphere,"Methane, fossil",,air > urban air close to ground,kilogram,TRACI_v2_1__ecotoxicity_freshwater__ecotoxicity_freshwater,ecotoxicity: freshwater,CTUe,CTUe/kilogram,True,,,,
s_c2,BC2,"biosphere::Methane, fossil::air > urban air close to ground::kilogram",biosphere,"Methane, fossil",,air > urban air close to ground,kilogram,TRACI_v2_1__photochemical_oxidant_formation__maximum_incremental_reactivity_MIR,photochemical oxidant formation,kg O3-Eq,kg O3-Eq/kilogram,True,,,,
s_c2,BC2,biosphere::Dinitrogen monoxide::air > urban air close to ground::kilogram,biosphere,Dinitrogen monoxide,,air > urban air close to ground,kilogram,IPCC_2021__climate_change__global_warming_potential_GWP100,climate change,kg CO2-Eq,kg CO2-Eq/kilogram,True,,,,
s_c2,BC2,biosphere::Dinitrogen monoxide::air > urban air close to ground::kilogram,biosphere,Dinitrogen monoxide,,air > urban air close to ground,kilogram,TRACI_v2_1__eutrophication__eutrophication_potential,eutrophication,kg N-Eq,kg N-Eq/kilogram,True,,,,
s_c2,BC2,biosphere::Dinitrogen monoxide::air > urban air close to ground::kilogram,biosphere,Dinitrogen monoxide,,air > urban air close to ground,kilogram,TRACI_v2_1__acidification__acidification_potential_AP,acidification,kg SO2-Eq,kg SO2-Eq/kilogram,True,,,,
s_c2,BC2,biosphere::Dinitrogen monoxide::air > urban air close to ground::kilogram,biosphere,Dinitrogen monoxide,,air > urban air close to ground,kilogram,TRACI_v2_1__particulate_matter_formation__particulate_matter_formation_potential_PMFP,particulate matter formation,PM2.5-Eq,PM2.5-Eq/kilogram,True,,,,
s_c2,BC2,biosphere::Dinitrogen monoxide::air > urban air close to ground::kilogram,biosphere,Dinitrogen monoxide,,air > urban air close to ground,kilogram,TRACI_v2_1__ecotoxicity_freshwater__ecotoxicity_freshwater,ecotoxicity: freshwater,CTUe,CTUe/kilogram,True,,,,
s_c2,BC2,biosphere::Dinitrogen monoxide::air > urban air close to ground::kilogram,biosphere,Dinitrogen monoxide,,air > urban air close to ground,kilogram,TRACI_v2_1__photochemical_oxidant_formation__maximum_incremental_reactivity_MIR,photochemical oxidant formation,kg O3-Eq,kg O3-Eq/kilogram,True,,,,
s_c2,BC2,"biosphere::hydrogen, byproduct::inventory indicator > output flow::kilogram",biosphere,"hydrogen, byproduct",,inventory indicator > output flow,kilogram,IPCC_2021__climate_change__global_warming_potential_GWP100,climate change,kg CO2-Eq,kg CO2-Eq/kilogram,True,,,,
s_c2,BC2,"biosphere::hydrogen, byproduct::inventory indicator > output flow::kilogram",biosphere,"hydrogen, byproduct",,inventory indicator > output flow,kilogram,TRACI_v2_1__eutrophication__eutrophication_potential,eutrophication,kg N-Eq,kg N-Eq/kilogram,True,,,,
s_c2,BC2,"biosphere::hydrogen, byproduct::inventory indicator > output flow::kilogram",biosphere,"hydrogen, byproduct",,inventory indicator > output flow,kilogram,TRACI_v2_1__acidification__acidification_potential_AP,acidification,kg SO2-Eq,kg SO2-Eq/kilogram,True,,,,
s_c2,BC2,"biosphere::hydrogen, byproduct::inventory indicator > output flow::kilogram",biosphere,"hydrogen, byproduct",,inventory indicator > output flow,kilogram,TRACI_v2_1__particulate_matter_formation__particulate_matter_formation_potential_PMFP,particulate matter formation,PM2.5-Eq,PM2.5-Eq/kilogram,True,,,,
s_c2,BC2,"biosphere::hydrogen, byproduct::inventory indicator > output flow::kilogram",biosphere,"hydrogen, byproduct",,inventory indicator > output flow,kilogram,TRACI_v2_1__ecotoxicity_freshwater__ecotoxicity_freshwater,ecotoxicity: freshwater,CTUe,CTUe/kilogram,True,,,,
s_c2,BC2,"biosphere::hydrogen, byproduct::inventory indicator > output flow::kilogram",biosphere,"hydrogen, byproduct",,inventory indicator > output flow,kilogram,TRACI_v2_1__photochemical_oxidant_formation__maximum_incremental_reactivity_MIR,photochemical oxidant formation,kg O3-Eq,kg O3-Eq/kilogram,True,,,,
s_c2,BC2,"biosphere::hydrocarbon, from hydrotreating::inventory indicator > output flow::kilogram",biosphere,"hydrocarbon, from hydrotreating",,inventory indicator > output flow,kilogram,IPCC_2021__climate_change__global_warming_potential_GWP100,climate change,kg CO2-Eq,kg CO2-Eq/kilogram,True,,,,
s_c2,BC2,"biosphere::hydrocarbon, from hydrotreating::inventory indicator > output flow::kilogram",biosphere,"hydrocarbon, from hydrotreating",,inventory indicator > output flow,kilogram,TRACI_v2_1__eutrophication__eutrophication_potential,eutrophication,kg N-Eq,kg N-Eq/kilogram,True,,,,
s_c2,BC2,"biosphere::hydrocarbon, from hydrotreating::inventory indicator > output flow::kilogram",biosphere,"hydrocarbon, from hydrotreating",,inventory indicator > output flow,kilogram,TRACI_v2_1__acidification__acidification_potential_AP,acidification,kg SO2-Eq,kg SO2-Eq/kilogram,True,,,,
s_c2,BC2,"biosphere::hydrocarbon, from hydrotreating::inventory indicator > output flow::kilogram",biosphere,"hydrocarbon, from hydrotreating",,inventory indicator > output flow,kilogram,TRACI_v2_1__particulate_matter_formation__particulate_matter_formation_potential_PMFP,particulate matter formation,PM2.5-Eq,PM2.5-Eq/kilogram,True,,,,
s_c2,BC2,"biosphere::hydrocarbon, from hydrotreating::inventory indicator > output flow::kilogram",biosphere,"hydrocarbon, from hydrotreating",,inventory indicator > output flow,kilogram,TRACI_v2_1__ecotoxicity_freshwater__ecotoxicity_freshwater,ecotoxicity: freshwater,CTUe,CTUe/kilogram,True,,,,
s_c2,BC2,"biosphere::hydrocarbon, from hydrotreating::inventory indicator > output flow::kilogram",biosphere,"hydrocarbon, from hydrotreating",,inventory indicator > output flow,kilogram,TRACI_v2_1__photochemical_oxidant_formation__maximum_incremental_reactivity_MIR,photochemical oxidant formation,kg O3-Eq,kg O3-Eq/kilogram,True,,,,
s_c2,BC2,"biosphere::water out, from waste water management::inventory indicator > output flow::kilogram",biosphere,"water out, from waste water management",,inventory indicator > output flow,kilogram,IPCC_2021__climate_change__global_warming_potential_GWP100,climate change,kg CO2-Eq,kg CO2-Eq/kilogram,True,,,,
s_c2,BC2,"biosphere::water out, from waste water management::inventory indicator > output flow::kilogram",biosphere,"water out, from waste water management",,inventory indicator > output flow,kilogram,TRACI_v2_1__eutrophication__eutrophication_potential,eutrophication,kg N-Eq,kg N-Eq/kilogram,True,,,,
s_c2,BC2,"biosphere::water out, from waste water management::inventory indicator > output flow::kilogram",biosphere,"water out, from waste water management",,inventory indicator > output flow,kilogram,TRACI_v2_1__acidification__acidification_potential_AP,acidification,kg SO2-Eq,kg SO2-Eq/kilogram,True,,,,
s_c2,BC2,"biosphere::water out, from waste water management::inventory indicator > output flow::kilogram",biosphere,"water out, from waste water management",,inventory indicator > output flow,kilogram,TRACI_v2_1__particulate_matter_formation__particulate_matter_formation_potential_PMFP,particulate matter formation,PM2.5-Eq,PM2.5-Eq/kilogram,True,,,,
s_c2,BC2,"biosphere::water out, from waste water management::inventory indicator > output flow::kilogram",biosphere,"water out, from waste water management",,inventory indicator > output flow,kilogram,TRACI_v2_1__ecotoxicity_freshwater__ecotoxicity_freshwater,ecotoxicity: freshwater,CTUe,CTUe/kilogram,True,,,,
s_c2,BC2,"biosphere::water out, from waste water management::inventory indicator > output flow::kilogram",biosphere,"water out, from waste water management",,inventory indicator > output flow,kilogram,TRACI_v2_1__photochemical_oxidant_formation__maximum_incremental_reactivity_MIR,photochemical oxidant formation,kg O3-Eq,kg O3-Eq/kilogram,True,,,,
s_c2,BC2,biosphere::Dinitrogen monoxide::air > non-urban air or from high stacks::kilogram,biosphere,Dinitrogen monoxide,,air > non-urban air or from high stacks,kilogram,IPCC_2021__climate_change__global_warming_potential_GWP100,climate change,kg CO2-Eq,kg CO2-Eq/kilogram,True,,,,
s_c2,BC2,biosphere::Dinitrogen monoxide::air > non-urban air or from high stacks::kilogram,biosphere,Dinitrogen monoxide,,air > non-urban air or from high stacks,kilogram,TRACI_v2_1__eutrophication__eutrophication_potential,eutrophication,kg N-Eq,kg N-Eq/kilogram,True,,,,
s_c2,BC2,biosphere::Dinitrogen monoxide::air > non-urban air or from high stacks::kilogram,biosphere,Dinitrogen monoxide,,air > non-urban air or from high stacks,kilogram,TRACI_v2_1__acidification__acidification_potential_AP,acidification,kg SO2-Eq,kg SO2-Eq/kilogram,True,,,,
s_c2,BC2,biosphere::Dinitrogen monoxide::air > non-urban air or from high stacks::kilogram,biosphere,Dinitrogen monoxide,,air > non-urban air or from high stacks,kilogram,TRACI_v2_1__particulate_matter_formation__particulate_matter_formation_potential_PMFP,particulate matter formation,PM2.5-Eq,PM2.5-Eq/kilogram,True,,,,
s_c2,BC2,biosphere::Dinitrogen monoxide::air > non-urban air or from high stacks::kilogram,biosphere,Dinitrogen monoxide,,air > non-urban air or from high stacks,kilogram,TRACI_v2_1__ecotoxicity_freshwater__ecotoxicity_freshwater,ecotoxicity: freshwater,CTUe,CTUe/kilogram,True,,,,
s_c2,BC2,biosphere::Dinitrogen monoxide::air > non-urban air or from high stacks::kilogram,biosphere,Dinitrogen monoxide,,air > non-urban air or from high stacks,kilogram,TRACI_v2_1__photochemical_oxidant_formation__maximum_incremental_reactivity_MIR,photochemical oxidant formation,kg O3-Eq,kg O3-Eq/kilogram,True,,,,
s_c2,BC2,biosphere::Nitrogen oxides::air > non-urban air or from high stacks::kilogram,biosphere,Nitrogen oxides,,air > non-urban air or from high stacks,kilogram,IPCC_2021__climate_change__global_warming_potential_GWP100,climate change,kg CO2-Eq,kg CO2-Eq/kilogram,True,,,,
s_c2,BC2,biosphere::Nitrogen oxides::air > non-urban air or from high stacks::kilogram,biosphere,Nitrogen oxides,,air > non-urban air or from high stacks,kilogram,TRACI_v2_1__eutrophication__eutrophication_potential,eutrophication,kg N-Eq,kg N-Eq/kilogram,True,,,,
s_c2,BC2,biosphere::Nitrogen oxides::air > non-urban air or from high stacks::kilogram,biosphere,Nitrogen oxides,,air > non-urban air or from high stacks,kilogram,TRACI_v2_1__acidification__acidification_potential_AP,acidification,kg SO2-Eq,kg SO2-Eq/kilogram,True,,,,
s_c2,BC2,biosphere::Nitrogen oxides::air > non-urban air or from high stacks::kilogram,biosphere,Nitrogen oxides,,air > non-urban air or from high stacks,kilogram,TRACI_v2_1__particulate_matter_formation__particulate_matter_formation_potential_PMFP,particulate matter formation,PM2.5-Eq,PM2.5-Eq/kilogram,True,,,,
s_c2,BC2,biosphere::Nitrogen oxides::air > non-urban air or from high stacks::kilogram,biosphere,Nitrogen oxides,,air > non-urban air or from high stacks,kilogram,TRACI_v2_1__ecotoxicity_freshwater__ecotoxicity_freshwater,ecotoxicity: freshwater,CTUe,CTUe/kilogram,True,,,,
s_c2,BC2,biosphere::Nitrogen oxides::air > non-urban air or from high stacks::kilogram,biosphere,Nitrogen oxides,,air > non-urban air or from high stacks,kilogram,TRACI_v2_1__photochemical_oxidant_formation__maximum_incremental_reactivity_MIR,photochemical oxidant formation,kg O3-Eq,kg O3-Eq/kilogram,True,,,,
s_c2,BC2,biosphere::air::natural resource > in air::kilogram,biosphere,air,,natural resource > in air,kilogram,IPCC_2021__climate_change__global_warming_potential_GWP100,climate change,kg CO2-Eq,kg CO2-Eq/kilogram,True,,,,
s_c2,BC2,biosphere::air::natural resource > in air::kilogram,biosphere,air,,natural resource > in air,kilogram,TRACI_v2_1__eutrophication__eutrophication_potential,eutrophication,kg N-Eq,kg N-Eq/kilogram,True,,,,
s_c2,BC2,biosphere::air::natural resource > in air::kilogram,biosphere,air,,natural resource > in air,kilogram,TRACI_v2_1__acidification__acidification_potential_AP,acidification,kg SO2-Eq,kg SO2-Eq/kilogram,True,,,,
s_c2,BC2,biosphere::air::natural resource > in air::kilogram,biosphere,air,,natural resource > in air,kilogram,TRACI_v2_1__particulate_matter_formation__particulate_matter_formation_potential_PMFP,particulate matter formation,PM2.5-Eq,PM2.5-Eq/kilogram,True,,,,
s_c2,BC2,biosphere::air::natural resource > in air::kilogram,biosphere,air,,natural resource > in air,kilogram,TRACI_v2_1__ecotoxicity_freshwater__ecotoxicity_freshwater,ecotoxicity: freshwater,CTUe,CTUe/kilogram,True,,,,
s_c2,BC2,biosphere::air::natural resource > in air::kilogram,biosphere,air,,natural resource > in air,kilogram,TRACI_v2_1__photochemical_oxidant_formation__maximum_incremental_reactivity_MIR,photochemical oxidant formation,kg O3-Eq,kg O3-Eq/kilogram,True,,,,
s_c2,BC2,biosphere::low-pressure steam::inventory indicator > output flow::kilogram,biosphere,low-pressure steam,,inventory indicator > output flow,kilogram,IPCC_2021__climate_change__global_warming_potential_GWP100,climate change,kg CO2-Eq,kg CO2-Eq/kilogram,True,,,,
s_c2,BC2,biosphere::low-pressure steam::inventory indicator > output flow::kilogram,biosphere,low-pressure steam,,inventory indicator > output flow,kilogram,TRACI_v2_1__eutrophication__eutrophication_potential,eutrophication,kg N-Eq,kg N-Eq/kilogram,True,,,,
s_c2,BC2,biosphere::low-pressure steam::inventory indicator > output flow::kilogram,biosphere,low-pressure steam,,inventory indicator > output flow,kilogram,TRACI_v2_1__acidification__acidification_potential_AP,acidification,kg SO2-Eq,kg SO2-Eq/kilogram,True,,,,
s_c2,BC2,biosphere::low-pressure steam::inventory indicator > output flow::kilogram,biosphere,low-pressure steam,,inventory indicator > output flow,kilogram,TRACI_v2_1__particulate_matter_formation__particulate_matter_formation_potential_PMFP,particulate matter formation,PM2.5-Eq,PM2.5-Eq/kilogram,True,,,,
s_c2,BC2,biosphere::low-pressure steam::inventory indicator > output flow::kilogram,biosphere,low-pressure steam,,inventory indicator > output flow,kilogram,TRACI_v2_1__ecotoxicity_freshwater__ecotoxicity_freshwater,ecotoxicity: freshwater,CTUe,CTUe/kilogram,True,,,,
s_c2,BC2,biosphere::low-pressure steam::inventory indicator > output flow::kilogram,biosphere,low-pressure steam,,inventory indicator > output flow,kilogram,TRACI_v2_1__photochemical_oxidant_formation__maximum_incremental_reactivity_MIR,photochemical oxidant formation,kg O3-Eq,kg O3-Eq/kilogram,True,,,,
s_c2,BC2,"biosphere::waste, construction and demolition::emission > soil::kilogram",biosphere,"waste, construction and demolition",,emission > soil,kilogram,IPCC_2021__climate_change__global_warming_potential_GWP100,climate change,kg CO2-Eq,kg CO2-Eq/kilogram,True,,,,
s_c2,BC2,"biosphere::waste, construction and demolition::emission > soil::kilogram",biosphere,"waste, construction and demolition",,emission > soil,kilogram,TRACI_v2_1__eutrophication__eutrophication_potential,eutrophication,kg N-Eq,kg N-Eq/kilogram,True,,,,
s_c2,BC2,"biosphere::waste, construction and demolition::emission > soil::kilogram",biosphere,"waste, construction and demolition",,emission > soil,kilogram,TRACI_v2_1__acidification__acidification_potential_AP,acidification,kg SO2-Eq,kg SO2-Eq/kilogram,True,,,,
s_c2,BC2,"biosphere::waste, construction and demolition::emission > soil::kilogram",biosphere,"waste, construction and demolition",,emission > soil,kilogram,TRACI_v2_1__particulate_matter_formation__particulate_matter_formation_potential_PMFP,particulate matter formation,PM2.5-Eq,PM2.5-Eq/kilogram,True,,,,
s_c2,BC2,"biosphere::waste, construction and demolition::emission > soil::kilogram",biosphere,"waste, construction and demolition",,emission > soil,kilogram,TRACI_v2_1__ecotoxicity_freshwater__ecotoxicity_freshwater,ecotoxicity: freshwater,CTUe,CTUe/kilogram,True,,,,
s_c2,BC2,"biosphere::waste, construction and demolition::emission > soil::kilogram",biosphere,"waste, construction and demolition",,emission > soil,kilogram,TRACI_v2_1__photochemical_oxidant_formation__maximum_incremental_reactivity_MIR,photochemical oxidant formation,kg O3-Eq,kg O3-Eq/kilogram,True,,,,
s_c2,BC2,biosphere::Oxygen::natural resource > in air::kilogram,biosphere,Oxygen,,natural resource > in air,kilogram,IPCC_2021__climate_change__global_warming_potential_GWP100,climate change,kg CO2-Eq,kg CO2-Eq/kilogram,True,,,,
s_c2,BC2,biosphere::Oxygen::natural resource > in air::kilogram,biosphere,Oxygen,,natural resource > in air,kilogram,TRACI_v2_1__eutrophication__eutrophication_potential,eutrophication,kg N-Eq,kg N-Eq/kilogram,True,,,,
s_c2,BC2,biosphere::Oxygen::natural resource > in air::kilogram,biosphere,Oxygen,,natural resource > in air,kilogram,TRACI_v2_1__acidification__acidification_potential_AP,acidification,kg SO2-Eq,kg SO2-Eq/kilogram,True,,,,
s_c2,BC2,biosphere::Oxygen::natural resource > in air::kilogram,biosphere,Oxygen,,natural resource > in air,kilogram,TRACI_v2_1__particulate_matter_formation__particulate_matter_formation_potential_PMFP,particulate matter formation,PM2.5-Eq,PM2.5-Eq/kilogram,True,,,,
s_c2,BC2,biosphere::Oxygen::natural resource > in air::kilogram,biosphere,Oxygen,,natural resource > in air,kilogram,TRACI_v2_1__ecotoxicity_freshwater__ecotoxicity_freshwater,ecotoxicity: freshwater,CTUe,CTUe/kilogram,True,,,,
s_c2,BC2,biosphere::Oxygen::natural resource > in air::kilogram,biosphere,Oxygen,,natural resource > in air,kilogram,TRACI_v2_1__photochemical_oxidant_formation__maximum_incremental_reactivity_MIR,photochemical oxidant formation,kg O3-Eq,kg O3-Eq/kilogram,True,,,,
s_c2,BC2,biosphere::biogenic co2::inventory indicator > output flow::kilogram,biosphere,biogenic co2,,inventory indicator > output flow,kilogram,IPCC_2021__climate_change__global_warming_potential_GWP100,climate change,kg CO2-Eq,kg CO2-Eq/kilogram,True,,,,
s_c2,BC2,biosphere::biogenic co2::inventory indicator > output flow::kilogram,biosphere,biogenic co2,,inventory indicator > output flow,kilogram,TRACI_v2_1__eutrophication__eutrophication_potential,eutrophication,kg N-Eq,kg N-Eq/kilogram,True,,,,
s_c2,BC2,biosphere::biogenic co2::inventory indicator > output flow::kilogram,biosphere,biogenic co2,,inventory indicator > output flow,kilogram,TRACI_v2_1__acidification__acidification_potential_AP,acidification,kg SO2-Eq,kg SO2-Eq/kilogram,True,,,,
s_c2,BC2,biosphere::biogenic co2::inventory indicator > output flow::kilogram,biosphere,biogenic co2,,inventory indicator > output flow,kilogram,TRACI_v2_1__particulate_matter_formation__particulate_matter_formation_potential_PMFP,particulate matter formation,PM2.5-Eq,PM2.5-Eq/kilogram,True,,,,
s_c2,BC2,biosphere::biogenic co2::inventory indicator > output flow::kilogram,biosphere,biogenic co2,,inventory indicator > output flow,kilogram,TRACI_v2_1__ecotoxicity_freshwater__ecotoxicity_freshwater,ecotoxicity: freshwater,CTUe,CTUe/kilogram,True,,,,
s_c2,BC2,biosphere::biogenic co2::inventory indicator > output flow::kilogram,biosphere,biogenic co2,,inventory indicator > output flow,kilogram,TRACI_v2_1__photochemical_oxidant_formation__maximum_incremental_reactivity_MIR,photochemical oxidant formation,kg O3-Eq,kg O3-Eq/kilogram,True,,,,
s_c2,BC2,"biosphere::Water, turbine use, unspecified natural origin::natural resource > in water::cubic meter",biosphere,"Water, turbine use, unspecified natural origin",,natural resource > in water,cubic meter,IPCC_2021__climate_change__global_warming_potential_GWP100,climate change,kg CO2-Eq,kg CO2-Eq/cubic meter,True,,,,
s_c2,BC2,"biosphere::Water, turbine use, unspecified natural origin::natural resource > in water::cubic meter",biosphere,"Water, turbine use, unspecified natural origin",,natural resource > in water,cubic meter,TRACI_v2_1__eutrophication__eutrophication_potential,eutrophication,kg N-Eq,kg N-Eq/cubic meter,True,,,,
s_c2,BC2,"biosphere::Water, turbine use, unspecified natural origin::natural resource > in water::cubic meter",biosphere,"Water, turbine use, unspecified natural origin",,natural resource > in water,cubic meter,TRACI_v2_1__acidification__acidification_potential_AP,acidification,kg SO2-Eq,kg SO2-Eq/cubic meter,True,,,,
s_c2,BC2,"biosphere::Water, turbine use, unspecified natural origin::natural resource > in water::cubic meter",biosphere,"Water, turbine use, unspecified natural origin",,natural resource > in water,cubic meter,TRACI_v2_1__particulate_matter_formation__particulate_matter_formation_potential_PMFP,particulate matter formation,PM2.5-Eq,PM2.5-Eq/cubic meter,True,,,,
s_c2,BC2,"biosphere::Water, turbine use, unspecified natural origin::natural resource > in water::cubic meter",biosphere,"Water, turbine use, unspecified natural origin",,natural resource > in water,cubic meter,TRACI_v2_1__ecotoxicity_freshwater__ecotoxicity_freshwater,ecotoxicity: freshwater,CTUe,CTUe/cubic meter,True,,,,
s_c2,BC2,"biosphere::Water, turbine use, unspecified natural origin::natural resource > in water::cubic meter",biosphere,"Water, turbine use, unspecified natural origin",,natural resource > in water,cubic meter,TRACI_v2_1__photochemical_oxidant_formation__maximum_incremental_reactivity_MIR,photochemical oxidant formation,kg O3-Eq,kg O3-Eq/cubic meter,True,,,,
s_c2,BC2,"biosphere::water, in chemical::inventory indicator > output flow::kilogram",biosphere,"water, in chemical",,inventory indicator > output flow,kilogram,IPCC_2021__climate_change__global_warming_potential_GWP100,climate change,kg CO2-Eq,kg CO2-Eq/kilogram,True,,,,
s_c2,BC2,"biosphere::water, in chemical::inventory indicator > output flow::kilogram",biosphere,"water, in chemical",,inventory indicator > output flow,kilogram,TRACI_v2_1__eutrophication__eutrophication_potential,eutrophication,kg N-Eq,kg N-Eq/kilogram,True,,,,
s_c2,BC2,"biosphere::water, in chemical::inventory indicator > output flow::kilogram",biosphere,"water, in chemical",,inventory indicator > output flow,kilogram,TRACI_v2_1__acidification__acidification_potential_AP,acidification,kg SO2-Eq,kg SO2-Eq/kilogram,True,,,,
s_c2,BC2,"biosphere::water, in chemical::inventory indicator > output flow::kilogram",biosphere,"water, in chemical",,inventory indicator > output flow,kilogram,TRACI_v2_1__particulate_matter_formation__particulate_matter_formation_potential_PMFP,particulate matter formation,PM2.5-Eq,PM2.5-Eq/kilogram,True,,,,
s_c2,BC2,"biosphere::water, in chemical::inventory indicator > output flow::kilogram",biosphere,"water, in chemical",,inventory indicator > output flow,kilogram,TRACI_v2_1__ecotoxicity_freshwater__ecotoxicity_freshwater,ecotoxicity: freshwater,CTUe,CTUe/kilogram,True,,,,
s_c2,BC2,"biosphere::water, in chemical::inventory indicator > output flow::kilogram",biosphere,"water, in chemical",,inventory indicator > output flow,kilogram,TRACI_v2_1__photochemical_oxidant_formation__maximum_incremental_reactivity_MIR,photochemical oxidant formation,kg O3-Eq,kg O3-Eq/kilogram,True,,,,
s_c2,BC2,"biosphere::solids, from waste water management::inventory indicator > output flow::kilogram",biosphere,"solids, from waste water management",,inventory indicator > output flow,kilogram,IPCC_2021__climate_change__global_warming_potential_GWP100,climate change,kg CO2-Eq,kg CO2-Eq/kilogram,True,,,,
s_c2,BC2,"biosphere::solids, from waste water management::inventory indicator > output flow::kilogram",biosphere,"solids, from waste water management",,inventory indicator > output flow,kilogram,TRACI_v2_1__eutrophication__eutrophication_potential,eutrophication,kg N-Eq,kg N-Eq/kilogram,True,,,,
s_c2,BC2,"biosphere::solids, from waste water management::inventory indicator > output flow::kilogram",biosphere,"solids, from waste water management",,inventory indicator > output flow,kilogram,TRACI_v2_1__acidification__acidification_potential_AP,acidification,kg SO2-Eq,kg SO2-Eq/kilogram,True,,,,
s_c2,BC2,"biosphere::solids, from waste water management::inventory indicator > output flow::kilogram",biosphere,"solids, from waste water management",,inventory indicator > output flow,kilogram,TRACI_v2_1__particulate_matter_formation__particulate_matter_formation_potential_PMFP,particulate matter formation,PM2.5-Eq,PM2.5-Eq/kilogram,True,,,,
s_c2,BC2,"biosphere::solids, from waste water management::inventory indicator > output flow::kilogram",biosphere,"solids, from waste water management",,inventory indicator > output flow,kilogram,TRACI_v2_1__ecotoxicity_freshwater__ecotoxicity_freshwater,ecotoxicity: freshwater,CTUe,CTUe/kilogram,True,,,,
s_c2,BC2,"biosphere::solids, from waste water management::inventory indicator > output flow::kilogram",biosphere,"solids, from waste water management",,inventory indicator > output flow,kilogram,TRACI_v2_1__photochemical_oxidant_formation__maximum_incremental_reactivity_MIR,photochemical oxidant formation,kg O3-Eq,kg O3-Eq/kilogram,True,,,,
s_o1,BO1,technosphere::market for diesel::RoW::kilogram,technosphere,market for diesel,RoW,,kilogram,IPCC_2021__climate_change__global_warming_potential_GWP100,climate change,kg CO2-Eq,kg CO2-Eq/kilogram,True,,,,
s_o1,BO1,technosphere::market for diesel::RoW::kilogram,technosphere,market for diesel,RoW,,kilogram,TRACI_v2_1__eutrophication__eutrophication_potential,eutrophication,kg N-Eq,kg N-Eq/kilogram,True,,,,
s_o1,BO1,technosphere::market for diesel::RoW::kilogram,technosphere,market for diesel,RoW,,kilogram,TRACI_v2_1__acidification__acidification_potential_AP,acidification,kg SO2-Eq,kg SO2-Eq/kilogram,True,,,,
s_o1,BO1,technosphere::market for diesel::RoW::kilogram,technosphere,market for diesel,RoW,,kilogram,TRACI_v2_1__particulate_matter_formation__particulate_matter_formation_potential_PMFP,particulate matter formation,PM2.5-Eq,PM2.5-Eq/kilogram,True,,,,
s_o1,BO1,technosphere::market for diesel::RoW::kilogram,technosphere,market for diesel,RoW,,kilogram,TRACI_v2_1__ecotoxicity_freshwater__ecotoxicity_freshwater,ecotoxicity: freshwater,CTUe,CTUe/kilogram,True,,,,
s_o1,BO1,technosphere::market for diesel::RoW::kilogram,technosphere,market for diesel,RoW,,kilogram,TRACI_v2_1__photochemical_oxidant_formation__maximum_incremental_reactivity_MIR,photochemical oxidant formation,kg O3-Eq,kg O3-Eq/kilogram,True,,,,
s_o1,BO1,"technosphere::market for inorganic nitrogen fertiliser, as N::US::kilogram",technosphere,"market for inorganic nitrogen fertiliser, as N",US,,kilogram,IPCC_2021__climate_change__global_warming_potential_GWP100,climate change,kg CO2-Eq,kg CO2-Eq/kilogram,True,,,,
s_o1,BO1,"technosphere::market for inorganic nitrogen fertiliser, as N::US::kilogram",technosphere,"market for inorganic nitrogen fertiliser, as N",US,,kilogram,TRACI_v2_1__eutrophication__eutrophication_potential,eutrophication,kg N-Eq,kg N-Eq/kilogram,True,,,,
s_o1,BO1,"technosphere::market for inorganic nitrogen fertiliser, as N::US::kilogram",technosphere,"market for inorganic nitrogen fertiliser, as N",US,,kilogram,TRACI_v2_1__acidification__acidification_potential_AP,acidification,kg SO2-Eq,kg SO2-Eq/kilogram,True,,,,
s_o1,BO1,"technosphere::market for inorganic nitrogen fertiliser, as N::US::kilogram",technosphere,"market for inorganic nitrogen fertiliser, as N",US,,kilogram,TRACI_v2_1__particulate_matter_formation__particulate_matter_formation_potential_PMFP,particulate matter formation,PM2.5-Eq,PM2.5-Eq/kilogram,True,,,,
s_o1,BO1,"technosphere::market for inorganic nitrogen fertiliser, as N::US::kilogram",technosphere,"market for inorganic nitrogen fertiliser, as N",US,,kilogram,TRACI_v2_1__ecotoxicity_freshwater__ecotoxicity_freshwater,ecotoxicity: freshwater,CTUe,CTUe/kilogram,True,,,,
s_o1,BO1,"technosphere::market for inorganic nitrogen fertiliser, as N::US::kilogram",technosphere,"market for inorganic nitrogen fertiliser, as N",US,,kilogram,TRACI_v2_1__photochemical_oxidant_formation__maximum_incremental_reactivity_MIR,photochemical oxidant formation,kg O3-Eq,kg O3-Eq/kilogram,True,,,,
s_o1,BO1,"technosphere::market for inorganic phosphorus fertiliser, as P2O5::US::kilogram",technosphere,"market for inorganic phosphorus fertiliser, as P2O5",US,,kilogram,IPCC_2021__climate_change__global_warming_potential_GWP100,climate change,kg CO2-Eq,kg CO2-Eq/kilogram,True,,,,
s_o1,BO1,"technosphere::market for inorganic phosphorus fertiliser, as P2O5::US::kilogram",technosphere,"market for inorganic phosphorus fertiliser, as P2O5",US,,kilogram,TRACI_v2_1__eutrophication__eutrophication_potential,eutrophication,kg N-Eq,kg N-Eq/kilogram,True,,,,
s_o1,BO1,"technosphere::market for inorganic phosphorus fertiliser, as P2O5::US::kilogram",technosphere,"market for inorganic phosphorus fertiliser, as P2O5",US,,kilogram,TRACI_v2_1__acidification__acidification_potential_AP,acidification,kg SO2-Eq,kg SO2-Eq/kilogram,True,,,,
s_o1,BO1,"technosphere::market for inorganic phosphorus fertiliser, as P2O5::US::kilogram",technosphere,"market for inorganic phosphorus fertiliser, as P2O5",US,,kilogram,TRACI_v2_1__particulate_matter_formation__particulate_matter_formation_potential_PMFP,particulate matter formation,PM2.5-Eq,PM2.5-Eq/kilogram,True,,,,
s_o1,BO1,"technosphere::market for inorganic phosphorus fertiliser, as P2O5::US::kilogram",technosphere,"market for inorganic phosphorus fertiliser, as P2O5",US,,kilogram,TRACI_v2_1__ecotoxicity_freshwater__ecotoxicity_freshwater,ecotoxicity: freshwater,CTUe,CTUe/kilogram,True,,,,
s_o1,BO1,"technosphere::market for inorganic phosphorus fertiliser, as P2O5::US::kilogram",technosphere,"market for inorganic phosphorus fertiliser, as P2O5",US,,kilogram,TRACI_v2_1__photochemical_oxidant_formation__maximum_incremental_reactivity_MIR,photochemical oxidant formation,kg O3-Eq,kg O3-Eq/kilogram,True,,,,
s_o1,BO1,"technosphere::market for inorganic potassium fertiliser, as K2O::US::kilogram",technosphere,"market for inorganic potassium fertiliser, as K2O",US,,kilogram,IPCC_2021__climate_change__global_warming_potential_GWP100,climate change,kg CO2-Eq,kg CO2-Eq/kilogram,True,,,,
s_o1,BO1,"technosphere::market for inorganic potassium fertiliser, as K2O::US::kilogram",technosphere,"market for inorganic potassium fertiliser, as K2O",US,,kilogram,TRACI_v2_1__eutrophication__eutrophication_potential,eutrophication,kg N-Eq,kg N-Eq/kilogram,True,,,,
s_o1,BO1,"technosphere::market for inorganic potassium fertiliser, as K2O::US::kilogram",technosphere,"market for inorganic potassium fertiliser, as K2O",US,,kilogram,TRACI_v2_1__acidification__acidification_potential_AP,acidification,kg SO2-Eq,kg SO2-Eq/kilogram,True,,,,
s_o1,BO1,"technosphere::market for inorganic potassium fertiliser, as K2O::US::kilogram",technosphere,"market for inorganic potassium fertiliser, as K2O",US,,kilogram,TRACI_v2_1__particulate_matter_formation__particulate_matter_formation_potential_PMFP,particulate matter formation,PM2.5-Eq,PM2.5-Eq/kilogram,True,,,,
s_o1,BO1,"technosphere::market for inorganic potassium fertiliser, as K2O::US::kilogram",technosphere,"market for inorganic potassium fertiliser, as K2O",US,,kilogram,TRACI_v2_1__ecotoxicity_freshwater__ecotoxicity_freshwater,ecotoxicity: freshwater,CTUe,CTUe/kilogram,True,,,,
s_o1,BO1,"technosphere::market for inorganic potassium fertiliser, as K2O::US::kilogram",technosphere,"market for inorganic potassium fertiliser, as K2O",US,,kilogram,TRACI_v2_1__photochemical_oxidant_formation__maximum_incremental_reactivity_MIR,photochemical oxidant formation,kg O3-Eq,kg O3-Eq/kilogram,True,,,,
s_o1,BO1,technosphere::market for glyphosate::GLO::kilogram,technosphere,market for glyphosate,GLO,,kilogram,IPCC_2021__climate_change__global_warming_potential_GWP100,climate change,kg CO2-Eq,kg CO2-Eq/kilogram,True,,,,
s_o1,BO1,technosphere::market for glyphosate::GLO::kilogram,technosphere,market for glyphosate,GLO,,kilogram,TRACI_v2_1__eutrophication__eutrophication_potential,eutrophication,kg N-Eq,kg N-Eq/kilogram,True,,,,
s_o1,BO1,technosphere::market for glyphosate::GLO::kilogram,technosphere,market for glyphosate,GLO,,kilogram,TRACI_v2_1__acidification__acidification_potential_AP,acidification,kg SO2-Eq,kg SO2-Eq/kilogram,True,,,,
s_o1,BO1,technosphere::market for glyphosate::GLO::kilogram,technosphere,market for glyphosate,GLO,,kilogram,TRACI_v2_1__particulate_matter_formation__particulate_matter_formation_potential_PMFP,particulate matter formation,PM2.5-Eq,PM2.5-Eq/kilogram,True,,,,
s_o1,BO1,technosphere::market for glyphosate::GLO::kilogram,technosphere,market for glyphosate,GLO,,kilogram,TRACI_v2_1__ecotoxicity_freshwater__ecotoxicity_freshwater,ecotoxicity: freshwater,CTUe,CTUe/kilogram,True,,,,
s_o1,BO1,technosphere::market for glyphosate::GLO::kilogram,technosphere,market for glyphosate,GLO,,kilogram,TRACI_v2_1__photochemical_oxidant_formation__maximum_incremental_reactivity_MIR,photochemical oxidant formation,kg O3-Eq,kg O3-Eq/kilogram,True,,,,
s_o1,BO1,"technosphere::market for calcium carbonate, precipitated::RoW::kilogram",technosphere,"market for calcium carbonate, precipitated",RoW,,kilogram,IPCC_2021__climate_change__global_warming_potential_GWP100,climate change,kg CO2-Eq,kg CO2-Eq/kilogram,True,,,,
s_o1,BO1,"technosphere::market for calcium carbonate, precipitated::RoW::kilogram",technosphere,"market for calcium carbonate, precipitated",RoW,,kilogram,TRACI_v2_1__eutrophication__eutrophication_potential,eutrophication,kg N-Eq,kg N-Eq/kilogram,True,,,,
s_o1,BO1,"technosphere::market for calcium carbonate, precipitated::RoW::kilogram",technosphere,"market for calcium carbonate, precipitated",RoW,,kilogram,TRACI_v2_1__acidification__acidification_potential_AP,acidification,kg SO2-Eq,kg SO2-Eq/kilogram,True,,,,
s_o1,BO1,"technosphere::market for calcium carbonate, precipitated::RoW::kilogram",technosphere,"market for calcium carbonate, precipitated",RoW,,kilogram,TRACI_v2_1__particulate_matter_formation__particulate_matter_formation_potential_PMFP,particulate matter formation,PM2.5-Eq,PM2.5-Eq/kilogram,True,,,,
s_o1,BO1,"technosphere::market for calcium carbonate, precipitated::RoW::kilogram",technosphere,"market for calcium carbonate, precipitated",RoW,,kilogram,TRACI_v2_1__ecotoxicity_freshwater__ecotoxicity_freshwater,ecotoxicity: freshwater,CTUe,CTUe/kilogram,True,,,,
s_o1,BO1,"technosphere::market for calcium carbonate, precipitated::RoW::kilogram",technosphere,"market for calcium carbonate, precipitated",RoW,,kilogram,TRACI_v2_1__photochemical_oxidant_formation__maximum_incremental_reactivity_MIR,photochemical oxidant formation,kg O3-Eq,kg O3-Eq/kilogram,True,,,,
s_o1,BO1,"technosphere::market for polyethylene, high density, granulate::GLO::kilogram",technosphere,"market for polyethylene, high density, granulate",GLO,,kilogram,IPCC_2021__climate_change__global_warming_potential_GWP100,climate change,kg CO2-Eq,kg CO2-Eq/kilogram,True,,,,
s_o1,BO1,"technosphere::market for polyethylene, high density, granulate::GLO::kilogram",technosphere,"market for polyethylene, high density, granulate",GLO,,kilogram,TRACI_v2_1__eutrophication__eutrophication_potential,eutrophication,kg N-Eq,kg N-Eq/kilogram,True,,,,
s_o1,BO1,"technosphere::market for polyethylene, high density, granulate::GLO::kilogram",technosphere,"market for polyethylene, high density, granulate",GLO,,kilogram,TRACI_v2_1__acidification__acidification_potential_AP,acidification,kg SO2-Eq,kg SO2-Eq/kilogram,True,,,,
s_o1,BO1,"technosphere::market for polyethylene, high density, granulate::GLO::kilogram",technosphere,"market for polyethylene, high density, granulate",GLO,,kilogram,TRACI_v2_1__particulate_matter_formation__particulate_matter_formation_potential_PMFP,particulate matter formation,PM2.5-Eq,PM2.5-Eq/kilogram,True,,,,
s_o1,BO1,"technosphere::market for polyethylene, high density, granulate::GLO::kilogram",technosphere,"market for polyethylene, high density, granulate",GLO,,kilogram,TRACI_v2_1__ecotoxicity_freshwater__ecotoxicity_freshwater,ecotoxicity: freshwater,CTUe,CTUe/kilogram,True,,,,
s_o1,BO1,"technosphere::market for polyethylene, high density, granulate::GLO::kilogram",technosphere,"market for polyethylene, high density, granulate",GLO,,kilogram,TRACI_v2_1__photochemical_oxidant_formation__maximum_incremental_reactivity_MIR,photochemical oxidant formation,kg O3-Eq,kg O3-Eq/kilogram,True,,,,
s_o1,BO1,"technosphere::market for iron(III) chloride, without water, in 14% iron solution state::GLO::kilogram",technosphere,"market for iron(III) chloride, without water, in 14% iron solution state",GLO,,kilogram,IPCC_2021__climate_change__global_warming_potential_GWP100,climate change,kg CO2-Eq,kg CO2-Eq/kilogram,True,,,,
s_o1,BO1,"technosphere::market for iron(III) chloride, without water, in 14% iron solution state::GLO::kilogram",technosphere,"market for iron(III) chloride, without water, in 14% iron solution state",GLO,,kilogram,TRACI_v2_1__eutrophication__eutrophication_potential,eutrophication,kg N-Eq,kg N-Eq/kilogram,True,,,,
s_o1,BO1,"technosphere::market for iron(III) chloride, without water, in 14% iron solution state::GLO::kilogram",technosphere,"market for iron(III) chloride, without water, in 14% iron solution state",GLO,,kilogram,TRACI_v2_1__acidification__acidification_potential_AP,acidification,kg SO2-Eq,kg SO2-Eq/kilogram,True,,,,
s_o1,BO1,"technosphere::market for iron(III) chloride, without water, in 14% iron solution state::GLO::kilogram",technosphere,"market for iron(III) chloride, without water, in 14% iron solution state",GLO,,kilogram,TRACI_v2_1__particulate_matter_formation__particulate_matter_formation_potential_PMFP,particulate matter formation,PM2.5-Eq,PM2.5-Eq/kilogram,True,,,,
s_o1,BO1,"technosphere::market for iron(III) chloride, without water, in 14% iron solution state::GLO::kilogram",technosphere,"market for iron(III) chloride, without water, in 14% iron solution state",GLO,,kilogram,TRACI_v2_1__ecotoxicity_freshwater__ecotoxicity_freshwater,ecotoxicity: freshwater,CTUe,CTUe/kilogram,True,,,,
s_o1,BO1,"technosphere::market for iron(III) chloride, without water, in 14% iron solution state::GLO::kilogram",technosphere,"market for iron(III) chloride, without water, in 14% iron solution state",GLO,,kilogram,TRACI_v2_1__photochemical_oxidant_formation__maximum_incremental_reactivity_MIR,photochemical oxidant formation,kg O3-Eq,kg O3-Eq/kilogram,True,,,,
s_o1,BO1,"technosphere::market for hydrochloric acid, without water, in 30% solution state::RoW::kilogram",technosphere,"market for hydrochloric acid, without water, in 30% solution state",RoW,,kilogram,IPCC_2021__climate_change__global_warming_potential_GWP100,climate change,kg CO2-Eq,kg CO2-Eq/kilogram,True,,,,
s_o1,BO1,"technosphere::market for hydrochloric acid, without water, in 30% solution state::RoW::kilogram",technosphere,"market for hydrochloric acid, without water, in 30% solution state",RoW,,kilogram,TRACI_v2_1__eutrophication__eutrophication_potential,eutrophication,kg N-Eq,kg N-Eq/kilogram,True,,,,
s_o1,BO1,"technosphere::market for hydrochloric acid, without water, in 30% solution state::RoW::kilogram",technosphere,"market for hydrochloric acid, without water, in 30% solution state",RoW,,kilogram,TRACI_v2_1__acidification__acidification_potential_AP,acidification,kg SO2-Eq,kg SO2-Eq/kilogram,True,,,,
s_o1,BO1,"technosphere::market for hydrochloric acid, without water, in 30% solution state::RoW::kilogram",technosphere,"market for hydrochloric acid, without water, in 30% solution state",RoW,,kilogram,TRACI_v2_1__particulate_matter_formation__particulate_matter_formation_potential_PMFP,particulate matter formation,PM2.5-Eq,PM2.5-Eq/kilogram,True,,,,
s_o1,BO1,"technosphere::market for hydrochloric acid, without water, in 30% solution state::RoW::kilogram",technosphere,"market for hydrochloric acid, without water, in 30% solution state",RoW,,kilogram,TRACI_v2_1__ecotoxicity_freshwater__ecotoxicity_freshwater,ecotoxicity: freshwater,CTUe,CTUe/kilogram,True,,,,
s_o1,BO1,"technosphere::market for hydrochloric acid, without water, in 30% solution state::RoW::kilogram",technosphere,"market for hydrochloric acid, without water, in 30% solution state",RoW,,kilogram,TRACI_v2_1__photochemical_oxidant_formation__maximum_incremental_reactivity_MIR,photochemical oxidant formation,kg O3-Eq,kg O3-Eq/kilogram,True,,,,
s_o1,BO1,"technosphere::market group for electricity, medium voltage::US::kilowatt hour",technosphere,"market group for electricity, medium voltage",US,,kilowatt hour,IPCC_2021__climate_change__global_warming_potential_GWP100,climate change,kg CO2-Eq,kg CO2-Eq/kilowatt hour,True,,,,
s_o1,BO1,"technosphere::market group for electricity, medium voltage::US::kilowatt hour",technosphere,"market group for electricity, medium voltage",US,,kilowatt hour,TRACI_v2_1__eutrophication__eutrophication_potential,eutrophication,kg N-Eq,kg N-Eq/kilowatt hour,True,,,,
s_o1,BO1,"technosphere::market group for electricity, medium voltage::US::kilowatt hour",technosphere,"market group for electricity, medium voltage",US,,kilowatt hour,TRACI_v2_1__acidification__acidification_potential_AP,acidification,kg SO2-Eq,kg SO2-Eq/kilowatt hour,True,,,,
s_o1,BO1,"technosphere::market group for electricity, medium voltage::US::kilowatt hour",technosphere,"market group for electricity, medium voltage",US,,kilowatt hour,TRACI_v2_1__particulate_matter_formation__particulate_matter_formation_potential_PMFP,particulate matter formation,PM2.5-Eq,PM2.5-Eq/kilowatt hour,True,,,,
s_o1,BO1,"technosphere::market group for electricity, medium voltage::US::kilowatt hour",technosphere,"market group for electricity, medium voltage",US,,kilowatt hour,TRACI_v2_1__ecotoxicity_freshwater__ecotoxicity_freshwater,ecotoxicity: freshwater,CTUe,CTUe/kilowatt hour,True,,,,
s_o1,BO1,"technosphere::market group for electricity, medium voltage::US::kilowatt hour",technosphere,"market group for electricity, medium voltage",US,,kilowatt hour,TRACI_v2_1__photochemical_oxidant_formation__maximum_incremental_reactivity_MIR,photochemical oxidant formation,kg O3-Eq,kg O3-Eq/kilowatt hour,True,,,,
s_o1,BO1,"technosphere::market for natural gas, high pressure::US::cubic meter",technosphere,"market for natural gas, high pressure",US,,cubic meter,IPCC_2021__climate_change__global_warming_potential_GWP100,climate change,kg CO2-Eq,kg CO2-Eq/cubic meter,True,,,,
s_o1,BO1,"technosphere::market for natural gas, high pressure::US::cubic meter",technosphere,"market for natural gas, high pressure",US,,cubic meter,TRACI_v2_1__eutrophication__eutrophication_potential,eutrophication,kg N-Eq,kg N-Eq/cubic meter,True,,,,
s_o1,BO1,"technosphere::market for natural gas, high pressure::US::cubic meter",technosphere,"market for natural gas, high pressure",US,,cubic meter,TRACI_v2_1__acidification__acidification_potential_AP,acidification,kg SO2-Eq,kg SO2-Eq/cubic meter,True,,,,
s_o1,BO1,"technosphere::market for natural gas, high pressure::US::cubic meter",technosphere,"market for natural gas, high pressure",US,,cubic meter,TRACI_v2_1__particulate_matter_formation__particulate_matter_formation_potential_PMFP,particulate matter formation,PM2.5-Eq,PM2.5-Eq/cubic meter,True,,,,
s_o1,BO1,"technosphere::market for natural gas, high pressure::US::cubic meter",technosphere,"market for natural gas, high pressure",US,,cubic meter,TRACI_v2_1__ecotoxicity_freshwater__ecotoxicity_freshwater,ecotoxicity: freshwater,CTUe,CTUe/cubic meter,True,,,,
s_o1,BO1,"technosphere::market for natural gas, high pressure::US::cubic meter",technosphere,"market for natural gas, high pressure",US,,cubic meter,TRACI_v2_1__photochemical_oxidant_formation__maximum_incremental_reactivity_MIR,photochemical oxidant formation,kg O3-Eq,kg O3-Eq/cubic meter,True,,,,
s_o1,BO1,"technosphere::market for sodium hydroxide, without water, in 50% solution state::GLO::kilogram",technosphere,"market for sodium hydroxide, without water, in 50% solution state",GLO,,kilogram,IPCC_2021__climate_change__global_warming_potential_GWP100,climate change,kg CO2-Eq,kg CO2-Eq/kilogram,True,,,,
s_o1,BO1,"technosphere::market for sodium hydroxide, without water, in 50% solution state::GLO::kilogram",technosphere,"market for sodium hydroxide, without water, in 50% solution state",GLO,,kilogram,TRACI_v2_1__eutrophication__eutrophication_potential,eutrophication,kg N-Eq,kg N-Eq/kilogram,True,,,,
s_o1,BO1,"technosphere::market for sodium hydroxide, without water, in 50% solution state::GLO::kilogram",technosphere,"market for sodium hydroxide, without water, in 50% solution state",GLO,,kilogram,TRACI_v2_1__acidification__acidification_potential_AP,acidification,kg SO2-Eq,kg SO2-Eq/kilogram,True,,,,
s_o1,BO1,"technosphere::market for sodium hydroxide, without water, in 50% solution state::GLO::kilogram",technosphere,"market for sodium hydroxide, without water, in 50% solution state",GLO,,kilogram,TRACI_v2_1__particulate_matter_formation__particulate_matter_formation_potential_PMFP,particulate matter formation,PM2.5-Eq,PM2.5-Eq/kilogram,True,,,,
s_o1,BO1,"technosphere::market for sodium hydroxide, without water, in 50% solution state::GLO::kilogram",technosphere,"market for sodium hydroxide, without water, in 50% solution state",GLO,,kilogram,TRACI_v2_1__ecotoxicity_freshwater__ecotoxicity_freshwater,ecotoxicity: freshwater,CTUe,CTUe/kilogram,True,,,,
s_o1,BO1,"technosphere::market for sodium hydroxide, without water, in 50% solution state::GLO::kilogram",technosphere,"market for sodium hydroxide, without water, in 50% solution state",GLO,,kilogram,TRACI_v2_1__photochemical_oxidant_formation__maximum_incremental_reactivity_MIR,photochemical oxidant formation,kg O3-Eq,kg O3-Eq/kilogram,True,,,,
s_o1,BO1,"technosphere::hardwood forestry, beech, sustainable forest management::RoW::kilogram",technosphere,"hardwood forestry, beech, sustainable forest management",RoW,,kilogram,IPCC_2021__climate_change__global_warming_potential_GWP100,climate change,kg CO2-Eq,kg CO2-Eq/kilogram,True,,,,
s_o1,BO1,"technosphere::hardwood forestry, beech, sustainable forest management::RoW::kilogram",technosphere,"hardwood forestry, beech, sustainable forest management",RoW,,kilogram,TRACI_v2_1__eutrophication__eutrophication_potential,eutrophication,kg N-Eq,kg N-Eq/kilogram,True,,,,
s_o1,BO1,"technosphere::hardwood forestry, beech, sustainable forest management::RoW::kilogram",technosphere,"hardwood forestry, beech, sustainable forest management",RoW,,kilogram,TRACI_v2_1__acidification__acidification_potential_AP,acidification,kg SO2-Eq,kg SO2-Eq/kilogram,True,,,,
s_o1,BO1,"technosphere::hardwood forestry, beech, sustainable forest management::RoW::kilogram",technosphere,"hardwood forestry, beech, sustainable forest management",RoW,,kilogram,TRACI_v2_1__particulate_matter_formation__particulate_matter_formation_potential_PMFP,particulate matter formation,PM2.5-Eq,PM2.5-Eq/kilogram,True,,,,
s_o1,BO1,"technosphere::hardwood forestry, beech, sustainable forest management::RoW::kilogram",technosphere,"hardwood forestry, beech, sustainable forest management",RoW,,kilogram,TRACI_v2_1__ecotoxicity_freshwater__ecotoxicity_freshwater,ecotoxicity: freshwater,CTUe,CTUe/kilogram,True,,,,
s_o1,BO1,"technosphere::hardwood forestry, beech, sustainable forest management::RoW::kilogram",technosphere,"hardwood forestry, beech, sustainable forest management",RoW,,kilogram,TRACI_v2_1__photochemical_oxidant_formation__maximum_incremental_reactivity_MIR,photochemical oxidant formation,kg O3-Eq,kg O3-Eq/kilogram,True,,,,
s_o1,BO1,"technosphere::hardwood forestry, birch, sustainable forest management::RoW::kilogram",technosphere,"hardwood forestry, birch, sustainable forest management",RoW,,kilogram,IPCC_2021__climate_change__global_warming_potential_GWP100,climate change,kg CO2-Eq,kg CO2-Eq/kilogram,True,,,,
s_o1,BO1,"technosphere::hardwood forestry, birch, sustainable forest management::RoW::kilogram",technosphere,"hardwood forestry, birch, sustainable forest management",RoW,,kilogram,TRACI_v2_1__eutrophication__eutrophication_potential,eutrophication,kg N-Eq,kg N-Eq/kilogram,True,,,,
s_o1,BO1,"technosphere::hardwood forestry, birch, sustainable forest management::RoW::kilogram",technosphere,"hardwood forestry, birch, sustainable forest management",RoW,,kilogram,TRACI_v2_1__acidification__acidification_potential_AP,acidification,kg SO2-Eq,kg SO2-Eq/kilogram,True,,,,
s_o1,BO1,"technosphere::hardwood forestry, birch, sustainable forest management::RoW::kilogram",technosphere,"hardwood forestry, birch, sustainable forest management",RoW,,kilogram,TRACI_v2_1__particulate_matter_formation__particulate_matter_formation_potential_PMFP,particulate matter formation,PM2.5-Eq,PM2.5-Eq/kilogram,True,,,,
s_o1,BO1,"technosphere::hardwood forestry, birch, sustainable forest management::RoW::kilogram",technosphere,"hardwood forestry, birch, sustainable forest management",RoW,,kilogram,TRACI_v2_1__ecotoxicity_freshwater__ecotoxicity_freshwater,ecotoxicity: freshwater,CTUe,CTUe/kilogram,True,,,,
s_o1,BO1,"technosphere::hardwood forestry, birch, sustainable forest management::RoW::kilogram",technosphere,"hardwood forestry, birch, sustainable forest management",RoW,,kilogram,TRACI_v2_1__photochemical_oxidant_formation__maximum_incremental_reactivity_MIR,photochemical oxidant formation,kg O3-Eq,kg O3-Eq/kilogram,True,,,,
s_o1,BO1,"technosphere::hardwood forestry, eucalyptus ssp., planted forest management::RoW::kilogram",technosphere,"hardwood forestry, eucalyptus ssp., planted forest management",RoW,,kilogram,IPCC_2021__climate_change__global_warming_potential_GWP100,climate change,kg CO2-Eq,kg CO2-Eq/kilogram,True,,,,
s_o1,BO1,"technosphere::hardwood forestry, eucalyptus ssp., planted forest management::RoW::kilogram",technosphere,"hardwood forestry, eucalyptus ssp., planted forest management",RoW,,kilogram,TRACI_v2_1__eutrophication__eutrophication_potential,eutrophication,kg N-Eq,kg N-Eq/kilogram,True,,,,
s_o1,BO1,"technosphere::hardwood forestry, eucalyptus ssp., planted forest management::RoW::kilogram",technosphere,"hardwood forestry, eucalyptus ssp., planted forest management",RoW,,kilogram,TRACI_v2_1__acidification__acidification_potential_AP,acidification,kg SO2-Eq,kg SO2-Eq/kilogram,True,,,,
s_o1,BO1,"technosphere::hardwood forestry, eucalyptus ssp., planted forest management::RoW::kilogram",technosphere,"hardwood forestry, eucalyptus ssp., planted forest management",RoW,,kilogram,TRACI_v2_1__particulate_matter_formation__particulate_matter_formation_potential_PMFP,particulate matter formation,PM2.5-Eq,PM2.5-Eq/kilogram,True,,,,
s_o1,BO1,"technosphere::hardwood forestry, eucalyptus ssp., planted forest management::RoW::kilogram",technosphere,"hardwood forestry, eucalyptus ssp., planted forest management",RoW,,kilogram,TRACI_v2_1__ecotoxicity_freshwater__ecotoxicity_freshwater,ecotoxicity: freshwater,CTUe,CTUe/kilogram,True,,,,
s_o1,BO1,"technosphere::hardwood forestry, eucalyptus ssp., planted forest management::RoW::kilogram",technosphere,"hardwood forestry, eucalyptus ssp., planted forest management",RoW,,kilogram,TRACI_v2_1__photochemical_oxidant_formation__maximum_incremental_reactivity_MIR,photochemical oxidant formation,kg O3-Eq,kg O3-Eq/kilogram,True,,,,
s_o1,BO1,"technosphere::hardwood forestry, oak, sustainable forest management::RoW::kilogram",technosphere,"hardwood forestry, oak, sustainable forest management",RoW,,kilogram,IPCC_2021__climate_change__global_warming_potential_GWP100,climate change,kg CO2-Eq,kg CO2-Eq/kilogram,True,,,,
s_o1,BO1,"technosphere::hardwood forestry, oak, sustainable forest management::RoW::kilogram",technosphere,"hardwood forestry, oak, sustainable forest management",RoW,,kilogram,TRACI_v2_1__eutrophication__eutrophication_potential,eutrophication,kg N-Eq,kg N-Eq/kilogram,True,,,,
s_o1,BO1,"technosphere::hardwood forestry, oak, sustainable forest management::RoW::kilogram",technosphere,"hardwood forestry, oak, sustainable forest management",RoW,,kilogram,TRACI_v2_1__acidification__acidification_potential_AP,acidification,kg SO2-Eq,kg SO2-Eq/kilogram,True,,,,
s_o1,BO1,"technosphere::hardwood forestry, oak, sustainable forest management::RoW::kilogram",technosphere,"hardwood forestry, oak, sustainable forest management",RoW,,kilogram,TRACI_v2_1__particulate_matter_formation__particulate_matter_formation_potential_PMFP,particulate matter formation,PM2.5-Eq,PM2.5-Eq/kilogram,True,,,,
s_o1,BO1,"technosphere::hardwood forestry, oak, sustainable forest management::RoW::kilogram",technosphere,"hardwood forestry, oak, sustainable forest management",RoW,,kilogram,TRACI_v2_1__ecotoxicity_freshwater__ecotoxicity_freshwater,ecotoxicity: freshwater,CTUe,CTUe/kilogram,True,,,,
s_o1,BO1,"technosphere::hardwood forestry, oak, sustainable forest management::RoW::kilogram",technosphere,"hardwood forestry, oak, sustainable forest management",RoW,,kilogram,TRACI_v2_1__photochemical_oxidant_formation__maximum_incremental_reactivity_MIR,photochemical oxidant formation,kg O3-Eq,kg O3-Eq/kilogram,True,,,,
s_o1,BO1,"technosphere::softwood forestry, pine, sustainable forest management::RoW::kilogram",technosphere,"softwood forestry, pine, sustainable forest management",RoW,,kilogram,IPCC_2021__climate_change__global_warming_potential_GWP100,climate change,kg CO2-Eq,kg CO2-Eq/kilogram,True,,,,
s_o1,BO1,"technosphere::softwood forestry, pine, sustainable forest management::RoW::kilogram",technosphere,"softwood forestry, pine, sustainable forest management",RoW,,kilogram,TRACI_v2_1__eutrophication__eutrophication_potential,eutrophication,kg N-Eq,kg N-Eq/kilogram,True,,,,
s_o1,BO1,"technosphere::softwood forestry, pine, sustainable forest management::RoW::kilogram",technosphere,"softwood forestry, pine, sustainable forest management",RoW,,kilogram,TRACI_v2_1__acidification__acidification_potential_AP,acidification,kg SO2-Eq,kg SO2-Eq/kilogram,True,,,,
s_o1,BO1,"technosphere::softwood forestry, pine, sustainable forest management::RoW::kilogram",technosphere,"softwood forestry, pine, sustainable forest management",RoW,,kilogram,TRACI_v2_1__particulate_matter_formation__particulate_matter_formation_potential_PMFP,particulate matter formation,PM2.5-Eq,PM2.5-Eq/kilogram,True,,,,
s_o1,BO1,"technosphere::softwood forestry, pine, sustainable forest management::RoW::kilogram",technosphere,"softwood forestry, pine, sustainable forest management",RoW,,kilogram,TRACI_v2_1__ecotoxicity_freshwater__ecotoxicity_freshwater,ecotoxicity: freshwater,CTUe,CTUe/kilogram,True,,,,
s_o1,BO1,"technosphere::softwood forestry, pine, sustainable forest management::RoW::kilogram",technosphere,"softwood forestry, pine, sustainable forest management",RoW,,kilogram,TRACI_v2_1__photochemical_oxidant_formation__maximum_incremental_reactivity_MIR,photochemical oxidant formation,kg O3-Eq,kg O3-Eq/kilogram,True,,,,
s_o1,BO1,"technosphere::softwood forestry, spruce, sustainable forest management::RoW::kilogram",technosphere,"softwood forestry, spruce, sustainable forest management",RoW,,kilogram,IPCC_2021__climate_change__global_warming_potential_GWP100,climate change,kg CO2-Eq,kg CO2-Eq/kilogram,True,,,,
s_o1,BO1,"technosphere::softwood forestry, spruce, sustainable forest management::RoW::kilogram",technosphere,"softwood forestry, spruce, sustainable forest management",RoW,,kilogram,TRACI_v2_1__eutrophication__eutrophication_potential,eutrophication,kg N-Eq,kg N-Eq/kilogram,True,,,,
s_o1,BO1,"technosphere::softwood forestry, spruce, sustainable forest management::RoW::kilogram",technosphere,"softwood forestry, spruce, sustainable forest management",RoW,,kilogram,TRACI_v2_1__acidification__acidification_potential_AP,acidification,kg SO2-Eq,kg SO2-Eq/kilogram,True,,,,
s_o1,BO1,"technosphere::softwood forestry, spruce, sustainable forest management::RoW::kilogram",technosphere,"softwood forestry, spruce, sustainable forest management",RoW,,kilogram,TRACI_v2_1__particulate_matter_formation__particulate_matter_formation_potential_PMFP,particulate matter formation,PM2.5-Eq,PM2.5-Eq/kilogram,True,,,,
s_o1,BO1,"technosphere::softwood forestry, spruce, sustainable forest management::RoW::kilogram",technosphere,"softwood forestry, spruce, sustainable forest management",RoW,,kilogram,TRACI_v2_1__ecotoxicity_freshwater__ecotoxicity_freshwater,ecotoxicity: freshwater,CTUe,CTUe/kilogram,True,,,,
s_o1,BO1,"technosphere::softwood forestry, spruce, sustainable forest management::RoW::kilogram",technosphere,"softwood forestry, spruce, sustainable forest management",RoW,,kilogram,TRACI_v2_1__photochemical_oxidant_formation__maximum_incremental_reactivity_MIR,photochemical oxidant formation,kg O3-Eq,kg O3-Eq/kilogram,True,,,,
s_o1,BO1,"technosphere::willow production, short rotation coppice::RoW::kilogram",technosphere,"willow production, short rotation coppice",RoW,,kilogram,IPCC_2021__climate_change__global_warming_potential_GWP100,climate change,kg CO2-Eq,kg CO2-Eq/kilogram,True,,,,
s_o1,BO1,"technosphere::willow production, short rotation coppice::RoW::kilogram",technosphere,"willow production, short rotation coppice",RoW,,kilogram,TRACI_v2_1__eutrophication__eutrophication_potential,eutrophication,kg N-Eq,kg N-Eq/kilogram,True,,,,
s_o1,BO1,"technosphere::willow production, short rotation coppice::RoW::kilogram",technosphere,"willow production, short rotation coppice",RoW,,kilogram,TRACI_v2_1__acidification__acidification_potential_AP,acidification,kg SO2-Eq,kg SO2-Eq/kilogram,True,,,,
s_o1,BO1,"technosphere::willow production, short rotation coppice::RoW::kilogram",technosphere,"willow production, short rotation coppice",RoW,,kilogram,TRACI_v2_1__particulate_matter_formation__particulate_matter_formation_potential_PMFP,particulate matter formation,PM2.5-Eq,PM2.5-Eq/kilogram,True,,,,
s_o1,BO1,"technosphere::willow production, short rotation coppice::RoW::kilogram",technosphere,"willow production, short rotation coppice",RoW,,kilogram,TRACI_v2_1__ecotoxicity_freshwater__ecotoxicity_freshwater,ecotoxicity: freshwater,CTUe,CTUe/kilogram,True,,,,
s_o1,BO1,"technosphere::willow production, short rotation coppice::RoW::kilogram",technosphere,"willow production, short rotation coppice",RoW,,kilogram,TRACI_v2_1__photochemical_oxidant_formation__maximum_incremental_reactivity_MIR,photochemical oxidant formation,kg O3-Eq,kg O3-Eq/kilogram,True,,,,
s_o1,BO1,"technosphere::market for nitrogen, liquid::RoW::kilogram",technosphere,"market for nitrogen, liquid",RoW,,kilogram,IPCC_2021__climate_change__global_warming_potential_GWP100,climate change,kg CO2-Eq,kg CO2-Eq/kilogram,True,,,,
s_o1,BO1,"technosphere::market for nitrogen, liquid::RoW::kilogram",technosphere,"market for nitrogen, liquid",RoW,,kilogram,TRACI_v2_1__eutrophication__eutrophication_potential,eutrophication,kg N-Eq,kg N-Eq/kilogram,True,,,,
s_o1,BO1,"technosphere::market for nitrogen, liquid::RoW::kilogram",technosphere,"market for nitrogen, liquid",RoW,,kilogram,TRACI_v2_1__acidification__acidification_potential_AP,acidification,kg SO2-Eq,kg SO2-Eq/kilogram,True,,,,
s_o1,BO1,"technosphere::market for nitrogen, liquid::RoW::kilogram",technosphere,"market for nitrogen, liquid",RoW,,kilogram,TRACI_v2_1__particulate_matter_formation__particulate_matter_formation_potential_PMFP,particulate matter formation,PM2.5-Eq,PM2.5-Eq/kilogram,True,,,,
s_o1,BO1,"technosphere::market for nitrogen, liquid::RoW::kilogram",technosphere,"market for nitrogen, liquid",RoW,,kilogram,TRACI_v2_1__ecotoxicity_freshwater__ecotoxicity_freshwater,ecotoxicity: freshwater,CTUe,CTUe/kilogram,True,,,,
s_o1,BO1,"technosphere::market for nitrogen, liquid::RoW::kilogram",technosphere,"market for nitrogen, liquid",RoW,,kilogram,TRACI_v2_1__photochemical_oxidant_formation__maximum_incremental_reactivity_MIR,photochemical oxidant formation,kg O3-Eq,kg O3-Eq/kilogram,True,,,,
s_o1,BO1,technosphere::market for sand::RoW::kilogram,technosphere,market for sand,RoW,,kilogram,IPCC_2021__climate_change__global_warming_potential_GWP100,climate change,kg CO2-Eq,kg CO2-Eq/kilogram,True,,,,
s_o1,BO1,technosphere::market for sand::RoW::kilogram,technosphere,market for sand,RoW,,kilogram,TRACI_v2_1__eutrophication__eutrophication_potential,eutrophication,kg N-Eq,kg N-Eq/kilogram,True,,,,
s_o1,BO1,technosphere::market for sand::RoW::kilogram,technosphere,market for sand,RoW,,kilogram,TRACI_v2_1__acidification__acidification_potential_AP,acidification,kg SO2-Eq,kg SO2-Eq/kilogram,True,,,,
s_o1,BO1,technosphere::market for sand::RoW::kilogram,technosphere,market for sand,RoW,,kilogram,TRACI_v2_1__particulate_matter_formation__particulate_matter_formation_potential_PMFP,particulate matter formation,PM2.5-Eq,PM2.5-Eq/kilogram,True,,,,
s_o1,BO1,technosphere::market for sand::RoW::kilogram,technosphere,market for sand,RoW,,kilogram,TRACI_v2_1__ecotoxicity_freshwater__ecotoxicity_freshwater,ecotoxicity: freshwater,CTUe,CTUe/kilogram,True,,,,
s_o1,BO1,technosphere::market for sand::RoW::kilogram,technosphere,market for sand,RoW,,kilogram,TRACI_v2_1__photochemical_oxidant_formation__maximum_incremental_reactivity_MIR,photochemical oxidant formation,kg O3-Eq,kg O3-Eq/kilogram,True,,,,
s_o1,BO1,technosphere::market for diazole-compound::GLO::kilogram,technosphere,market for diazole-compound,GLO,,kilogram,IPCC_2021__climate_change__global_warming_potential_GWP100,climate change,kg CO2-Eq,kg CO2-Eq/kilogram,True,,,,
s_o1,BO1,technosphere::market for diazole-compound::GLO::kilogram,technosphere,market for diazole-compound,GLO,,kilogram,TRACI_v2_1__eutrophication__eutrophication_potential,eutrophication,kg N-Eq,kg N-Eq/kilogram,True,,,,
s_o1,BO1,technosphere::market for diazole-compound::GLO::kilogram,technosphere,market for diazole-compound,GLO,,kilogram,TRACI_v2_1__acidification__acidification_potential_AP,acidification,kg SO2-Eq,kg SO2-Eq/kilogram,True,,,,
s_o1,BO1,technosphere::market for diazole-compound::GLO::kilogram,technosphere,market for diazole-compound,GLO,,kilogram,TRACI_v2_1__particulate_matter_formation__particulate_matter_formation_potential_PMFP,particulate matter formation,PM2.5-Eq,PM2.5-Eq/kilogram,True,,,,
s_o1,BO1,technosphere::market for diazole-compound::GLO::kilogram,technosphere,market for diazole-compound,GLO,,kilogram,TRACI_v2_1__ecotoxicity_freshwater__ecotoxicity_freshwater,ecotoxicity: freshwater,CTUe,CTUe/kilogram,True,,,,
s_o1,BO1,technosphere::market for diazole-compound::GLO::kilogram,technosphere,market for diazole-compound,GLO,,kilogram,TRACI_v2_1__photochemical_oxidant_formation__maximum_incremental_reactivity_MIR,photochemical oxidant formation,kg O3-Eq,kg O3-Eq/kilogram,True,,,,
s_o1,BO1,biosphere::Dinitrogen monoxide::air > non-urban air or from high stacks::kilogram,biosphere,Dinitrogen monoxide,,air > non-urban air or from high stacks,kilogram,IPCC_2021__climate_change__global_warming_potential_GWP100,climate change,kg CO2-Eq,kg CO2-Eq/kilogram,True,,,,
s_o1,BO1,biosphere::Dinitrogen monoxide::air > non-urban air or from high stacks::kilogram,biosphere,Dinitrogen monoxide,,air > non-urban air or from high stacks,kilogram,TRACI_v2_1__eutrophication__eutrophication_potential,eutrophication,kg N-Eq,kg N-Eq/kilogram,True,,,,
s_o1,BO1,biosphere::Dinitrogen monoxide::air > non-urban air or from high stacks::kilogram,biosphere,Dinitrogen monoxide,,air > non-urban air or from high stacks,kilogram,TRACI_v2_1__acidification__acidification_potential_AP,acidification,kg SO2-Eq,kg SO2-Eq/kilogram,True,,,,
s_o1,BO1,biosphere::Dinitrogen monoxide::air > non-urban air or from high stacks::kilogram,biosphere,Dinitrogen monoxide,,air > non-urban air or from high stacks,kilogram,TRACI_v2_1__particulate_matter_formation__particulate_matter_formation_potential_PMFP,particulate matter formation,PM2.5-Eq,PM2.5-Eq/kilogram,True,,,,
s_o1,BO1,biosphere::Dinitrogen monoxide::air > non-urban air or from high stacks::kilogram,biosphere,Dinitrogen monoxide,,air > non-urban air or from high stacks,kilogram,TRACI_v2_1__ecotoxicity_freshwater__ecotoxicity_freshwater,ecotoxicity: freshwater,CTUe,CTUe/kilogram,True,,,,
s_o1,BO1,biosphere::Dinitrogen monoxide::air > non-urban air or from high stacks::kilogram,biosphere,Dinitrogen monoxide,,air > non-urban air or from high stacks,kilogram,TRACI_v2_1__photochemical_oxidant_formation__maximum_incremental_reactivity_MIR,photochemical oxidant formation,kg O3-Eq,kg O3-Eq/kilogram,True,,,,
s_o1,BO1,biosphere::Nitrogen oxides::air > non-urban air or from high stacks::kilogram,biosphere,Nitrogen oxides,,air > non-urban air or from high stacks,kilogram,IPCC_2021__climate_change__global_warming_potential_GWP100,climate change,kg CO2-Eq,kg CO2-Eq/kilogram,True,,,,
s_o1,BO1,biosphere::Nitrogen oxides::air > non-urban air or from high stacks::kilogram,biosphere,Nitrogen oxides,,air > non-urban air or from high stacks,kilogram,TRACI_v2_1__eutrophication__eutrophication_potential,eutrophication,kg N-Eq,kg N-Eq/kilogram,True,,,,
s_o1,BO1,biosphere::Nitrogen oxides::air > non-urban air or from high stacks::kilogram,biosphere,Nitrogen oxides,,air > non-urban air or from high stacks,kilogram,TRACI_v2_1__acidification__acidification_potential_AP,acidification,kg SO2-Eq,kg SO2-Eq/kilogram,True,,,,
s_o1,BO1,biosphere::Nitrogen oxides::air > non-urban air or from high stacks::kilogram,biosphere,Nitrogen oxides,,air > non-urban air or from high stacks,kilogram,TRACI_v2_1__particulate_matter_formation__particulate_matter_formation_potential_PMFP,particulate matter formation,PM2.5-Eq,PM2.5-Eq/kilogram,True,,,,
s_o1,BO1,biosphere::Nitrogen oxides::air > non-urban air or from high stacks::kilogram,biosphere,Nitrogen oxides,,air > non-urban air or from high stacks,kilogram,TRACI_v2_1__ecotoxicity_freshwater__ecotoxicity_freshwater,ecotoxicity: freshwater,CTUe,CTUe/kilogram,True,,,,
s_o1,BO1,biosphere::Nitrogen oxides::air > non-urban air or from high stacks::kilogram,biosphere,Nitrogen oxides,,air > non-urban air or from high stacks,kilogram,TRACI_v2_1__photochemical_oxidant_formation__maximum_incremental_reactivity_MIR,photochemical oxidant formation,kg O3-Eq,kg O3-Eq/kilogram,True,,,,
s_o1,BO1,"biosphere::Water, turbine use, unspecified natural origin::natural resource > in water::cubic meter",biosphere,"Water, turbine use, unspecified natural origin",,natural resource > in water,cubic meter,IPCC_2021__climate_change__global_warming_potential_GWP100,climate change,kg CO2-Eq,kg CO2-Eq/cubic meter,True,,,,
s_o1,BO1,"biosphere::Water, turbine use, unspecified natural origin::natural resource > in water::cubic meter",biosphere,"Water, turbine use, unspecified natural origin",,natural resource > in water,cubic meter,TRACI_v2_1__eutrophication__eutrophication_potential,eutrophication,kg N-Eq,kg N-Eq/cubic meter,True,,,,
s_o1,BO1,"biosphere::Water, turbine use, unspecified natural origin::natural resource > in water::cubic meter",biosphere,"Water, turbine use, unspecified natural origin",,natural resource > in water,cubic meter,TRACI_v2_1__acidification__acidification_potential_AP,acidification,kg SO2-Eq,kg SO2-Eq/cubic meter,True,,,,
s_o1,BO1,"biosphere::Water, turbine use, unspecified natural origin::natural resource > in water::cubic meter",biosphere,"Water, turbine use, unspecified natural origin",,natural resource > in water,cubic meter,TRACI_v2_1__particulate_matter_formation__particulate_matter_formation_potential_PMFP,particulate matter formation,PM2.5-Eq,PM2.5-Eq/cubic meter,True,,,,
s_o1,BO1,"biosphere::Water, turbine use, unspecified natural origin::natural resource > in water::cubic meter",biosphere,"Water, turbine use, unspecified natural origin",,natural resource > in water,cubic meter,TRACI_v2_1__ecotoxicity_freshwater__ecotoxicity_freshwater,ecotoxicity: freshwater,CTUe,CTUe/cubic meter,True,,,,
s_o1,BO1,"biosphere::Water, turbine use, unspecified natural origin::natural resource > in water::cubic meter",biosphere,"Water, turbine use, unspecified natural origin",,natural resource > in water,cubic meter,TRACI_v2_1__photochemical_oxidant_formation__maximum_incremental_reactivity_MIR,photochemical oxidant formation,kg O3-Eq,kg O3-Eq/cubic meter,True,,,,
s_o1,BO1,"biosphere::water, in chemical::inventory indicator > output flow::kilogram",biosphere,"water, in chemical",,inventory indicator > output flow,kilogram,IPCC_2021__climate_change__global_warming_potential_GWP100,climate change,kg CO2-Eq,kg CO2-Eq/kilogram,True,,,,
s_o1,BO1,"biosphere::water, in chemical::inventory indicator > output flow::kilogram",biosphere,"water, in chemical",,inventory indicator > output flow,kilogram,TRACI_v2_1__eutrophication__eutrophication_potential,eutrophication,kg N-Eq,kg N-Eq/kilogram,True,,,,
s_o1,BO1,"biosphere::water, in chemical::inventory indicator > output flow::kilogram",biosphere,"water, in chemical",,inventory indicator > output flow,kilogram,TRACI_v2_1__acidification__acidification_potential_AP,acidification,kg SO2-Eq,kg SO2-Eq/kilogram,True,,,,
s_o1,BO1,"biosphere::water, in chemical::inventory indicator > output flow::kilogram",biosphere,"water, in chemical",,inventory indicator > output flow,kilogram,TRACI_v2_1__particulate_matter_formation__particulate_matter_formation_potential_PMFP,particulate matter formation,PM2.5-Eq,PM2.5-Eq/kilogram,True,,,,
s_o1,BO1,"biosphere::water, in chemical::inventory indicator > output flow::kilogram",biosphere,"water, in chemical",,inventory indicator > output flow,kilogram,TRACI_v2_1__ecotoxicity_freshwater__ecotoxicity_freshwater,ecotoxicity: freshwater,CTUe,CTUe/kilogram,True,,,,
s_o1,BO1,"biosphere::water, in chemical::inventory indicator > output flow::kilogram",biosphere,"water, in chemical",,inventory indicator > output flow,kilogram,TRACI_v2_1__photochemical_oxidant_formation__maximum_incremental_reactivity_MIR,photochemical oxidant formation,kg O3-Eq,kg O3-Eq/kilogram,True,,,,
s_o1,BO1,"biosphere::hydrogen, byproduct::inventory indicator > output flow::kilogram",biosphere,"hydrogen, byproduct",,inventory indicator > output flow,kilogram,IPCC_2021__climate_change__global_warming_potential_GWP100,climate change,kg CO2-Eq,kg CO2-Eq/kilogram,True,,,,
s_o1,BO1,"biosphere::hydrogen, byproduct::inventory indicator > output flow::kilogram",biosphere,"hydrogen, byproduct",,inventory indicator > output flow,kilogram,TRACI_v2_1__eutrophication__eutrophication_potential,eutrophication,kg N-Eq,kg N-Eq/kilogram,True,,,,
s_o1,BO1,"biosphere::hydrogen, byproduct::inventory indicator > output flow::kilogram",biosphere,"hydrogen, byproduct",,inventory indicator > output flow,kilogram,TRACI_v2_1__acidification__acidification_potential_AP,acidification,kg SO2-Eq,kg SO2-Eq/kilogram,True,,,,
s_o1,BO1,"biosphere::hydrogen, byproduct::inventory indicator > output flow::kilogram",biosphere,"hydrogen, byproduct",,inventory indicator > output flow,kilogram,TRACI_v2_1__particulate_matter_formation__particulate_matter_formation_potential_PMFP,particulate matter formation,PM2.5-Eq,PM2.5-Eq/kilogram,True,,,,
s_o1,BO1,"biosphere::hydrogen, byproduct::inventory indicator > output flow::kilogram",biosphere,"hydrogen, byproduct",,inventory indicator > output flow,kilogram,TRACI_v2_1__ecotoxicity_freshwater__ecotoxicity_freshwater,ecotoxicity: freshwater,CTUe,CTUe/kilogram,True,,,,
s_o1,BO1,"biosphere::hydrogen, byproduct::inventory indicator > output flow::kilogram",biosphere,"hydrogen, byproduct",,inventory indicator > output flow,kilogram,TRACI_v2_1__photochemical_oxidant_formation__maximum_incremental_reactivity_MIR,photochemical oxidant formation,kg O3-Eq,kg O3-Eq/kilogram,True,,,,
s_o1,BO1,"biosphere::dilute, from waste water management::inventory indicator > output flow::kilogram",biosphere,"dilute, from waste water management",,inventory indicator > output flow,kilogram,IPCC_2021__climate_change__global_warming_potential_GWP100,climate change,kg CO2-Eq,kg CO2-Eq/kilogram,True,,,,
s_o1,BO1,"biosphere::dilute, from waste water management::inventory indicator > output flow::kilogram",biosphere,"dilute, from waste water management",,inventory indicator > output flow,kilogram,TRACI_v2_1__eutrophication__eutrophication_potential,eutrophication,kg N-Eq,kg N-Eq/kilogram,True,,,,
s_o1,BO1,"biosphere::dilute, from waste water management::inventory indicator > output flow::kilogram",biosphere,"dilute, from waste water management",,inventory indicator > output flow,kilogram,TRACI_v2_1__acidification__acidification_potential_AP,acidification,kg SO2-Eq,kg SO2-Eq/kilogram,True,,,,
s_o1,BO1,"biosphere::dilute, from waste water management::inventory indicator > output flow::kilogram",biosphere,"dilute, from waste water management",,inventory indicator > output flow,kilogram,TRACI_v2_1__particulate_matter_formation__particulate_matter_formation_potential_PMFP,particulate matter formation,PM2.5-Eq,PM2.5-Eq/kilogram,True,,,,
s_o1,BO1,"biosphere::dilute, from waste water management::inventory indicator > output flow::kilogram",biosphere,"dilute, from waste water management",,inventory indicator > output flow,kilogram,TRACI_v2_1__ecotoxicity_freshwater__ecotoxicity_freshwater,ecotoxicity: freshwater,CTUe,CTUe/kilogram,True,,,,
s_o1,BO1,"biosphere::dilute, from waste water management::inventory indicator > output flow::kilogram",biosphere,"dilute, from waste water management",,inventory indicator > output flow,kilogram,TRACI_v2_1__photochemical_oxidant_formation__maximum_incremental_reactivity_MIR,photochemical oxidant formation,kg O3-Eq,kg O3-Eq/kilogram,True,,,,
s_o1,BO1,biosphere::air::natural resource > in air::kilogram,biosphere,air,,natural resource > in air,kilogram,IPCC_2021__climate_change__global_warming_potential_GWP100,climate change,kg CO2-Eq,kg CO2-Eq/kilogram,True,,,,
s_o1,BO1,biosphere::air::natural resource > in air::kilogram,biosphere,air,,natural resource > in air,kilogram,TRACI_v2_1__eutrophication__eutrophication_potential,eutrophication,kg N-Eq,kg N-Eq/kilogram,True,,,,
s_o1,BO1,biosphere::air::natural resource > in air::kilogram,biosphere,air,,natural resource > in air,kilogram,TRACI_v2_1__acidification__acidification_potential_AP,acidification,kg SO2-Eq,kg SO2-Eq/kilogram,True,,,,
s_o1,BO1,biosphere::air::natural resource > in air::kilogram,biosphere,air,,natural resource > in air,kilogram,TRACI_v2_1__particulate_matter_formation__particulate_matter_formation_potential_PMFP,particulate matter formation,PM2.5-Eq,PM2.5-Eq/kilogram,True,,,,
s_o1,BO1,biosphere::air::natural resource > in air::kilogram,biosphere,air,,natural resource > in air,kilogram,TRACI_v2_1__ecotoxicity_freshwater__ecotoxicity_freshwater,ecotoxicity: freshwater,CTUe,CTUe/kilogram,True,,,,
s_o1,BO1,biosphere::air::natural resource > in air::kilogram,biosphere,air,,natural resource > in air,kilogram,TRACI_v2_1__photochemical_oxidant_formation__maximum_incremental_reactivity_MIR,photochemical oxidant formation,kg O3-Eq,kg O3-Eq/kilogram,True,,,,
s_o1,BO1,biosphere::biooil::inventory indicator > output flow::kilogram,biosphere,biooil,,inventory indicator > output flow,kilogram,IPCC_2021__climate_change__global_warming_potential_GWP100,climate change,kg CO2-Eq,kg CO2-Eq/kilogram,True,,,,
s_o1,BO1,biosphere::biooil::inventory indicator > output flow::kilogram,biosphere,biooil,,inventory indicator > output flow,kilogram,TRACI_v2_1__eutrophication__eutrophication_potential,eutrophication,kg N-Eq,kg N-Eq/kilogram,True,,,,
s_o1,BO1,biosphere::biooil::inventory indicator > output flow::kilogram,biosphere,biooil,,inventory indicator > output flow,kilogram,TRACI_v2_1__acidification__acidification_potential_AP,acidification,kg SO2-Eq,kg SO2-Eq/kilogram,True,,,,
s_o1,BO1,biosphere::biooil::inventory indicator > output flow::kilogram,biosphere,biooil,,inventory indicator > output flow,kilogram,TRACI_v2_1__particulate_matter_formation__particulate_matter_formation_potential_PMFP,particulate matter formation,PM2.5-Eq,PM2.5-Eq/kilogram,True,,,,
s_o1,BO1,biosphere::biooil::inventory indicator > output flow::kilogram,biosphere,biooil,,inventory indicator > output flow,kilogram,TRACI_v2_1__ecotoxicity_freshwater__ecotoxicity_freshwater,ecotoxicity: freshwater,CTUe,CTUe/kilogram,True,,,,
s_o1,BO1,biosphere::biooil::inventory indicator > output flow::kilogram,biosphere,biooil,,inventory indicator > output flow,kilogram,TRACI_v2_1__photochemical_oxidant_formation__maximum_incremental_reactivity_MIR,photochemical oxidant formation,kg O3-Eq,kg O3-Eq/kilogram,True,,,,
s_o1,BO1,biosphere::process condensates::inventory indicator > output flow::kilogram,biosphere,process condensates,,inventory indicator > output flow,kilogram,IPCC_2021__climate_change__global_warming_potential_GWP100,climate change,kg CO2-Eq,kg CO2-Eq/kilogram,True,,,,
s_o1,BO1,biosphere::process condensates::inventory indicator > output flow::kilogram,biosphere,process condensates,,inventory indicator > output flow,kilogram,TRACI_v2_1__eutrophication__eutrophication_potential,eutrophication,kg N-Eq,kg N-Eq/kilogram,True,,,,
s_o1,BO1,biosphere::process condensates::inventory indicator > output flow::kilogram,biosphere,process condensates,,inventory indicator > output flow,kilogram,TRACI_v2_1__acidification__acidification_potential_AP,acidification,kg SO2-Eq,kg SO2-Eq/kilogram,True,,,,
s_o1,BO1,biosphere::process condensates::inventory indicator > output flow::kilogram,biosphere,process condensates,,inventory indicator > output flow,kilogram,TRACI_v2_1__particulate_matter_formation__particulate_matter_formation_potential_PMFP,particulate matter formation,PM2.5-Eq,PM2.5-Eq/kilogram,True,,,,
s_o1,BO1,biosphere::process condensates::inventory indicator > output flow::kilogram,biosphere,process condensates,,inventory indicator > output flow,kilogram,TRACI_v2_1__ecotoxicity_freshwater__ecotoxicity_freshwater,ecotoxicity: freshwater,CTUe,CTUe/kilogram,True,,,,
s_o1,BO1,biosphere::process condensates::inventory indicator > output flow::kilogram,biosphere,process condensates,,inventory indicator > output flow,kilogram,TRACI_v2_1__photochemical_oxidant_formation__maximum_incremental_reactivity_MIR,photochemical oxidant formation,kg O3-Eq,kg O3-Eq/kilogram,True,,,,
s_o1,BO1,biosphere::low-pressure steam::inventory indicator > output flow::kilogram,biosphere,low-pressure steam,,inventory indicator > output flow,kilogram,IPCC_2021__climate_change__global_warming_potential_GWP100,climate change,kg CO2-Eq,kg CO2-Eq/kilogram,True,,,,
s_o1,BO1,biosphere::low-pressure steam::inventory indicator > output flow::kilogram,biosphere,low-pressure steam,,inventory indicator > output flow,kilogram,TRACI_v2_1__eutrophication__eutrophication_potential,eutrophication,kg N-Eq,kg N-Eq/kilogram,True,,,,
s_o1,BO1,biosphere::low-pressure steam::inventory indicator > output flow::kilogram,biosphere,low-pressure steam,,inventory indicator > output flow,kilogram,TRACI_v2_1__acidification__acidification_potential_AP,acidification,kg SO2-Eq,kg SO2-Eq/kilogram,True,,,,
s_o1,BO1,biosphere::low-pressure steam::inventory indicator > output flow::kilogram,biosphere,low-pressure steam,,inventory indicator > output flow,kilogram,TRACI_v2_1__particulate_matter_formation__particulate_matter_formation_potential_PMFP,particulate matter formation,PM2.5-Eq,PM2.5-Eq/kilogram,True,,,,
s_o1,BO1,biosphere::low-pressure steam::inventory indicator > output flow::kilogram,biosphere,low-pressure steam,,inventory indicator > output flow,kilogram,TRACI_v2_1__ecotoxicity_freshwater__ecotoxicity_freshwater,ecotoxicity: freshwater,CTUe,CTUe/kilogram,True,,,,
s_o1,BO1,biosphere::low-pressure steam::inventory indicator > output flow::kilogram,biosphere,low-pressure steam,,inventory indicator > output flow,kilogram,TRACI_v2_1__photochemical_oxidant_formation__maximum_incremental_reactivity_MIR,photochemical oxidant formation,kg O3-Eq,kg O3-Eq/kilogram,True,,,,
s_o1,BO1,"biosphere::waste, construction and demolition::emission > soil::kilogram",biosphere,"waste, construction and demolition",,emission > soil,kilogram,IPCC_2021__climate_change__global_warming_potential_GWP100,climate change,kg CO2-Eq,kg CO2-Eq/kilogram,True,,,,
s_o1,BO1,"biosphere::waste, construction and demolition::emission > soil::kilogram",biosphere,"waste, construction and demolition",,emission > soil,kilogram,TRACI_v2_1__eutrophication__eutrophication_potential,eutrophication,kg N-Eq,kg N-Eq/kilogram,True,,,,
s_o1,BO1,"biosphere::waste, construction and demolition::emission > soil::kilogram",biosphere,"waste, construction and demolition",,emission > soil,kilogram,TRACI_v2_1__acidification__acidification_potential_AP,acidification,kg SO2-Eq,kg SO2-Eq/kilogram,True,,,,
s_o1,BO1,"biosphere::waste, construction and demolition::emission > soil::kilogram",biosphere,"waste, construction and demolition",,emission > soil,kilogram,TRACI_v2_1__particulate_matter_formation__particulate_matter_formation_potential_PMFP,particulate matter formation,PM2.5-Eq,PM2.5-Eq/kilogram,True,,,,
s_o1,BO1,"biosphere::waste, construction and demolition::emission > soil::kilogram",biosphere,"waste, construction and demolition",,emission > soil,kilogram,TRACI_v2_1__ecotoxicity_freshwater__ecotoxicity_freshwater,ecotoxicity: freshwater,CTUe,CTUe/kilogram,True,,,,
s_o1,BO1,"biosphere::waste, construction and demolition::emission > soil::kilogram",biosphere,"waste, construction and demolition",,emission > soil,kilogram,TRACI_v2_1__photochemical_oxidant_formation__maximum_incremental_reactivity_MIR,photochemical oxidant formation,kg O3-Eq,kg O3-Eq/kilogram,True,,,,
s_o1,BO1,biosphere::biogenic co2::inventory indicator > output flow::kilogram,biosphere,biogenic co2,,inventory indicator > output flow,kilogram,IPCC_2021__climate_change__global_warming_potential_GWP100,climate change,kg CO2-Eq,kg CO2-Eq/kilogram,True,,,,
s_o1,BO1,biosphere::biogenic co2::inventory indicator > output flow::kilogram,biosphere,biogenic co2,,inventory indicator > output flow,kilogram,TRACI_v2_1__eutrophication__eutrophication_potential,eutrophication,kg N-Eq,kg N-Eq/kilogram,True,,,,
s_o1,BO1,biosphere::biogenic co2::inventory indicator > output flow::kilogram,biosphere,biogenic co2,,inventory indicator > output flow,kilogram,TRACI_v2_1__acidification__acidification_potential_AP,acidification,kg SO2-Eq,kg SO2-Eq/kilogram,True,,,,
s_o1,BO1,biosphere::biogenic co2::inventory indicator > output flow::kilogram,biosphere,biogenic co2,,inventory indicator > output flow,kilogram,TRACI_v2_1__particulate_matter_formation__particulate_matter_formation_potential_PMFP,particulate matter formation,PM2.5-Eq,PM2.5-Eq/kilogram,True,,,,
s_o1,BO1,biosphere::biogenic co2::inventory indicator > output flow::kilogram,biosphere,biogenic co2,,inventory indicator > output flow,kilogram,TRACI_v2_1__ecotoxicity_freshwater__ecotoxicity_freshwater,ecotoxicity: freshwater,CTUe,CTUe/kilogram,True,,,,
s_o1,BO1,biosphere::biogenic co2::inventory indicator > output flow::kilogram,biosphere,biogenic co2,,inventory indicator > output flow,kilogram,TRACI_v2_1__photochemical_oxidant_formation__maximum_incremental_reactivity_MIR,photochemical oxidant formation,kg O3-Eq,kg O3-Eq/kilogram,True,,,,
s_o1,BO1,"biosphere::non-condensable gas, graphitization::inventory indicator > output flow::kilogram",biosphere,"non-condensable gas, graphitization",,inventory indicator > output flow,kilogram,IPCC_2021__climate_change__global_warming_potential_GWP100,climate change,kg CO2-Eq,kg CO2-Eq/kilogram,True,,,,
s_o1,BO1,"biosphere::non-condensable gas, graphitization::inventory indicator > output flow::kilogram",biosphere,"non-condensable gas, graphitization",,inventory indicator > output flow,kilogram,TRACI_v2_1__eutrophication__eutrophication_potential,eutrophication,kg N-Eq,kg N-Eq/kilogram,True,,,,
s_o1,BO1,"biosphere::non-condensable gas, graphitization::inventory indicator > output flow::kilogram",biosphere,"non-condensable gas, graphitization",,inventory indicator > output flow,kilogram,TRACI_v2_1__acidification__acidification_potential_AP,acidification,kg SO2-Eq,kg SO2-Eq/kilogram,True,,,,
s_o1,BO1,"biosphere::non-condensable gas, graphitization::inventory indicator > output flow::kilogram",biosphere,"non-condensable gas, graphitization",,inventory indicator > output flow,kilogram,TRACI_v2_1__particulate_matter_formation__particulate_matter_formation_potential_PMFP,particulate matter formation,PM2.5-Eq,PM2.5-Eq/kilogram,True,,,,
s_o1,BO1,"biosphere::non-condensable gas, graphitization::inventory indicator > output flow::kilogram",biosphere,"non-condensable gas, graphitization",,inventory indicator > output flow,kilogram,TRACI_v2_1__ecotoxicity_freshwater__ecotoxicity_freshwater,ecotoxicity: freshwater,CTUe,CTUe/kilogram,True,,,,
s_o1,BO1,"biosphere::non-condensable gas, graphitization::inventory indicator > output flow::kilogram",biosphere,"non-condensable gas, graphitization",,inventory indicator > output flow,kilogram,TRACI_v2_1__photochemical_oxidant_formation__maximum_incremental_reactivity_MIR,photochemical oxidant formation,kg O3-Eq,kg O3-Eq/kilogram,True,,,,
s_o1,BO1,"biosphere::water out, from waste water management::inventory indicator > output flow::kilogram",biosphere,"water out, from waste water management",,inventory indicator > output flow,kilogram,IPCC_2021__climate_change__global_warming_potential_GWP100,climate change,kg CO2-Eq,kg CO2-Eq/kilogram,True,,,,
s_o1,BO1,"biosphere::water out, from waste water management::inventory indicator > output flow::kilogram",biosphere,"water out, from waste water management",,inventory indicator > output flow,kilogram,TRACI_v2_1__eutrophication__eutrophication_potential,eutrophication,kg N-Eq,kg N-Eq/kilogram,True,,,,
s_o1,BO1,"biosphere::water out, from waste water management::inventory indicator > output flow::kilogram",biosphere,"water out, from waste water management",,inventory indicator > output flow,kilogram,TRACI_v2_1__acidification__acidification_potential_AP,acidification,kg SO2-Eq,kg SO2-Eq/kilogram,True,,,,
s_o1,BO1,"biosphere::water out, from waste water management::inventory indicator > output flow::kilogram",biosphere,"water out, from waste water management",,inventory indicator > output flow,kilogram,TRACI_v2_1__particulate_matter_formation__particulate_matter_formation_potential_PMFP,particulate matter formation,PM2.5-Eq,PM2.5-Eq/kilogram,True,,,,
s_o1,BO1,"biosphere::water out, from waste water management::inventory indicator > output flow::kilogram",biosphere,"water out, from waste water management",,inventory indicator > output flow,kilogram,TRACI_v2_1__ecotoxicity_freshwater__ecotoxicity_freshwater,ecotoxicity: freshwater,CTUe,CTUe/kilogram,True,,,,
s_o1,BO1,"biosphere::water out, from waste water management::inventory indicator > output flow::kilogram",biosphere,"water out, from waste water management",,inventory indicator > output flow,kilogram,TRACI_v2_1__photochemical_oxidant_formation__maximum_incremental_reactivity_MIR,photochemical oxidant formation,kg O3-Eq,kg O3-Eq/kilogram,True,,,,
s_o1,BO1,"biosphere::solids, from waste water management::inventory indicator > output flow::kilogram",biosphere,"solids, from waste water management",,inventory indicator > output flow,kilogram,IPCC_2021__climate_change__global_warming_potential_GWP100,climate change,kg CO2-Eq,kg CO2-Eq/kilogram,True,,,,
s_o1,BO1,"biosphere::solids, from waste water management::inventory indicator > output flow::kilogram",biosphere,"solids, from waste water management",,inventory indicator > output flow,kilogram,TRACI_v2_1__eutrophication__eutrophication_potential,eutrophication,kg N-Eq,kg N-Eq/kilogram,True,,,,
s_o1,BO1,"biosphere::solids, from waste water management::inventory indicator > output flow::kilogram",biosphere,"solids, from waste water management",,inventory indicator > output flow,kilogram,TRACI_v2_1__acidification__acidification_potential_AP,acidification,kg SO2-Eq,kg SO2-Eq/kilogram,True,,,,
s_o1,BO1,"biosphere::solids, from waste water management::inventory indicator > output flow::kilogram",biosphere,"solids, from waste water management",,inventory indicator > output flow,kilogram,TRACI_v2_1__particulate_matter_formation__particulate_matter_formation_potential_PMFP,particulate matter formation,PM2.5-Eq,PM2.5-Eq/kilogram,True,,,,
s_o1,BO1,"biosphere::solids, from waste water management::inventory indicator > output flow::kilogram",biosphere,"solids, from waste water management",,inventory indicator > output flow,kilogram,TRACI_v2_1__ecotoxicity_freshwater__ecotoxicity_freshwater,ecotoxicity: freshwater,CTUe,CTUe/kilogram,True,,,,
s_o1,BO1,"biosphere::solids, from waste water management::inventory indicator > output flow::kilogram",biosphere,"solids, from waste water management",,inventory indicator > output flow,kilogram,TRACI_v2_1__photochemical_oxidant_formation__maximum_incremental_reactivity_MIR,photochemical oxidant formation,kg O3-Eq,kg O3-Eq/kilogram,True,,,,
s_o1,BO1,"biosphere::Carbon dioxide, fossil::air > urban air close to ground::kilogram",biosphere,"Carbon dioxide, fossil",,air > urban air close to ground,kilogram,IPCC_2021__climate_change__global_warming_potential_GWP100,climate change,kg CO2-Eq,kg CO2-Eq/kilogram,True,,,,
s_o1,BO1,"biosphere::Carbon dioxide, fossil::air > urban air close to ground::kilogram",biosphere,"Carbon dioxide, fossil",,air > urban air close to ground,kilogram,TRACI_v2_1__eutrophication__eutrophication_potential,eutrophication,kg N-Eq,kg N-Eq/kilogram,True,,,,
s_o1,BO1,"biosphere::Carbon dioxide, fossil::air > urban air close to ground::kilogram",biosphere,"Carbon dioxide, fossil",,air > urban air close to ground,kilogram,TRACI_v2_1__acidification__acidification_potential_AP,acidification,kg SO2-Eq,kg SO2-Eq/kilogram,True,,,,
s_o1,BO1,"biosphere::Carbon dioxide, fossil::air > urban air close to ground::kilogram",biosphere,"Carbon dioxide, fossil",,air > urban air close to ground,kilogram,TRACI_v2_1__particulate_matter_formation__particulate_matter_formation_potential_PMFP,particulate matter formation,PM2.5-Eq,PM2.5-Eq/kilogram,True,,,,
s_o1,BO1,"biosphere::Carbon dioxide, fossil::air > urban air close to ground::kilogram",biosphere,"Carbon dioxide, fossil",,air > urban air close to ground,kilogram,TRACI_v2_1__ecotoxicity_freshwater__ecotoxicity_freshwater,ecotoxicity: freshwater,CTUe,CTUe/kilogram,True,,,,
s_o1,BO1,"biosphere::Carbon dioxide, fossil::air > urban air close to ground::kilogram",biosphere,"Carbon dioxide, fossil",,air > urban air close to ground,kilogram,TRACI_v2_1__photochemical_oxidant_formation__maximum_incremental_reactivity_MIR,photochemical oxidant formation,kg O3-Eq,kg O3-Eq/kilogram,True,,,,
s_o1,BO1,"biosphere::Methane, fossil::air > urban air close to ground::kilogram",biosphere,"Methane, fossil",,air > urban air close to ground,kilogram,IPCC_2021__climate_change__global_warming_potential_GWP100,climate change,kg CO2-Eq,kg CO2-Eq/kilogram,True,,,,
s_o1,BO1,"biosphere::Methane, fossil::air > urban air close to ground::kilogram",biosphere,"Methane, fossil",,air > urban air close to ground,kilogram,TRACI_v2_1__eutrophication__eutrophication_potential,eutrophication,kg N-Eq,kg N-Eq/kilogram,True,,,,
s_o1,BO1,"biosphere::Methane, fossil::air > urban air close to ground::kilogram",biosphere,"Methane, fossil",,air > urban air close to ground,kilogram,TRACI_v2_1__acidification__acidification_potential_AP,acidification,kg SO2-Eq,kg SO2-Eq/kilogram,True,,,,
s_o1,BO1,"biosphere::Methane, fossil::air > urban air close to ground::kilogram",biosphere,"Methane, fossil",,air > urban air close to ground,kilogram,TRACI_v2_1__particulate_matter_formation__particulate_matter_formation_potential_PMFP,particulate matter formation,PM2.5-Eq,PM2.5-Eq/kilogram,True,,,,
s_o1,BO1,"biosphere::Methane, fossil::air > urban air close to ground::kilogram",biosphere,"Methane, fossil",,air > urban air close to ground,kilogram,TRACI_v2_1__ecotoxicity_freshwater__ecotoxicity_freshwater,ecotoxicity: freshwater,CTUe,CTUe/kilogram,True,,,,
s_o1,BO1,"biosphere::Methane, fossil::air > urban air close to ground::kilogram",biosphere,"Methane, fossil",,air > urban air close to ground,kilogram,TRACI_v2_1__photochemical_oxidant_formation__maximum_incremental_reactivity_MIR,photochemical oxidant formation,kg O3-Eq,kg O3-Eq/kilogram,True,,,,
s_o1,BO1,biosphere::Dinitrogen monoxide::air > urban air close to ground::kilogram,biosphere,Dinitrogen monoxide,,air > urban air close to ground,kilogram,IPCC_2021__climate_change__global_warming_potential_GWP100,climate change,kg CO2-Eq,kg CO2-Eq/kilogram,True,,,,
s_o1,BO1,biosphere::Dinitrogen monoxide::air > urban air close to ground::kilogram,biosphere,Dinitrogen monoxide,,air > urban air close to ground,kilogram,TRACI_v2_1__eutrophication__eutrophication_potential,eutrophication,kg N-Eq,kg N-Eq/kilogram,True,,,,
s_o1,BO1,biosphere::Dinitrogen monoxide::air > urban air close to ground::kilogram,biosphere,Dinitrogen monoxide,,air > urban air close to ground,kilogram,TRACI_v2_1__acidification__acidification_potential_AP,acidification,kg SO2-Eq,kg SO2-Eq/kilogram,True,,,,
s_o1,BO1,biosphere::Dinitrogen monoxide::air > urban air close to ground::kilogram,biosphere,Dinitrogen monoxide,,air > urban air close to ground,kilogram,TRACI_v2_1__particulate_matter_formation__particulate_matter_formation_potential_PMFP,particulate matter formation,PM2.5-Eq,PM2.5-Eq/kilogram,True,,,,
s_o1,BO1,biosphere::Dinitrogen monoxide::air > urban air close to ground::kilogram,biosphere,Dinitrogen monoxide,,air > urban air close to ground,kilogram,TRACI_v2_1__ecotoxicity_freshwater__ecotoxicity_freshwater,ecotoxicity: freshwater,CTUe,CTUe/kilogram,True,,,,
s_o1,BO1,biosphere::Dinitrogen monoxide::air > urban air close to ground::kilogram,biosphere,Dinitrogen monoxide,,air > urban air close to ground,kilogram,TRACI_v2_1__photochemical_oxidant_formation__maximum_incremental_reactivity_MIR,photochemical oxidant formation,kg O3-Eq,kg O3-Eq/kilogram,True,,,,
s_o2,BO2,"technosphere::market for hydrochloric acid, without water, in 30% solution state::RoW::kilogram",technosphere,"market for hydrochloric acid, without water, in 30% solution state",RoW,,kilogram,IPCC_2021__climate_change__global_warming_potential_GWP100,climate change,kg CO2-Eq,kg CO2-Eq/kilogram,True,,,,
s_o2,BO2,"technosphere::market for hydrochloric acid, without water, in 30% solution state::RoW::kilogram",technosphere,"market for hydrochloric acid, without water, in 30% solution state",RoW,,kilogram,TRACI_v2_1__eutrophication__eutrophication_potential,eutrophication,kg N-Eq,kg N-Eq/kilogram,True,,,,
s_o2,BO2,"technosphere::market for hydrochloric acid, without water, in 30% solution state::RoW::kilogram",technosphere,"market for hydrochloric acid, without water, in 30% solution state",RoW,,kilogram,TRACI_v2_1__acidification__acidification_potential_AP,acidification,kg SO2-Eq,kg SO2-Eq/kilogram,True,,,,
s_o2,BO2,"technosphere::market for hydrochloric acid, without water, in 30% solution state::RoW::kilogram",technosphere,"market for hydrochloric acid, without water, in 30% solution state",RoW,,kilogram,TRACI_v2_1__particulate_matter_formation__particulate_matter_formation_potential_PMFP,particulate matter formation,PM2.5-Eq,PM2.5-Eq/kilogram,True,,,,
s_o2,BO2,"technosphere::market for hydrochloric acid, without water, in 30% solution state::RoW::kilogram",technosphere,"market for hydrochloric acid, without water, in 30% solution state",RoW,,kilogram,TRACI_v2_1__ecotoxicity_freshwater__ecotoxicity_freshwater,ecotoxicity: freshwater,CTUe,CTUe/kilogram,True,,,,
s_o2,BO2,"technosphere::market for hydrochloric acid, without water, in 30% solution state::RoW::kilogram",technosphere,"market for hydrochloric acid, without water, in 30% solution state",RoW,,kilogram,TRACI_v2_1__photochemical_oxidant_formation__maximum_incremental_reactivity_MIR,photochemical oxidant formation,kg O3-Eq,kg O3-Eq/kilogram,True,,,,
s_o2,BO2,"technosphere::market for inorganic nitrogen fertiliser, as N::US::kilogram",technosphere,"market for inorganic nitrogen fertiliser, as N",US,,kilogram,IPCC_2021__climate_change__global_warming_potential_GWP100,climate change,kg CO2-Eq,kg CO2-Eq/kilogram,True,,,,
s_o2,BO2,"technosphere::market for inorganic nitrogen fertiliser, as N::US::kilogram",technosphere,"market for inorganic nitrogen fertiliser, as N",US,,kilogram,TRACI_v2_1__eutrophication__eutrophication_potential,eutrophication,kg N-Eq,kg N-Eq/kilogram,True,,,,
s_o2,BO2,"technosphere::market for inorganic nitrogen fertiliser, as N::US::kilogram",technosphere,"market for inorganic nitrogen fertiliser, as N",US,,kilogram,TRACI_v2_1__acidification__acidification_potential_AP,acidification,kg SO2-Eq,kg SO2-Eq/kilogram,True,,,,
s_o2,BO2,"technosphere::market for inorganic nitrogen fertiliser, as N::US::kilogram",technosphere,"market for inorganic nitrogen fertiliser, as N",US,,kilogram,TRACI_v2_1__particulate_matter_formation__particulate_matter_formation_potential_PMFP,particulate matter formation,PM2.5-Eq,PM2.5-Eq/kilogram,True,,,,
s_o2,BO2,"technosphere::market for inorganic nitrogen fertiliser, as N::US::kilogram",technosphere,"market for inorganic nitrogen fertiliser, as N",US,,kilogram,TRACI_v2_1__ecotoxicity_freshwater__ecotoxicity_freshwater,ecotoxicity: freshwater,CTUe,CTUe/kilogram,True,,,,
s_o2,BO2,"technosphere::market for inorganic nitrogen fertiliser, as N::US::kilogram",technosphere,"market for inorganic nitrogen fertiliser, as N",US,,kilogram,TRACI_v2_1__photochemical_oxidant_formation__maximum_incremental_reactivity_MIR,photochemical oxidant formation,kg O3-Eq,kg O3-Eq/kilogram,True,,,,
s_o2,BO2,"technosphere::market for inorganic phosphorus fertiliser, as P2O5::US::kilogram",technosphere,"market for inorganic phosphorus fertiliser, as P2O5",US,,kilogram,IPCC_2021__climate_change__global_warming_potential_GWP100,climate change,kg CO2-Eq,kg CO2-Eq/kilogram,True,,,,
s_o2,BO2,"technosphere::market for inorganic phosphorus fertiliser, as P2O5::US::kilogram",technosphere,"market for inorganic phosphorus fertiliser, as P2O5",US,,kilogram,TRACI_v2_1__eutrophication__eutrophication_potential,eutrophication,kg N-Eq,kg N-Eq/kilogram,True,,,,
s_o2,BO2,"technosphere::market for inorganic phosphorus fertiliser, as P2O5::US::kilogram",technosphere,"market for inorganic phosphorus fertiliser, as P2O5",US,,kilogram,TRACI_v2_1__acidification__acidification_potential_AP,acidification,kg SO2-Eq,kg SO2-Eq/kilogram,True,,,,
s_o2,BO2,"technosphere::market for inorganic phosphorus fertiliser, as P2O5::US::kilogram",technosphere,"market for inorganic phosphorus fertiliser, as P2O5",US,,kilogram,TRACI_v2_1__particulate_matter_formation__particulate_matter_formation_potential_PMFP,particulate matter formation,PM2.5-Eq,PM2.5-Eq/kilogram,True,,,,
s_o2,BO2,"technosphere::market for inorganic phosphorus fertiliser, as P2O5::US::kilogram",technosphere,"market for inorganic phosphorus fertiliser, as P2O5",US,,kilogram,TRACI_v2_1__ecotoxicity_freshwater__ecotoxicity_freshwater,ecotoxicity: freshwater,CTUe,CTUe/kilogram,True,,,,
s_o2,BO2,"technosphere::market for inorganic phosphorus fertiliser, as P2O5::US::kilogram",technosphere,"market for inorganic phosphorus fertiliser, as P2O5",US,,kilogram,TRACI_v2_1__photochemical_oxidant_formation__maximum_incremental_reactivity_MIR,photochemical oxidant formation,kg O3-Eq,kg O3-Eq/kilogram,True,,,,
s_o2,BO2,"technosphere::market for inorganic potassium fertiliser, as K2O::US::kilogram",technosphere,"market for inorganic potassium fertiliser, as K2O",US,,kilogram,IPCC_2021__climate_change__global_warming_potential_GWP100,climate change,kg CO2-Eq,kg CO2-Eq/kilogram,True,,,,
s_o2,BO2,"technosphere::market for inorganic potassium fertiliser, as K2O::US::kilogram",technosphere,"market for inorganic potassium fertiliser, as K2O",US,,kilogram,TRACI_v2_1__eutrophication__eutrophication_potential,eutrophication,kg N-Eq,kg N-Eq/kilogram,True,,,,
s_o2,BO2,"technosphere::market for inorganic potassium fertiliser, as K2O::US::kilogram",technosphere,"market for inorganic potassium fertiliser, as K2O",US,,kilogram,TRACI_v2_1__acidification__acidification_potential_AP,acidification,kg SO2-Eq,kg SO2-Eq/kilogram,True,,,,
s_o2,BO2,"technosphere::market for inorganic potassium fertiliser, as K2O::US::kilogram",technosphere,"market for inorganic potassium fertiliser, as K2O",US,,kilogram,TRACI_v2_1__particulate_matter_formation__particulate_matter_formation_potential_PMFP,particulate matter formation,PM2.5-Eq,PM2.5-Eq/kilogram,True,,,,
s_o2,BO2,"technosphere::market for inorganic potassium fertiliser, as K2O::US::kilogram",technosphere,"market for inorganic potassium fertiliser, as K2O",US,,kilogram,TRACI_v2_1__ecotoxicity_freshwater__ecotoxicity_freshwater,ecotoxicity: freshwater,CTUe,CTUe/kilogram,True,,,,
s_o2,BO2,"technosphere::market for inorganic potassium fertiliser, as K2O::US::kilogram",technosphere,"market for inorganic potassium fertiliser, as K2O",US,,kilogram,TRACI_v2_1__photochemical_oxidant_formation__maximum_incremental_reactivity_MIR,photochemical oxidant formation,kg O3-Eq,kg O3-Eq/kilogram,True,,,,
s_o2,BO2,technosphere::market for glyphosate::GLO::kilogram,technosphere,market for glyphosate,GLO,,kilogram,IPCC_2021__climate_change__global_warming_potential_GWP100,climate change,kg CO2-Eq,kg CO2-Eq/kilogram,True,,,,
s_o2,BO2,technosphere::market for glyphosate::GLO::kilogram,technosphere,market for glyphosate,GLO,,kilogram,TRACI_v2_1__eutrophication__eutrophication_potential,eutrophication,kg N-Eq,kg N-Eq/kilogram,True,,,,
s_o2,BO2,technosphere::market for glyphosate::GLO::kilogram,technosphere,market for glyphosate,GLO,,kilogram,TRACI_v2_1__acidification__acidification_potential_AP,acidification,kg SO2-Eq,kg SO2-Eq/kilogram,True,,,,
s_o2,BO2,technosphere::market for glyphosate::GLO::kilogram,technosphere,market for glyphosate,GLO,,kilogram,TRACI_v2_1__particulate_matter_formation__particulate_matter_formation_potential_PMFP,particulate matter formation,PM2.5-Eq,PM2.5-Eq/kilogram,True,,,,
s_o2,BO2,technosphere::market for glyphosate::GLO::kilogram,technosphere,market for glyphosate,GLO,,kilogram,TRACI_v2_1__ecotoxicity_freshwater__ecotoxicity_freshwater,ecotoxicity: freshwater,CTUe,CTUe/kilogram,True,,,,
s_o2,BO2,technosphere::market for glyphosate::GLO::kilogram,technosphere,market for glyphosate,GLO,,kilogram,TRACI_v2_1__photochemical_oxidant_formation__maximum_incremental_reactivity_MIR,photochemical oxidant formation,kg O3-Eq,kg O3-Eq/kilogram,True,,,,
s_o2,BO2,"technosphere::market for calcium carbonate, precipitated::RoW::kilogram",technosphere,"market for calcium carbonate, precipitated",RoW,,kilogram,IPCC_2021__climate_change__global_warming_potential_GWP100,climate change,kg CO2-Eq,kg CO2-Eq/kilogram,True,,,,
s_o2,BO2,"technosphere::market for calcium carbonate, precipitated::RoW::kilogram",technosphere,"market for calcium carbonate, precipitated",RoW,,kilogram,TRACI_v2_1__eutrophication__eutrophication_potential,eutrophication,kg N-Eq,kg N-Eq/kilogram,True,,,,
s_o2,BO2,"technosphere::market for calcium carbonate, precipitated::RoW::kilogram",technosphere,"market for calcium carbonate, precipitated",RoW,,kilogram,TRACI_v2_1__acidification__acidification_potential_AP,acidification,kg SO2-Eq,kg SO2-Eq/kilogram,True,,,,
s_o2,BO2,"technosphere::market for calcium carbonate, precipitated::RoW::kilogram",technosphere,"market for calcium carbonate, precipitated",RoW,,kilogram,TRACI_v2_1__particulate_matter_formation__particulate_matter_formation_potential_PMFP,particulate matter formation,PM2.5-Eq,PM2.5-Eq/kilogram,True,,,,
s_o2,BO2,"technosphere::market for calcium carbonate, precipitated::RoW::kilogram",technosphere,"market for calcium carbonate, precipitated",RoW,,kilogram,TRACI_v2_1__ecotoxicity_freshwater__ecotoxicity_freshwater,ecotoxicity: freshwater,CTUe,CTUe/kilogram,True,,,,
s_o2,BO2,"technosphere::market for calcium carbonate, precipitated::RoW::kilogram",technosphere,"market for calcium carbonate, precipitated",RoW,,kilogram,TRACI_v2_1__photochemical_oxidant_formation__maximum_incremental_reactivity_MIR,photochemical oxidant formation,kg O3-Eq,kg O3-Eq/kilogram,True,,,,
s_o2,BO2,"technosphere::market for polyethylene, high density, granulate::GLO::kilogram",technosphere,"market for polyethylene, high density, granulate",GLO,,kilogram,IPCC_2021__climate_change__global_warming_potential_GWP100,climate change,kg CO2-Eq,kg CO2-Eq/kilogram,True,,,,
s_o2,BO2,"technosphere::market for polyethylene, high density, granulate::GLO::kilogram",technosphere,"market for polyethylene, high density, granulate",GLO,,kilogram,TRACI_v2_1__eutrophication__eutrophication_potential,eutrophication,kg N-Eq,kg N-Eq/kilogram,True,,,,
s_o2,BO2,"technosphere::market for polyethylene, high density, granulate::GLO::kilogram",technosphere,"market for polyethylene, high density, granulate",GLO,,kilogram,TRACI_v2_1__acidification__acidification_potential_AP,acidification,kg SO2-Eq,kg SO2-Eq/kilogram,True,,,,
s_o2,BO2,"technosphere::market for polyethylene, high density, granulate::GLO::kilogram",technosphere,"market for polyethylene, high density, granulate",GLO,,kilogram,TRACI_v2_1__particulate_matter_formation__particulate_matter_formation_potential_PMFP,particulate matter formation,PM2.5-Eq,PM2.5-Eq/kilogram,True,,,,
s_o2,BO2,"technosphere::market for polyethylene, high density, granulate::GLO::kilogram",technosphere,"market for polyethylene, high density, granulate",GLO,,kilogram,TRACI_v2_1__ecotoxicity_freshwater__ecotoxicity_freshwater,ecotoxicity: freshwater,CTUe,CTUe/kilogram,True,,,,
s_o2,BO2,"technosphere::market for polyethylene, high density, granulate::GLO::kilogram",technosphere,"market for polyethylene, high density, granulate",GLO,,kilogram,TRACI_v2_1__photochemical_oxidant_formation__maximum_incremental_reactivity_MIR,photochemical oxidant formation,kg O3-Eq,kg O3-Eq/kilogram,True,,,,
s_o2,BO2,technosphere::market for diesel::RoW::kilogram,technosphere,market for diesel,RoW,,kilogram,IPCC_2021__climate_change__global_warming_potential_GWP100,climate change,kg CO2-Eq,kg CO2-Eq/kilogram,True,,,,
s_o2,BO2,technosphere::market for diesel::RoW::kilogram,technosphere,market for diesel,RoW,,kilogram,TRACI_v2_1__eutrophication__eutrophication_potential,eutrophication,kg N-Eq,kg N-Eq/kilogram,True,,,,
s_o2,BO2,technosphere::market for diesel::RoW::kilogram,technosphere,market for diesel,RoW,,kilogram,TRACI_v2_1__acidification__acidification_potential_AP,acidification,kg SO2-Eq,kg SO2-Eq/kilogram,True,,,,
s_o2,BO2,technosphere::market for diesel::RoW::kilogram,technosphere,market for diesel,RoW,,kilogram,TRACI_v2_1__particulate_matter_formation__particulate_matter_formation_potential_PMFP,particulate matter formation,PM2.5-Eq,PM2.5-Eq/kilogram,True,,,,
s_o2,BO2,technosphere::market for diesel::RoW::kilogram,technosphere,market for diesel,RoW,,kilogram,TRACI_v2_1__ecotoxicity_freshwater__ecotoxicity_freshwater,ecotoxicity: freshwater,CTUe,CTUe/kilogram,True,,,,
s_o2,BO2,technosphere::market for diesel::RoW::kilogram,technosphere,market for diesel,RoW,,kilogram,TRACI_v2_1__photochemical_oxidant_formation__maximum_incremental_reactivity_MIR,photochemical oxidant formation,kg O3-Eq,kg O3-Eq/kilogram,True,,,,
s_o2,BO2,"technosphere::market for natural gas, high pressure::US::cubic meter",technosphere,"market for natural gas, high pressure",US,,cubic meter,IPCC_2021__climate_change__global_warming_potential_GWP100,climate change,kg CO2-Eq,kg CO2-Eq/cubic meter,True,,,,
s_o2,BO2,"technosphere::market for natural gas, high pressure::US::cubic meter",technosphere,"market for natural gas, high pressure",US,,cubic meter,TRACI_v2_1__eutrophication__eutrophication_potential,eutrophication,kg N-Eq,kg N-Eq/cubic meter,True,,,,
s_o2,BO2,"technosphere::market for natural gas, high pressure::US::cubic meter",technosphere,"market for natural gas, high pressure",US,,cubic meter,TRACI_v2_1__acidification__acidification_potential_AP,acidification,kg SO2-Eq,kg SO2-Eq/cubic meter,True,,,,
s_o2,BO2,"technosphere::market for natural gas, high pressure::US::cubic meter",technosphere,"market for natural gas, high pressure",US,,cubic meter,TRACI_v2_1__particulate_matter_formation__particulate_matter_formation_potential_PMFP,particulate matter formation,PM2.5-Eq,PM2.5-Eq/cubic meter,True,,,,
s_o2,BO2,"technosphere::market for natural gas, high pressure::US::cubic meter",technosphere,"market for natural gas, high pressure",US,,cubic meter,TRACI_v2_1__ecotoxicity_freshwater__ecotoxicity_freshwater,ecotoxicity: freshwater,CTUe,CTUe/cubic meter,True,,,,
s_o2,BO2,"technosphere::market for natural gas, high pressure::US::cubic meter",technosphere,"market for natural gas, high pressure",US,,cubic meter,TRACI_v2_1__photochemical_oxidant_formation__maximum_incremental_reactivity_MIR,photochemical oxidant formation,kg O3-Eq,kg O3-Eq/cubic meter,True,,,,
s_o2,BO2,"technosphere::market group for electricity, medium voltage::US::kilowatt hour",technosphere,"market group for electricity, medium voltage",US,,kilowatt hour,IPCC_2021__climate_change__global_warming_potential_GWP100,climate change,kg CO2-Eq,kg CO2-Eq/kilowatt hour,True,,,,
s_o2,BO2,"technosphere::market group for electricity, medium voltage::US::kilowatt hour",technosphere,"market group for electricity, medium voltage",US,,kilowatt hour,TRACI_v2_1__eutrophication__eutrophication_potential,eutrophication,kg N-Eq,kg N-Eq/kilowatt hour,True,,,,
s_o2,BO2,"technosphere::market group for electricity, medium voltage::US::kilowatt hour",technosphere,"market group for electricity, medium voltage",US,,kilowatt hour,TRACI_v2_1__acidification__acidification_potential_AP,acidification,kg SO2-Eq,kg SO2-Eq/kilowatt hour,True,,,,
s_o2,BO2,"technosphere::market group for electricity, medium voltage::US::kilowatt hour",technosphere,"market group for electricity, medium voltage",US,,kilowatt hour,TRACI_v2_1__particulate_matter_formation__particulate_matter_formation_potential_PMFP,particulate matter formation,PM2.5-Eq,PM2.5-Eq/kilowatt hour,True,,,,
s_o2,BO2,"technosphere::market group for electricity, medium voltage::US::kilowatt hour",technosphere,"market group for electricity, medium voltage",US,,kilowatt hour,TRACI_v2_1__ecotoxicity_freshwater__ecotoxicity_freshwater,ecotoxicity: freshwater,CTUe,CTUe/kilowatt hour,True,,,,
s_o2,BO2,"technosphere::market group for electricity, medium voltage::US::kilowatt hour",technosphere,"market group for electricity, medium voltage",US,,kilowatt hour,TRACI_v2_1__photochemical_oxidant_formation__maximum_incremental_reactivity_MIR,photochemical oxidant formation,kg O3-Eq,kg O3-Eq/kilowatt hour,True,,,,
s_o2,BO2,"technosphere::market for sodium hydroxide, without water, in 50% solution state::GLO::kilogram",technosphere,"market for sodium hydroxide, without water, in 50% solution state",GLO,,kilogram,IPCC_2021__climate_change__global_warming_potential_GWP100,climate change,kg CO2-Eq,kg CO2-Eq/kilogram,True,,,,
s_o2,BO2,"technosphere::market for sodium hydroxide, without water, in 50% solution state::GLO::kilogram",technosphere,"market for sodium hydroxide, without water, in 50% solution state",GLO,,kilogram,TRACI_v2_1__eutrophication__eutrophication_potential,eutrophication,kg N-Eq,kg N-Eq/kilogram,True,,,,
s_o2,BO2,"technosphere::market for sodium hydroxide, without water, in 50% solution state::GLO::kilogram",technosphere,"market for sodium hydroxide, without water, in 50% solution state",GLO,,kilogram,TRACI_v2_1__acidification__acidification_potential_AP,acidification,kg SO2-Eq,kg SO2-Eq/kilogram,True,,,,
s_o2,BO2,"technosphere::market for sodium hydroxide, without water, in 50% solution state::GLO::kilogram",technosphere,"market for sodium hydroxide, without water, in 50% solution state",GLO,,kilogram,TRACI_v2_1__particulate_matter_formation__particulate_matter_formation_potential_PMFP,particulate matter formation,PM2.5-Eq,PM2.5-Eq/kilogram,True,,,,
s_o2,BO2,"technosphere::market for sodium hydroxide, without water, in 50% solution state::GLO::kilogram",technosphere,"market for sodium hydroxide, without water, in 50% solution state",GLO,,kilogram,TRACI_v2_1__ecotoxicity_freshwater__ecotoxicity_freshwater,ecotoxicity: freshwater,CTUe,CTUe/kilogram,True,,,,
s_o2,BO2,"technosphere::market for sodium hydroxide, without water, in 50% solution state::GLO::kilogram",technosphere,"market for sodium hydroxide, without water, in 50% solution state",GLO,,kilogram,TRACI_v2_1__photochemical_oxidant_formation__maximum_incremental_reactivity_MIR,photochemical oxidant formation,kg O3-Eq,kg O3-Eq/kilogram,True,,,,
s_o2,BO2,"technosphere::treatment of inert waste, inert material landfill::RoW::kilogram",technosphere,"treatment of inert waste, inert material landfill",RoW,,kilogram,IPCC_2021__climate_change__global_warming_potential_GWP100,climate change,kg CO2-Eq,kg CO2-Eq/kilogram,True,,,,
s_o2,BO2,"technosphere::treatment of inert waste, inert material landfill::RoW::kilogram",technosphere,"treatment of inert waste, inert material landfill",RoW,,kilogram,TRACI_v2_1__eutrophication__eutrophication_potential,eutrophication,kg N-Eq,kg N-Eq/kilogram,True,,,,
s_o2,BO2,"technosphere::treatment of inert waste, inert material landfill::RoW::kilogram",technosphere,"treatment of inert waste, inert material landfill",RoW,,kilogram,TRACI_v2_1__acidification__acidification_potential_AP,acidification,kg SO2-Eq,kg SO2-Eq/kilogram,True,,,,
s_o2,BO2,"technosphere::treatment of inert waste, inert material landfill::RoW::kilogram",technosphere,"treatment of inert waste, inert material landfill",RoW,,kilogram,TRACI_v2_1__particulate_matter_formation__particulate_matter_formation_potential_PMFP,particulate matter formation,PM2.5-Eq,PM2.5-Eq/kilogram,True,,,,
s_o2,BO2,"technosphere::treatment of inert waste, inert material landfill::RoW::kilogram",technosphere,"treatment of inert waste, inert material landfill",RoW,,kilogram,TRACI_v2_1__ecotoxicity_freshwater__ecotoxicity_freshwater,ecotoxicity: freshwater,CTUe,CTUe/kilogram,True,,,,
s_o2,BO2,"technosphere::treatment of inert waste, inert material landfill::RoW::kilogram",technosphere,"treatment of inert waste, inert material landfill",RoW,,kilogram,TRACI_v2_1__photochemical_oxidant_formation__maximum_incremental_reactivity_MIR,photochemical oxidant formation,kg O3-Eq,kg O3-Eq/kilogram,True,,,,
s_o2,BO2,"technosphere::willow production, short rotation coppice::RoW::kilogram",technosphere,"willow production, short rotation coppice",RoW,,kilogram,IPCC_2021__climate_change__global_warming_potential_GWP100,climate change,kg CO2-Eq,kg CO2-Eq/kilogram,True,,,,
s_o2,BO2,"technosphere::willow production, short rotation coppice::RoW::kilogram",technosphere,"willow production, short rotation coppice",RoW,,kilogram,TRACI_v2_1__eutrophication__eutrophication_potential,eutrophication,kg N-Eq,kg N-Eq/kilogram,True,,,,
s_o2,BO2,"technosphere::willow production, short rotation coppice::RoW::kilogram",technosphere,"willow production, short rotation coppice",RoW,,kilogram,TRACI_v2_1__acidification__acidification_potential_AP,acidification,kg SO2-Eq,kg SO2-Eq/kilogram,True,,,,
s_o2,BO2,"technosphere::willow production, short rotation coppice::RoW::kilogram",technosphere,"willow production, short rotation coppice",RoW,,kilogram,TRACI_v2_1__particulate_matter_formation__particulate_matter_formation_potential_PMFP,particulate matter formation,PM2.5-Eq,PM2.5-Eq/kilogram,True,,,,
s_o2,BO2,"technosphere::willow production, short rotation coppice::RoW::kilogram",technosphere,"willow production, short rotation coppice",RoW,,kilogram,TRACI_v2_1__ecotoxicity_freshwater__ecotoxicity_freshwater,ecotoxicity: freshwater,CTUe,CTUe/kilogram,True,,,,
s_o2,BO2,"technosphere::willow production, short rotation coppice::RoW::kilogram",technosphere,"willow production, short rotation coppice",RoW,,kilogram,TRACI_v2_1__photochemical_oxidant_formation__maximum_incremental_reactivity_MIR,photochemical oxidant formation,kg O3-Eq,kg O3-Eq/kilogram,True,,,,
s_o2,BO2,"technosphere::market for aluminium oxide, metallurgical::RoW::kilogram",technosphere,"market for aluminium oxide, metallurgical",RoW,,kilogram,IPCC_2021__climate_change__global_warming_potential_GWP100,climate change,kg CO2-Eq,kg CO2-Eq/kilogram,True,,,,
s_o2,BO2,"technosphere::market for aluminium oxide, metallurgical::RoW::kilogram",technosphere,"market for aluminium oxide, metallurgical",RoW,,kilogram,TRACI_v2_1__eutrophication__eutrophication_potential,eutrophication,kg N-Eq,kg N-Eq/kilogram,True,,,,
s_o2,BO2,"technosphere::market for aluminium oxide, metallurgical::RoW::kilogram",technosphere,"market for aluminium oxide, metallurgical",RoW,,kilogram,TRACI_v2_1__acidification__acidification_potential_AP,acidification,kg SO2-Eq,kg SO2-Eq/kilogram,True,,,,
s_o2,BO2,"technosphere::market for aluminium oxide, metallurgical::RoW::kilogram",technosphere,"market for aluminium oxide, metallurgical",RoW,,kilogram,TRACI_v2_1__particulate_matter_formation__particulate_matter_formation_potential_PMFP,particulate matter formation,PM2.5-Eq,PM2.5-Eq/kilogram,True,,,,
s_o2,BO2,"technosphere::market for aluminium oxide, metallurgical::RoW::kilogram",technosphere,"market for aluminium oxide, metallurgical",RoW,,kilogram,TRACI_v2_1__ecotoxicity_freshwater__ecotoxicity_freshwater,ecotoxicity: freshwater,CTUe,CTUe/kilogram,True,,,,
s_o2,BO2,"technosphere::market for aluminium oxide, metallurgical::RoW::kilogram",technosphere,"market for aluminium oxide, metallurgical",RoW,,kilogram,TRACI_v2_1__photochemical_oxidant_formation__maximum_incremental_reactivity_MIR,photochemical oxidant formation,kg O3-Eq,kg O3-Eq/kilogram,True,,,,
s_o2,BO2,"technosphere::market for nickel, class 1::GLO::kilogram",technosphere,"market for nickel, class 1",GLO,,kilogram,IPCC_2021__climate_change__global_warming_potential_GWP100,climate change,kg CO2-Eq,kg CO2-Eq/kilogram,True,,,,
s_o2,BO2,"technosphere::market for nickel, class 1::GLO::kilogram",technosphere,"market for nickel, class 1",GLO,,kilogram,TRACI_v2_1__eutrophication__eutrophication_potential,eutrophication,kg N-Eq,kg N-Eq/kilogram,True,,,,
s_o2,BO2,"technosphere::market for nickel, class 1::GLO::kilogram",technosphere,"market for nickel, class 1",GLO,,kilogram,TRACI_v2_1__acidification__acidification_potential_AP,acidification,kg SO2-Eq,kg SO2-Eq/kilogram,True,,,,
s_o2,BO2,"technosphere::market for nickel, class 1::GLO::kilogram",technosphere,"market for nickel, class 1",GLO,,kilogram,TRACI_v2_1__particulate_matter_formation__particulate_matter_formation_potential_PMFP,particulate matter formation,PM2.5-Eq,PM2.5-Eq/kilogram,True,,,,
s_o2,BO2,"technosphere::market for nickel, class 1::GLO::kilogram",technosphere,"market for nickel, class 1",GLO,,kilogram,TRACI_v2_1__ecotoxicity_freshwater__ecotoxicity_freshwater,ecotoxicity: freshwater,CTUe,CTUe/kilogram,True,,,,
s_o2,BO2,"technosphere::market for nickel, class 1::GLO::kilogram",technosphere,"market for nickel, class 1",GLO,,kilogram,TRACI_v2_1__photochemical_oxidant_formation__maximum_incremental_reactivity_MIR,photochemical oxidant formation,kg O3-Eq,kg O3-Eq/kilogram,True,,,,
s_o2,BO2,technosphere::market for magnesium oxide::GLO::kilogram,technosphere,market for magnesium oxide,GLO,,kilogram,IPCC_2021__climate_change__global_warming_potential_GWP100,climate change,kg CO2-Eq,kg CO2-Eq/kilogram,True,,,,
s_o2,BO2,technosphere::market for magnesium oxide::GLO::kilogram,technosphere,market for magnesium oxide,GLO,,kilogram,TRACI_v2_1__eutrophication__eutrophication_potential,eutrophication,kg N-Eq,kg N-Eq/kilogram,True,,,,
s_o2,BO2,technosphere::market for magnesium oxide::GLO::kilogram,technosphere,market for magnesium oxide,GLO,,kilogram,TRACI_v2_1__acidification__acidification_potential_AP,acidification,kg SO2-Eq,kg SO2-Eq/kilogram,True,,,,
s_o2,BO2,technosphere::market for magnesium oxide::GLO::kilogram,technosphere,market for magnesium oxide,GLO,,kilogram,TRACI_v2_1__particulate_matter_formation__particulate_matter_formation_potential_PMFP,particulate matter formation,PM2.5-Eq,PM2.5-Eq/kilogram,True,,,,
s_o2,BO2,technosphere::market for magnesium oxide::GLO::kilogram,technosphere,market for magnesium oxide,GLO,,kilogram,TRACI_v2_1__ecotoxicity_freshwater__ecotoxicity_freshwater,ecotoxicity: freshwater,CTUe,CTUe/kilogram,True,,,,
s_o2,BO2,technosphere::market for magnesium oxide::GLO::kilogram,technosphere,market for magnesium oxide,GLO,,kilogram,TRACI_v2_1__photochemical_oxidant_formation__maximum_incremental_reactivity_MIR,photochemical oxidant formation,kg O3-Eq,kg O3-Eq/kilogram,True,,,,
s_o2,BO2,technosphere::market for molybdenum trioxide::GLO::kilogram,technosphere,market for molybdenum trioxide,GLO,,kilogram,IPCC_2021__climate_change__global_warming_potential_GWP100,climate change,kg CO2-Eq,kg CO2-Eq/kilogram,True,,,,
s_o2,BO2,technosphere::market for molybdenum trioxide::GLO::kilogram,technosphere,market for molybdenum trioxide,GLO,,kilogram,TRACI_v2_1__eutrophication__eutrophication_potential,eutrophication,kg N-Eq,kg N-Eq/kilogram,True,,,,
s_o2,BO2,technosphere::market for molybdenum trioxide::GLO::kilogram,technosphere,market for molybdenum trioxide,GLO,,kilogram,TRACI_v2_1__acidification__acidification_potential_AP,acidification,kg SO2-Eq,kg SO2-Eq/kilogram,True,,,,
s_o2,BO2,technosphere::market for molybdenum trioxide::GLO::kilogram,technosphere,market for molybdenum trioxide,GLO,,kilogram,TRACI_v2_1__particulate_matter_formation__particulate_matter_formation_potential_PMFP,particulate matter formation,PM2.5-Eq,PM2.5-Eq/kilogram,True,,,,
s_o2,BO2,technosphere::market for molybdenum trioxide::GLO::kilogram,technosphere,market for molybdenum trioxide,GLO,,kilogram,TRACI_v2_1__ecotoxicity_freshwater__ecotoxicity_freshwater,ecotoxicity: freshwater,CTUe,CTUe/kilogram,True,,,,
s_o2,BO2,technosphere::market for molybdenum trioxide::GLO::kilogram,technosphere,market for molybdenum trioxide,GLO,,kilogram,TRACI_v2_1__photochemical_oxidant_formation__maximum_incremental_reactivity_MIR,photochemical oxidant formation,kg O3-Eq,kg O3-Eq/kilogram,True,,,,
s_o2,BO2,technosphere::market for zirconium oxide::GLO::kilogram,technosphere,market for zirconium oxide,GLO,,kilogram,IPCC_2021__climate_change__global_warming_potential_GWP100,climate change,kg CO2-Eq,kg CO2-Eq/kilogram,True,,,,
s_o2,BO2,technosphere::market for zirconium oxide::GLO::kilogram,technosphere,market for zirconium oxide,GLO,,kilogram,TRACI_v2_1__eutrophication__eutrophication_potential,eutrophication,kg N-Eq,kg N-Eq/kilogram,True,,,,
s_o2,BO2,technosphere::market for zirconium oxide::GLO::kilogram,technosphere,market for zirconium oxide,GLO,,kilogram,TRACI_v2_1__acidification__acidification_potential_AP,acidification,kg SO2-Eq,kg SO2-Eq/kilogram,True,,,,
s_o2,BO2,technosphere::market for zirconium oxide::GLO::kilogram,technosphere,market for zirconium oxide,GLO,,kilogram,TRACI_v2_1__particulate_matter_formation__particulate_matter_formation_potential_PMFP,particulate matter formation,PM2.5-Eq,PM2.5-Eq/kilogram,True,,,,
s_o2,BO2,technosphere::market for zirconium oxide::GLO::kilogram,technosphere,market for zirconium oxide,GLO,,kilogram,TRACI_v2_1__ecotoxicity_freshwater__ecotoxicity_freshwater,ecotoxicity: freshwater,CTUe,CTUe/kilogram,True,,,,
s_o2,BO2,technosphere::market for zirconium oxide::GLO::kilogram,technosphere,market for zirconium oxide,GLO,,kilogram,TRACI_v2_1__photochemical_oxidant_formation__maximum_incremental_reactivity_MIR,photochemical oxidant formation,kg O3-Eq,kg O3-Eq/kilogram,True,,,,
s_o2,BO2,"technosphere::market for iron(III) chloride, without water, in 14% iron solution state::GLO::kilogram",technosphere,"market for iron(III) chloride, without water, in 14% iron solution state",GLO,,kilogram,IPCC_2021__climate_change__global_warming_potential_GWP100,climate change,kg CO2-Eq,kg CO2-Eq/kilogram,True,,,,
s_o2,BO2,"technosphere::market for iron(III) chloride, without water, in 14% iron solution state::GLO::kilogram",technosphere,"market for iron(III) chloride, without water, in 14% iron solution state",GLO,,kilogram,TRACI_v2_1__eutrophication__eutrophication_potential,eutrophication,kg N-Eq,kg N-Eq/kilogram,True,,,,
s_o2,BO2,"technosphere::market for iron(III) chloride, without water, in 14% iron solution state::GLO::kilogram",technosphere,"market for iron(III) chloride, without water, in 14% iron solution state",GLO,,kilogram,TRACI_v2_1__acidification__acidification_potential_AP,acidification,kg SO2-Eq,kg SO2-Eq/kilogram,True,,,,
s_o2,BO2,"technosphere::market for iron(III) chloride, without water, in 14% iron solution state::GLO::kilogram",technosphere,"market for iron(III) chloride, without water, in 14% iron solution state",GLO,,kilogram,TRACI_v2_1__particulate_matter_formation__particulate_matter_formation_potential_PMFP,particulate matter formation,PM2.5-Eq,PM2.5-Eq/kilogram,True,,,,
s_o2,BO2,"technosphere::market for iron(III) chloride, without water, in 14% iron solution state::GLO::kilogram",technosphere,"market for iron(III) chloride, without water, in 14% iron solution state",GLO,,kilogram,TRACI_v2_1__ecotoxicity_freshwater__ecotoxicity_freshwater,ecotoxicity: freshwater,CTUe,CTUe/kilogram,True,,,,
s_o2,BO2,"technosphere::market for iron(III) chloride, without water, in 14% iron solution state::GLO::kilogram",technosphere,"market for iron(III) chloride, without water, in 14% iron solution state",GLO,,kilogram,TRACI_v2_1__photochemical_oxidant_formation__maximum_incremental_reactivity_MIR,photochemical oxidant formation,kg O3-Eq,kg O3-Eq/kilogram,True,,,,
s_o2,BO2,technosphere::market for hydrogen sulfide::RoW::kilogram,technosphere,market for hydrogen sulfide,RoW,,kilogram,IPCC_2021__climate_change__global_warming_potential_GWP100,climate change,kg CO2-Eq,kg CO2-Eq/kilogram,True,,,,
s_o2,BO2,technosphere::market for hydrogen sulfide::RoW::kilogram,technosphere,market for hydrogen sulfide,RoW,,kilogram,TRACI_v2_1__eutrophication__eutrophication_potential,eutrophication,kg N-Eq,kg N-Eq/kilogram,True,,,,
s_o2,BO2,technosphere::market for hydrogen sulfide::RoW::kilogram,technosphere,market for hydrogen sulfide,RoW,,kilogram,TRACI_v2_1__acidification__acidification_potential_AP,acidification,kg SO2-Eq,kg SO2-Eq/kilogram,True,,,,
s_o2,BO2,technosphere::market for hydrogen sulfide::RoW::kilogram,technosphere,market for hydrogen sulfide,RoW,,kilogram,TRACI_v2_1__particulate_matter_formation__particulate_matter_formation_potential_PMFP,particulate matter formation,PM2.5-Eq,PM2.5-Eq/kilogram,True,,,,
s_o2,BO2,technosphere::market for hydrogen sulfide::RoW::kilogram,technosphere,market for hydrogen sulfide,RoW,,kilogram,TRACI_v2_1__ecotoxicity_freshwater__ecotoxicity_freshwater,ecotoxicity: freshwater,CTUe,CTUe/kilogram,True,,,,
s_o2,BO2,technosphere::market for hydrogen sulfide::RoW::kilogram,technosphere,market for hydrogen sulfide,RoW,,kilogram,TRACI_v2_1__photochemical_oxidant_formation__maximum_incremental_reactivity_MIR,photochemical oxidant formation,kg O3-Eq,kg O3-Eq/kilogram,True,,,,
s_o2,BO2,"technosphere::hardwood forestry, beech, sustainable forest management::RoW::kilogram",technosphere,"hardwood forestry, beech, sustainable forest management",RoW,,kilogram,IPCC_2021__climate_change__global_warming_potential_GWP100,climate change,kg CO2-Eq,kg CO2-Eq/kilogram,True,,,,
s_o2,BO2,"technosphere::hardwood forestry, beech, sustainable forest management::RoW::kilogram",technosphere,"hardwood forestry, beech, sustainable forest management",RoW,,kilogram,TRACI_v2_1__eutrophication__eutrophication_potential,eutrophication,kg N-Eq,kg N-Eq/kilogram,True,,,,
s_o2,BO2,"technosphere::hardwood forestry, beech, sustainable forest management::RoW::kilogram",technosphere,"hardwood forestry, beech, sustainable forest management",RoW,,kilogram,TRACI_v2_1__acidification__acidification_potential_AP,acidification,kg SO2-Eq,kg SO2-Eq/kilogram,True,,,,
s_o2,BO2,"technosphere::hardwood forestry, beech, sustainable forest management::RoW::kilogram",technosphere,"hardwood forestry, beech, sustainable forest management",RoW,,kilogram,TRACI_v2_1__particulate_matter_formation__particulate_matter_formation_potential_PMFP,particulate matter formation,PM2.5-Eq,PM2.5-Eq/kilogram,True,,,,
s_o2,BO2,"technosphere::hardwood forestry, beech, sustainable forest management::RoW::kilogram",technosphere,"hardwood forestry, beech, sustainable forest management",RoW,,kilogram,TRACI_v2_1__ecotoxicity_freshwater__ecotoxicity_freshwater,ecotoxicity: freshwater,CTUe,CTUe/kilogram,True,,,,
s_o2,BO2,"technosphere::hardwood forestry, beech, sustainable forest management::RoW::kilogram",technosphere,"hardwood forestry, beech, sustainable forest management",RoW,,kilogram,TRACI_v2_1__photochemical_oxidant_formation__maximum_incremental_reactivity_MIR,photochemical oxidant formation,kg O3-Eq,kg O3-Eq/kilogram,True,,,,
s_o2,BO2,"technosphere::hardwood forestry, birch, sustainable forest management::RoW::kilogram",technosphere,"hardwood forestry, birch, sustainable forest management",RoW,,kilogram,IPCC_2021__climate_change__global_warming_potential_GWP100,climate change,kg CO2-Eq,kg CO2-Eq/kilogram,True,,,,
s_o2,BO2,"technosphere::hardwood forestry, birch, sustainable forest management::RoW::kilogram",technosphere,"hardwood forestry, birch, sustainable forest management",RoW,,kilogram,TRACI_v2_1__eutrophication__eutrophication_potential,eutrophication,kg N-Eq,kg N-Eq/kilogram,True,,,,
s_o2,BO2,"technosphere::hardwood forestry, birch, sustainable forest management::RoW::kilogram",technosphere,"hardwood forestry, birch, sustainable forest management",RoW,,kilogram,TRACI_v2_1__acidification__acidification_potential_AP,acidification,kg SO2-Eq,kg SO2-Eq/kilogram,True,,,,
s_o2,BO2,"technosphere::hardwood forestry, birch, sustainable forest management::RoW::kilogram",technosphere,"hardwood forestry, birch, sustainable forest management",RoW,,kilogram,TRACI_v2_1__particulate_matter_formation__particulate_matter_formation_potential_PMFP,particulate matter formation,PM2.5-Eq,PM2.5-Eq/kilogram,True,,,,
s_o2,BO2,"technosphere::hardwood forestry, birch, sustainable forest management::RoW::kilogram",technosphere,"hardwood forestry, birch, sustainable forest management",RoW,,kilogram,TRACI_v2_1__ecotoxicity_freshwater__ecotoxicity_freshwater,ecotoxicity: freshwater,CTUe,CTUe/kilogram,True,,,,
s_o2,BO2,"technosphere::hardwood forestry, birch, sustainable forest management::RoW::kilogram",technosphere,"hardwood forestry, birch, sustainable forest management",RoW,,kilogram,TRACI_v2_1__photochemical_oxidant_formation__maximum_incremental_reactivity_MIR,photochemical oxidant formation,kg O3-Eq,kg O3-Eq/kilogram,True,,,,
s_o2,BO2,"technosphere::hardwood forestry, eucalyptus ssp., planted forest management::RoW::kilogram",technosphere,"hardwood forestry, eucalyptus ssp., planted forest management",RoW,,kilogram,IPCC_2021__climate_change__global_warming_potential_GWP100,climate change,kg CO2-Eq,kg CO2-Eq/kilogram,True,,,,
s_o2,BO2,"technosphere::hardwood forestry, eucalyptus ssp., planted forest management::RoW::kilogram",technosphere,"hardwood forestry, eucalyptus ssp., planted forest management",RoW,,kilogram,TRACI_v2_1__eutrophication__eutrophication_potential,eutrophication,kg N-Eq,kg N-Eq/kilogram,True,,,,
s_o2,BO2,"technosphere::hardwood forestry, eucalyptus ssp., planted forest management::RoW::kilogram",technosphere,"hardwood forestry, eucalyptus ssp., planted forest management",RoW,,kilogram,TRACI_v2_1__acidification__acidification_potential_AP,acidification,kg SO2-Eq,kg SO2-Eq/kilogram,True,,,,
s_o2,BO2,"technosphere::hardwood forestry, eucalyptus ssp., planted forest management::RoW::kilogram",technosphere,"hardwood forestry, eucalyptus ssp., planted forest management",RoW,,kilogram,TRACI_v2_1__particulate_matter_formation__particulate_matter_formation_potential_PMFP,particulate matter formation,PM2.5-Eq,PM2.5-Eq/kilogram,True,,,,
s_o2,BO2,"technosphere::hardwood forestry, eucalyptus ssp., planted forest management::RoW::kilogram",technosphere,"hardwood forestry, eucalyptus ssp., planted forest management",RoW,,kilogram,TRACI_v2_1__ecotoxicity_freshwater__ecotoxicity_freshwater,ecotoxicity: freshwater,CTUe,CTUe/kilogram,True,,,,
s_o2,BO2,"technosphere::hardwood forestry, eucalyptus ssp., planted forest management::RoW::kilogram",technosphere,"hardwood forestry, eucalyptus ssp., planted forest management",RoW,,kilogram,TRACI_v2_1__photochemical_oxidant_formation__maximum_incremental_reactivity_MIR,photochemical oxidant formation,kg O3-Eq,kg O3-Eq/kilogram,True,,,,
s_o2,BO2,"technosphere::hardwood forestry, oak, sustainable forest management::RoW::kilogram",technosphere,"hardwood forestry, oak, sustainable forest management",RoW,,kilogram,IPCC_2021__climate_change__global_warming_potential_GWP100,climate change,kg CO2-Eq,kg CO2-Eq/kilogram,True,,,,
s_o2,BO2,"technosphere::hardwood forestry, oak, sustainable forest management::RoW::kilogram",technosphere,"hardwood forestry, oak, sustainable forest management",RoW,,kilogram,TRACI_v2_1__eutrophication__eutrophication_potential,eutrophication,kg N-Eq,kg N-Eq/kilogram,True,,,,
s_o2,BO2,"technosphere::hardwood forestry, oak, sustainable forest management::RoW::kilogram",technosphere,"hardwood forestry, oak, sustainable forest management",RoW,,kilogram,TRACI_v2_1__acidification__acidification_potential_AP,acidification,kg SO2-Eq,kg SO2-Eq/kilogram,True,,,,
s_o2,BO2,"technosphere::hardwood forestry, oak, sustainable forest management::RoW::kilogram",technosphere,"hardwood forestry, oak, sustainable forest management",RoW,,kilogram,TRACI_v2_1__particulate_matter_formation__particulate_matter_formation_potential_PMFP,particulate matter formation,PM2.5-Eq,PM2.5-Eq/kilogram,True,,,,
s_o2,BO2,"technosphere::hardwood forestry, oak, sustainable forest management::RoW::kilogram",technosphere,"hardwood forestry, oak, sustainable forest management",RoW,,kilogram,TRACI_v2_1__ecotoxicity_freshwater__ecotoxicity_freshwater,ecotoxicity: freshwater,CTUe,CTUe/kilogram,True,,,,
s_o2,BO2,"technosphere::hardwood forestry, oak, sustainable forest management::RoW::kilogram",technosphere,"hardwood forestry, oak, sustainable forest management",RoW,,kilogram,TRACI_v2_1__photochemical_oxidant_formation__maximum_incremental_reactivity_MIR,photochemical oxidant formation,kg O3-Eq,kg O3-Eq/kilogram,True,,,,
s_o2,BO2,"technosphere::softwood forestry, pine, sustainable forest management::RoW::kilogram",technosphere,"softwood forestry, pine, sustainable forest management",RoW,,kilogram,IPCC_2021__climate_change__global_warming_potential_GWP100,climate change,kg CO2-Eq,kg CO2-Eq/kilogram,True,,,,
s_o2,BO2,"technosphere::softwood forestry, pine, sustainable forest management::RoW::kilogram",technosphere,"softwood forestry, pine, sustainable forest management",RoW,,kilogram,TRACI_v2_1__eutrophication__eutrophication_potential,eutrophication,kg N-Eq,kg N-Eq/kilogram,True,,,,
s_o2,BO2,"technosphere::softwood forestry, pine, sustainable forest management::RoW::kilogram",technosphere,"softwood forestry, pine, sustainable forest management",RoW,,kilogram,TRACI_v2_1__acidification__acidification_potential_AP,acidification,kg SO2-Eq,kg SO2-Eq/kilogram,True,,,,
s_o2,BO2,"technosphere::softwood forestry, pine, sustainable forest management::RoW::kilogram",technosphere,"softwood forestry, pine, sustainable forest management",RoW,,kilogram,TRACI_v2_1__particulate_matter_formation__particulate_matter_formation_potential_PMFP,particulate matter formation,PM2.5-Eq,PM2.5-Eq/kilogram,True,,,,
s_o2,BO2,"technosphere::softwood forestry, pine, sustainable forest management::RoW::kilogram",technosphere,"softwood forestry, pine, sustainable forest management",RoW,,kilogram,TRACI_v2_1__ecotoxicity_freshwater__ecotoxicity_freshwater,ecotoxicity: freshwater,CTUe,CTUe/kilogram,True,,,,
s_o2,BO2,"technosphere::softwood forestry, pine, sustainable forest management::RoW::kilogram",technosphere,"softwood forestry, pine, sustainable forest management",RoW,,kilogram,TRACI_v2_1__photochemical_oxidant_formation__maximum_incremental_reactivity_MIR,photochemical oxidant formation,kg O3-Eq,kg O3-Eq/kilogram,True,,,,
s_o2,BO2,"technosphere::softwood forestry, spruce, sustainable forest management::RoW::kilogram",technosphere,"softwood forestry, spruce, sustainable forest management",RoW,,kilogram,IPCC_2021__climate_change__global_warming_potential_GWP100,climate change,kg CO2-Eq,kg CO2-Eq/kilogram,True,,,,
s_o2,BO2,"technosphere::softwood forestry, spruce, sustainable forest management::RoW::kilogram",technosphere,"softwood forestry, spruce, sustainable forest management",RoW,,kilogram,TRACI_v2_1__eutrophication__eutrophication_potential,eutrophication,kg N-Eq,kg N-Eq/kilogram,True,,,,
s_o2,BO2,"technosphere::softwood forestry, spruce, sustainable forest management::RoW::kilogram",technosphere,"softwood forestry, spruce, sustainable forest management",RoW,,kilogram,TRACI_v2_1__acidification__acidification_potential_AP,acidification,kg SO2-Eq,kg SO2-Eq/kilogram,True,,,,
s_o2,BO2,"technosphere::softwood forestry, spruce, sustainable forest management::RoW::kilogram",technosphere,"softwood forestry, spruce, sustainable forest management",RoW,,kilogram,TRACI_v2_1__particulate_matter_formation__particulate_matter_formation_potential_PMFP,particulate matter formation,PM2.5-Eq,PM2.5-Eq/kilogram,True,,,,
s_o2,BO2,"technosphere::softwood forestry, spruce, sustainable forest management::RoW::kilogram",technosphere,"softwood forestry, spruce, sustainable forest management",RoW,,kilogram,TRACI_v2_1__ecotoxicity_freshwater__ecotoxicity_freshwater,ecotoxicity: freshwater,CTUe,CTUe/kilogram,True,,,,
s_o2,BO2,"technosphere::softwood forestry, spruce, sustainable forest management::RoW::kilogram",technosphere,"softwood forestry, spruce, sustainable forest management",RoW,,kilogram,TRACI_v2_1__photochemical_oxidant_formation__maximum_incremental_reactivity_MIR,photochemical oxidant formation,kg O3-Eq,kg O3-Eq/kilogram,True,,,,
s_o2,BO2,technosphere::market for diazole-compound::GLO::kilogram,technosphere,market for diazole-compound,GLO,,kilogram,IPCC_2021__climate_change__global_warming_potential_GWP100,climate change,kg CO2-Eq,kg CO2-Eq/kilogram,True,,,,
s_o2,BO2,technosphere::market for diazole-compound::GLO::kilogram,technosphere,market for diazole-compound,GLO,,kilogram,TRACI_v2_1__eutrophication__eutrophication_potential,eutrophication,kg N-Eq,kg N-Eq/kilogram,True,,,,
s_o2,BO2,technosphere::market for diazole-compound::GLO::kilogram,technosphere,market for diazole-compound,GLO,,kilogram,TRACI_v2_1__acidification__acidification_potential_AP,acidification,kg SO2-Eq,kg SO2-Eq/kilogram,True,,,,
s_o2,BO2,technosphere::market for diazole-compound::GLO::kilogram,technosphere,market for diazole-compound,GLO,,kilogram,TRACI_v2_1__particulate_matter_formation__particulate_matter_formation_potential_PMFP,particulate matter formation,PM2.5-Eq,PM2.5-Eq/kilogram,True,,,,
s_o2,BO2,technosphere::market for diazole-compound::GLO::kilogram,technosphere,market for diazole-compound,GLO,,kilogram,TRACI_v2_1__ecotoxicity_freshwater__ecotoxicity_freshwater,ecotoxicity: freshwater,CTUe,CTUe/kilogram,True,,,,
s_o2,BO2,technosphere::market for diazole-compound::GLO::kilogram,technosphere,market for diazole-compound,GLO,,kilogram,TRACI_v2_1__photochemical_oxidant_formation__maximum_incremental_reactivity_MIR,photochemical oxidant formation,kg O3-Eq,kg O3-Eq/kilogram,True,,,,
s_o2,BO2,"technosphere::market for nitrogen, liquid::RoW::kilogram",technosphere,"market for nitrogen, liquid",RoW,,kilogram,IPCC_2021__climate_change__global_warming_potential_GWP100,climate change,kg CO2-Eq,kg CO2-Eq/kilogram,True,,,,
s_o2,BO2,"technosphere::market for nitrogen, liquid::RoW::kilogram",technosphere,"market for nitrogen, liquid",RoW,,kilogram,TRACI_v2_1__eutrophication__eutrophication_potential,eutrophication,kg N-Eq,kg N-Eq/kilogram,True,,,,
s_o2,BO2,"technosphere::market for nitrogen, liquid::RoW::kilogram",technosphere,"market for nitrogen, liquid",RoW,,kilogram,TRACI_v2_1__acidification__acidification_potential_AP,acidification,kg SO2-Eq,kg SO2-Eq/kilogram,True,,,,
s_o2,BO2,"technosphere::market for nitrogen, liquid::RoW::kilogram",technosphere,"market for nitrogen, liquid",RoW,,kilogram,TRACI_v2_1__particulate_matter_formation__particulate_matter_formation_potential_PMFP,particulate matter formation,PM2.5-Eq,PM2.5-Eq/kilogram,True,,,,
s_o2,BO2,"technosphere::market for nitrogen, liquid::RoW::kilogram",technosphere,"market for nitrogen, liquid",RoW,,kilogram,TRACI_v2_1__ecotoxicity_freshwater__ecotoxicity_freshwater,ecotoxicity: freshwater,CTUe,CTUe/kilogram,True,,,,
s_o2,BO2,"technosphere::market for nitrogen, liquid::RoW::kilogram",technosphere,"market for nitrogen, liquid",RoW,,kilogram,TRACI_v2_1__photochemical_oxidant_formation__maximum_incremental_reactivity_MIR,photochemical oxidant formation,kg O3-Eq,kg O3-Eq/kilogram,True,,,,
s_o2,BO2,technosphere::market for sand::RoW::kilogram,technosphere,market for sand,RoW,,kilogram,IPCC_2021__climate_change__global_warming_potential_GWP100,climate change,kg CO2-Eq,kg CO2-Eq/kilogram,True,,,,
s_o2,BO2,technosphere::market for sand::RoW::kilogram,technosphere,market for sand,RoW,,kilogram,TRACI_v2_1__eutrophication__eutrophication_potential,eutrophication,kg N-Eq,kg N-Eq/kilogram,True,,,,
s_o2,BO2,technosphere::market for sand::RoW::kilogram,technosphere,market for sand,RoW,,kilogram,TRACI_v2_1__acidification__acidification_potential_AP,acidification,kg SO2-Eq,kg SO2-Eq/kilogram,True,,,,
s_o2,BO2,technosphere::market for sand::RoW::kilogram,technosphere,market for sand,RoW,,kilogram,TRACI_v2_1__particulate_matter_formation__particulate_matter_formation_potential_PMFP,particulate matter formation,PM2.5-Eq,PM2.5-Eq/kilogram,True,,,,
s_o2,BO2,technosphere::market for sand::RoW::kilogram,technosphere,market for sand,RoW,,kilogram,TRACI_v2_1__ecotoxicity_freshwater__ecotoxicity_freshwater,ecotoxicity: freshwater,CTUe,CTUe/kilogram,True,,,,
s_o2,BO2,technosphere::market for sand::RoW::kilogram,technosphere,market for sand,RoW,,kilogram,TRACI_v2_1__photochemical_oxidant_formation__maximum_incremental_reactivity_MIR,photochemical oxidant formation,kg O3-Eq,kg O3-Eq/kilogram,True,,,,
s_o2,BO2,technosphere::market for platinum::GLO::kilogram,technosphere,market for platinum,GLO,,kilogram,IPCC_2021__climate_change__global_warming_potential_GWP100,climate change,kg CO2-Eq,kg CO2-Eq/kilogram,True,,,,
s_o2,BO2,technosphere::market for platinum::GLO::kilogram,technosphere,market for platinum,GLO,,kilogram,TRACI_v2_1__eutrophication__eutrophication_potential,eutrophication,kg N-Eq,kg N-Eq/kilogram,True,,,,
s_o2,BO2,technosphere::market for platinum::GLO::kilogram,technosphere,market for platinum,GLO,,kilogram,TRACI_v2_1__acidification__acidification_potential_AP,acidification,kg SO2-Eq,kg SO2-Eq/kilogram,True,,,,
s_o2,BO2,technosphere::market for platinum::GLO::kilogram,technosphere,market for platinum,GLO,,kilogram,TRACI_v2_1__particulate_matter_formation__particulate_matter_formation_potential_PMFP,particulate matter formation,PM2.5-Eq,PM2.5-Eq/kilogram,True,,,,
s_o2,BO2,technosphere::market for platinum::GLO::kilogram,technosphere,market for platinum,GLO,,kilogram,TRACI_v2_1__ecotoxicity_freshwater__ecotoxicity_freshwater,ecotoxicity: freshwater,CTUe,CTUe/kilogram,True,,,,
s_o2,BO2,technosphere::market for platinum::GLO::kilogram,technosphere,market for platinum,GLO,,kilogram,TRACI_v2_1__photochemical_oxidant_formation__maximum_incremental_reactivity_MIR,photochemical oxidant formation,kg O3-Eq,kg O3-Eq/kilogram,True,,,,
s_o2,BO2,"technosphere::market for toluene, liquid::RoW::kilogram",technosphere,"market for toluene, liquid",RoW,,kilogram,IPCC_2021__climate_change__global_warming_potential_GWP100,climate change,kg CO2-Eq,kg CO2-Eq/kilogram,True,,,,
s_o2,BO2,"technosphere::market for toluene, liquid::RoW::kilogram",technosphere,"market for toluene, liquid",RoW,,kilogram,TRACI_v2_1__eutrophication__eutrophication_potential,eutrophication,kg N-Eq,kg N-Eq/kilogram,True,,,,
s_o2,BO2,"technosphere::market for toluene, liquid::RoW::kilogram",technosphere,"market for toluene, liquid",RoW,,kilogram,TRACI_v2_1__acidification__acidification_potential_AP,acidification,kg SO2-Eq,kg SO2-Eq/kilogram,True,,,,
s_o2,BO2,"technosphere::market for toluene, liquid::RoW::kilogram",technosphere,"market for toluene, liquid",RoW,,kilogram,TRACI_v2_1__particulate_matter_formation__particulate_matter_formation_potential_PMFP,particulate matter formation,PM2.5-Eq,PM2.5-Eq/kilogram,True,,,,
s_o2,BO2,"technosphere::market for toluene, liquid::RoW::kilogram",technosphere,"market for toluene, liquid",RoW,,kilogram,TRACI_v2_1__ecotoxicity_freshwater__ecotoxicity_freshwater,ecotoxicity: freshwater,CTUe,CTUe/kilogram,True,,,,
s_o2,BO2,"technosphere::market for toluene, liquid::RoW::kilogram",technosphere,"market for toluene, liquid",RoW,,kilogram,TRACI_v2_1__photochemical_oxidant_formation__maximum_incremental_reactivity_MIR,photochemical oxidant formation,kg O3-Eq,kg O3-Eq/kilogram,True,,,,
s_o2,BO2,"biosphere::dilute, from waste water management::inventory indicator > output flow::kilogram",biosphere,"dilute, from waste water management",,inventory indicator > output flow,kilogram,IPCC_2021__climate_change__global_warming_potential_GWP100,climate change,kg CO2-Eq,kg CO2-Eq/kilogram,True,,,,
s_o2,BO2,"biosphere::dilute, from waste water management::inventory indicator > output flow::kilogram",biosphere,"dilute, from waste water management",,inventory indicator > output flow,kilogram,TRACI_v2_1__eutrophication__eutrophication_potential,eutrophication,kg N-Eq,kg N-Eq/kilogram,True,,,,
s_o2,BO2,"biosphere::dilute, from waste water management::inventory indicator > output flow::kilogram",biosphere,"dilute, from waste water management",,inventory indicator > output flow,kilogram,TRACI_v2_1__acidification__acidification_potential_AP,acidification,kg SO2-Eq,kg SO2-Eq/kilogram,True,,,,
s_o2,BO2,"biosphere::dilute, from waste water management::inventory indicator > output flow::kilogram",biosphere,"dilute, from waste water management",,inventory indicator > output flow,kilogram,TRACI_v2_1__particulate_matter_formation__particulate_matter_formation_potential_PMFP,particulate matter formation,PM2.5-Eq,PM2.5-Eq/kilogram,True,,,,
s_o2,BO2,"biosphere::dilute, from waste water management::inventory indicator > output flow::kilogram",biosphere,"dilute, from waste water management",,inventory indicator > output flow,kilogram,TRACI_v2_1__ecotoxicity_freshwater__ecotoxicity_freshwater,ecotoxicity: freshwater,CTUe,CTUe/kilogram,True,,,,
s_o2,BO2,"biosphere::dilute, from waste water management::inventory indicator > output flow::kilogram",biosphere,"dilute, from waste water management",,inventory indicator > output flow,kilogram,TRACI_v2_1__photochemical_oxidant_formation__maximum_incremental_reactivity_MIR,photochemical oxidant formation,kg O3-Eq,kg O3-Eq/kilogram,True,,,,
s_o2,BO2,biosphere::air::natural resource > in air::kilogram,biosphere,air,,natural resource > in air,kilogram,IPCC_2021__climate_change__global_warming_potential_GWP100,climate change,kg CO2-Eq,kg CO2-Eq/kilogram,True,,,,
s_o2,BO2,biosphere::air::natural resource > in air::kilogram,biosphere,air,,natural resource > in air,kilogram,TRACI_v2_1__eutrophication__eutrophication_potential,eutrophication,kg N-Eq,kg N-Eq/kilogram,True,,,,
s_o2,BO2,biosphere::air::natural resource > in air::kilogram,biosphere,air,,natural resource > in air,kilogram,TRACI_v2_1__acidification__acidification_potential_AP,acidification,kg SO2-Eq,kg SO2-Eq/kilogram,True,,,,
s_o2,BO2,biosphere::air::natural resource > in air::kilogram,biosphere,air,,natural resource > in air,kilogram,TRACI_v2_1__particulate_matter_formation__particulate_matter_formation_potential_PMFP,particulate matter formation,PM2.5-Eq,PM2.5-Eq/kilogram,True,,,,
s_o2,BO2,biosphere::air::natural resource > in air::kilogram,biosphere,air,,natural resource > in air,kilogram,TRACI_v2_1__ecotoxicity_freshwater__ecotoxicity_freshwater,ecotoxicity: freshwater,CTUe,CTUe/kilogram,True,,,,
s_o2,BO2,biosphere::air::natural resource > in air::kilogram,biosphere,air,,natural resource > in air,kilogram,TRACI_v2_1__photochemical_oxidant_formation__maximum_incremental_reactivity_MIR,photochemical oxidant formation,kg O3-Eq,kg O3-Eq/kilogram,True,,,,
s_o2,BO2,"biosphere::Water, turbine use, unspecified natural origin::natural resource > in water::cubic meter",biosphere,"Water, turbine use, unspecified natural origin",,natural resource > in water,cubic meter,IPCC_2021__climate_change__global_warming_potential_GWP100,climate change,kg CO2-Eq,kg CO2-Eq/cubic meter,True,,,,
s_o2,BO2,"biosphere::Water, turbine use, unspecified natural origin::natural resource > in water::cubic meter",biosphere,"Water, turbine use, unspecified natural origin",,natural resource > in water,cubic meter,TRACI_v2_1__eutrophication__eutrophication_potential,eutrophication,kg N-Eq,kg N-Eq/cubic meter,True,,,,
s_o2,BO2,"biosphere::Water, turbine use, unspecified natural origin::natural resource > in water::cubic meter",biosphere,"Water, turbine use, unspecified natural origin",,natural resource > in water,cubic meter,TRACI_v2_1__acidification__acidification_potential_AP,acidification,kg SO2-Eq,kg SO2-Eq/cubic meter,True,,,,
s_o2,BO2,"biosphere::Water, turbine use, unspecified natural origin::natural resource > in water::cubic meter",biosphere,"Water, turbine use, unspecified natural origin",,natural resource > in water,cubic meter,TRACI_v2_1__particulate_matter_formation__particulate_matter_formation_potential_PMFP,particulate matter formation,PM2.5-Eq,PM2.5-Eq/cubic meter,True,,,,
s_o2,BO2,"biosphere::Water, turbine use, unspecified natural origin::natural resource > in water::cubic meter",biosphere,"Water, turbine use, unspecified natural origin",,natural resource > in water,cubic meter,TRACI_v2_1__ecotoxicity_freshwater__ecotoxicity_freshwater,ecotoxicity: freshwater,CTUe,CTUe/cubic meter,True,,,,
s_o2,BO2,"biosphere::Water, turbine use, unspecified natural origin::natural resource > in water::cubic meter",biosphere,"Water, turbine use, unspecified natural origin",,natural resource > in water,cubic meter,TRACI_v2_1__photochemical_oxidant_formation__maximum_incremental_reactivity_MIR,photochemical oxidant formation,kg O3-Eq,kg O3-Eq/cubic meter,True,,,,
s_o2,BO2,biosphere::process condensates::inventory indicator > output flow::kilogram,biosphere,process condensates,,inventory indicator > output flow,kilogram,IPCC_2021__climate_change__global_warming_potential_GWP100,climate change,kg CO2-Eq,kg CO2-Eq/kilogram,True,,,,
s_o2,BO2,biosphere::process condensates::inventory indicator > output flow::kilogram,biosphere,process condensates,,inventory indicator > output flow,kilogram,TRACI_v2_1__eutrophication__eutrophication_potential,eutrophication,kg N-Eq,kg N-Eq/kilogram,True,,,,
s_o2,BO2,biosphere::process condensates::inventory indicator > output flow::kilogram,biosphere,process condensates,,inventory indicator > output flow,kilogram,TRACI_v2_1__acidification__acidification_potential_AP,acidification,kg SO2-Eq,kg SO2-Eq/kilogram,True,,,,
s_o2,BO2,biosphere::process condensates::inventory indicator > output flow::kilogram,biosphere,process condensates,,inventory indicator > output flow,kilogram,TRACI_v2_1__particulate_matter_formation__particulate_matter_formation_potential_PMFP,particulate matter formation,PM2.5-Eq,PM2.5-Eq/kilogram,True,,,,
s_o2,BO2,biosphere::process condensates::inventory indicator > output flow::kilogram,biosphere,process condensates,,inventory indicator > output flow,kilogram,TRACI_v2_1__ecotoxicity_freshwater__ecotoxicity_freshwater,ecotoxicity: freshwater,CTUe,CTUe/kilogram,True,,,,
s_o2,BO2,biosphere::process condensates::inventory indicator > output flow::kilogram,biosphere,process condensates,,inventory indicator > output flow,kilogram,TRACI_v2_1__photochemical_oxidant_formation__maximum_incremental_reactivity_MIR,photochemical oxidant formation,kg O3-Eq,kg O3-Eq/kilogram,True,,,,
s_o2,BO2,biosphere::low-pressure steam::inventory indicator > output flow::kilogram,biosphere,low-pressure steam,,inventory indicator > output flow,kilogram,IPCC_2021__climate_change__global_warming_potential_GWP100,climate change,kg CO2-Eq,kg CO2-Eq/kilogram,True,,,,
s_o2,BO2,biosphere::low-pressure steam::inventory indicator > output flow::kilogram,biosphere,low-pressure steam,,inventory indicator > output flow,kilogram,TRACI_v2_1__eutrophication__eutrophication_potential,eutrophication,kg N-Eq,kg N-Eq/kilogram,True,,,,
s_o2,BO2,biosphere::low-pressure steam::inventory indicator > output flow::kilogram,biosphere,low-pressure steam,,inventory indicator > output flow,kilogram,TRACI_v2_1__acidification__acidification_potential_AP,acidification,kg SO2-Eq,kg SO2-Eq/kilogram,True,,,,
s_o2,BO2,biosphere::low-pressure steam::inventory indicator > output flow::kilogram,biosphere,low-pressure steam,,inventory indicator > output flow,kilogram,TRACI_v2_1__particulate_matter_formation__particulate_matter_formation_potential_PMFP,particulate matter formation,PM2.5-Eq,PM2.5-Eq/kilogram,True,,,,
s_o2,BO2,biosphere::low-pressure steam::inventory indicator > output flow::kilogram,biosphere,low-pressure steam,,inventory indicator > output flow,kilogram,TRACI_v2_1__ecotoxicity_freshwater__ecotoxicity_freshwater,ecotoxicity: freshwater,CTUe,CTUe/kilogram,True,,,,
s_o2,BO2,biosphere::low-pressure steam::inventory indicator > output flow::kilogram,biosphere,low-pressure steam,,inventory indicator > output flow,kilogram,TRACI_v2_1__photochemical_oxidant_formation__maximum_incremental_reactivity_MIR,photochemical oxidant formation,kg O3-Eq,kg O3-Eq/kilogram,True,,,,
s_o2,BO2,biosphere::Dinitrogen monoxide::air > non-urban air or from high stacks::kilogram,biosphere,Dinitrogen monoxide,,air > non-urban air or from high stacks,kilogram,IPCC_2021__climate_change__global_warming_potential_GWP100,climate change,kg CO2-Eq,kg CO2-Eq/kilogram,True,,,,
s_o2,BO2,biosphere::Dinitrogen monoxide::air > non-urban air or from high stacks::kilogram,biosphere,Dinitrogen monoxide,,air > non-urban air or from high stacks,kilogram,TRACI_v2_1__eutrophication__eutrophication_potential,eutrophication,kg N-Eq,kg N-Eq/kilogram,True,,,,
s_o2,BO2,biosphere::Dinitrogen monoxide::air > non-urban air or from high stacks::kilogram,biosphere,Dinitrogen monoxide,,air > non-urban air or from high stacks,kilogram,TRACI_v2_1__acidification__acidification_potential_AP,acidification,kg SO2-Eq,kg SO2-Eq/kilogram,True,,,,
s_o2,BO2,biosphere::Dinitrogen monoxide::air > non-urban air or from high stacks::kilogram,biosphere,Dinitrogen monoxide,,air > non-urban air or from high stacks,kilogram,TRACI_v2_1__particulate_matter_formation__particulate_matter_formation_potential_PMFP,particulate matter formation,PM2.5-Eq,PM2.5-Eq/kilogram,True,,,,
s_o2,BO2,biosphere::Dinitrogen monoxide::air > non-urban air or from high stacks::kilogram,biosphere,Dinitrogen monoxide,,air > non-urban air or from high stacks,kilogram,TRACI_v2_1__ecotoxicity_freshwater__ecotoxicity_freshwater,ecotoxicity: freshwater,CTUe,CTUe/kilogram,True,,,,
s_o2,BO2,biosphere::Dinitrogen monoxide::air > non-urban air or from high stacks::kilogram,biosphere,Dinitrogen monoxide,,air > non-urban air or from high stacks,kilogram,TRACI_v2_1__photochemical_oxidant_formation__maximum_incremental_reactivity_MIR,photochemical oxidant formation,kg O3-Eq,kg O3-Eq/kilogram,True,,,,
s_o2,BO2,biosphere::Nitrogen oxides::air > non-urban air or from high stacks::kilogram,biosphere,Nitrogen oxides,,air > non-urban air or from high stacks,kilogram,IPCC_2021__climate_change__global_warming_potential_GWP100,climate change,kg CO2-Eq,kg CO2-Eq/kilogram,True,,,,
s_o2,BO2,biosphere::Nitrogen oxides::air > non-urban air or from high stacks::kilogram,biosphere,Nitrogen oxides,,air > non-urban air or from high stacks,kilogram,TRACI_v2_1__eutrophication__eutrophication_potential,eutrophication,kg N-Eq,kg N-Eq/kilogram,True,,,,
s_o2,BO2,biosphere::Nitrogen oxides::air > non-urban air or from high stacks::kilogram,biosphere,Nitrogen oxides,,air > non-urban air or from high stacks,kilogram,TRACI_v2_1__acidification__acidification_potential_AP,acidification,kg SO2-Eq,kg SO2-Eq/kilogram,True,,,,
s_o2,BO2,biosphere::Nitrogen oxides::air > non-urban air or from high stacks::kilogram,biosphere,Nitrogen oxides,,air > non-urban air or from high stacks,kilogram,TRACI_v2_1__particulate_matter_formation__particulate_matter_formation_potential_PMFP,particulate matter formation,PM2.5-Eq,PM2.5-Eq/kilogram,True,,,,
s_o2,BO2,biosphere::Nitrogen oxides::air > non-urban air or from high stacks::kilogram,biosphere,Nitrogen oxides,,air > non-urban air or from high stacks,kilogram,TRACI_v2_1__ecotoxicity_freshwater__ecotoxicity_freshwater,ecotoxicity: freshwater,CTUe,CTUe/kilogram,True,,,,
s_o2,BO2,biosphere::Nitrogen oxides::air > non-urban air or from high stacks::kilogram,biosphere,Nitrogen oxides,,air > non-urban air or from high stacks,kilogram,TRACI_v2_1__photochemical_oxidant_formation__maximum_incremental_reactivity_MIR,photochemical oxidant formation,kg O3-Eq,kg O3-Eq/kilogram,True,,,,
s_o2,BO2,"biosphere::water out, from waste water management::inventory indicator > output flow::kilogram",biosphere,"water out, from waste water management",,inventory indicator > output flow,kilogram,IPCC_2021__climate_change__global_warming_potential_GWP100,climate change,kg CO2-Eq,kg CO2-Eq/kilogram,True,,,,
s_o2,BO2,"biosphere::water out, from waste water management::inventory indicator > output flow::kilogram",biosphere,"water out, from waste water management",,inventory indicator > output flow,kilogram,TRACI_v2_1__eutrophication__eutrophication_potential,eutrophication,kg N-Eq,kg N-Eq/kilogram,True,,,,
s_o2,BO2,"biosphere::water out, from waste water management::inventory indicator > output flow::kilogram",biosphere,"water out, from waste water management",,inventory indicator > output flow,kilogram,TRACI_v2_1__acidification__acidification_potential_AP,acidification,kg SO2-Eq,kg SO2-Eq/kilogram,True,,,,
s_o2,BO2,"biosphere::water out, from waste water management::inventory indicator > output flow::kilogram",biosphere,"water out, from waste water management",,inventory indicator > output flow,kilogram,TRACI_v2_1__particulate_matter_formation__particulate_matter_formation_potential_PMFP,particulate matter formation,PM2.5-Eq,PM2.5-Eq/kilogram,True,,,,
s_o2,BO2,"biosphere::water out, from waste water management::inventory indicator > output flow::kilogram",biosphere,"water out, from waste water management",,inventory indicator > output flow,kilogram,TRACI_v2_1__ecotoxicity_freshwater__ecotoxicity_freshwater,ecotoxicity: freshwater,CTUe,CTUe/kilogram,True,,,,
s_o2,BO2,"biosphere::water out, from waste water management::inventory indicator > output flow::kilogram",biosphere,"water out, from waste water management",,inventory indicator > output flow,kilogram,TRACI_v2_1__photochemical_oxidant_formation__maximum_incremental_reactivity_MIR,photochemical oxidant formation,kg O3-Eq,kg O3-Eq/kilogram,True,,,,
s_o2,BO2,"biosphere::solids, from waste water management::inventory indicator > output flow::kilogram",biosphere,"solids, from waste water management",,inventory indicator > output flow,kilogram,IPCC_2021__climate_change__global_warming_potential_GWP100,climate change,kg CO2-Eq,kg CO2-Eq/kilogram,True,,,,
s_o2,BO2,"biosphere::solids, from waste water management::inventory indicator > output flow::kilogram",biosphere,"solids, from waste water management",,inventory indicator > output flow,kilogram,TRACI_v2_1__eutrophication__eutrophication_potential,eutrophication,kg N-Eq,kg N-Eq/kilogram,True,,,,
s_o2,BO2,"biosphere::solids, from waste water management::inventory indicator > output flow::kilogram",biosphere,"solids, from waste water management",,inventory indicator > output flow,kilogram,TRACI_v2_1__acidification__acidification_potential_AP,acidification,kg SO2-Eq,kg SO2-Eq/kilogram,True,,,,
s_o2,BO2,"biosphere::solids, from waste water management::inventory indicator > output flow::kilogram",biosphere,"solids, from waste water management",,inventory indicator > output flow,kilogram,TRACI_v2_1__particulate_matter_formation__particulate_matter_formation_potential_PMFP,particulate matter formation,PM2.5-Eq,PM2.5-Eq/kilogram,True,,,,
s_o2,BO2,"biosphere::solids, from waste water management::inventory indicator > output flow::kilogram",biosphere,"solids, from waste water management",,inventory indicator > output flow,kilogram,TRACI_v2_1__ecotoxicity_freshwater__ecotoxicity_freshwater,ecotoxicity: freshwater,CTUe,CTUe/kilogram,True,,,,
s_o2,BO2,"biosphere::solids, from waste water management::inventory indicator > output flow::kilogram",biosphere,"solids, from waste water management",,inventory indicator > output flow,kilogram,TRACI_v2_1__photochemical_oxidant_formation__maximum_incremental_reactivity_MIR,photochemical oxidant formation,kg O3-Eq,kg O3-Eq/kilogram,True,,,,
s_o2,BO2,"biosphere::hydrogen, byproduct::inventory indicator > output flow::kilogram",biosphere,"hydrogen, byproduct",,inventory indicator > output flow,kilogram,IPCC_2021__climate_change__global_warming_potential_GWP100,climate change,kg CO2-Eq,kg CO2-Eq/kilogram,True,,,,
s_o2,BO2,"biosphere::hydrogen, byproduct::inventory indicator > output flow::kilogram",biosphere,"hydrogen, byproduct",,inventory indicator > output flow,kilogram,TRACI_v2_1__eutrophication__eutrophication_potential,eutrophication,kg N-Eq,kg N-Eq/kilogram,True,,,,
s_o2,BO2,"biosphere::hydrogen, byproduct::inventory indicator > output flow::kilogram",biosphere,"hydrogen, byproduct",,inventory indicator > output flow,kilogram,TRACI_v2_1__acidification__acidification_potential_AP,acidification,kg SO2-Eq,kg SO2-Eq/kilogram,True,,,,
s_o2,BO2,"biosphere::hydrogen, byproduct::inventory indicator > output flow::kilogram",biosphere,"hydrogen, byproduct",,inventory indicator > output flow,kilogram,TRACI_v2_1__particulate_matter_formation__particulate_matter_formation_potential_PMFP,particulate matter formation,PM2.5-Eq,PM2.5-Eq/kilogram,True,,,,
s_o2,BO2,"biosphere::hydrogen, byproduct::inventory indicator > output flow::kilogram",biosphere,"hydrogen, byproduct",,inventory indicator > output flow,kilogram,TRACI_v2_1__ecotoxicity_freshwater__ecotoxicity_freshwater,ecotoxicity: freshwater,CTUe,CTUe/kilogram,True,,,,
s_o2,BO2,"biosphere::hydrogen, byproduct::inventory indicator > output flow::kilogram",biosphere,"hydrogen, byproduct",,inventory indicator > output flow,kilogram,TRACI_v2_1__photochemical_oxidant_formation__maximum_incremental_reactivity_MIR,photochemical oxidant formation,kg O3-Eq,kg O3-Eq/kilogram,True,,,,
s_o2,BO2,"biosphere::Carbon dioxide, fossil::air > urban air close to ground::kilogram",biosphere,"Carbon dioxide, fossil",,air > urban air close to ground,kilogram,IPCC_2021__climate_change__global_warming_potential_GWP100,climate change,kg CO2-Eq,kg CO2-Eq/kilogram,True,,,,
s_o2,BO2,"biosphere::Carbon dioxide, fossil::air > urban air close to ground::kilogram",biosphere,"Carbon dioxide, fossil",,air > urban air close to ground,kilogram,TRACI_v2_1__eutrophication__eutrophication_potential,eutrophication,kg N-Eq,kg N-Eq/kilogram,True,,,,
s_o2,BO2,"biosphere::Carbon dioxide, fossil::air > urban air close to ground::kilogram",biosphere,"Carbon dioxide, fossil",,air > urban air close to ground,kilogram,TRACI_v2_1__acidification__acidification_potential_AP,acidification,kg SO2-Eq,kg SO2-Eq/kilogram,True,,,,
s_o2,BO2,"biosphere::Carbon dioxide, fossil::air > urban air close to ground::kilogram",biosphere,"Carbon dioxide, fossil",,air > urban air close to ground,kilogram,TRACI_v2_1__particulate_matter_formation__particulate_matter_formation_potential_PMFP,particulate matter formation,PM2.5-Eq,PM2.5-Eq/kilogram,True,,,,
s_o2,BO2,"biosphere::Carbon dioxide, fossil::air > urban air close to ground::kilogram",biosphere,"Carbon dioxide, fossil",,air > urban air close to ground,kilogram,TRACI_v2_1__ecotoxicity_freshwater__ecotoxicity_freshwater,ecotoxicity: freshwater,CTUe,CTUe/kilogram,True,,,,
s_o2,BO2,"biosphere::Carbon dioxide, fossil::air > urban air close to ground::kilogram",biosphere,"Carbon dioxide, fossil",,air > urban air close to ground,kilogram,TRACI_v2_1__photochemical_oxidant_formation__maximum_incremental_reactivity_MIR,photochemical oxidant formation,kg O3-Eq,kg O3-Eq/kilogram,True,,,,
s_o2,BO2,"biosphere::Methane, fossil::air > urban air close to ground::kilogram",biosphere,"Methane, fossil",,air > urban air close to ground,kilogram,IPCC_2021__climate_change__global_warming_potential_GWP100,climate change,kg CO2-Eq,kg CO2-Eq/kilogram,True,,,,
s_o2,BO2,"biosphere::Methane, fossil::air > urban air close to ground::kilogram",biosphere,"Methane, fossil",,air > urban air close to ground,kilogram,TRACI_v2_1__eutrophication__eutrophication_potential,eutrophication,kg N-Eq,kg N-Eq/kilogram,True,,,,
s_o2,BO2,"biosphere::Methane, fossil::air > urban air close to ground::kilogram",biosphere,"Methane, fossil",,air > urban air close to ground,kilogram,TRACI_v2_1__acidification__acidification_potential_AP,acidification,kg SO2-Eq,kg SO2-Eq/kilogram,True,,,,
s_o2,BO2,"biosphere::Methane, fossil::air > urban air close to ground::kilogram",biosphere,"Methane, fossil",,air > urban air close to ground,kilogram,TRACI_v2_1__particulate_matter_formation__particulate_matter_formation_potential_PMFP,particulate matter formation,PM2.5-Eq,PM2.5-Eq/kilogram,True,,,,
s_o2,BO2,"biosphere::Methane, fossil::air > urban air close to ground::kilogram",biosphere,"Methane, fossil",,air > urban air close to ground,kilogram,TRACI_v2_1__ecotoxicity_freshwater__ecotoxicity_freshwater,ecotoxicity: freshwater,CTUe,CTUe/kilogram,True,,,,
s_o2,BO2,"biosphere::Methane, fossil::air > urban air close to ground::kilogram",biosphere,"Methane, fossil",,air > urban air close to ground,kilogram,TRACI_v2_1__photochemical_oxidant_formation__maximum_incremental_reactivity_MIR,photochemical oxidant formation,kg O3-Eq,kg O3-Eq/kilogram,True,,,,
s_o2,BO2,biosphere::Dinitrogen monoxide::air > urban air close to ground::kilogram,biosphere,Dinitrogen monoxide,,air > urban air close to ground,kilogram,IPCC_2021__climate_change__global_warming_potential_GWP100,climate change,kg CO2-Eq,kg CO2-Eq/kilogram,True,,,,
s_o2,BO2,biosphere::Dinitrogen monoxide::air > urban air close to ground::kilogram,biosphere,Dinitrogen monoxide,,air > urban air close to ground,kilogram,TRACI_v2_1__eutrophication__eutrophication_potential,eutrophication,kg N-Eq,kg N-Eq/kilogram,True,,,,
s_o2,BO2,biosphere::Dinitrogen monoxide::air > urban air close to ground::kilogram,biosphere,Dinitrogen monoxide,,air > urban air close to ground,kilogram,TRACI_v2_1__acidification__acidification_potential_AP,acidification,kg SO2-Eq,kg SO2-Eq/kilogram,True,,,,
s_o2,BO2,biosphere::Dinitrogen monoxide::air > urban air close to ground::kilogram,biosphere,Dinitrogen monoxide,,air > urban air close to ground,kilogram,TRACI_v2_1__particulate_matter_formation__particulate_matter_formation_potential_PMFP,particulate matter formation,PM2.5-Eq,PM2.5-Eq/kilogram,True,,,,
s_o2,BO2,biosphere::Dinitrogen monoxide::air > urban air close to ground::kilogram,biosphere,Dinitrogen monoxide,,air > urban air close to ground,kilogram,TRACI_v2_1__ecotoxicity_freshwater__ecotoxicity_freshwater,ecotoxicity: freshwater,CTUe,CTUe/kilogram,True,,,,
s_o2,BO2,biosphere::Dinitrogen monoxide::air > urban air close to ground::kilogram,biosphere,Dinitrogen monoxide,,air > urban air close to ground,kilogram,TRACI_v2_1__photochemical_oxidant_formation__maximum_incremental_reactivity_MIR,photochemical oxidant formation,kg O3-Eq,kg O3-Eq/kilogram,True,,,,
s_o2,BO2,"biosphere::waste, construction and demolition::emission > soil::kilogram",biosphere,"waste, construction and demolition",,emission > soil,kilogram,IPCC_2021__climate_change__global_warming_potential_GWP100,climate change,kg CO2-Eq,kg CO2-Eq/kilogram,True,,,,
s_o2,BO2,"biosphere::waste, construction and demolition::emission > soil::kilogram",biosphere,"waste, construction and demolition",,emission > soil,kilogram,TRACI_v2_1__eutrophication__eutrophication_potential,eutrophication,kg N-Eq,kg N-Eq/kilogram,True,,,,
s_o2,BO2,"biosphere::waste, construction and demolition::emission > soil::kilogram",biosphere,"waste, construction and demolition",,emission > soil,kilogram,TRACI_v2_1__acidification__acidification_potential_AP,acidification,kg SO2-Eq,kg SO2-Eq/kilogram,True,,,,
s_o2,BO2,"biosphere::waste, construction and demolition::emission > soil::kilogram",biosphere,"waste, construction and demolition",,emission > soil,kilogram,TRACI_v2_1__particulate_matter_formation__particulate_matter_formation_potential_PMFP,particulate matter formation,PM2.5-Eq,PM2.5-Eq/kilogram,True,,,,
s_o2,BO2,"biosphere::waste, construction and demolition::emission > soil::kilogram",biosphere,"waste, construction and demolition",,emission > soil,kilogram,TRACI_v2_1__ecotoxicity_freshwater__ecotoxicity_freshwater,ecotoxicity: freshwater,CTUe,CTUe/kilogram,True,,,,
s_o2,BO2,"biosphere::waste, construction and demolition::emission > soil::kilogram",biosphere,"waste, construction and demolition",,emission > soil,kilogram,TRACI_v2_1__photochemical_oxidant_formation__maximum_incremental_reactivity_MIR,photochemical oxidant formation,kg O3-Eq,kg O3-Eq/kilogram,True,,,,
s_o2,BO2,"biosphere::water, in chemical::inventory indicator > output flow::kilogram",biosphere,"water, in chemical",,inventory indicator > output flow,kilogram,IPCC_2021__climate_change__global_warming_potential_GWP100,climate change,kg CO2-Eq,kg CO2-Eq/kilogram,True,,,,
s_o2,BO2,"biosphere::water, in chemical::inventory indicator > output flow::kilogram",biosphere,"water, in chemical",,inventory indicator > output flow,kilogram,TRACI_v2_1__eutrophication__eutrophication_potential,eutrophication,kg N-Eq,kg N-Eq/kilogram,True,,,,
s_o2,BO2,"biosphere::water, in chemical::inventory indicator > output flow::kilogram",biosphere,"water, in chemical",,inventory indicator > output flow,kilogram,TRACI_v2_1__acidification__acidification_potential_AP,acidification,kg SO2-Eq,kg SO2-Eq/kilogram,True,,,,
s_o2,BO2,"biosphere::water, in chemical::inventory indicator > output flow::kilogram",biosphere,"water, in chemical",,inventory indicator > output flow,kilogram,TRACI_v2_1__particulate_matter_formation__particulate_matter_formation_potential_PMFP,particulate matter formation,PM2.5-Eq,PM2.5-Eq/kilogram,True,,,,
s_o2,BO2,"biosphere::water, in chemical::inventory indicator > output flow::kilogram",biosphere,"water, in chemical",,inventory indicator > output flow,kilogram,TRACI_v2_1__ecotoxicity_freshwater__ecotoxicity_freshwater,ecotoxicity: freshwater,CTUe,CTUe/kilogram,True,,,,
s_o2,BO2,"biosphere::water, in chemical::inventory indicator > output flow::kilogram",biosphere,"water, in chemical",,inventory indicator > output flow,kilogram,TRACI_v2_1__photochemical_oxidant_formation__maximum_incremental_reactivity_MIR,photochemical oxidant formation,kg O3-Eq,kg O3-Eq/kilogram,True,,,,
s_o2,BO2,"biosphere::hydrocarbon, from hydrotreating::inventory indicator > output flow::kilogram",biosphere,"hydrocarbon, from hydrotreating",,inventory indicator > output flow,kilogram,IPCC_2021__climate_change__global_warming_potential_GWP100,climate change,kg CO2-Eq,kg CO2-Eq/kilogram,True,,,,
s_o2,BO2,"biosphere::hydrocarbon, from hydrotreating::inventory indicator > output flow::kilogram",biosphere,"hydrocarbon, from hydrotreating",,inventory indicator > output flow,kilogram,TRACI_v2_1__eutrophication__eutrophication_potential,eutrophication,kg N-Eq,kg N-Eq/kilogram,True,,,,
s_o2,BO2,"biosphere::hydrocarbon, from hydrotreating::inventory indicator > output flow::kilogram",biosphere,"hydrocarbon, from hydrotreating",,inventory indicator > output flow,kilogram,TRACI_v2_1__acidification__acidification_potential_AP,acidification,kg SO2-Eq,kg SO2-Eq/kilogram,True,,,,
s_o2,BO2,"biosphere::hydrocarbon, from hydrotreating::inventory indicator > output flow::kilogram",biosphere,"hydrocarbon, from hydrotreating",,inventory indicator > output flow,kilogram,TRACI_v2_1__particulate_matter_formation__particulate_matter_formation_potential_PMFP,particulate matter formation,PM2.5-Eq,PM2.5-Eq/kilogram,True,,,,
s_o2,BO2,"biosphere::hydrocarbon, from hydrotreating::inventory indicator > output flow::kilogram",biosphere,"hydrocarbon, from hydrotreating",,inventory indicator > output flow,kilogram,TRACI_v2_1__ecotoxicity_freshwater__ecotoxicity_freshwater,ecotoxicity: freshwater,CTUe,CTUe/kilogram,True,,,,
s_o2,BO2,"biosphere::hydrocarbon, from hydrotreating::inventory indicator > output flow::kilogram",biosphere,"hydrocarbon, from hydrotreating",,inventory indicator > output flow,kilogram,TRACI_v2_1__photochemical_oxidant_formation__maximum_incremental_reactivity_MIR,photochemical oxidant formation,kg O3-Eq,kg O3-Eq/kilogram,True,,,,
s_o2,BO2,biosphere::biogenic co2::inventory indicator > output flow::kilogram,biosphere,biogenic co2,,inventory indicator > output flow,kilogram,IPCC_2021__climate_change__global_warming_potential_GWP100,climate change,kg CO2-Eq,kg CO2-Eq/kilogram,True,,,,
s_o2,BO2,biosphere::biogenic co2::inventory indicator > output flow::kilogram,biosphere,biogenic co2,,inventory indicator > output flow,kilogram,TRACI_v2_1__eutrophication__eutrophication_potential,eutrophication,kg N-Eq,kg N-Eq/kilogram,True,,,,
s_o2,BO2,biosphere::biogenic co2::inventory indicator > output flow::kilogram,biosphere,biogenic co2,,inventory indicator > output flow,kilogram,TRACI_v2_1__acidification__acidification_potential_AP,acidification,kg SO2-Eq,kg SO2-Eq/kilogram,True,,,,
s_o2,BO2,biosphere::biogenic co2::inventory indicator > output flow::kilogram,biosphere,biogenic co2,,inventory indicator > output flow,kilogram,TRACI_v2_1__particulate_matter_formation__particulate_matter_formation_potential_PMFP,particulate matter formation,PM2.5-Eq,PM2.5-Eq/kilogram,True,,,,
s_o2,BO2,biosphere::biogenic co2::inventory indicator > output flow::kilogram,biosphere,biogenic co2,,inventory indicator > output flow,kilogram,TRACI_v2_1__ecotoxicity_freshwater__ecotoxicity_freshwater,ecotoxicity: freshwater,CTUe,CTUe/kilogram,True,,,,
s_o2,BO2,biosphere::biogenic co2::inventory indicator > output flow::kilogram,biosphere,biogenic co2,,inventory indicator > output flow,kilogram,TRACI_v2_1__photochemical_oxidant_formation__maximum_incremental_reactivity_MIR,photochemical oxidant formation,kg O3-Eq,kg O3-Eq/kilogram,True,,,,
