state,scenario,impact_category,sLCC_private,env_green_perkg,env_market_perkg,delta_env_perkg,sLCC_green,sLCC_market,sLCC_green_vs_market_abs,sLCC_green_vs_market_pct,market_price,MSP_model,electricity_price,feedstock_price,market_type,social_rate,spc,damage_scenario
AK,s_c1,acidification,4.637881669696431,0.012348648411633762,0.029557541549721573,-0.01720889313808781,4.650230318108065,4.779557541549722,-0.12932722344165715,-2.705840913460875,4.75,4.778875495270004,0.2016,0.0302942756472264,synthetic,0.03,1.1,central
AK,s_c1,climate change,4.637881669696431,1.9239784454420532,1.5795646311272247,0.34441381431482854,6.561860115138484,6.329564631127225,0.2322954840112592,3.670007299852628,4.75,4.778875495270004,0.2016,0.0302942756472264,synthetic,0.03,1.1,central
AK,s_c1,ecotoxicity: freshwater,4.637881669696431,0.5946531512271646,0.21387852000823995,0.38077463121892463,5.232534820923595,4.96387852000824,0.26865630091535486,5.4122255376005635,4.75,4.778875495270004,0.2016,0.0302942756472264,synthetic,0.03,1.1,central
AK,s_c1,eutrophication,4.637881669696431,0.8444871684728402,0.44747140739821534,0.3970157610746249,5.482368838169271,5.197471407398215,0.2848974307710561,5.481462204208103,4.75,4.778875495270004,0.2016,0.0302942756472264,synthetic,0.03,1.1,central
AK,s_c1,particulate matter formation,4.637881669696431,7.027025590594945,6.846547355286029,0.18047823530891538,11.664907260291375,11.59654735528603,0.06835990500534628,0.5894849812706187,4.75,4.778875495270004,0.2016,0.0302942756472264,synthetic,0.03,1.1,central
AK,s_c1,photochemical oxidant formation,4.637881669696431,0.10632795043915033,0.1248256280314426,-0.018497677592292275,4.744209620135582,4.874825628031442,-0.1306160078958607,-2.6793985644283693,4.75,4.778875495270004,0.2016,0.0302942756472264,synthetic,0.03,1.1,central
AK,s_c1,_ALL_,4.637881669696431,10.508820954587787,9.241845083400873,1.2669758711869132,15.146702624284217,13.991845083400873,1.1548575408833432,8.253790218513785,4.75,4.778875495270004,0.2016,0.0302942756472264,synthetic,0.03,1.1,central
AK,s_c2,acidification,4.6474805869215645,0.010197698216814603,0.029557541549721573,-0.01935984333290697,4.657678285138379,4.779557541549722,-0.12187925641134267,-2.5500112793249183,4.75,4.912524537736474,0.2016,0.0302942756472264,synthetic,0.03,1.1,central
AK,s_c2,climate change,4.6474805869215645,1.8570981055759876,1.5795646311272247,0.277533474448763,6.504578692497552,6.329564631127225,0.1750140613703275,2.765025267451285,4.75,4.912524537736474,0.2016,0.0302942756472264,synthetic,0.03,1.1,central
AK,s_c2,ecotoxicity: freshwater,4.6474805869215645,0.45052719336577923,0.21387852000823995,0.23664867335753928,5.098007780287344,4.96387852000824,0.13412926027910377,2.702106019284314,4.75,4.912524537736474,0.2016,0.0302942756472264,synthetic,0.03,1.1,central
AK,s_c2,eutrophication,4.6474805869215645,0.6547019921862143,0.44747140739821534,0.20723058478799894,5.302182579107779,5.197471407398215,0.1047111717095639,2.014656041407276,4.75,4.912524537736474,0.2016,0.0302942756472264,synthetic,0.03,1.1,central
AK,s_c2,particulate matter formation,4.6474805869215645,5.521393975762143,6.846547355286029,-1.3251533795238863,10.168874562683708,11.59654735528603,-1.427672792602321,-12.311188398256729,4.75,4.912524537736474,0.2016,0.0302942756472264,synthetic,0.03,1.1,central
AK,s_c2,photochemical oxidant formation,4.6474805869215645,0.09606980996944574,0.1248256280314426,-0.02875581806199687,4.743550396891011,4.874825628031442,-0.13127523114043171,-2.6929215762214542,4.75,4.912524537736474,0.2016,0.0302942756472264,synthetic,0.03,1.1,central
AK,s_c2,_ALL_,4.6474805869215645,8.589988775076385,9.241845083400873,-0.6518563083244882,13.237469361997949,13.991845083400873,-0.7543757214029245,-5.391538549107242,4.75,4.912524537736474,0.2016,0.0302942756472264,synthetic,0.03,1.1,central
AK,s_o1,acidification,5.664057369946521,0.01318836002716986,0.029557541549721567,-0.016369181522551707,5.677245729973691,4.779557541549721,0.8976881884239702,18.781826154830732,4.75,6.245625015100144,0.2016,0.0302942756472264,synthetic,0.03,1.1,central
AK,s_o1,climate change,5.664057369946521,2.3161823766070415,1.579564631127225,0.7366177454798166,7.980239746553563,6.329564631127225,1.6506751154263384,26.078809706890876,4.75,6.245625015100144,0.2016,0.0302942756472264,synthetic,0.03,1.1,central
AK,s_o1,ecotoxicity: freshwater,5.664057369946521,0.5968105159767497,0.21387852000824,0.3829319959685097,6.260867885923271,4.96387852000824,1.2969893659150307,26.128547680753428,4.75,6.245625015100144,0.2016,0.0302942756472264,synthetic,0.03,1.1,central
AK,s_o1,eutrophication,5.664057369946521,0.8962275519211423,0.4474714073982154,0.44875614452292695,6.560284921867663,5.197471407398216,1.3628135144694475,26.220702484857995,4.75,6.245625015100144,0.2016,0.0302942756472264,synthetic,0.03,1.1,central
AK,s_o1,particulate matter formation,5.664057369946521,6.665788808335446,6.846547355286032,-0.18075854695058613,12.329846178281967,11.596547355286031,0.7332988229959359,6.323423692670713,4.75,6.245625015100144,0.2016,0.0302942756472264,synthetic,0.03,1.1,central
AK,s_o1,photochemical oxidant formation,5.664057369946521,0.12594047159875435,0.12482562803144263,0.0011148435673117157,5.789997841545276,4.874825628031442,0.9151722135138334,18.773434853779566,4.75,6.245625015100144,0.2016,0.0302942756472264,synthetic,0.03,1.1,central
AK,s_o1,_ALL_,5.664057369946521,10.614138084466303,9.241845083400877,1.372293001065426,16.278195454412824,13.991845083400877,2.286350371011947,16.340592376371735,4.75,6.245625015100144,0.2016,0.0302942756472264,synthetic,0.03,1.1,central
AK,s_o2,acidification,4.682983310946327,0.007247179242273696,0.029557541549721567,-0.02231036230744787,4.6902304901886005,4.779557541549721,-0.08932705136112062,-1.8689397624064856,4.75,5.501414696596164,0.2016,0.0302942756472264,synthetic,0.03,1.1,central
AK,s_o2,climate change,4.682983310946327,1.2569364825736198,1.579564631127225,-0.3226281485536051,5.939919793519946,6.329564631127225,-0.3896448376072783,-6.15595005841479,4.75,5.501414696596164,0.2016,0.0302942756472264,synthetic,0.03,1.1,central
AK,s_o2,ecotoxicity: freshwater,4.682983310946327,0.3304851926876982,0.21387852000824,0.1166066726794582,5.013468503634025,4.96387852000824,0.049589983625784484,0.9990168660634782,4.75,5.501414696596164,0.2016,0.0302942756472264,synthetic,0.03,1.1,central
AK,s_o2,eutrophication,4.682983310946327,0.4938188475915986,0.4474714073982154,0.046347440193383216,5.176802158537925,5.197471407398216,-0.020669248860290423,-0.39767893346886485,4.75,5.501414696596164,0.2016,0.0302942756472264,synthetic,0.03,1.1,central
AK,s_o2,particulate matter formation,4.682983310946327,3.6640198759165266,6.846547355286032,-3.1825274793695053,8.347003186862853,11.596547355286031,-3.249544168423178,-28.02165221135362,4.75,5.501414696596164,0.2016,0.0302942756472264,synthetic,0.03,1.1,central
AK,s_o2,photochemical oxidant formation,4.682983310946327,0.0687513327947813,0.12482562803144263,-0.05607429523666134,4.751734643741107,4.874825628031442,-0.12309098429033494,-2.525033584432879,4.75,5.501414696596164,0.2016,0.0302942756472264,synthetic,0.03,1.1,central
AK,s_o2,_ALL_,4.682983310946327,5.821258910806497,9.241845083400877,-3.42058617259438,10.504242221752824,13.991845083400877,-3.487602861648053,-24.925968239782367,4.75,5.501414696596164,0.2016,0.0302942756472264,synthetic,0.03,1.1,central
AL,s_c1,acidification,4.105653921682103,0.009500126179529502,0.029557541549721573,-0.020057415370192073,4.115154047861632,4.779557541549722,-0.6644034936880896,-13.900941413766592,4.75,4.24477611130613,0.07440000000000001,0.06616907575578397,synthetic,0.03,1.1,central
AL,s_c1,climate change,4.105653921682103,1.7372609527590317,1.5795646311272247,0.15769632163180702,5.842914874441135,6.329564631127225,-0.4866497566860897,-7.688518643017992,4.75,4.24477611130613,0.07440000000000001,0.06616907575578397,synthetic,0.03,1.1,central
AL,s_c1,ecotoxicity: freshwater,4.105653921682103,0.5676633040836493,0.21387852000823995,0.35378478407540936,4.673317225765753,4.96387852000824,-0.29056129424248756,-5.8535133982691665,4.75,4.24477611130613,0.07440000000000001,0.06616907575578397,synthetic,0.03,1.1,central
AL,s_c1,eutrophication,4.105653921682103,0.6649128425876129,0.44747140739821534,0.21744143518939751,4.7705667642697165,5.197471407398215,-0.4269046431284984,-8.213698732826723,4.75,4.24477611130613,0.07440000000000001,0.06616907575578397,synthetic,0.03,1.1,central
AL,s_c1,particulate matter formation,4.105653921682103,3.877178290683211,6.846547355286029,-2.969369064602818,7.982832212365315,11.59654735528603,-3.6137151429207144,-31.161991860219345,4.75,4.24477611130613,0.07440000000000001,0.06616907575578397,synthetic,0.03,1.1,central
AL,s_c1,photochemical oxidant formation,4.105653921682103,0.08320645923222741,0.1248256280314426,-0.04161916879921519,4.18886038091433,4.874825628031442,-0.685965247117112,-14.071585313178048,4.75,4.24477611130613,0.07440000000000001,0.06616907575578397,synthetic,0.03,1.1,central
AL,s_c1,_ALL_,4.105653921682103,6.939721975525262,9.241845083400873,-2.3021231078756115,11.045375897207364,13.991845083400873,-2.946469186193509,-21.058474908995613,4.75,4.24477611130613,0.07440000000000001,0.06616907575578397,synthetic,0.03,1.1,central
AL,s_c2,acidification,4.053323479707798,0.007948088202706025,0.029557541549721573,-0.02160945334701555,4.061271567910504,4.779557541549722,-0.718285973639218,-15.028294301198459,4.75,4.316280608981054,0.07440000000000001,0.06616907575578397,synthetic,0.03,1.1,central
AL,s_c2,climate change,4.053323479707798,1.7087816688301414,1.5795646311272247,0.1292170377029167,5.762105148537939,6.329564631127225,-0.5674594825892854,-8.965221396091932,4.75,4.316280608981054,0.07440000000000001,0.06616907575578397,synthetic,0.03,1.1,central
AL,s_c2,ecotoxicity: freshwater,4.053323479707798,0.4301238082102303,0.21387852000823995,0.21624528820199032,4.483447287918028,4.96387852000824,-0.4804312320902122,-9.678545318015047,4.75,4.316280608981054,0.07440000000000001,0.06616907575578397,synthetic,0.03,1.1,central
AL,s_c2,eutrophication,4.053323479707798,0.5114674823717977,0.44747140739821534,0.0639960749735824,4.564790962079595,5.197471407398215,-0.6326804453186199,-12.172850906270426,4.75,4.316280608981054,0.07440000000000001,0.06616907575578397,synthetic,0.03,1.1,central
AL,s_c2,particulate matter formation,4.053323479707798,2.9999179597346237,6.846547355286029,-3.8466293955514055,7.053241439442422,11.59654735528603,-4.543305915843607,-39.17809134606467,4.75,4.316280608981054,0.07440000000000001,0.06616907575578397,synthetic,0.03,1.1,central
AL,s_c2,photochemical oxidant formation,4.053323479707798,0.0780287052828612,0.1248256280314426,-0.04679692274858141,4.131352184990659,4.874825628031442,-0.7434734430407834,-15.251282810314875,4.75,4.316280608981054,0.07440000000000001,0.06616907575578397,synthetic,0.03,1.1,central
AL,s_c2,_ALL_,4.053323479707798,5.73626771263236,9.241845083400873,-3.5055773707685134,9.789591192340158,13.991845083400873,-4.202253891060716,-30.033593611224514,4.75,4.316280608981054,0.07440000000000001,0.06616907575578397,synthetic,0.03,1.1,central
AL,s_o1,acidification,5.346198863626155,0.010690398626745303,0.029557541549721567,-0.01886714292297626,5.3568892622529,4.779557541549721,0.577331720703179,12.079187575090584,4.75,5.926648725253444,0.07440000000000001,0.06616907575578397,synthetic,0.03,1.1,central
AL,s_o1,climate change,5.346198863626155,2.1509093652642055,1.579564631127225,0.5713447341369806,7.49710822889036,6.329564631127225,1.1675435977631352,18.445875282186805,4.75,5.926648725253444,0.07440000000000001,0.06616907575578397,synthetic,0.03,1.1,central
AL,s_o1,ecotoxicity: freshwater,5.346198863626155,0.5742646739203722,0.21387852000824,0.36038615391213213,5.920463537546527,4.96387852000824,0.9565850175382868,19.27091917504659,4.75,5.926648725253444,0.07440000000000001,0.06616907575578397,synthetic,0.03,1.1,central
AL,s_o1,eutrophication,5.346198863626155,0.7369396647111763,0.4474714073982154,0.28946825731296094,6.083138528337331,5.197471407398216,0.8856671209391154,17.040346189849814,4.75,5.926648725253444,0.07440000000000001,0.06616907575578397,synthetic,0.03,1.1,central
AL,s_o1,particulate matter formation,5.346198863626155,3.860543344699504,6.846547355286032,-2.986004010586528,9.20674220832566,11.596547355286031,-2.389805146960372,-20.60790228111328,4.75,5.926648725253444,0.07440000000000001,0.06616907575578397,synthetic,0.03,1.1,central
AL,s_o1,photochemical oxidant formation,5.346198863626155,0.10593106431152713,0.12482562803144263,-0.018894563719915505,5.452129927937682,4.874825628031442,0.5773042999062392,11.842563077263685,4.75,5.926648725253444,0.07440000000000001,0.06616907575578397,synthetic,0.03,1.1,central
AL,s_o1,_ALL_,5.346198863626155,7.43927851153353,9.241845083400877,-1.802566571867347,12.785477375159685,13.991845083400877,-1.206367708241192,-8.621934427163989,4.75,5.926648725253444,0.07440000000000001,0.06616907575578397,synthetic,0.03,1.1,central
AL,s_o2,acidification,4.372515701887648,0.005877431743799413,0.029557541549721567,-0.023680109805922153,4.378393133631448,4.779557541549721,-0.401164407918273,-8.393337760469763,4.75,5.189855294894012,0.07440000000000001,0.06616907575578397,synthetic,0.03,1.1,central
AL,s_o2,climate change,4.372515701887648,1.166344595533545,1.579564631127225,-0.4132200355936799,5.538860297421193,6.329564631127225,-0.7907043337060315,-12.492238878761807,4.75,5.189855294894012,0.07440000000000001,0.06616907575578397,synthetic,0.03,1.1,central
AL,s_o2,ecotoxicity: freshwater,4.372515701887648,0.3180798783884282,0.21387852000824,0.10420135838018821,4.690595580276076,4.96387852000824,-0.2732829397321641,-5.505431662572404,4.75,5.189855294894012,0.07440000000000001,0.06616907575578397,synthetic,0.03,1.1,central
AL,s_o2,eutrophication,4.372515701887648,0.40653908304846975,0.4474714073982154,-0.04093232434974564,4.779054784936118,5.197471407398216,-0.41841662246209754,-8.050388153487722,4.75,5.189855294894012,0.07440000000000001,0.06616907575578397,synthetic,0.03,1.1,central
AL,s_o2,particulate matter formation,4.372515701887648,2.127336749473145,6.846547355286032,-4.719210605812886,6.499852451360793,11.596547355286031,-5.096694903925238,-43.95010642199483,4.75,5.189855294894012,0.07440000000000001,0.06616907575578397,synthetic,0.03,1.1,central
AL,s_o2,photochemical oxidant formation,4.372515701887648,0.05776903827453431,0.12482562803144263,-0.06705658975690833,4.4302847401621825,4.874825628031442,-0.4445408878692598,-9.119113621480956,4.75,5.189855294894012,0.07440000000000001,0.06616907575578397,synthetic,0.03,1.1,central
AL,s_o2,_ALL_,4.372515701887648,4.081946776461922,9.241845083400877,-5.159898306938955,8.45446247834957,13.991845083400877,-5.537382605051308,-39.575785552546904,4.75,5.189855294894012,0.07440000000000001,0.06616907575578397,synthetic,0.03,1.1,central
AR,s_c1,acidification,4.034908032750746,0.009512923604259501,0.029557541549721573,-0.02004461794546207,4.0444209563550055,4.779557541549722,-0.7351365851947165,-15.380850189667473,4.75,4.173781436869314,0.06280000000000001,0.06497324908549872,synthetic,0.03,1.1,central
AR,s_c1,climate change,4.034908032750746,1.7445074356515242,1.5795646311272247,0.16494280452429955,5.77941546840227,6.329564631127225,-0.5501491627249546,-8.691737817471013,4.75,4.173781436869314,0.06280000000000001,0.06497324908549872,synthetic,0.03,1.1,central
AR,s_c1,ecotoxicity: freshwater,4.034908032750746,0.5671141032125177,0.21387852000823995,0.3532355832042777,4.602022135963264,4.96387852000824,-0.36185638404497666,-7.289791290951576,4.75,4.173781436869314,0.06280000000000001,0.06497324908549872,synthetic,0.03,1.1,central
AR,s_c1,eutrophication,4.034908032750746,0.6647784082276451,0.44747140739821534,0.21730700082942978,4.699686440978391,5.197471407398215,-0.4977849664198235,-9.57744501896179,4.75,4.173781436869314,0.06280000000000001,0.06497324908549872,synthetic,0.03,1.1,central
AR,s_c1,particulate matter formation,4.034908032750746,3.8767489902347787,6.846547355286029,-2.9697983650512505,7.9116570229855245,11.59654735528603,-3.6848903323005047,-31.77575376019854,4.75,4.173781436869314,0.06280000000000001,0.06497324908549872,synthetic,0.03,1.1,central
AR,s_c1,photochemical oxidant formation,4.034908032750746,0.08357177454498763,0.1248256280314426,-0.04125385348645498,4.118479807295733,4.874825628031442,-0.7563458207357092,-15.515341028539265,4.75,4.173781436869314,0.06280000000000001,0.06497324908549872,synthetic,0.03,1.1,central
AR,s_c1,_ALL_,4.034908032750746,6.946233635475712,9.241845083400873,-2.295611447925161,10.981141668226458,13.991845083400873,-3.010703415174415,-21.51755824359535,4.75,4.173781436869314,0.06280000000000001,0.06497324908549872,synthetic,0.03,1.1,central
AR,s_c2,acidification,3.976929944811709,0.007994879449712045,0.029557541549721573,-0.021562662100009528,3.9849248242614213,4.779557541549722,-0.7946327172883008,-16.62565437031331,4.75,4.239618761760954,0.06280000000000001,0.06497324908549872,synthetic,0.03,1.1,central
AR,s_c2,climate change,3.976929944811709,1.7352769972341964,1.5795646311272247,0.1557123661069717,5.712206942045905,6.329564631127225,-0.6173576890813193,-9.753556919938976,4.75,4.239618761760954,0.06280000000000001,0.06497324908549872,synthetic,0.03,1.1,central
AR,s_c2,ecotoxicity: freshwater,3.976929944811709,0.428115764079539,0.21387852000823995,0.21423724407129904,4.405045708891248,4.96387852000824,-0.558832811116992,-11.257987254612837,4.75,4.239618761760954,0.06280000000000001,0.06497324908549872,synthetic,0.03,1.1,central
AR,s_c2,eutrophication,3.976929944811709,0.5109759497801977,0.44747140739821534,0.06350454238198233,4.487905894591907,5.197471407398215,-0.7095655128063081,-13.652129221842264,4.75,4.239618761760954,0.06280000000000001,0.06497324908549872,synthetic,0.03,1.1,central
AR,s_c2,particulate matter formation,3.976929944811709,2.9983483077346182,6.846547355286029,-3.848199047551411,6.975278252546327,11.59654735528603,-4.621269102739702,-39.850387888367464,4.75,4.239618761760954,0.06280000000000001,0.06497324908549872,synthetic,0.03,1.1,central
AR,s_c2,photochemical oxidant formation,3.976929944811709,0.07936440831648603,0.1248256280314426,-0.04546121971495658,4.056294353128195,4.874825628031442,-0.818531274903247,-16.790985716422174,4.75,4.239618761760954,0.06280000000000001,0.06497324908549872,synthetic,0.03,1.1,central
AR,s_c2,_ALL_,3.976929944811709,5.760076306594749,9.241845083400873,-3.481768776806124,9.73700625140646,13.991845083400873,-4.254838831994414,-30.40941924837427,4.75,4.239618761760954,0.06280000000000001,0.06497324908549872,synthetic,0.03,1.1,central
AR,s_o1,acidification,5.277728555578894,0.010747372484626582,0.029557541549721567,-0.018810169065094987,5.28847592806352,4.779557541549721,0.5089183865137992,10.647813779615836,4.75,5.85793763402481,0.06280000000000001,0.06497324908549872,synthetic,0.03,1.1,central
AR,s_o1,climate change,5.277728555578894,2.1831705502421603,1.579564631127225,0.6036059191149354,7.4608991058210545,6.329564631127225,1.1313344746938299,17.873811875309848,4.75,5.85793763402481,0.06280000000000001,0.06497324908549872,synthetic,0.03,1.1,central
AR,s_o1,ecotoxicity: freshwater,5.277728555578894,0.5718196435302519,0.21387852000824,0.3579411235220119,5.849548199109146,4.96387852000824,0.8856696791009053,17.842291577664056,4.75,5.85793763402481,0.06280000000000001,0.06497324908549872,synthetic,0.03,1.1,central
AR,s_o1,eutrophication,5.277728555578894,0.7363411658506045,0.4474714073982154,0.2888697584523891,6.0140697214294985,5.197471407398216,0.8165983140312827,15.711453705525257,4.75,5.85793763402481,0.06280000000000001,0.06497324908549872,synthetic,0.03,1.1,central
AR,s_o1,particulate matter formation,5.277728555578894,3.8586321083958444,6.846547355286032,-2.9879152468901875,9.136360663974738,11.596547355286031,-2.460186691311293,-21.21482037660003,4.75,5.85793763402481,0.06280000000000001,0.06497324908549872,synthetic,0.03,1.1,central
AR,s_o1,photochemical oxidant formation,5.277728555578894,0.10755744017621698,0.12482562803144263,-0.01726818785522566,5.385285995755111,4.874825628031442,0.5104603677236685,10.471356447877772,4.75,5.85793763402481,0.06280000000000001,0.06497324908549872,synthetic,0.03,1.1,central
AR,s_o1,_ALL_,5.277728555578894,7.4682682806797045,9.241845083400877,-1.7735768027211725,12.745996836258598,13.991845083400877,-1.2458482471422787,-8.904102637759202,4.75,5.85793763402481,0.06280000000000001,0.06497324908549872,synthetic,0.03,1.1,central
AR,s_o2,acidification,4.304719406483748,0.0059069736550453845,0.029557541549721567,-0.02365056789467618,4.310626380138793,4.779557541549721,-0.4689311614109277,-9.811183510908874,4.75,5.121820586546484,0.06280000000000001,0.06497324908549872,synthetic,0.03,1.1,central
AR,s_o2,climate change,4.304719406483748,1.1830725669005968,1.579564631127225,-0.3964920642266281,5.487791973384345,6.329564631127225,-0.8417726577428795,-13.299060943358583,4.75,5.121820586546484,0.06280000000000001,0.06497324908549872,synthetic,0.03,1.1,central
AR,s_o2,ecotoxicity: freshwater,4.304719406483748,0.31681208867811705,0.21387852000824,0.10293356866987705,4.621531495161865,4.96387852000824,-0.3423470248463749,-6.8967647670355685,4.75,5.121820586546484,0.06280000000000001,0.06497324908549872,synthetic,0.03,1.1,central
AR,s_o2,eutrophication,4.304719406483748,0.40622875124231633,0.4474714073982154,-0.04124265615589906,4.710948157726064,5.197471407398216,-0.48652324967215144,-9.360768180073519,4.75,5.121820586546484,0.06280000000000001,0.06497324908549872,synthetic,0.03,1.1,central
AR,s_o2,particulate matter formation,4.304719406483748,2.126345741046606,6.846547355286032,-4.720201614239426,6.431065147530354,11.596547355286031,-5.165482207755677,-44.54327697287508,4.75,5.121820586546484,0.06280000000000001,0.06497324908549872,synthetic,0.03,1.1,central
AR,s_o2,photochemical oxidant formation,4.304719406483748,0.05861234173394502,0.12482562803144263,-0.06621328629749762,4.363331748217694,4.874825628031442,-0.5114938798137487,-10.492557454209921,4.75,5.121820586546484,0.06280000000000001,0.06497324908549872,synthetic,0.03,1.1,central
AR,s_o2,_ALL_,4.304719406483748,4.096978463256627,9.241845083400877,-5.14486662014425,8.401697869740374,13.991845083400877,-5.590147213660503,-39.95289527820982,4.75,5.121820586546484,0.06280000000000001,0.06497324908549872,synthetic,0.03,1.1,central
AZ,s_c1,acidification,4.097283556549786,0.008747376780784697,0.029557541549721573,-0.02081016476893688,4.106030933330571,4.779557541549722,-0.6735266082191513,-14.091819218913878,4.75,4.236376310887159,0.0784,0.059990637959310165,synthetic,0.03,1.1,central
AZ,s_c1,climate change,4.097283556549786,1.5514467957589506,1.5795646311272247,-0.028117835368274058,5.648730352308736,6.329564631127225,-0.6808342788184882,-10.756415622495021,4.75,4.236376310887159,0.0784,0.059990637959310165,synthetic,0.03,1.1,central
AZ,s_c1,ecotoxicity: freshwater,4.097283556549786,0.5928961604786861,0.21387852000823995,0.37901764047044617,4.690179717028472,4.96387852000824,-0.27369880297976845,-5.51380945114898,4.75,4.236376310887159,0.0784,0.059990637959310165,synthetic,0.03,1.1,central
AZ,s_c1,eutrophication,4.097283556549786,0.8287165937954638,0.44747140739821534,0.38124518639724847,4.926000150345249,5.197471407398215,-0.2714712570529656,-5.223140942469571,4.75,4.236376310887159,0.0784,0.059990637959310165,synthetic,0.03,1.1,central
AZ,s_c1,particulate matter formation,4.097283556549786,6.341174871434709,6.846547355286029,-0.5053724838513203,10.438458427984495,11.59654735528603,-1.1580889273015345,-9.986497634346703,4.75,4.236376310887159,0.0784,0.059990637959310165,synthetic,0.03,1.1,central
AZ,s_c1,photochemical oxidant formation,4.097283556549786,0.0830970447359316,0.1248256280314426,-0.041728583295511004,4.180380601285718,4.874825628031442,-0.6944450267457247,-14.245535732652582,4.75,4.236376310887159,0.0784,0.059990637959310165,synthetic,0.03,1.1,central
AZ,s_c1,_ALL_,4.097283556549786,9.406078842984526,9.241845083400873,0.16423375958365227,13.50336239953431,13.991845083400873,-0.4884826838665628,-3.4911956282740064,4.75,4.236376310887159,0.0784,0.059990637959310165,synthetic,0.03,1.1,central
AZ,s_c2,acidification,4.0469005787012495,0.0075333849432842655,0.029557541549721573,-0.022024156606437306,4.0544339636445335,4.779557541549722,-0.7251235779051886,-15.171353657771315,4.75,4.309835149213502,0.0784,0.059990637959310165,synthetic,0.03,1.1,central
AZ,s_c2,climate change,4.0469005787012495,1.606796240121732,1.5795646311272247,0.027231608994507273,5.653696818822981,6.329564631127225,-0.6758678123042436,-10.677951039167747,4.75,4.309835149213502,0.0784,0.059990637959310165,synthetic,0.03,1.1,central
AZ,s_c2,ecotoxicity: freshwater,4.0469005787012495,0.44842102778868626,0.21387852000823995,0.2345425077804463,4.495321606489936,4.96387852000824,-0.4685569135183041,-9.43933079001954,4.75,4.309835149213502,0.0784,0.059990637959310165,synthetic,0.03,1.1,central
AZ,s_c2,eutrophication,4.0469005787012495,0.6429170896481857,0.44747140739821534,0.1954456822499704,4.689817668349435,5.197471407398215,-0.5076537390487799,-9.767321438770638,4.75,4.309835149213502,0.0784,0.059990637959310165,synthetic,0.03,1.1,central
AZ,s_c2,particulate matter formation,4.0469005787012495,4.97604671749731,6.846547355286029,-1.8705006377887194,9.02294729619856,11.59654735528603,-2.57360005908747,-22.192812914391723,4.75,4.309835149213502,0.0784,0.059990637959310165,synthetic,0.03,1.1,central
AZ,s_c2,photochemical oxidant formation,4.0469005787012495,0.08242886191267138,0.1248256280314426,-0.04239676611877123,4.129329440613921,4.874825628031442,-0.7454961874175217,-15.292776486829311,4.75,4.309835149213502,0.0784,0.059990637959310165,synthetic,0.03,1.1,central
AZ,s_c2,_ALL_,4.0469005787012495,7.764143321911869,9.241845083400873,-1.477701761489004,11.811043900613118,13.991845083400873,-2.1808011827877554,-15.586230191863212,4.75,4.309835149213502,0.0784,0.059990637959310165,synthetic,0.03,1.1,central
AZ,s_o1,acidification,5.311559773462912,0.010253496342822448,0.029557541549721567,-0.019304045206899118,5.321813269805735,4.779557541549721,0.5422557282560136,11.345312270896793,4.75,5.891887823014758,0.0784,0.059990637959310165,synthetic,0.03,1.1,central
AZ,s_o1,climate change,5.311559773462912,2.0441458684374427,1.579564631127225,0.46458123731021783,7.3557056419003555,6.329564631127225,1.0261410107731308,16.211873494850256,4.75,5.891887823014758,0.0784,0.059990637959310165,synthetic,0.03,1.1,central
AZ,s_o1,ecotoxicity: freshwater,5.311559773462912,0.594373148383425,0.21387852000824,0.380494628375185,5.905932921846337,4.96387852000824,0.9420544018380967,18.978192114107838,4.75,5.891887823014758,0.0784,0.059990637959310165,synthetic,0.03,1.1,central
AZ,s_o1,eutrophication,5.311559773462912,0.8832288520423738,0.4474714073982154,0.4357574446441584,6.194788625505286,5.197471407398216,0.99731721810707,19.188508025026607,4.75,5.891887823014758,0.0784,0.059990637959310165,synthetic,0.03,1.1,central
AZ,s_o1,particulate matter formation,5.311559773462912,6.0595432290365165,6.846547355286032,-0.7870041262495153,11.371103002499428,11.596547355286031,-0.22544435278660302,-1.9440644346943419,4.75,5.891887823014758,0.0784,0.059990637959310165,synthetic,0.03,1.1,central
AZ,s_o1,photochemical oxidant formation,5.311559773462912,0.11143032044188225,0.12482562803144263,-0.013395307589560382,5.422990093904795,4.874825628031442,0.5481644658733522,11.244801510873993,4.75,5.891887823014758,0.0784,0.059990637959310165,synthetic,0.03,1.1,central
AZ,s_o1,_ALL_,5.311559773462912,9.702974914684463,9.241845083400877,0.46112983128358564,15.014534688147375,13.991845083400877,1.022689604746498,7.309183303921498,4.75,5.891887823014758,0.0784,0.059990637959310165,synthetic,0.03,1.1,central
AZ,s_o2,acidification,4.337644193571521,0.005629519217375248,0.029557541549721567,-0.023928022332346317,4.343273712788896,4.779557541549721,-0.43628382876082483,-9.12812169260681,4.75,5.154861157179083,0.0784,0.059990637959310165,synthetic,0.03,1.1,central
AZ,s_o2,climate change,4.337644193571521,1.105731300857457,1.579564631127225,-0.4738333302697679,5.443375494428977,6.329564631127225,-0.8861891366982473,-14.000791339426247,4.75,5.154861157179083,0.0784,0.059990637959310165,synthetic,0.03,1.1,central
AZ,s_o2,ecotoxicity: freshwater,4.337644193571521,0.3291819573934705,0.21387852000824,0.1153034373852305,4.666826150964991,4.96387852000824,-0.29705236904324916,-5.984279587945195,4.75,5.154861157179083,0.0784,0.059990637959310165,synthetic,0.03,1.1,central
AZ,s_o2,eutrophication,4.337644193571521,0.48665998356957607,0.4474714073982154,0.03918857617136068,4.824304177141097,5.197471407398216,-0.37316723025711873,-7.1797841874789885,4.75,5.154861157179083,0.0784,0.059990637959310165,synthetic,0.03,1.1,central
AZ,s_o2,particulate matter formation,4.337644193571521,3.3317569017817887,6.846547355286032,-3.514790453504243,7.66940109535331,11.596547355286031,-3.927146259932721,-33.86478871353565,4.75,5.154861157179083,0.0784,0.059990637959310165,synthetic,0.03,1.1,central
AZ,s_o2,photochemical oxidant formation,4.337644193571521,0.06057668246740543,0.12482562803144263,-0.06424894556403721,4.398220876038926,4.874825628031442,-0.4766047519925163,-9.776857437770126,4.75,5.154861157179083,0.0784,0.059990637959310165,synthetic,0.03,1.1,central
AZ,s_o2,_ALL_,4.337644193571521,5.319536345287073,9.241845083400877,-3.922308738113804,9.657180538858594,13.991845083400877,-4.334664544542283,-30.979935231592012,4.75,5.154861157179083,0.0784,0.059990637959310165,synthetic,0.03,1.1,central
CA,s_c1,acidification,4.781509732271981,0.00867651408690137,0.029557541549721573,-0.020881027462820202,4.790186246358882,4.779557541549722,0.010628704809160006,0.22237842555011395,4.75,4.923008641331048,0.1984,0.06278090018997577,synthetic,0.03,1.1,central
CA,s_c1,climate change,4.781509732271981,1.5391680993832955,1.5795646311272247,-0.04039653174392921,6.320677831655276,6.329564631127225,-0.008886799471948592,-0.14040143342948933,4.75,4.923008641331048,0.1984,0.06278090018997577,synthetic,0.03,1.1,central
CA,s_c1,ecotoxicity: freshwater,4.781509732271981,0.5933085133968075,0.21387852000823995,0.37942999338856753,5.374818245668788,4.96387852000824,0.4109397256605476,8.278601581488045,4.75,4.923008641331048,0.1984,0.06278090018997577,synthetic,0.03,1.1,central
CA,s_c1,eutrophication,4.781509732271981,0.8284429351304203,0.44747140739821534,0.380971527732205,5.609952667402401,5.197471407398215,0.41248126000418583,7.936191037377316,4.75,4.923008641331048,0.1984,0.06278090018997577,synthetic,0.03,1.1,central
CA,s_c1,particulate matter formation,4.781509732271981,6.340053201522312,6.846547355286029,-0.5064941537637173,11.121562933794293,11.59654735528603,-0.4749844214917367,-4.095912403403635,4.75,4.923008641331048,0.1984,0.06278090018997577,synthetic,0.03,1.1,central
CA,s_c1,photochemical oxidant formation,4.781509732271981,0.0814841840128694,0.1248256280314426,-0.043341444018573205,4.86299391628485,4.874825628031442,-0.011831711746592255,-0.24271046083283496,4.75,4.923008641331048,0.1984,0.06278090018997577,synthetic,0.03,1.1,central
CA,s_c1,_ALL_,4.781509732271981,9.391133447532605,9.241845083400873,0.1492883641317313,14.172643179804584,13.991845083400873,0.18079809640371103,1.2921676542731277,4.75,4.923008641331048,0.1984,0.06278090018997577,synthetic,0.03,1.1,central
CA,s_c2,acidification,4.789550678196499,0.0072742895484714095,0.029557541549721573,-0.022283252001250163,4.79682496774497,4.779557541549722,0.017267426195248348,0.36127666724668334,4.75,5.055093613073533,0.1984,0.06278090018997577,synthetic,0.03,1.1,central
CA,s_c2,climate change,4.789550678196499,1.5619016205285843,1.5795646311272247,-0.017663010598640394,6.351452298725084,6.329564631127225,0.021887667597859206,0.34580052299681246,4.75,5.055093613073533,0.1984,0.06278090018997577,synthetic,0.03,1.1,central
CA,s_c2,ecotoxicity: freshwater,4.789550678196499,0.4499287145032045,0.21387852000823995,0.23605019449496453,5.239479392699703,4.96387852000824,0.27560087269146294,5.552127667520063,4.75,5.055093613073533,0.1984,0.06278090018997577,synthetic,0.03,1.1,central
CA,s_c2,eutrophication,4.789550678196499,0.6419165109800907,0.44747140739821534,0.1944451035818754,5.4314671891765895,5.197471407398215,0.23399578177837466,4.502108110595837,4.75,5.055093613073533,0.1984,0.06278090018997577,synthetic,0.03,1.1,central
CA,s_c2,particulate matter formation,4.789550678196499,4.971945553783713,6.846547355286029,-1.8746018015023163,9.761496231980212,11.59654735528603,-1.835051123305817,-15.824116153583848,4.75,5.055093613073533,0.1984,0.06278090018997577,synthetic,0.03,1.1,central
CA,s_c2,photochemical oxidant formation,4.789550678196499,0.07653175635656634,0.1248256280314426,-0.04829387167487627,4.866082434553065,4.874825628031442,-0.008743193478377265,-0.1793539737729645,4.75,5.055093613073533,0.1984,0.06278090018997577,synthetic,0.03,1.1,central
CA,s_c2,_ALL_,4.789550678196499,7.70949844570063,9.241845083400873,-1.5323466377002433,12.49904912389713,13.991845083400873,-1.4927959595037432,-10.669042936122208,4.75,5.055093613073533,0.1984,0.06278090018997577,synthetic,0.03,1.1,central
CA,s_o1,acidification,5.9352019176533055,0.009938017163567792,0.029557541549721567,-0.019619524386153775,5.945139934816873,4.779557541549721,1.1655823932671519,24.386826251896615,4.75,6.517723071687938,0.1984,0.06278090018997577,synthetic,0.03,1.1,central
CA,s_o1,climate change,5.9352019176533055,1.9894813779611602,1.579564631127225,0.4099167468339353,7.924683295614466,6.329564631127225,1.5951186644872415,25.20108028667319,4.75,6.517723071687938,0.1984,0.06278090018997577,synthetic,0.03,1.1,central
CA,s_o1,ecotoxicity: freshwater,5.9352019176533055,0.596208934648993,0.21387852000824,0.382330414640753,6.531410852302298,4.96387852000824,1.567532332294058,31.57878110787159,4.75,6.517723071687938,0.1984,0.06278090018997577,synthetic,0.03,1.1,central
CA,s_o1,eutrophication,5.9352019176533055,0.8820105295892926,0.4474714073982154,0.4345391221910772,6.817212447242598,5.197471407398216,1.6197410398443823,31.164020210650914,4.75,6.517723071687938,0.1984,0.06278090018997577,synthetic,0.03,1.1,central
CA,s_o1,particulate matter formation,5.9352019176533055,6.054549578866514,6.846547355286032,-0.7919977764195183,11.989751496519819,11.596547355286031,0.3932041412337881,3.3907000867336143,4.75,6.517723071687938,0.1984,0.06278090018997577,synthetic,0.03,1.1,central
CA,s_o1,photochemical oxidant formation,5.9352019176533055,0.10424989941524895,0.12482562803144263,-0.02057572861619368,6.039451817068555,4.874825628031442,1.1646261890371123,23.890622514582393,4.75,6.517723071687938,0.1984,0.06278090018997577,synthetic,0.03,1.1,central
CA,s_o1,_ALL_,5.9352019176533055,9.636438337644776,9.241845083400877,0.39459325424389924,15.571640255298082,13.991845083400877,1.5797951718972048,11.29082806792496,4.75,6.517723071687938,0.1984,0.06278090018997577,synthetic,0.03,1.1,central
CA,s_o2,acidification,4.954313793175417,0.005465937914299147,0.029557541549721567,-0.02409160363542242,4.959779731089716,4.779557541549721,0.18022218953999491,3.7706877252399345,4.75,5.773699341564953,0.1984,0.06278090018997577,synthetic,0.03,1.1,central
CA,s_o2,climate change,4.954313793175417,1.0773868357639826,1.579564631127225,-0.5021777953632423,6.031700628939399,6.329564631127225,-0.2978640021878256,-4.705916118195626,4.75,5.773699341564953,0.1984,0.06278090018997577,synthetic,0.03,1.1,central
CA,s_o2,ecotoxicity: freshwater,4.954313793175417,0.3301338436960796,0.21387852000824,0.11625532368783961,5.284447636871496,4.96387852000824,0.32056911686325584,6.4580371089082105,4.75,5.773699341564953,0.1984,0.06278090018997577,synthetic,0.03,1.1,central
CA,s_o2,eutrophication,4.954313793175417,0.4860282627222203,0.4474714073982154,0.03855685532400488,5.440342055897637,5.197471407398216,0.2428706484994212,4.672861656414556,4.75,5.773699341564953,0.1984,0.06278090018997577,synthetic,0.03,1.1,central
CA,s_o2,particulate matter formation,4.954313793175417,3.329167609506319,6.846547355286032,-3.5173797457797127,8.283481402681737,11.596547355286031,-3.313065952604294,-28.569416836763104,4.75,5.773699341564953,0.1984,0.06278090018997577,synthetic,0.03,1.1,central
CA,s_o2,photochemical oxidant formation,4.954313793175417,0.056853512428270817,0.12482562803144263,-0.06797211560317182,5.011167305603688,4.874825628031442,0.13634167757224525,2.796852399976056,4.75,5.773699341564953,0.1984,0.06278090018997577,synthetic,0.03,1.1,central
CA,s_o2,_ALL_,4.954313793175417,5.2850360020311715,9.241845083400877,-3.9568090813697054,10.23934979520659,13.991845083400877,-3.7524952881942877,-26.819159773617226,4.75,5.773699341564953,0.1984,0.06278090018997577,synthetic,0.03,1.1,central
CO,s_c1,acidification,4.14426127287889,0.008666915368608375,0.029557541549721573,-0.020890626181113196,4.152928188247499,4.779557541549722,-0.6266293533022234,-13.110614274539005,4.75,4.283519229393777,0.0861,0.060787855739500345,synthetic,0.03,1.1,central
CO,s_c1,climate change,4.14426127287889,1.53396513338534,1.5795646311272247,-0.045599497741884765,5.67822640626423,6.329564631127225,-0.6513382248629949,-10.290411154977003,4.75,4.283519229393777,0.0861,0.060787855739500345,synthetic,0.03,1.1,central
CO,s_c1,ecotoxicity: freshwater,4.14426127287889,0.5931671021309118,0.21387852000823995,0.3792885821226719,4.737428375009802,4.96387852000824,-0.22645014499843796,-4.5619598482450785,4.75,4.283519229393777,0.0861,0.060787855739500345,synthetic,0.03,1.1,central
CO,s_c1,eutrophication,4.14426127287889,0.8284011855627236,0.44747140739821534,0.38092977816450824,4.972662458441614,5.197471407398215,-0.22480894895660075,-4.325352297977087,4.75,4.283519229393777,0.0861,0.060787855739500345,synthetic,0.03,1.1,central
CO,s_c1,particulate matter formation,4.14426127287889,6.339749260733064,6.846547355286029,-0.5067980945529653,10.484010533611954,11.59654735528603,-1.112536821674075,-9.593690152672465,4.75,4.283519229393777,0.0861,0.060787855739500345,synthetic,0.03,1.1,central
CO,s_c1,photochemical oxidant formation,4.14426127287889,0.08128382167459812,0.1248256280314426,-0.04354180635684449,4.225545094553488,4.874825628031442,-0.6492805334779543,-13.319051449644315,4.75,4.283519229393777,0.0861,0.060787855739500345,synthetic,0.03,1.1,central
CO,s_c1,_ALL_,4.14426127287889,9.385233418855245,9.241845083400873,0.14338833545437168,13.529494691734136,13.991845083400873,-0.4623503916667371,-3.3044276070154837,4.75,4.283519229393777,0.0861,0.060787855739500345,synthetic,0.03,1.1,central
CO,s_c2,acidification,4.097627163472455,0.007247857034153248,0.029557541549721573,-0.022309684515568327,4.104875020506609,4.779557541549722,-0.6746825210431133,-14.116003734194075,4.75,4.360739897855089,0.0861,0.060787855739500345,synthetic,0.03,1.1,central
CO,s_c2,climate change,4.097627163472455,1.5446340006407746,1.5795646311272247,-0.034930630486450065,5.64226116411323,6.329564631127225,-0.6873034670139946,-10.858621517726622,4.75,4.360739897855089,0.0861,0.060787855739500345,synthetic,0.03,1.1,central
CO,s_c2,ecotoxicity: freshwater,4.097627163472455,0.4493347873419391,0.21387852000823995,0.23545626733369915,4.546961950814394,4.96387852000824,-0.41691656919384634,-8.399008305971885,4.75,4.360739897855089,0.0861,0.060787855739500345,synthetic,0.03,1.1,central
CO,s_c2,eutrophication,4.097627163472455,0.6418140131144591,0.44747140739821534,0.19434260571624373,4.739441176586914,5.197471407398215,-0.4580302308113007,-8.812558933163704,4.75,4.360739897855089,0.0861,0.060787855739500345,synthetic,0.03,1.1,central
CO,s_c2,particulate matter formation,4.097627163472455,4.9707028599806735,6.846547355286029,-1.8758444953053557,9.068330023453129,11.59654735528603,-2.5282173318329004,-21.801466025838014,4.75,4.360739897855089,0.0861,0.060787855739500345,synthetic,0.03,1.1,central
CO,s_c2,photochemical oxidant formation,4.097627163472455,0.07600749170570954,0.1248256280314426,-0.048818136325733064,4.173634655178165,4.874825628031442,-0.7011909728532775,-14.383919064125235,4.75,4.360739897855089,0.0861,0.060787855739500345,synthetic,0.03,1.1,central
CO,s_c2,_ALL_,4.097627163472455,7.689741009817709,9.241845083400873,-1.5521040735831644,11.787368173290165,13.991845083400873,-2.2044769101107082,-15.755441094226907,4.75,4.360739897855089,0.0861,0.060787855739500345,synthetic,0.03,1.1,central
CO,s_o1,acidification,5.35704026167373,0.009904527760935146,0.029557541549721567,-0.019653013788786422,5.366944789434665,4.779557541549721,0.5873872478849442,12.28957372682849,4.75,5.937528248239944,0.0861,0.060787855739500345,synthetic,0.03,1.1,central
CO,s_o1,climate change,5.35704026167373,1.9681915611750365,1.579564631127225,0.38862693004781157,7.3252318228487665,6.329564631127225,0.9956671917215418,15.730421438863239,4.75,5.937528248239944,0.0861,0.060787855739500345,synthetic,0.03,1.1,central
CO,s_o1,ecotoxicity: freshwater,5.35704026167373,0.5954973372748854,0.21387852000824,0.38161881726664537,5.952537598948616,4.96387852000824,0.9886590789403753,19.91706837617642,4.75,5.937528248239944,0.0861,0.060787855739500345,synthetic,0.03,1.1,central
CO,s_o1,eutrophication,5.35704026167373,0.8818781735435184,0.4474714073982154,0.434406766145303,6.238918435217249,5.197471407398216,1.041447027819033,20.037571083827615,4.75,5.937528248239944,0.0861,0.060787855739500345,synthetic,0.03,1.1,central
CO,s_o1,particulate matter formation,5.35704026167373,6.053056240853554,6.846547355286032,-0.7934911144324781,11.410096502527285,11.596547355286031,-0.18645085275874607,-1.6078134900536283,4.75,5.937528248239944,0.0861,0.060787855739500345,synthetic,0.03,1.1,central
CO,s_o1,photochemical oxidant formation,5.35704026167373,0.10358017213347,0.12482562803144263,-0.021245455897972637,5.4606204338072,4.874825628031442,0.585794805775758,12.01673353006299,4.75,5.937528248239944,0.0861,0.060787855739500345,synthetic,0.03,1.1,central
CO,s_o1,_ALL_,5.35704026167373,9.612108012741398,9.241845083400877,0.3702629293405213,14.96914827441513,13.991845083400877,0.9773031910142524,6.984805686375622,4.75,5.937528248239944,0.0861,0.060787855739500345,synthetic,0.03,1.1,central
CO,s_o2,acidification,4.38267727683804,0.005448431495998506,0.029557541549721567,-0.02410911005372306,4.388125708334038,4.779557541549721,-0.391431833215683,-8.189708562202295,4.75,5.200052604112498,0.0861,0.060787855739500345,synthetic,0.03,1.1,central
CO,s_o2,climate change,4.38267727683804,1.0663190043728858,1.579564631127225,-0.513245626754339,5.448996281210926,6.329564631127225,-0.8805683499162988,-13.9119892320221,4.75,5.200052604112498,0.0861,0.060787855739500345,synthetic,0.03,1.1,central
CO,s_o2,ecotoxicity: freshwater,4.38267727683804,0.3297661250206647,0.21387852000824,0.1158876050124247,4.712443401858705,4.96387852000824,-0.25143511814953534,-5.065295557416622,4.75,5.200052604112498,0.0861,0.060787855739500345,synthetic,0.03,1.1,central
CO,s_o2,eutrophication,4.38267727683804,0.4859588141845398,0.4474714073982154,0.038487406786324396,4.868636091022579,5.197471407398216,-0.32883531637563657,-6.326832619176391,4.75,5.200052604112498,0.0861,0.060787855739500345,synthetic,0.03,1.1,central
CO,s_o2,particulate matter formation,4.38267727683804,3.3283954359765193,6.846547355286032,-3.5181519193095125,7.711072712814559,11.596547355286031,-3.885474642471472,-33.505443675874474,4.75,5.200052604112498,0.0861,0.060787855739500345,synthetic,0.03,1.1,central
CO,s_o2,photochemical oxidant formation,4.38267727683804,0.05650284263124531,0.12482562803144263,-0.06832278540019732,4.4391801194692855,4.874825628031442,-0.4356455085621569,-8.93663777545372,4.75,5.200052604112498,0.0861,0.060787855739500345,synthetic,0.03,1.1,central
CO,s_o2,_ALL_,4.38267727683804,5.272390653681854,9.241845083400877,-3.969454429719023,9.655067930519895,13.991845083400877,-4.336777152880982,-30.99503408614698,4.75,5.200052604112498,0.0861,0.060787855739500345,synthetic,0.03,1.1,central
CT,s_c1,acidification,4.738777898835721,0.007243559588313006,0.029557541549721573,-0.022313981961408567,4.7460214584240346,4.779557541549722,-0.033536083125687455,-0.7016566457072871,4.75,4.880126536819718,0.19820000000000002,0.054410113497979,synthetic,0.03,1.1,central
CT,s_c1,climate change,4.738777898835721,1.2406723504968242,1.5795646311272247,-0.33889228063040044,5.979450249332546,6.329564631127225,-0.350114381794679,-5.531413330909105,4.75,4.880126536819718,0.19820000000000002,0.054410113497979,synthetic,0.03,1.1,central
CT,s_c1,ecotoxicity: freshwater,4.738777898835721,0.5156157560992968,0.21387852000823995,0.30173723609105685,5.254393654935018,4.96387852000824,0.2905151349267774,5.852583494051646,4.75,4.880126536819718,0.19820000000000002,0.054410113497979,synthetic,0.03,1.1,central
CT,s_c1,eutrophication,4.738777898835721,0.3966937873591618,0.44747140739821534,-0.05077762003905356,5.135471686194883,5.197471407398215,-0.06199972120333186,-1.1928823911388884,4.75,4.880126536819718,0.19820000000000002,0.054410113497979,synthetic,0.03,1.1,central
CT,s_c1,particulate matter formation,4.738777898835721,2.2053800163677346,6.846547355286029,-4.641167338918295,6.944157915203456,11.59654735528603,-4.652389440082573,-40.118746533310926,4.75,4.880126536819718,0.19820000000000002,0.054410113497979,synthetic,0.03,1.1,central
CT,s_c1,photochemical oxidant formation,4.738777898835721,0.06982055221827471,0.1248256280314426,-0.055005075813167895,4.808598451053996,4.874825628031442,-0.06622717697744651,-1.3585547880240887,4.75,4.880126536819718,0.19820000000000002,0.054410113497979,synthetic,0.03,1.1,central
CT,s_c1,_ALL_,4.738777898835721,4.4354260221296045,9.241845083400873,-4.806419061271269,9.174203920965326,13.991845083400873,-4.817641162435548,-34.43177889491446,4.75,4.880126536819718,0.19820000000000002,0.054410113497979,synthetic,0.03,1.1,central
CT,s_c2,acidification,4.746721471553952,0.006139926301980664,0.029557541549721573,-0.02341761524774091,4.752861397855933,4.779557541549722,-0.0266961436937887,-0.5585484317682835,4.75,5.0121139800371095,0.19820000000000002,0.054410113497979,synthetic,0.03,1.1,central
CT,s_c2,climate change,4.746721471553952,1.3107989916824505,1.5795646311272247,-0.26876563944477416,6.057520463236402,6.329564631127225,-0.2720441678908223,-4.297991785295576,4.75,5.0121139800371095,0.19820000000000002,0.054410113497979,synthetic,0.03,1.1,central
CT,s_c2,ecotoxicity: freshwater,4.746721471553952,0.38842047833782334,0.21387852000823995,0.17454195832958339,5.135141949891776,4.96387852000824,0.1712634298835356,3.450193819071368,4.75,5.0121139800371095,0.19820000000000002,0.054410113497979,synthetic,0.03,1.1,central
CT,s_c2,eutrophication,4.746721471553952,0.2965536696527709,0.44747140739821534,-0.15091773774544442,5.043275141206723,5.197471407398215,-0.15419626619149174,-2.9667554490440255,4.75,5.0121139800371095,0.19820000000000002,0.054410113497979,synthetic,0.03,1.1,central
CT,s_c2,particulate matter formation,4.746721471553952,1.6603632593632853,6.846547355286029,-5.186184095922744,6.407084730917237,11.59654735528603,-5.189462624368792,-44.75006625142863,4.75,5.0121139800371095,0.19820000000000002,0.054410113497979,synthetic,0.03,1.1,central
CT,s_c2,photochemical oxidant formation,4.746721471553952,0.06730237851019835,0.1248256280314426,-0.057523249521244255,4.81402385006415,4.874825628031442,-0.060801777967292026,-1.247260571079033,4.75,5.0121139800371095,0.19820000000000002,0.054410113497979,synthetic,0.03,1.1,central
CT,s_c2,_ALL_,4.746721471553952,3.7295787038485093,9.241845083400873,-5.512266379552364,8.47630017540246,13.991845083400873,-5.515544907998413,-39.41971108972426,4.75,5.0121139800371095,0.19820000000000002,0.054410113497979,synthetic,0.03,1.1,central
CT,s_o1,acidification,5.860222445596032,0.00867894533134583,0.029557541549721567,-0.020878596218375737,5.868901390927378,4.779557541549721,1.0893438493776566,22.791729985626418,4.75,6.442479926275974,0.19820000000000002,0.054410113497979,synthetic,0.03,1.1,central
CT,s_o1,climate change,5.860222445596032,1.7087586778009163,1.579564631127225,0.1291940466736914,7.568981123396949,6.329564631127225,1.239416492269724,19.581386153710824,4.75,6.442479926275974,0.19820000000000002,0.054410113497979,synthetic,0.03,1.1,central
CT,s_o1,ecotoxicity: freshwater,5.860222445596032,0.5278581919313156,0.21387852000824,0.3139796719230755,6.388080637527348,4.96387852000824,1.4242021175191075,28.69131691636852,4.75,6.442479926275974,0.19820000000000002,0.054410113497979,synthetic,0.03,1.1,central
CT,s_o1,eutrophication,5.860222445596032,0.49780553455121573,0.4474714073982154,0.05033412715300034,6.358027980147248,5.197471407398216,1.160556572749032,22.329253627005343,4.75,6.442479926275974,0.19820000000000002,0.054410113497979,synthetic,0.03,1.1,central
CT,s_o1,particulate matter formation,5.860222445596032,2.370070411525469,6.846547355286032,-4.476476943760563,8.230292857121501,11.596547355286031,-3.3662544981645297,-29.02807529717107,4.75,6.442479926275974,0.19820000000000002,0.054410113497979,synthetic,0.03,1.1,central
CT,s_o1,photochemical oxidant formation,5.860222445596032,0.09400157264608354,0.12482562803144263,-0.030824055385359095,5.954224018242116,4.874825628031442,1.0793983902106739,22.14229743939698,4.75,6.442479926275974,0.19820000000000002,0.054410113497979,synthetic,0.03,1.1,central
CT,s_o1,_ALL_,5.860222445596032,5.207173333786346,9.241845083400877,-4.034671749614531,11.067395779382379,13.991845083400877,-2.9244493040184985,-20.901098365417848,4.75,6.442479926275974,0.19820000000000002,0.054410113497979,synthetic,0.03,1.1,central
CT,s_o2,acidification,4.879345942025791,0.004775664598893098,0.029557541549721567,-0.02478187695082847,4.884121606624684,4.779557541549721,0.10456406507496308,2.1877352488376838,4.75,5.698467857926802,0.19820000000000002,0.054410113497979,synthetic,0.03,1.1,central
CT,s_o2,climate change,4.879345942025791,0.9241675946370899,1.579564631127225,-0.655397036490135,5.803513536662881,6.329564631127225,-0.5260510944643437,-8.311015450847208,4.75,5.698467857926802,0.19820000000000002,0.054410113497979,synthetic,0.03,1.1,central
CT,s_o2,ecotoxicity: freshwater,4.879345942025791,0.29266063427854083,0.21387852000824,0.07878211427030082,5.172006576304332,4.96387852000824,0.20812805629609166,4.192851526425875,4.75,5.698467857926802,0.19820000000000002,0.054410113497979,synthetic,0.03,1.1,central
CT,s_o2,eutrophication,4.879345942025791,0.2755531627603797,0.4474714073982154,-0.17191824463783567,5.154899104786171,5.197471407398216,-0.04257230261204459,-0.8190964273790149,4.75,5.698467857926802,0.19820000000000002,0.054410113497979,synthetic,0.03,1.1,central
CT,s_o2,particulate matter formation,4.879345942025791,1.3109297291828033,6.846547355286032,-5.535617626103228,6.190275671208594,11.596547355286031,-5.406271684077437,-46.61966634071568,4.75,5.698467857926802,0.19820000000000002,0.054410113497979,synthetic,0.03,1.1,central
CT,s_o2,photochemical oxidant formation,4.879345942025791,0.0512347437970264,0.12482562803144263,-0.07359088423441623,4.930580685822818,4.874825628031442,0.055755057791375684,1.1437344029450087,4.75,5.698467857926802,0.19820000000000002,0.054410113497979,synthetic,0.03,1.1,central
CT,s_o2,_ALL_,4.879345942025791,2.859321529254733,9.241845083400877,-6.382523554146144,7.738667471280524,13.991845083400877,-6.253177612120353,-44.69158695545282,4.75,5.698467857926802,0.19820000000000002,0.054410113497979,synthetic,0.03,1.1,central
DC,s_c1,acidification,4.369977059475093,0.010614567576104638,0.029557541549721573,-0.018942973973616935,4.3805916270511975,4.779557541549722,-0.3989659144985245,-8.347339916513777,4.75,4.510028769755291,0.1336,0.05281567793759866,synthetic,0.03,1.1,central
DC,s_c1,climate change,4.369977059475093,1.7418698481693882,1.5795646311272247,0.1623052170421635,6.111846907644481,6.329564631127225,-0.21771772348274343,-3.4396950844306384,4.75,4.510028769755291,0.1336,0.05281567793759866,synthetic,0.03,1.1,central
DC,s_c1,ecotoxicity: freshwater,4.369977059475093,0.5696429864711543,0.21387852000823995,0.3557644664629144,4.939620045946247,4.96387852000824,-0.024258474061992885,-0.48869999465564307,4.75,4.510028769755291,0.1336,0.05281567793759866,synthetic,0.03,1.1,central
DC,s_c1,eutrophication,4.369977059475093,0.6547195715229339,0.44747140739821534,0.20724816412471858,5.024696630998027,5.197471407398215,-0.17277477640018812,-3.324208309337807,4.75,4.510028769755291,0.1336,0.05281567793759866,synthetic,0.03,1.1,central
DC,s_c1,particulate matter formation,4.369977059475093,3.6320956899574277,6.846547355286029,-3.2144516653286015,8.002072749432521,11.59654735528603,-3.5944746058535078,-30.99607577780507,4.75,4.510028769755291,0.1336,0.05281567793759866,synthetic,0.03,1.1,central
DC,s_c1,photochemical oxidant formation,4.369977059475093,0.08465510540652815,0.1248256280314426,-0.040170522624914454,4.454632164881621,4.874825628031442,-0.420193463149821,-8.619661403550634,4.75,4.510028769755291,0.1336,0.05281567793759866,synthetic,0.03,1.1,central
DC,s_c1,_ALL_,4.369977059475093,6.693597769103538,9.241845083400873,-2.5482473142973356,11.06357482857863,13.991845083400873,-2.928270254822243,-20.928406778146616,4.75,4.510028769755291,0.1336,0.05281567793759866,synthetic,0.03,1.1,central
DC,s_c2,acidification,4.346469086562161,0.008840986011642338,0.029557541549721573,-0.020716555538079235,4.355310072573803,4.779557541549722,-0.4242474689759188,-8.876291692020533,4.75,4.610455813158748,0.1336,0.05281567793759866,synthetic,0.03,1.1,central
DC,s_c2,climate change,4.346469086562161,1.7123893683440825,1.5795646311272247,0.13282473721685784,6.058858454906243,6.329564631127225,-0.2707061762209815,-4.276853022239726,4.75,4.610455813158748,0.1336,0.05281567793759866,synthetic,0.03,1.1,central
DC,s_c2,ecotoxicity: freshwater,4.346469086562161,0.4317104306934788,0.21387852000823995,0.21783191068523886,4.77817951725564,4.96387852000824,-0.18569900275260043,-3.7410061911082417,4.75,4.610455813158748,0.1336,0.05281567793759866,synthetic,0.03,1.1,central
DC,s_c2,eutrophication,4.346469086562161,0.5032998571974632,0.44747140739821534,0.05582844979924784,4.849768943759624,5.197471407398215,-0.3477024636385906,-6.689838892498032,4.75,4.610455813158748,0.1336,0.05281567793759866,synthetic,0.03,1.1,central
DC,s_c2,particulate matter formation,4.346469086562161,2.8035359356168597,6.846547355286029,-4.0430114196691695,7.150005022179021,11.59654735528603,-4.446542333107009,-38.343674171952145,4.75,4.610455813158748,0.1336,0.05281567793759866,synthetic,0.03,1.1,central
DC,s_c2,photochemical oxidant formation,4.346469086562161,0.07918873833869403,0.1248256280314426,-0.04563688969274858,4.425657824900855,4.874825628031442,-0.449167803130587,-9.214028098723409,4.75,4.610455813158748,0.1336,0.05281567793759866,synthetic,0.03,1.1,central
DC,s_c2,_ALL_,4.346469086562161,5.538965316202221,9.241845083400873,-3.7028797671986524,9.885434402764382,13.991845083400873,-4.1064106806364915,-29.348600246497174,4.75,4.610455813158748,0.1336,0.05281567793759866,synthetic,0.03,1.1,central
DC,s_o1,acidification,5.523678949837864,0.011684423453243581,0.029557541549721567,-0.017873118096477986,5.535363373291108,4.779557541549721,0.7558058317413865,15.813301234915658,4.75,6.1047529392222355,0.1336,0.05281567793759866,synthetic,0.03,1.1,central
DC,s_o1,climate change,5.523678949837864,2.155609625487812,1.579564631127225,0.576044994360587,7.679288575325676,6.329564631127225,1.349723944198451,21.324119791128197,4.75,6.1047529392222355,0.1336,0.05281567793759866,synthetic,0.03,1.1,central
DC,s_o1,ecotoxicity: freshwater,5.523678949837864,0.576027065887536,0.21387852000824,0.362148545879296,6.0997060157254,4.96387852000824,1.1358274957171597,22.881855209367092,4.75,6.1047529392222355,0.1336,0.05281567793759866,synthetic,0.03,1.1,central
DC,s_o1,eutrophication,5.523678949837864,0.7278527050112764,0.4474714073982154,0.280381297613061,6.25153165484914,5.197471407398216,1.0540602474509244,20.280251007259945,4.75,6.1047529392222355,0.1336,0.05281567793759866,synthetic,0.03,1.1,central
DC,s_o1,particulate matter formation,5.523678949837864,3.642082450260359,6.846547355286032,-3.204464905025673,9.165761400098223,11.596547355286031,-2.430785955187808,-20.961290293699253,4.75,6.1047529392222355,0.1336,0.05281567793759866,synthetic,0.03,1.1,central
DC,s_o1,photochemical oxidant formation,5.523678949837864,0.10722756475790649,0.12482562803144263,-0.01759806327353615,5.63090651459577,4.874825628031442,0.7560808865643276,15.509906287040856,4.75,6.1047529392222355,0.1336,0.05281567793759866,synthetic,0.03,1.1,central
DC,s_o1,_ALL_,5.523678949837864,7.220483834858133,9.241845083400877,-2.0213612485427443,12.744162784695996,13.991845083400877,-1.2476822987048806,-8.917210641397533,4.75,6.1047529392222355,0.1336,0.05281567793759866,synthetic,0.03,1.1,central
DC,s_o2,acidification,4.546555999436684,0.0064219180082786,0.029557541549721567,-0.023135623541442968,4.552977917444963,4.779557541549721,-0.22657962410475818,-4.740598311351057,4.75,5.364507623814396,0.1336,0.05281567793759866,synthetic,0.03,1.1,central
DC,s_o2,climate change,4.546555999436684,1.1689306127928145,1.579564631127225,-0.4106340183344104,5.7154866122294985,6.329564631127225,-0.6140780188977262,-9.70174182088043,4.75,5.364507623814396,0.1336,0.05281567793759866,synthetic,0.03,1.1,central
DC,s_o2,ecotoxicity: freshwater,4.546555999436684,0.3190451793527259,0.21387852000824,0.10516665934448591,4.86560117878941,4.96387852000824,-0.09827734121883047,-1.9798498456941958,4.75,5.364507623814396,0.1336,0.05281567793759866,synthetic,0.03,1.1,central
DC,s_o2,eutrophication,4.546555999436684,0.4015617122587301,0.4474714073982154,-0.045909695139485285,4.9481177116954145,5.197471407398216,-0.2493536957028013,-4.797596295534493,4.75,5.364507623814396,0.1336,0.05281567793759866,synthetic,0.03,1.1,central
DC,s_o2,particulate matter formation,4.546555999436684,2.00767549495283,6.846547355286032,-4.838871860333201,6.554231494389514,11.596547355286031,-5.042315860896517,-43.4811819967957,4.75,5.364507623814396,0.1336,0.05281567793759866,synthetic,0.03,1.1,central
DC,s_o2,photochemical oxidant formation,4.546555999436684,0.05847929315772704,0.12482562803144263,-0.06634633487371559,4.605035292594411,4.874825628031442,-0.26979033543703146,-5.534358683224911,4.75,5.364507623814396,0.1336,0.05281567793759866,synthetic,0.03,1.1,central
DC,s_o2,_ALL_,4.546555999436684,3.9621142105231066,9.241845083400877,-5.279730872877771,8.50867020995979,13.991845083400877,-5.483174873441087,-39.18836179758745,4.75,5.364507623814396,0.1336,0.05281567793759866,synthetic,0.03,1.1,central
DE,s_c1,acidification,3.9529588456463305,0.010614567576104638,0.029557541549721573,-0.018942973973616935,3.963573413222435,4.779557541549722,-0.8159841283272868,-17.072377960381505,4.75,4.09154406665992,0.0852,0.023318620070562426,synthetic,0.03,1.1,central
DE,s_c1,climate change,3.9529588456463305,1.7418698481693882,1.5795646311272247,0.1623052170421635,5.694828693815719,6.329564631127225,-0.6347359373115058,-10.028113690316587,4.75,4.09154406665992,0.0852,0.023318620070562426,synthetic,0.03,1.1,central
DE,s_c1,ecotoxicity: freshwater,3.9529588456463305,0.5696429864711543,0.21387852000823995,0.3557644664629144,4.522601832117485,4.96387852000824,-0.44127668789075525,-8.889755986414082,4.75,4.09154406665992,0.0852,0.023318620070562426,synthetic,0.03,1.1,central
DE,s_c1,eutrophication,3.9529588456463305,0.6547195715229339,0.44747140739821534,0.20724816412471858,4.607678417169264,5.197471407398215,-0.5897929902289505,-11.347690905801308,4.75,4.09154406665992,0.0852,0.023318620070562426,synthetic,0.03,1.1,central
DE,s_c1,particulate matter formation,3.9529588456463305,3.6320956899574277,6.846547355286029,-3.2144516653286015,7.585054535603758,11.59654735528603,-4.011492819682271,-34.5921307159904,4.75,4.09154406665992,0.0852,0.023318620070562426,synthetic,0.03,1.1,central
DE,s_c1,photochemical oxidant formation,3.9529588456463305,0.08465510540652815,0.1248256280314426,-0.040170522624914454,4.037613951052859,4.874825628031442,-0.8372116769785833,-17.17418715788337,4.75,4.09154406665992,0.0852,0.023318620070562426,synthetic,0.03,1.1,central
DE,s_c1,_ALL_,3.9529588456463305,6.693597769103538,9.241845083400873,-2.5482473142973356,10.64655661474987,13.991845083400873,-3.3452884686510043,-23.908844392650284,4.75,4.09154406665992,0.0852,0.023318620070562426,synthetic,0.03,1.1,central
DE,s_c2,acidification,3.9058865568115997,0.008840986011642338,0.029557541549721573,-0.020716555538079235,3.914727542823242,4.779557541549722,-0.86482999872648,-18.094352692865957,4.75,4.168325852429414,0.0852,0.023318620070562426,synthetic,0.03,1.1,central
DE,s_c2,climate change,3.9058865568115997,1.7123893683440825,1.5795646311272247,0.13282473721685784,5.618275925155682,6.329564631127225,-0.7112887059715423,-11.23756130830233,4.75,4.168325852429414,0.0852,0.023318620070562426,synthetic,0.03,1.1,central
DE,s_c2,ecotoxicity: freshwater,3.9058865568115997,0.4317104306934788,0.21387852000823995,0.21783191068523886,4.337596987505078,4.96387852000824,-0.6262815325031621,-12.616777988799823,4.75,4.168325852429414,0.0852,0.023318620070562426,synthetic,0.03,1.1,central
DE,s_c2,eutrophication,3.9058865568115997,0.5032998571974632,0.44747140739821534,0.05582844979924784,4.409186414009063,5.197471407398215,-0.7882849933891523,-15.166701874821033,4.75,4.168325852429414,0.0852,0.023318620070562426,synthetic,0.03,1.1,central
DE,s_c2,particulate matter formation,3.9058865568115997,2.8035359356168597,6.846547355286029,-4.0430114196691695,6.709422492428459,11.59654735528603,-4.88712486285757,-42.142930245784605,4.75,4.168325852429414,0.0852,0.023318620070562426,synthetic,0.03,1.1,central
DE,s_c2,photochemical oxidant formation,3.9058865568115997,0.07918873833869403,0.1248256280314426,-0.04563688969274858,3.9850752951502937,4.874825628031442,-0.8897503328811487,-18.251941726179215,4.75,4.168325852429414,0.0852,0.023318620070562426,synthetic,0.03,1.1,central
DE,s_c2,_ALL_,3.9058865568115997,5.538965316202221,9.241845083400873,-3.7028797671986524,9.444851873013821,13.991845083400873,-4.546993210387052,-32.49745250382557,4.75,4.168325852429414,0.0852,0.023318620070562426,synthetic,0.03,1.1,central
DE,s_o1,acidification,5.021394093823938,0.011684423453243581,0.029557541549721567,-0.017873118096477986,5.033078517277182,4.779557541549721,0.2535209757274606,5.304277090997403,4.75,5.6007017446444065,0.0852,0.023318620070562426,synthetic,0.03,1.1,central
DE,s_o1,climate change,5.021394093823938,2.155609625487812,1.579564631127225,0.576044994360587,7.17700371931175,6.329564631127225,0.8474390881845251,13.388584169233859,4.75,5.6007017446444065,0.0852,0.023318620070562426,synthetic,0.03,1.1,central
DE,s_o1,ecotoxicity: freshwater,5.021394093823938,0.576027065887536,0.21387852000824,0.362148545879296,5.597421159711474,4.96387852000824,0.6335426397032338,12.763056894917364,4.75,5.6007017446444065,0.0852,0.023318620070562426,synthetic,0.03,1.1,central
DE,s_o1,eutrophication,5.021394093823938,0.7278527050112764,0.4474714073982154,0.280381297613061,5.749246798835214,5.197471407398216,0.5517753914369985,10.616227549642447,4.75,5.6007017446444065,0.0852,0.023318620070562426,synthetic,0.03,1.1,central
DE,s_o1,particulate matter formation,5.021394093823938,3.642082450260359,6.846547355286032,-3.204464905025673,8.663476544084297,11.596547355286031,-2.933070811201734,-25.292621340995588,4.75,5.6007017446444065,0.0852,0.023318620070562426,synthetic,0.03,1.1,central
DE,s_o1,photochemical oxidant formation,5.021394093823938,0.10722756475790649,0.12482562803144263,-0.01759806327353615,5.128621658581844,4.874825628031442,0.2537960305504017,5.206258642176087,4.75,5.6007017446444065,0.0852,0.023318620070562426,synthetic,0.03,1.1,central
DE,s_o1,_ALL_,5.021394093823938,7.220483834858133,9.241845083400877,-2.0213612485427443,12.24187792868207,13.991845083400877,-1.7499671547188065,-12.507050673358778,4.75,5.6007017446444065,0.0852,0.023318620070562426,synthetic,0.03,1.1,central
DE,s_o2,acidification,4.047083403072646,0.0064219180082786,0.029557541549721567,-0.023135623541442968,4.053505321080925,4.779557541549721,-0.7260522204687962,-15.190783124945524,4.75,4.863278578499116,0.0852,0.023318620070562426,synthetic,0.03,1.1,central
DE,s_o2,climate change,4.047083403072646,1.1689306127928145,1.579564631127225,-0.4106340183344104,5.21601401586546,6.329564631127225,-1.1135506152617642,-17.592846904281526,4.75,4.863278578499116,0.0852,0.023318620070562426,synthetic,0.03,1.1,central
DE,s_o2,ecotoxicity: freshwater,4.047083403072646,0.3190451793527259,0.21387852000824,0.10516665934448591,4.366128582425372,4.96387852000824,-0.5977499375828685,-12.041993678400418,4.75,4.863278578499116,0.0852,0.023318620070562426,synthetic,0.03,1.1,central
DE,s_o2,eutrophication,4.047083403072646,0.4015617122587301,0.4474714073982154,-0.045909695139485285,4.448645115331376,5.197471407398216,-0.7488262920668394,-14.407511525718842,4.75,4.863278578499116,0.0852,0.023318620070562426,synthetic,0.03,1.1,central
DE,s_o2,particulate matter formation,4.047083403072646,2.00767549495283,6.846547355286032,-4.838871860333201,6.054758898025476,11.596547355286031,-5.541788457260555,-47.78826220835854,4.75,4.863278578499116,0.0852,0.023318620070562426,synthetic,0.03,1.1,central
DE,s_o2,photochemical oxidant formation,4.047083403072646,0.05847929315772704,0.12482562803144263,-0.06634633487371559,4.105562696230373,4.874825628031442,-0.7692629318010695,-15.780316887185032,4.75,4.863278578499116,0.0852,0.023318620070562426,synthetic,0.03,1.1,central
DE,s_o2,_ALL_,4.047083403072646,3.9621142105231066,9.241845083400877,-5.279730872877771,8.009197613595752,13.991845083400877,-5.982647469805125,-42.758102552912014,4.75,4.863278578499116,0.0852,0.023318620070562426,synthetic,0.03,1.1,central
FL,s_c1,acidification,4.119046912826276,0.009501082645918991,0.029557541549721573,-0.02005645890380258,4.128547995472195,4.779557541549722,-0.6510095460775274,-13.620707365026185,4.75,4.25821620033997,0.0901,0.05122124237721832,synthetic,0.03,1.1,central
FL,s_c1,climate change,4.119046912826276,1.7385878387015377,1.5795646311272247,0.15902320757431299,5.857634751527813,6.329564631127225,-0.47192987959941135,-7.455961145867404,4.75,4.25821620033997,0.0901,0.05122124237721832,synthetic,0.03,1.1,central
FL,s_c1,ecotoxicity: freshwater,4.119046912826276,0.5676574079131418,0.21387852000823995,0.35377888790490186,4.686704320739418,4.96387852000824,-0.27717419926882236,-5.583823176808167,4.75,4.25821620033997,0.0901,0.05122124237721832,synthetic,0.03,1.1,central
FL,s_c1,eutrophication,4.119046912826276,0.6649151328433093,0.44747140739821534,0.21744372544509394,4.783962045669585,5.197471407398215,-0.4135093617286296,-7.955971843154917,4.75,4.25821620033997,0.0901,0.05122124237721832,synthetic,0.03,1.1,central
FL,s_c1,particulate matter formation,4.119046912826276,3.8772828167647706,6.846547355286029,-2.9692645385212586,7.9963297295910465,11.59654735528603,-3.6002176256949827,-31.045599309814428,4.75,4.25821620033997,0.0901,0.05122124237721832,synthetic,0.03,1.1,central
FL,s_c1,photochemical oxidant formation,4.119046912826276,0.0832175387938008,0.1248256280314426,-0.04160808923764181,4.202264451620077,4.874825628031442,-0.6725611764113655,-13.796620181529649,4.75,4.25821620033997,0.0901,0.05122124237721832,synthetic,0.03,1.1,central
FL,s_c1,_ALL_,4.119046912826276,6.941161817662479,9.241845083400873,-2.300683265738394,11.060208730488755,13.991845083400873,-2.9316363529121183,-20.95246434932334,4.75,4.25821620033997,0.0901,0.05122124237721832,synthetic,0.03,1.1,central
FL,s_c2,acidification,4.074360267545611,0.007948793144365812,0.029557541549721573,-0.02160874840535576,4.082309060689977,4.779557541549722,-0.697248480859745,-14.588138646693004,4.75,4.337391283037671,0.0901,0.05122124237721832,synthetic,0.03,1.1,central
FL,s_c2,climate change,4.074360267545611,1.7097596197429388,1.5795646311272247,0.1301949886157141,5.78411988728855,6.329564631127225,-0.5454447438386749,-8.617413291844962,4.75,4.337391283037671,0.0901,0.05122124237721832,synthetic,0.03,1.1,central
FL,s_c2,ecotoxicity: freshwater,4.074360267545611,0.4301194625727152,0.21387852000823995,0.21624094256447526,4.504479730118327,4.96387852000824,-0.4593987898899137,-9.254835468639774,4.75,4.337391283037671,0.0901,0.05122124237721832,synthetic,0.03,1.1,central
FL,s_c2,eutrophication,4.074360267545611,0.511469170352337,0.44747140739821534,0.06399776295412163,4.585829437897948,5.197471407398215,-0.6116419695002673,-11.768067999943979,4.75,4.337391283037671,0.0901,0.05122124237721832,synthetic,0.03,1.1,central
FL,s_c2,particulate matter formation,4.074360267545611,2.999994998290538,6.846547355286029,-3.8465523569954914,7.074355265836148,11.59654735528603,-4.522192089449881,-38.99602140967018,4.75,4.337391283037671,0.0901,0.05122124237721832,synthetic,0.03,1.1,central
FL,s_c2,photochemical oxidant formation,4.074360267545611,0.0780368712201185,0.1248256280314426,-0.046788756811324106,4.152397138765729,4.874825628031442,-0.7224284892657131,-14.819576009274511,4.75,4.337391283037671,0.0901,0.05122124237721832,synthetic,0.03,1.1,central
FL,s_c2,_ALL_,4.074360267545611,5.737328915323013,9.241845083400873,-3.5045161680778607,9.811689182868623,13.991845083400873,-4.180155900532251,-29.875658825663738,4.75,4.337391283037671,0.0901,0.05122124237721832,synthetic,0.03,1.1,central
FL,s_o1,acidification,5.292456412575644,0.010691677482644992,0.029557541549721567,-0.018865864067076576,5.303148090058289,4.779557541549721,0.5235905485085679,10.95479119054186,4.75,5.872717283110185,0.0901,0.05122124237721832,synthetic,0.03,1.1,central
FL,s_o1,climate change,5.292456412575644,2.1526834954735232,1.579564631127225,0.5731188643462983,7.445139908049168,6.329564631127225,1.115575276921943,17.62483428063632,4.75,5.872717283110185,0.0901,0.05122124237721832,synthetic,0.03,1.1,central
FL,s_o1,ecotoxicity: freshwater,5.292456412575644,0.5742567903684541,0.21387852000824,0.3603782703602141,5.866713202944099,4.96387852000824,0.9028346829358584,18.188089803099366,4.75,5.872717283110185,0.0901,0.05122124237721832,synthetic,0.03,1.1,central
FL,s_o1,eutrophication,5.292456412575644,0.7369427269275189,0.4474714073982154,0.28947131952930355,6.029399139503163,5.197471407398216,0.8319277321049476,16.006393626730876,4.75,5.872717283110185,0.0901,0.05122124237721832,synthetic,0.03,1.1,central
FL,s_o1,particulate matter formation,5.292456412575644,3.860683102664386,6.846547355286032,-2.9858642526216457,9.153139515240031,11.596547355286031,-2.4434078400459995,-21.070132041777295,4.75,5.872717283110185,0.0901,0.05122124237721832,synthetic,0.03,1.1,central
FL,s_o1,photochemical oxidant formation,5.292456412575644,0.1059458783842847,0.12482562803144263,-0.01887974964715794,5.398402290959929,4.874825628031442,0.5235766629284866,10.740418281174868,4.75,5.872717283110185,0.0901,0.05122124237721832,synthetic,0.03,1.1,central
FL,s_o1,_ALL_,5.292456412575644,7.441203671300812,9.241845083400877,-1.800641412100065,12.733660083876456,13.991845083400877,-1.2581849995244205,-8.992273656724938,4.75,5.872717283110185,0.0901,0.05122124237721832,synthetic,0.03,1.1,central
FL,s_o2,acidification,4.317861009587071,0.005878140488540842,0.029557541549721567,-0.023679401061180723,4.323739150075612,4.779557541549721,-0.45581839147410896,-9.536832384830221,4.75,5.135008403506496,0.0901,0.05122124237721832,synthetic,0.03,1.1,central
FL,s_o2,climate change,4.317861009587071,1.1673278223824533,1.579564631127225,-0.41223680874477164,5.485188831969524,6.329564631127225,-0.8443757991577003,-13.340187649009382,4.75,5.135008403506496,0.0901,0.05122124237721832,synthetic,0.03,1.1,central
FL,s_o2,ecotoxicity: freshwater,4.317861009587071,0.31807550930668343,0.21387852000824,0.10419698929844343,4.635936518893755,4.96387852000824,-0.32794200111448557,-6.6065678237819006,4.75,5.135008403506496,0.0901,0.05122124237721832,synthetic,0.03,1.1,central
FL,s_o2,eutrophication,4.317861009587071,0.40654078013547595,0.4474714073982154,-0.04093062726273944,4.724401789722547,5.197471407398216,-0.4730696176756686,-9.10191861762412,4.75,5.135008403506496,0.0901,0.05122124237721832,synthetic,0.03,1.1,central
FL,s_o2,particulate matter formation,4.317861009587071,2.127414203643476,6.846547355286032,-4.719133151642556,6.4452752132305475,11.596547355286031,-5.1512721420554834,-44.42073993435115,4.75,5.135008403506496,0.0901,0.05122124237721832,synthetic,0.03,1.1,central
FL,s_o2,photochemical oxidant formation,4.317861009587071,0.05777724826611241,0.12482562803144263,-0.06704837976533022,4.375638257853184,4.874825628031442,-0.49918737017825876,-10.240107201123442,4.75,5.135008403506496,0.0901,0.05122124237721832,synthetic,0.03,1.1,central
FL,s_o2,_ALL_,4.317861009587071,4.083013704222742,9.241845083400877,-5.158831379178135,8.400874713809813,13.991845083400877,-5.590970369591064,-39.958778390305866,4.75,5.135008403506496,0.0901,0.05122124237721832,synthetic,0.03,1.1,central
GA,s_c1,acidification,4.0740649448240855,0.009501082645918991,0.029557541549721573,-0.02005645890380258,4.083566027470004,4.779557541549722,-0.6959915140797177,-14.56183983620479,4.75,4.213076048423284,0.0691,0.0657704668656889,synthetic,0.03,1.1,central
GA,s_c1,climate change,4.0740649448240855,1.7385878387015377,1.5795646311272247,0.15902320757431299,5.812652783525623,6.329564631127225,-0.5169118476016017,-8.166625632662914,4.75,4.213076048423284,0.0691,0.0657704668656889,synthetic,0.03,1.1,central
GA,s_c1,ecotoxicity: freshwater,4.0740649448240855,0.5676574079131418,0.21387852000823995,0.35377888790490186,4.6417223527372276,4.96387852000824,-0.3221561672710127,-6.490009092133824,4.75,4.213076048423284,0.0691,0.0657704668656889,synthetic,0.03,1.1,central
GA,s_c1,eutrophication,4.0740649448240855,0.6649151328433093,0.44747140739821534,0.21744372544509394,4.738980077667395,5.197471407398215,-0.45849132973081996,-8.821430534051453,4.75,4.213076048423284,0.0691,0.0657704668656889,synthetic,0.03,1.1,central
GA,s_c1,particulate matter formation,4.0740649448240855,3.8772828167647706,6.846547355286029,-2.9692645385212586,7.951347761588856,11.59654735528603,-3.645199593697173,-31.43349034862165,4.75,4.213076048423284,0.0691,0.0657704668656889,synthetic,0.03,1.1,central
GA,s_c1,photochemical oxidant formation,4.0740649448240855,0.0832175387938008,0.1248256280314426,-0.04160808923764181,4.1572824836178865,4.874825628031442,-0.7175431444135558,-14.719360222599692,4.75,4.213076048423284,0.0691,0.0657704668656889,synthetic,0.03,1.1,central
GA,s_c1,_ALL_,4.0740649448240855,6.941161817662479,9.241845083400873,-2.300683265738394,11.015226762486565,13.991845083400873,-2.9766183209143087,-21.273951385050704,4.75,4.213076048423284,0.0691,0.0657704668656889,synthetic,0.03,1.1,central
GA,s_c2,acidification,4.019154112883136,0.007948793144365812,0.029557541549721573,-0.02160874840535576,4.027102906027502,4.779557541549722,-0.7524546355222199,-15.743186037221435,4.75,4.281991231186417,0.0691,0.0657704668656889,synthetic,0.03,1.1,central
GA,s_c2,climate change,4.019154112883136,1.7097596197429388,1.5795646311272247,0.1301949886157141,5.728913732626075,6.329564631127225,-0.6006508985011498,-9.489608424998114,4.75,4.281991231186417,0.0691,0.0657704668656889,synthetic,0.03,1.1,central
GA,s_c2,ecotoxicity: freshwater,4.019154112883136,0.4301194625727152,0.21387852000823995,0.21624094256447526,4.449273575455852,4.96387852000824,-0.5146049445523886,-10.366993117944682,4.75,4.281991231186417,0.0691,0.0657704668656889,synthetic,0.03,1.1,central
GA,s_c2,eutrophication,4.019154112883136,0.511469170352337,0.44747140739821534,0.06399776295412163,4.530623283235473,5.197471407398215,-0.6668481241627422,-12.830241321068804,4.75,4.281991231186417,0.0691,0.0657704668656889,synthetic,0.03,1.1,central
GA,s_c2,particulate matter formation,4.019154112883136,2.999994998290538,6.846547355286029,-3.8465523569954914,7.0191491111736735,11.59654735528603,-4.577398244112356,-39.47207823047306,4.75,4.281991231186417,0.0691,0.0657704668656889,synthetic,0.03,1.1,central
GA,s_c2,photochemical oxidant formation,4.019154112883136,0.0780368712201185,0.1248256280314426,-0.046788756811324106,4.097190984103254,4.874825628031442,-0.777634643928188,-15.952050458104557,4.75,4.281991231186417,0.0691,0.0657704668656889,synthetic,0.03,1.1,central
GA,s_c2,_ALL_,4.019154112883136,5.737328915323013,9.241845083400873,-3.5045161680778607,9.756483028206148,13.991845083400873,-4.2353620551947255,-30.2702183303853,4.75,4.281991231186417,0.0691,0.0657704668656889,synthetic,0.03,1.1,central
GA,s_o1,acidification,5.316220923320787,0.010691677482644992,0.029557541549721567,-0.018865864067076576,5.326912600803432,4.779557541549721,0.5473550592537109,11.452002711452591,4.75,5.896565364305997,0.0691,0.0657704668656889,synthetic,0.03,1.1,central
GA,s_o1,climate change,5.316220923320787,2.1526834954735232,1.579564631127225,0.5731188643462983,7.4689044187943106,6.329564631127225,1.1393397876670859,18.00028681378963,4.75,5.896565364305997,0.0691,0.0657704668656889,synthetic,0.03,1.1,central
GA,s_o1,ecotoxicity: freshwater,5.316220923320787,0.5742567903684541,0.21387852000824,0.3603782703602141,5.890477713689242,4.96387852000824,0.9265991936810014,18.666838641318385,4.75,5.896565364305997,0.0691,0.0657704668656889,synthetic,0.03,1.1,central
GA,s_o1,eutrophication,5.316220923320787,0.7369427269275189,0.4474714073982154,0.28947131952930355,6.053163650248306,5.197471407398216,0.8556922428500906,16.463625786032722,4.75,5.896565364305997,0.0691,0.0657704668656889,synthetic,0.03,1.1,central
GA,s_o1,particulate matter formation,5.316220923320787,3.860683102664386,6.846547355286032,-2.9858642526216457,9.176904025985174,11.596547355286031,-2.4196433293008575,-20.865204574859224,4.75,5.896565364305997,0.0691,0.0657704668656889,synthetic,0.03,1.1,central
GA,s_o1,photochemical oxidant formation,5.316220923320787,0.1059458783842847,0.12482562803144263,-0.01887974964715794,5.422166801705072,4.874825628031442,0.5473411736736296,11.227912861667987,4.75,5.896565364305997,0.0691,0.0657704668656889,synthetic,0.03,1.1,central
GA,s_o1,_ALL_,5.316220923320787,7.441203671300812,9.241845083400877,-1.800641412100065,12.7574245946216,13.991845083400877,-1.2344204887792767,-8.822428217445907,4.75,5.896565364305997,0.0691,0.0657704668656889,synthetic,0.03,1.1,central
GA,s_o2,acidification,4.342845715634849,0.005878140488540842,0.029557541549721567,-0.023679401061180723,4.34872385612339,4.779557541549721,-0.4308336854263315,-9.014091402415426,4.75,5.1600809709525866,0.0691,0.0657704668656889,synthetic,0.03,1.1,central
GA,s_o2,climate change,4.342845715634849,1.1673278223824533,1.579564631127225,-0.41223680874477164,5.510173538017302,6.329564631127225,-0.8193910931099229,-12.945457402873512,4.75,5.1600809709525866,0.0691,0.0657704668656889,synthetic,0.03,1.1,central
GA,s_o2,ecotoxicity: freshwater,4.342845715634849,0.31807550930668343,0.21387852000824,0.10419698929844343,4.660921224941532,4.96387852000824,-0.3029572950667081,-6.103237495550257,4.75,5.1600809709525866,0.0691,0.0657704668656889,synthetic,0.03,1.1,central
GA,s_o2,eutrophication,4.342845715634849,0.40654078013547595,0.4474714073982154,-0.04093062726273944,4.749386495770325,5.197471407398216,-0.4480849116278911,-8.621209748072406,4.75,5.1600809709525866,0.0691,0.0657704668656889,synthetic,0.03,1.1,central
GA,s_o2,particulate matter formation,4.342845715634849,2.127414203643476,6.846547355286032,-4.719133151642556,6.470259919278325,11.596547355286031,-5.126287436007706,-44.20529041060657,4.75,5.1600809709525866,0.0691,0.0657704668656889,synthetic,0.03,1.1,central
GA,s_o2,photochemical oxidant formation,4.342845715634849,0.05777724826611241,0.12482562803144263,-0.06704837976533022,4.400622963900961,4.874825628031442,-0.4742026641304813,-9.727582078089105,4.75,5.1600809709525866,0.0691,0.0657704668656889,synthetic,0.03,1.1,central
GA,s_o2,_ALL_,4.342845715634849,4.083013704222742,9.241845083400877,-5.158831379178135,8.425859419857591,13.991845083400877,-5.565985663543286,-39.78021219050268,4.75,5.1600809709525866,0.0691,0.0657704668656889,synthetic,0.03,1.1,central
HI,s_c1,acidification,5.431109985717519,0.023042369095178847,0.029557541549721573,-0.006515172454542726,5.454152354812698,4.779557541549722,0.674594813262976,14.1141686735347,4.75,5.574893283734455,0.3177,0.059392724624167545,synthetic,0.03,1.1,central
HI,s_c1,climate change,5.431109985717519,2.440762022139312,1.5795646311272247,0.8611973910120874,7.871872007856831,6.329564631127225,1.5423073767296067,24.36672135623551,4.75,5.574893283734455,0.3177,0.059392724624167545,synthetic,0.03,1.1,central
HI,s_c1,ecotoxicity: freshwater,5.431109985717519,0.6287349591759708,0.21387852000823995,0.41485643916773085,6.05984494489349,4.96387852000824,1.0959664248852494,22.078832519121157,4.75,5.574893283734455,0.3177,0.059392724624167545,synthetic,0.03,1.1,central
HI,s_c1,eutrophication,5.431109985717519,0.9554651849042196,0.44747140739821534,0.5079937775060043,6.386575170621739,5.197471407398215,1.1891037632235237,22.878505142537634,4.75,5.574893283734455,0.3177,0.059392724624167545,synthetic,0.03,1.1,central
HI,s_c1,particulate matter formation,5.431109985717519,8.87082241088564,6.846547355286029,2.0242750555996114,14.30193239660316,11.59654735528603,2.7053850413171308,23.329228592197666,4.75,5.574893283734455,0.3177,0.059392724624167545,synthetic,0.03,1.1,central
HI,s_c1,photochemical oxidant formation,5.431109985717519,0.16925380413668928,0.1248256280314426,0.04442817610524667,5.6003637898542085,4.874825628031442,0.7255381618227661,14.883366445986166,4.75,5.574893283734455,0.3177,0.059392724624167545,synthetic,0.03,1.1,central
HI,s_c1,_ALL_,5.431109985717519,13.088080750337012,9.241845083400873,3.8462356669361384,18.519190736054533,13.991845083400873,4.5273456526536595,32.357031011046885,4.75,5.574893283734455,0.3177,0.059392724624167545,synthetic,0.03,1.1,central
HI,s_c2,acidification,5.497234049193087,0.01878509945999576,0.029557541549721573,-0.010772442089725814,5.516019148653083,4.779557541549722,0.7364616071033607,15.408572879417008,4.75,5.7652651808172735,0.3177,0.059392724624167545,synthetic,0.03,1.1,central
HI,s_c2,climate change,5.497234049193087,2.2843143315193553,1.5795646311272247,0.7047497003921306,7.781548380712442,6.329564631127225,1.4519837495852173,22.939709667308275,4.75,5.7652651808172735,0.3177,0.059392724624167545,synthetic,0.03,1.1,central
HI,s_c2,ecotoxicity: freshwater,5.497234049193087,0.47831456992008775,0.21387852000823995,0.26443604991184777,5.975548619113175,4.96387852000824,1.0116700991049346,20.380637741780497,4.75,5.7652651808172735,0.3177,0.059392724624167545,synthetic,0.03,1.1,central
HI,s_c2,eutrophication,5.497234049193087,0.7436945792425018,0.44747140739821534,0.2962231718442865,6.240928628435588,5.197471407398215,1.0434572210373734,20.076247452791936,4.75,5.7652651808172735,0.3177,0.059392724624167545,synthetic,0.03,1.1,central
HI,s_c2,particulate matter formation,5.497234049193087,6.999754081861915,6.846547355286029,0.15320672657588563,12.496988131055002,11.59654735528603,0.9004407757689723,7.764731589342635,4.75,5.7652651808172735,0.3177,0.059392724624167545,synthetic,0.03,1.1,central
HI,s_c2,photochemical oxidant formation,5.497234049193087,0.1468581944745807,0.1248256280314426,0.0220325664431381,5.644092243667667,4.874825628031442,0.7692666156362247,15.780392455737353,4.75,5.7652651808172735,0.3177,0.059392724624167545,synthetic,0.03,1.1,central
HI,s_c2,_ALL_,5.497234049193087,10.671720856478435,9.241845083400873,1.429875773077562,16.168954905671523,13.991845083400873,2.1771098222706495,15.559847963535907,4.75,5.7652651808172735,0.3177,0.059392724624167545,synthetic,0.03,1.1,central
HI,s_o1,acidification,6.500744852963346,0.02274613363380439,0.029557541549721567,-0.006811407915917177,6.52349098659715,4.779557541549721,1.7439334450474293,36.487340719031856,4.75,7.085254799381865,0.3177,0.059392724624167545,synthetic,0.03,1.1,central
HI,s_o1,climate change,6.500744852963346,2.7933124040200243,1.579564631127225,1.2137477728927994,9.29405725698337,6.329564631127225,2.9644926258561455,46.83564824154742,4.75,7.085254799381865,0.3177,0.059392724624167545,synthetic,0.03,1.1,central
HI,s_o1,ecotoxicity: freshwater,6.500744852963346,0.6277939703746496,0.21387852000824,0.41391545036640953,7.128538823337996,4.96387852000824,2.1646603033297556,43.60824493598127,4.75,7.085254799381865,0.3177,0.059392724624167545,synthetic,0.03,1.1,central
HI,s_o1,eutrophication,6.500744852963346,0.9952593246298165,0.4474714073982154,0.5477879172316011,7.4960041775931625,5.197471407398216,2.2985327701949467,44.22405800873008,4.75,7.085254799381865,0.3177,0.059392724624167545,synthetic,0.03,1.1,central
HI,s_o1,particulate matter formation,6.500744852963346,8.310898871974176,6.846547355286032,1.4643515166881445,14.811643724937522,11.596547355286031,3.2150963696514907,27.724600013692523,4.75,7.085254799381865,0.3177,0.059392724624167545,synthetic,0.03,1.1,central
HI,s_o1,photochemical oxidant formation,6.500744852963346,0.18250236099491643,0.12482562803144263,0.057676732963473795,6.683247213958262,4.874825628031442,1.80842158592682,37.09715431723245,4.75,7.085254799381865,0.3177,0.059392724624167545,synthetic,0.03,1.1,central
HI,s_o1,_ALL_,6.500744852963346,12.932513065627388,9.241845083400877,3.690667982226511,19.433257918590733,13.991845083400877,5.4414128351898565,38.88988766496019,4.75,7.085254799381865,0.3177,0.059392724624167545,synthetic,0.03,1.1,central
HI,s_o2,acidification,5.512924857075718,0.012481595507447617,0.029557541549721567,-0.01707594604227395,5.525406452583166,4.779557541549721,0.7458489110334448,15.60497817108843,4.75,6.334274821179915,0.3177,0.059392724624167545,synthetic,0.03,1.1,central
HI,s_o2,climate change,5.512924857075718,1.517686020634998,1.579564631127225,-0.06187861049222687,7.030610877710716,6.329564631127225,0.7010462465834912,11.075741973403987,4.75,6.334274821179915,0.3177,0.059392724624167545,synthetic,0.03,1.1,central
HI,s_o2,ecotoxicity: freshwater,5.512924857075718,0.3474345761053683,0.21387852000824,0.1335560560971283,5.860359433181086,4.96387852000824,0.8964809131728462,18.060089697186182,4.75,6.334274821179915,0.3177,0.059392724624167545,synthetic,0.03,1.1,central
HI,s_o2,eutrophication,5.512924857075718,0.54806039451047,0.4474714073982154,0.10058898711225456,6.060985251586188,5.197471407398216,0.8635138441879722,16.61411437413247,4.75,6.334274821179915,0.3177,0.059392724624167545,synthetic,0.03,1.1,central
HI,s_o2,particulate matter formation,5.512924857075718,4.565085012956785,6.846547355286032,-2.281462342329247,10.078009870032503,11.596547355286031,-1.5185374852535283,-13.0947379312976,4.75,6.334274821179915,0.3177,0.059392724624167545,synthetic,0.03,1.1,central
HI,s_o2,photochemical oxidant formation,5.512924857075718,0.09971637033089042,0.12482562803144263,-0.02510925770055221,5.612641227406608,4.874825628031442,0.7378155993751658,15.135220327318896,4.75,6.334274821179915,0.3177,0.059392724624167545,synthetic,0.03,1.1,central
HI,s_o2,_ALL_,5.512924857075718,7.090463970045959,9.241845083400877,-2.151381113354918,12.603388827121677,13.991845083400877,-1.3884562562792002,-9.923324965385623,4.75,6.334274821179915,0.3177,0.059392724624167545,synthetic,0.03,1.1,central
IA,s_c1,acidification,3.9672056403034537,0.011456654507346682,0.029557541549721573,-0.01810088704237489,3.9786622948108006,4.779557541549722,-0.8008952467389214,-16.756681759275136,4.75,4.105840961698334,0.061500000000000006,0.05281567793759866,synthetic,0.03,1.1,central
IA,s_c1,climate change,3.9672056403034537,1.766752926696,1.5795646311272247,0.18718829556877536,5.733958566999454,6.329564631127225,-0.5956060641277707,-9.40990571766545,4.75,4.105840961698334,0.061500000000000006,0.05281567793759866,synthetic,0.03,1.1,central
IA,s_c1,ecotoxicity: freshwater,3.9672056403034537,0.6873024156500561,0.21387852000823995,0.4734238956418162,4.65450805595351,4.96387852000824,-0.3093704640547301,-6.232434230767931,4.75,4.105840961698334,0.061500000000000006,0.05281567793759866,synthetic,0.03,1.1,central
IA,s_c1,eutrophication,3.9672056403034537,1.275951349234778,0.44747140739821534,0.8284799418365627,5.243156989538232,5.197471407398215,0.045685582140016834,0.8789963149193433,4.75,4.105840961698334,0.061500000000000006,0.05281567793759866,synthetic,0.03,1.1,central
IA,s_c1,particulate matter formation,3.9672056403034537,11.009990161637381,6.846547355286029,4.163442806351352,14.977195801940834,11.59654735528603,3.3806484466548046,29.152198004122415,4.75,4.105840961698334,0.061500000000000006,0.05281567793759866,synthetic,0.03,1.1,central
IA,s_c1,photochemical oxidant formation,3.9672056403034537,0.08899920864856735,0.1248256280314426,-0.03582641938287526,4.056204848952021,4.874825628031442,-0.8186207790794215,-16.7928217651961,4.75,4.105840961698334,0.061500000000000006,0.05281567793759866,synthetic,0.03,1.1,central
IA,s_c1,_ALL_,3.9672056403034537,14.840452716374129,9.241845083400873,5.5986076329732555,18.80765835667758,13.991845083400873,4.815813273276708,34.418714934100535,4.75,4.105840961698334,0.061500000000000006,0.05281567793759866,synthetic,0.03,1.1,central
IA,s_c2,acidification,3.908594626523543,0.009552712030337121,0.029557541549721573,-0.020004829519384454,3.9181473385538803,4.779557541549722,-0.8614102029958417,-18.02280222609347,4.75,4.171043433528402,0.061500000000000006,0.05281567793759866,synthetic,0.03,1.1,central
IA,s_c2,climate change,3.908594626523543,1.7531574912288237,1.5795646311272247,0.17359286010159902,5.661752117752367,6.329564631127225,-0.6678125133748578,-10.550686378818568,4.75,4.171043433528402,0.061500000000000006,0.05281567793759866,synthetic,0.03,1.1,central
IA,s_c2,ecotoxicity: freshwater,3.908594626523543,0.5244174731816024,0.21387852000823995,0.31053895317336244,4.433012099705145,4.96387852000824,-0.530866420303095,-10.694589284634906,4.75,4.171043433528402,0.061500000000000006,0.05281567793759866,synthetic,0.03,1.1,central
IA,s_c2,eutrophication,3.908594626523543,1.0006868366250454,0.44747140739821534,0.5532154292268301,4.909281463148589,5.197471407398215,-0.2881899442496261,-5.54481057537727,4.75,4.171043433528402,0.061500000000000006,0.05281567793759866,synthetic,0.03,1.1,central
IA,s_c2,particulate matter formation,3.908594626523543,8.713971477850272,6.846547355286029,1.867424122564243,12.622566104373815,11.59654735528603,1.0260187490877861,8.84762263847522,4.75,4.171043433528402,0.061500000000000006,0.05281567793759866,synthetic,0.03,1.1,central
IA,s_c2,photochemical oxidant formation,3.908594626523543,0.08371821576827167,0.1248256280314426,-0.04110741226317094,3.992312842291815,4.874825628031442,-0.8825127857396273,-18.10347391022486,4.75,4.171043433528402,0.061500000000000006,0.05281567793759866,synthetic,0.03,1.1,central
IA,s_c2,_ALL_,3.908594626523543,12.085504206684352,9.241845083400873,2.8436591232834783,15.994098833207895,13.991845083400873,2.0022537498070214,14.310148074626563,4.75,4.171043433528402,0.061500000000000006,0.05281567793759866,synthetic,0.03,1.1,central
IA,s_o1,acidification,5.163790745688189,0.012477595860394201,0.029557541549721567,-0.017079945689327365,5.1762683415485835,4.779557541549721,0.3967107999988624,8.300157421480339,4.75,5.743599149606321,0.061500000000000006,0.05281567793759866,synthetic,0.03,1.1,central
IA,s_o1,climate change,5.163790745688189,2.2026152708662172,1.579564631127225,0.6230506397389923,7.366406016554406,6.329564631127225,1.0368413854271816,16.380927375766944,4.75,5.743599149606321,0.061500000000000006,0.05281567793759866,synthetic,0.03,1.1,central
IA,s_o1,ecotoxicity: freshwater,5.163790745688189,0.6789795971511972,0.21387852000824,0.4651010771429571,5.842770342839386,4.96387852000824,0.8788918228311458,17.7057480212003,4.75,5.743599149606321,0.061500000000000006,0.05281567793759866,synthetic,0.03,1.1,central
IA,s_o1,eutrophication,5.163790745688189,1.2812328660450185,0.4474714073982154,0.8337614586468032,6.445023611733207,5.197471407398216,1.2475522043349914,24.00306046049995,4.75,5.743599149606321,0.061500000000000006,0.05281567793759866,synthetic,0.03,1.1,central
IA,s_o1,particulate matter formation,5.163790745688189,10.218183802580183,6.846547355286032,3.3716364472941516,15.381974548268373,11.596547355286031,3.7854271929823415,32.64270887711106,4.75,5.743599149606321,0.061500000000000006,0.05281567793759866,synthetic,0.03,1.1,central
IA,s_o1,photochemical oxidant formation,5.163790745688189,0.11236159734376322,0.12482562803144263,-0.012464030687679414,5.276152343031952,4.874825628031442,0.40132671500050954,8.232637341790905,4.75,5.743599149606321,0.061500000000000006,0.05281567793759866,synthetic,0.03,1.1,central
IA,s_o1,_ALL_,5.163790745688189,14.505850729846774,9.241845083400877,5.264005646445897,19.669641475534963,13.991845083400877,5.677796392134086,40.57932573074225,4.75,5.743599149606321,0.061500000000000006,0.05281567793759866,synthetic,0.03,1.1,central
IA,s_o2,acidification,4.19085713249273,0.006854652008445387,0.029557541549721567,-0.02270288954127618,4.197711784501175,4.779557541549721,-0.581845757048546,-12.173632224121915,4.75,5.007557903657774,0.061500000000000006,0.05281567793759866,synthetic,0.03,1.1,central
IA,s_o2,climate change,4.19085713249273,1.1937159061006364,1.579564631127225,-0.3858487250265885,5.384573038593366,6.329564631127225,-0.9449915925338583,-14.92980398504227,4.75,5.007557903657774,0.061500000000000006,0.05281567793759866,synthetic,0.03,1.1,central
IA,s_o2,ecotoxicity: freshwater,4.19085713249273,0.3755091307521599,0.21387852000824,0.1616306107439199,4.56636626324489,4.96387852000824,-0.39751225676335,-8.00809800564358,4.75,5.007557903657774,0.061500000000000006,0.05281567793759866,synthetic,0.03,1.1,central
IA,s_o2,eutrophication,4.19085713249273,0.7046934944698044,0.4474714073982154,0.25722208707158906,4.895550626962534,5.197471407398216,-0.3019207804356814,-5.808993581107911,4.75,5.007557903657774,0.061500000000000006,0.05281567793759866,synthetic,0.03,1.1,central
IA,s_o2,particulate matter formation,4.19085713249273,5.609792014100968,6.846547355286032,-1.2367553411850638,9.800649146593699,11.596547355286031,-1.795898208692332,-15.48649053611385,4.75,5.007557903657774,0.061500000000000006,0.05281567793759866,synthetic,0.03,1.1,central
IA,s_o2,photochemical oxidant formation,4.19085713249273,0.06124315018540001,0.12482562803144263,-0.06358247784604262,4.25210028267813,4.874825628031442,-0.6227253453533121,-12.774310157321091,4.75,5.007557903657774,0.061500000000000006,0.05281567793759866,synthetic,0.03,1.1,central
IA,s_o2,_ALL_,4.19085713249273,7.951808347617415,9.241845083400877,-1.2900367357834623,12.142665480110145,13.991845083400877,-1.8491796032907324,-13.216124051319673,4.75,5.007557903657774,0.061500000000000006,0.05281567793759866,synthetic,0.03,1.1,central
ID,s_c1,acidification,4.105780356202321,0.008673546467358512,0.029557541549721573,-0.020883995082363063,4.11445390266968,4.779557541549722,-0.6651036388800424,-13.915590158673755,4.75,4.244902990446897,0.0746,0.06596977131073645,synthetic,0.03,1.1,central
ID,s_c1,climate change,4.105780356202321,1.5385665821511505,1.5795646311272247,-0.040998048976074175,5.644346938353472,6.329564631127225,-0.6852176927737528,-10.825668631362458,4.75,4.244902990446897,0.0746,0.06596977131073645,synthetic,0.03,1.1,central
ID,s_c1,ecotoxicity: freshwater,4.105780356202321,0.5933348503826459,0.21387852000823995,0.37945633037440596,4.699115206584967,4.96387852000824,-0.2647633134232734,-5.333799212774327,4.75,4.244902990446897,0.0746,0.06596977131073645,synthetic,0.03,1.1,central
ID,s_c1,eutrophication,4.105780356202321,0.8284257558105221,0.44747140739821534,0.3809543484123068,4.934206112012843,5.197471407398215,-0.2632652953853718,-5.065257213548749,4.75,4.244902990446897,0.0746,0.06596977131073645,synthetic,0.03,1.1,central
ID,s_c1,particulate matter formation,4.105780356202321,6.340098210835963,6.846547355286029,-0.5064491444500661,10.445878567038285,11.59654735528603,-1.150668788247744,-9.922511873529642,4.75,4.244902990446897,0.0746,0.06596977131073645,synthetic,0.03,1.1,central
ID,s_c1,photochemical oxidant formation,4.105780356202321,0.08141282364130249,0.1248256280314426,-0.043412804390140114,4.187193179843623,4.874825628031442,-0.6876324481878191,-14.105785532794528,4.75,4.244902990446897,0.0746,0.06596977131073645,synthetic,0.03,1.1,central
ID,s_c1,_ALL_,4.105780356202321,9.390511769288944,9.241845083400873,0.1486666858880703,13.496292125491266,13.991845083400873,-0.4955529579096076,-3.5417270199589574,4.75,4.244902990446897,0.0746,0.06596977131073645,synthetic,0.03,1.1,central
ID,s_c2,acidification,4.053547287434303,0.007272102332413267,0.029557541549721573,-0.022285439217308307,4.060819389766716,4.779557541549722,-0.7187381517830058,-15.037754970723974,4.75,4.316505202773701,0.0746,0.06596977131073645,synthetic,0.03,1.1,central
ID,s_c2,climate change,4.053547287434303,1.5614582860207753,1.5795646311272247,-0.018106345106449373,5.615005573455078,6.329564631127225,-0.7145590576721466,-11.289229185813554,4.75,4.316505202773701,0.0746,0.06596977131073645,synthetic,0.03,1.1,central
ID,s_c2,ecotoxicity: freshwater,4.053547287434303,0.4499481255757886,0.21387852000823995,0.23606960556754866,4.503495413010092,4.96387852000824,-0.46038310699814833,-9.274665065683035,4.75,4.316505202773701,0.0746,0.06596977131073645,synthetic,0.03,1.1,central
ID,s_c2,eutrophication,4.053547287434303,0.6419038493555775,0.44747140739821534,0.1944324419573622,4.695451136789881,5.197471407398215,-0.5020202706083339,-9.65893280131845,4.75,4.316505202773701,0.0746,0.06596977131073645,synthetic,0.03,1.1,central
ID,s_c2,particulate matter formation,4.053547287434303,4.971978726868122,6.846547355286029,-1.874568628417907,9.025526014302425,11.59654735528603,-2.571021340983604,-22.17057596726547,4.75,4.316505202773701,0.0746,0.06596977131073645,synthetic,0.03,1.1,central
ID,s_c2,photochemical oxidant formation,4.053547287434303,0.07647916182807234,0.1248256280314426,-0.04834646620337027,4.130026449262376,4.874825628031442,-0.7447991787690666,-15.278478362103638,4.75,4.316505202773701,0.0746,0.06596977131073645,synthetic,0.03,1.1,central
ID,s_c2,_ALL_,4.053547287434303,7.70904025198075,9.241845083400873,-1.5328048314201235,11.762587539415053,13.991845083400873,-2.2292575439858204,-15.93254878608172,4.75,4.316505202773701,0.0746,0.06596977131073645,synthetic,0.03,1.1,central
ID,s_o1,acidification,5.345435710142357,0.009934049269032115,0.029557541549721567,-0.01962349228068945,5.3553697594113885,4.779557541549721,0.5758122178616674,12.047395869931641,4.75,5.925882888058574,0.0746,0.06596977131073645,synthetic,0.03,1.1,central
ID,s_o1,climate change,5.345435710142357,1.9886771114761617,1.579564631127225,0.40911248034893677,7.334112821618518,6.329564631127225,1.0045481904912936,15.870731227724185,4.75,5.925882888058574,0.0746,0.06596977131073645,synthetic,0.03,1.1,central
ID,s_o1,ecotoxicity: freshwater,5.345435710142357,0.5962441488604798,0.21387852000824,0.3823656288522398,5.941679859002837,4.96387852000824,0.9778013389945963,19.698333370837066,4.75,5.925882888058574,0.0746,0.06596977131073645,synthetic,0.03,1.1,central
ID,s_o1,eutrophication,5.345435710142357,0.8819875597548629,0.4474714073982154,0.4345161523566475,6.227423269897219,5.197471407398216,1.0299518624990034,19.816402665206454,4.75,5.925882888058574,0.0746,0.06596977131073645,synthetic,0.03,1.1,central
ID,s_o1,particulate matter formation,5.345435710142357,6.054609759158194,6.846547355286032,-0.7919375961278377,11.40004546930055,11.596547355286031,-0.19650188598548013,-1.694486125613147,4.75,5.925882888058574,0.0746,0.06596977131073645,synthetic,0.03,1.1,central
ID,s_o1,photochemical oxidant formation,5.345435710142357,0.10415448609682475,0.12482562803144263,-0.020671141934617887,5.449590196239181,4.874825628031442,0.5747645682077387,11.790464153275586,4.75,5.925882888058574,0.0746,0.06596977131073645,synthetic,0.03,1.1,central
ID,s_o1,_ALL_,5.345435710142357,9.635607114615555,9.241845083400877,0.3937620312146777,14.98104282475791,13.991845083400877,0.9891977413570334,7.069816278416067,4.75,5.925882888058574,0.0746,0.06596977131073645,synthetic,0.03,1.1,central
ID,s_o2,acidification,4.371740927496204,0.005463738898454298,0.029557541549721567,-0.024093802651267267,4.377204666394658,4.779557541549721,-0.4023528751550627,-8.418203393458969,4.75,5.18907779592533,0.0746,0.06596977131073645,synthetic,0.03,1.1,central
ID,s_o2,climate change,4.371740927496204,1.0769411095159453,1.579564631127225,-0.5026235216112795,5.44868203701215,6.329564631127225,-0.8808825941150751,-13.916953936817606,4.75,5.18907779592533,0.0746,0.06596977131073645,synthetic,0.03,1.1,central
ID,s_o2,ecotoxicity: freshwater,4.371740927496204,0.33015335948923563,0.21387852000824,0.11627483948099562,4.70189428698544,4.96387852000824,-0.26198423302280016,-5.277813144838308,4.75,5.18907779592533,0.0746,0.06596977131073645,synthetic,0.03,1.1,central
ID,s_o2,eutrophication,4.371740927496204,0.48601553278965515,0.4474714073982154,0.038544125391439754,4.857756460285859,5.197471407398216,-0.3397149471123564,-6.536158075421008,4.75,5.18907779592533,0.0746,0.06596977131073645,synthetic,0.03,1.1,central
ID,s_o2,particulate matter formation,4.371740927496204,3.329200961555819,6.846547355286032,-3.5173463937302127,7.700941889052023,11.596547355286031,-3.8956054662340076,-33.59280436567425,4.75,5.18907779592533,0.0746,0.06596977131073645,synthetic,0.03,1.1,central
ID,s_o2,photochemical oxidant formation,4.371740927496204,0.05680063415816108,0.12482562803144263,-0.06802499387328156,4.428541561654366,4.874825628031442,-0.4462840663770766,-9.154872408375672,4.75,5.18907779592533,0.0746,0.06596977131073645,synthetic,0.03,1.1,central
ID,s_o2,_ALL_,4.371740927496204,5.284575336407271,9.241845083400877,-3.957269746993606,9.656316263903475,13.991845083400877,-4.3355288194974015,-30.986112222188797,4.75,5.18907779592533,0.0746,0.06596977131073645,synthetic,0.03,1.1,central
IL,s_c1,acidification,4.184774209877787,0.00950676828747,0.029557541549721573,-0.020050773262251576,4.194280978165257,4.779557541549722,-0.5852765633844648,-12.245413059609172,4.75,4.324174634480367,0.1063,0.04623863125102977,synthetic,0.03,1.1,central
IL,s_c1,climate change,4.184774209877787,1.7436351142097115,1.5795646311272247,0.16407048308248684,5.928409324087498,6.329564631127225,-0.40115530703972624,-6.337802525420852,4.75,4.324174634480367,0.1063,0.04623863125102977,synthetic,0.03,1.1,central
IL,s_c1,ecotoxicity: freshwater,4.184774209877787,0.5671232364809642,0.21387852000823995,0.35324471647272426,4.751897446358751,4.96387852000824,-0.21198107364948893,-4.270472631331377,4.75,4.324174634480367,0.1063,0.04623863125102977,synthetic,0.03,1.1,central
IL,s_c1,eutrophication,4.184774209877787,0.6647566811935103,0.44747140739821534,0.21728527379529494,4.849530891071297,5.197471407398215,-0.3479405163269176,-6.694419055998078,4.75,4.324174634480367,0.1063,0.04623863125102977,synthetic,0.03,1.1,central
IL,s_c1,particulate matter formation,4.184774209877787,3.876282395503501,6.846547355286029,-2.9702649597825284,8.061056605381289,11.59654735528603,-3.5354907499047403,-30.487442870598592,4.75,4.324174634480367,0.1063,0.04623863125102977,synthetic,0.03,1.1,central
IL,s_c1,photochemical oxidant formation,4.184774209877787,0.08349374522134338,0.1248256280314426,-0.041331882810099224,4.26826795509913,4.874825628031442,-0.6065576729323121,-12.442653731950058,4.75,4.324174634480367,0.1063,0.04623863125102977,synthetic,0.03,1.1,central
IL,s_c1,_ALL_,4.184774209877787,6.9447979408965,9.241845083400873,-2.2970471425043737,11.129572150774287,13.991845083400873,-2.8622729326265866,-20.456722580656812,4.75,4.324174634480367,0.1063,0.04623863125102977,synthetic,0.03,1.1,central
IL,s_c2,acidification,4.147974794306485,0.007990342814361546,0.029557541549721573,-0.021567198735360026,4.155965137120846,4.779557541549722,-0.6235924044288756,-13.047073897695608,4.75,4.411264361582842,0.1063,0.04623863125102977,synthetic,0.03,1.1,central
IL,s_c2,climate change,4.147974794306485,1.7346340726820961,1.5795646311272247,0.15506944155487146,5.882608866988582,6.329564631127225,-0.446955764138643,-7.0613982190911795,4.75,4.411264361582842,0.1063,0.04623863125102977,synthetic,0.03,1.1,central
IL,s_c2,ecotoxicity: freshwater,4.147974794306485,0.4281224955459958,0.21387852000823995,0.21424397553775584,4.5760972898524805,4.96387852000824,-0.3877812301557597,-7.812061245912924,4.75,4.411264361582842,0.1063,0.04623863125102977,synthetic,0.03,1.1,central
IL,s_c2,eutrophication,4.147974794306485,0.5109599363669991,0.44747140739821534,0.06348852896878376,4.658934730673484,5.197471407398215,-0.538536676724731,-10.361513022624118,4.75,4.411264361582842,0.1063,0.04623863125102977,synthetic,0.03,1.1,central
IL,s_c2,particulate matter formation,4.147974794306485,2.998004414767828,6.846547355286029,-3.8485429405182012,7.145979209074313,11.59654735528603,-4.450568146211716,-38.37838979015615,4.75,4.411264361582842,0.1063,0.04623863125102977,synthetic,0.03,1.1,central
IL,s_c2,photochemical oxidant formation,4.147974794306485,0.07930689858950922,0.1248256280314426,-0.04551872944193339,4.227281692895994,4.874825628031442,-0.647543935135448,-13.283427645327693,4.75,4.411264361582842,0.1063,0.04623863125102977,synthetic,0.03,1.1,central
IL,s_c2,_ALL_,4.147974794306485,5.759018160766789,9.241845083400873,-3.482826922634084,9.906992955073274,13.991845083400873,-4.084852128327599,-29.19452083680968,4.75,4.411264361582842,0.1063,0.04623863125102977,synthetic,0.03,1.1,central
IL,s_o1,acidification,5.329282539232059,0.010739142437782054,0.029557541549721567,-0.018818399111939513,5.340021681669841,4.779557541549721,0.5604641401201196,11.726276653181479,4.75,5.909672912790418,0.1063,0.04623863125102977,synthetic,0.03,1.1,central
IL,s_o1,climate change,5.329282539232059,2.182004201445645,1.579564631127225,0.6024395703184202,7.511286740677704,6.329564631127225,1.1817221095504795,18.66987981667908,4.75,5.909672912790418,0.1063,0.04623863125102977,synthetic,0.03,1.1,central
IL,s_o1,ecotoxicity: freshwater,5.329282539232059,0.5718318552863204,0.21387852000824,0.3579533352780804,5.9011143945183795,4.96387852000824,0.9372358745101392,18.881120291972483,4.75,5.909672912790418,0.1063,0.04623863125102977,synthetic,0.03,1.1,central
IL,s_o1,eutrophication,5.329282539232059,0.7363121154353556,0.4474714073982154,0.2888407080371402,6.065594654667414,5.197471407398216,0.8681232472691987,16.702799865978857,4.75,5.909672912790418,0.1063,0.04623863125102977,synthetic,0.03,1.1,central
IL,s_o1,particulate matter formation,5.329282539232059,3.858008241805843,6.846547355286032,-2.988539113480189,9.187290781037902,11.596547355286031,-2.409256574248129,-20.775636923949804,4.75,5.909672912790418,0.1063,0.04623863125102977,synthetic,0.03,1.1,central
IL,s_o1,photochemical oxidant formation,5.329282539232059,0.10745311004816666,0.12482562803144263,-0.01737251798327598,5.436735649280226,4.874825628031442,0.5619100212487833,11.526771706820915,4.75,5.909672912790418,0.1063,0.04623863125102977,synthetic,0.03,1.1,central
IL,s_o1,_ALL_,5.329282539232059,7.466348666459113,9.241845083400877,-1.7754964169417642,12.795631205691173,13.991845083400877,-1.1962138777097042,-8.549364794846277,4.75,5.909672912790418,0.1063,0.04623863125102977,synthetic,0.03,1.1,central
IL,s_o2,acidification,4.353745842724309,0.005902412545053107,0.029557541549721567,-0.02365512900466846,4.359648255269362,4.779557541549721,-0.41990928628035906,-8.785526330209382,4.75,5.171019429507943,0.1063,0.04623863125102977,synthetic,0.03,1.1,central
IL,s_o2,climate change,4.353745842724309,1.182426173842239,1.579564631127225,-0.39713845728498587,5.536172016566548,6.329564631127225,-0.7933926145606769,-12.534710691774428,4.75,5.171019429507943,0.1063,0.04623863125102977,synthetic,0.03,1.1,central
IL,s_o2,ecotoxicity: freshwater,4.353745842724309,0.3168188564600846,0.21387852000824,0.10294033645184461,4.670564699184394,4.96387852000824,-0.2933138208238466,-5.908964525251108,4.75,5.171019429507943,0.1063,0.04623863125102977,synthetic,0.03,1.1,central
IL,s_o2,eutrophication,4.353745842724309,0.40621265143853935,0.4474714073982154,-0.04125875595967604,4.7599584941628486,5.197471407398216,-0.43751291323536723,-8.417803176610072,4.75,5.171019429507943,0.1063,0.04623863125102977,synthetic,0.03,1.1,central
IL,s_o2,particulate matter formation,4.353745842724309,2.125999992815611,6.846547355286032,-4.7205473624704215,6.479745835539919,11.596547355286031,-5.116801519746112,-44.123490923474996,4.75,5.171019429507943,0.1063,0.04623863125102977,synthetic,0.03,1.1,central
IL,s_o2,photochemical oxidant formation,4.353745842724309,0.05855452174840478,0.12482562803144263,-0.06627110628303785,4.4123003644727135,4.874825628031442,-0.4625252635587289,-9.488037087913366,4.75,5.171019429507943,0.1063,0.04623863125102977,synthetic,0.03,1.1,central
IL,s_o2,_ALL_,4.353745842724309,4.095914608849932,9.241845083400877,-5.145930474550945,8.44966045157424,13.991845083400877,-5.542184631826636,-39.61010573510113,4.75,5.171019429507943,0.1063,0.04623863125102977,synthetic,0.03,1.1,central
IN,s_c1,acidification,4.088933844348602,0.010607455792925645,0.029557541549721573,-0.01895008575679593,4.099541300141527,4.779557541549722,-0.6800162414081949,-14.227598171936785,4.75,4.227997236027568,0.084,0.052018460157408485,synthetic,0.03,1.1,central
IN,s_c1,climate change,4.088933844348602,1.7396706407850706,1.5795646311272247,0.16010600965784594,5.828604485133672,6.329564631127225,-0.5009601459935524,-7.914606693957354,4.75,4.227997236027568,0.084,0.052018460157408485,synthetic,0.03,1.1,central
IN,s_c1,ecotoxicity: freshwater,4.088933844348602,0.5696580159101086,0.21387852000823995,0.35577949590186864,4.65859186025871,4.96387852000824,-0.3052866597495303,-6.1501637987108415,4.75,4.227997236027568,0.084,0.052018460157408485,synthetic,0.03,1.1,central
IN,s_c1,eutrophication,4.088933844348602,0.6546955542331026,0.44747140739821534,0.2072241468348872,4.743629398581704,5.197471407398215,-0.45384200881651093,-8.731977018103468,4.75,4.227997236027568,0.084,0.052018460157408485,synthetic,0.03,1.1,central
IN,s_c1,particulate matter formation,4.088933844348602,3.6315245691445885,6.846547355286029,-3.2150227861414407,7.720458413493191,11.59654735528603,-3.8760889417928386,-33.42450837339969,4.75,4.227997236027568,0.084,0.052018460157408485,synthetic,0.03,1.1,central
IN,s_c1,photochemical oxidant formation,4.088933844348602,0.08456599652131049,0.1248256280314426,-0.04025963151013212,4.173499840869912,4.874825628031442,-0.7013257871615304,-14.386684584751814,4.75,4.227997236027568,0.084,0.052018460157408485,synthetic,0.03,1.1,central
IN,s_c1,_ALL_,4.088933844348602,6.690722232387107,9.241845083400873,-2.5511228510137665,10.779656076735709,13.991845083400873,-3.212189006665165,-22.957579843961557,4.75,4.227997236027568,0.084,0.052018460157408485,synthetic,0.03,1.1,central
IN,s_c2,acidification,4.04127731627614,0.00883574443463205,0.029557541549721573,-0.02072179711508952,4.050113060710772,4.779557541549722,-0.72944448083895,-15.26175748482432,4.75,4.304192136548901,0.084,0.052018460157408485,synthetic,0.03,1.1,central
IN,s_c2,climate change,4.04127731627614,1.7107684928791853,1.5795646311272247,0.13120386175196064,5.752045809155326,6.329564631127225,-0.577518821971899,-9.124147640926282,4.75,4.304192136548901,0.084,0.052018460157408485,synthetic,0.03,1.1,central
IN,s_c2,ecotoxicity: freshwater,4.04127731627614,0.4317215077974507,0.21387852000823995,0.21784298778921077,4.472998824073591,4.96387852000824,-0.4908796959346491,-9.889035236378714,4.75,4.304192136548901,0.084,0.052018460157408485,synthetic,0.03,1.1,central
IN,s_c2,eutrophication,4.04127731627614,0.5032821558037255,0.44747140739821534,0.05581074840551015,4.544559472079866,5.197471407398215,-0.6529119353183486,-12.562107304505359,4.75,4.304192136548901,0.084,0.052018460157408485,synthetic,0.03,1.1,central
IN,s_c2,particulate matter formation,4.04127731627614,2.803115004094156,6.846547355286029,-4.043432351191873,6.8443923203702965,11.59654735528603,-4.752155034915733,-40.97905082713751,4.75,4.304192136548901,0.084,0.052018460157408485,synthetic,0.03,1.1,central
IN,s_c2,photochemical oxidant formation,4.04127731627614,0.0791230626744599,0.1248256280314426,-0.04570256535698271,4.120400378950601,4.874825628031442,-0.7544252490808416,-15.475943277698212,4.75,4.304192136548901,0.084,0.052018460157408485,synthetic,0.03,1.1,central
IN,s_c2,_ALL_,4.04127731627614,5.536845967683609,9.241845083400873,-3.704999115717264,9.57812328395975,13.991845083400873,-4.413721799441124,-31.54495903243891,4.75,4.304192136548901,0.084,0.052018460157408485,synthetic,0.03,1.1,central
IN,s_o1,acidification,5.269053999021339,0.01167491455049936,0.029557541549721567,-0.017882626999222207,5.2807289135718385,4.779557541549721,0.5011713720221174,10.485727343280772,4.75,5.849232572458814,0.084,0.052018460157408485,synthetic,0.03,1.1,central
IN,s_o1,climate change,5.269053999021339,2.15266914648198,1.579564631127225,0.5731045153547549,7.421723145503319,6.329564631127225,1.0921585143760941,17.254875777792524,4.75,5.849232572458814,0.084,0.052018460157408485,synthetic,0.03,1.1,central
IN,s_o1,ecotoxicity: freshwater,5.269053999021339,0.5760471611955222,0.21387852000824,0.3621686411872822,5.845101160216862,4.96387852000824,0.8812226402086214,17.752703589675246,4.75,5.849232572458814,0.084,0.052018460157408485,synthetic,0.03,1.1,central
IN,s_o1,eutrophication,5.269053999021339,0.7278205923796848,0.4474714073982154,0.2803491849814694,5.996874591401024,5.197471407398216,0.7994031840028084,15.38061725293798,4.75,5.849232572458814,0.084,0.052018460157408485,synthetic,0.03,1.1,central
IN,s_o1,particulate matter formation,5.269053999021339,3.6413188257054747,6.846547355286032,-3.205228529580557,8.910372824726814,11.596547355286031,-2.6861745305592173,-23.163571434344064,4.75,5.849232572458814,0.084,0.052018460157408485,synthetic,0.03,1.1,central
IN,s_o1,photochemical oxidant formation,5.269053999021339,0.10710842055709853,0.12482562803144263,-0.017717207474344104,5.376162419578438,4.874825628031442,0.5013367915469953,10.284199472985984,4.75,5.849232572458814,0.084,0.052018460157408485,synthetic,0.03,1.1,central
IN,s_o1,_ALL_,5.269053999021339,7.21663906087026,9.241845083400877,-2.025206022530617,12.485693059891599,13.991845083400877,-1.5061520235092782,-10.764498995890762,4.75,5.849232572458814,0.084,0.052018460157408485,synthetic,0.03,1.1,central
IN,s_o2,acidification,4.294813033715913,0.00641664815354489,0.029557541549721567,-0.023140893396176677,4.301229681869458,4.779557541549721,-0.47832785968026315,-10.007785355068043,4.75,5.111879376956396,0.084,0.052018460157408485,synthetic,0.03,1.1,central
IN,s_o2,climate change,4.294813033715913,1.1673009928855482,1.579564631127225,-0.41226363824167667,5.462114026601461,6.329564631127225,-0.8674506045257635,-13.70474361316823,4.75,5.111879376956396,0.084,0.052018460157408485,synthetic,0.03,1.1,central
IN,s_o2,ecotoxicity: freshwater,4.294813033715913,0.3190563162164383,0.21387852000824,0.10517779620819831,4.613869349932352,4.96387852000824,-0.3500091700758885,-7.051122799743848,4.75,5.111879376956396,0.084,0.052018460157408485,synthetic,0.03,1.1,central
IN,s_o2,eutrophication,4.294813033715913,0.40154391536794715,0.4474714073982154,-0.04592749203026825,4.69635694908386,5.197471407398216,-0.5011144583143556,-9.641504859479483,4.75,5.111879376956396,0.084,0.052018460157408485,synthetic,0.03,1.1,central
IN,s_o2,particulate matter formation,4.294813033715913,2.0072522925515033,6.846547355286032,-4.839295062734529,6.3020653262674164,11.596547355286031,-5.2944820290186145,-45.655675493837755,4.75,5.111879376956396,0.084,0.052018460157408485,synthetic,0.03,1.1,central
IN,s_o2,photochemical oxidant formation,4.294813033715913,0.05841326318060872,0.12482562803144263,-0.0664123648508339,4.353226296896522,4.874825628031442,-0.5215993311349205,-10.699856178149153,4.75,5.111879376956396,0.084,0.052018460157408485,synthetic,0.03,1.1,central
IN,s_o2,_ALL_,4.294813033715913,3.9599834283555904,9.241845083400877,-5.281861655045287,8.254796462071504,13.991845083400877,-5.737048621329373,-41.00280261204063,4.75,5.111879376956396,0.084,0.052018460157408485,synthetic,0.03,1.1,central
KS,s_c1,acidification,3.9139077151620736,0.011481977821473052,0.029557541549721573,-0.01807556372824852,3.9253896929835466,4.779557541549722,-0.8541678485661754,-17.871274509004454,4.75,4.052355608687323,0.0775,0.024115837850752594,synthetic,0.03,1.1,central
KS,s_c1,climate change,3.9139077151620736,1.7651782896477493,1.5795646311272247,0.18561365852052458,5.679086004809823,6.329564631127225,-0.650478626317402,-10.276830465060897,4.75,4.052355608687323,0.0775,0.024115837850752594,synthetic,0.03,1.1,central
KS,s_c1,ecotoxicity: freshwater,3.9139077151620736,0.6892259413122384,0.21387852000823995,0.47534742130399843,4.603133656474312,4.96387852000824,-0.3607448635339283,-7.267399113009104,4.75,4.052355608687323,0.0775,0.024115837850752594,synthetic,0.03,1.1,central
KS,s_c1,eutrophication,3.9139077151620736,1.2760402583027337,0.44747140739821534,0.8285688509045184,5.1899479734648075,5.197471407398215,-0.007523433933407375,-0.14475180994162518,4.75,4.052355608687323,0.0775,0.024115837850752594,synthetic,0.03,1.1,central
KS,s_c1,particulate matter formation,3.9139077151620736,11.012852146658906,6.846547355286029,4.166304791372877,14.92675986182098,11.59654735528603,3.3302125065349504,28.717275965910204,4.75,4.052355608687323,0.0775,0.024115837850752594,synthetic,0.03,1.1,central
KS,s_c1,photochemical oxidant formation,3.9139077151620736,0.08930239658880773,0.1248256280314426,-0.035523231442634876,4.003210111750882,4.874825628031442,-0.8716155162805608,-17.879932181954526,4.75,4.052355608687323,0.0775,0.024115837850752594,synthetic,0.03,1.1,central
KS,s_c1,_ALL_,3.9139077151620736,14.844081010331909,9.241845083400873,5.602235926931035,18.75798872549398,13.991845083400873,4.766143642093107,34.063725074739345,4.75,4.052355608687323,0.0775,0.024115837850752594,synthetic,0.03,1.1,central
KS,s_c2,acidification,3.8630865578852362,0.009645301709221525,0.029557541549721573,-0.01991223984050005,3.8727318595944578,4.779557541549722,-0.9068256819552643,-18.973004803729918,4.75,4.125375529693645,0.0775,0.024115837850752594,synthetic,0.03,1.1,central
KS,s_c2,climate change,3.8630865578852362,1.747400142963525,1.5795646311272247,0.1678355118363004,5.610486700848761,6.329564631127225,-0.7190779302784636,-11.360622288967825,4.75,4.125375529693645,0.0775,0.024115837850752594,synthetic,0.03,1.1,central
KS,s_c2,ecotoxicity: freshwater,3.8630865578852362,0.5314504635121174,0.21387852000823995,0.3175719435038775,4.394537021397354,4.96387852000824,-0.5693414986108865,-11.469690410754477,4.75,4.125375529693645,0.0775,0.024115837850752594,synthetic,0.03,1.1,central
KS,s_c2,eutrophication,3.8630865578852362,1.0010119150097645,0.44747140739821534,0.5535405076115492,4.864098472895001,5.197471407398215,-0.33337293450321415,-6.414136959535409,4.75,4.125375529693645,0.0775,0.024115837850752594,synthetic,0.03,1.1,central
KS,s_c2,particulate matter formation,3.8630865578852362,8.724435758820489,6.846547355286029,1.8778884035344596,12.587522316705725,11.59654735528603,0.9909749614196954,8.545431075810521,4.75,4.125375529693645,0.0775,0.024115837850752594,synthetic,0.03,1.1,central
KS,s_c2,photochemical oxidant formation,3.8630865578852362,0.0848267623782611,0.1248256280314426,-0.0399988656531815,3.9479133202634973,4.874825628031442,-0.9269123077679451,-19.014265914209776,4.75,4.125375529693645,0.0775,0.024115837850752594,synthetic,0.03,1.1,central
KS,s_c2,_ALL_,3.8630865578852362,12.098770344393378,9.241845083400873,2.8569252609925044,15.961856902278614,13.991845083400873,1.9700118188777402,14.079714341712156,4.75,4.125375529693645,0.0775,0.024115837850752594,synthetic,0.03,1.1,central
KS,s_o1,acidification,4.9900052568765725,0.012590334706729161,0.029557541549721567,-0.016967206842992404,5.002595591583302,4.779557541549721,0.22303805003358068,4.666499944705404,4.75,5.5692025254856095,0.0775,0.024115837850752594,synthetic,0.03,1.1,central
KS,s_o1,climate change,4.9900052568765725,2.195605020812442,1.579564631127225,0.6160403896852171,7.1856102776890145,6.329564631127225,0.8560456465617898,13.524558108656798,4.75,5.5692025254856095,0.0775,0.024115837850752594,synthetic,0.03,1.1,central
KS,s_o1,ecotoxicity: freshwater,4.9900052568765725,0.6875430917620505,0.21387852000824,0.4736645717538105,5.677548348638623,4.96387852000824,0.7136698286303824,14.377262170170871,4.75,5.5692025254856095,0.0775,0.024115837850752594,synthetic,0.03,1.1,central
KS,s_o1,eutrophication,4.9900052568765725,1.281628687291006,0.4474714073982154,0.8341572798927908,6.271633944167578,5.197471407398216,1.0741625367693626,20.667021568225884,4.75,5.5692025254856095,0.0775,0.024115837850752594,synthetic,0.03,1.1,central
KS,s_o1,particulate matter formation,4.9900052568765725,10.230925297944694,6.846547355286032,3.384377942658662,15.220930554821265,11.596547355286031,3.6243831995352345,31.25398524659272,4.75,5.5692025254856095,0.0775,0.024115837850752594,synthetic,0.03,1.1,central
KS,s_o1,photochemical oxidant formation,4.9900052568765725,0.11371138349082159,0.12482562803144263,-0.011114244540621043,5.103716640367394,4.874825628031442,0.22889101233595177,4.6953681998341095,4.75,5.5692025254856095,0.0775,0.024115837850752594,synthetic,0.03,1.1,central
KS,s_o1,_ALL_,4.9900052568765725,14.522003816007745,9.241845083400877,5.280158732606868,19.512009072884318,13.991845083400877,5.520163989483441,39.45272375858597,4.75,5.5692025254856095,0.0775,0.024115837850752594,synthetic,0.03,1.1,central
KS,s_o2,acidification,4.016141971069584,0.006913109011643947,0.029557541549721567,-0.02264443253807762,4.023055080081228,4.779557541549721,-0.756502461468493,-15.827876427724835,4.75,4.832228337632088,0.0775,0.024115837850752594,synthetic,0.03,1.1,central
KS,s_o2,climate change,4.016141971069584,1.1900809725960066,1.579564631127225,-0.38948365853121825,5.2062229436655905,6.329564631127225,-1.1233416874616342,-17.747534829446547,4.75,4.832228337632088,0.0775,0.024115837850752594,synthetic,0.03,1.1,central
KS,s_o2,ecotoxicity: freshwater,4.016141971069584,0.37994944789333596,0.21387852000824,0.16607092788509595,4.39609141896292,4.96387852000824,-0.5677871010453206,-11.43837623657998,4.75,4.832228337632088,0.0775,0.024115837850752594,synthetic,0.03,1.1,central
KS,s_o2,eutrophication,4.016141971069584,0.7048987344966007,0.4474714073982154,0.2574273270983853,4.7210407055661845,5.197471407398216,-0.4764307018320313,-9.16658629721113,4.75,4.832228337632088,0.0775,0.024115837850752594,synthetic,0.03,1.1,central
KS,s_o2,particulate matter formation,4.016141971069584,5.61639869546672,6.846547355286032,-1.2301486598193119,9.632540666536304,11.596547355286031,-1.964006688749727,-16.936133045276428,4.75,4.832228337632088,0.0775,0.024115837850752594,synthetic,0.03,1.1,central
KS,s_o2,photochemical oxidant formation,4.016141971069584,0.061943037186917925,0.12482562803144263,-0.06288259084452472,4.078085008256502,4.874825628031442,-0.7967406197749405,-16.343981930214827,4.75,4.832228337632088,0.0775,0.024115837850752594,synthetic,0.03,1.1,central
KS,s_o2,_ALL_,4.016141971069584,7.960183996651225,9.241845083400877,-1.2816610867496516,11.97632596772081,13.991845083400877,-2.0155191156800676,-14.404955913006525,4.75,4.832228337632088,0.0775,0.024115837850752594,synthetic,0.03,1.1,central
KY,s_c1,acidification,4.046501219681889,0.00949397086274,0.029557541549721573,-0.02006357068698157,4.055995190544629,4.779557541549722,-0.7235623510050928,-15.138688983551503,4.75,4.185415392485595,0.06860000000000001,0.060787855739500345,synthetic,0.03,1.1,central
KY,s_c1,climate change,4.046501219681889,1.73638863131722,1.5795646311272247,0.15682400018999543,5.7828898509991085,6.329564631127225,-0.5466747801281162,-8.636846481347321,4.75,4.185415392485595,0.06860000000000001,0.060787855739500345,synthetic,0.03,1.1,central
KY,s_c1,ecotoxicity: freshwater,4.046501219681889,0.5676724373520956,0.21387852000823995,0.3537939173438557,4.614173657033985,4.96387852000824,-0.3497048629742556,-7.044992369669738,4.75,4.185415392485595,0.06860000000000001,0.060787855739500345,synthetic,0.03,1.1,central
KY,s_c1,eutrophication,4.046501219681889,0.6648911155534779,0.44747140739821534,0.21741970815526257,4.711392335235367,5.197471407398215,-0.4860790721628483,-9.35222214923493,4.75,4.185415392485595,0.06860000000000001,0.060787855739500345,synthetic,0.03,1.1,central
KY,s_c1,particulate matter formation,4.046501219681889,3.876711695951933,6.846547355286029,-2.969835659334096,7.9232129156338225,11.59654735528603,-3.6733344396522067,-31.67610433615656,4.75,4.185415392485595,0.06860000000000001,0.060787855739500345,synthetic,0.03,1.1,central
KY,s_c1,photochemical oxidant formation,4.046501219681889,0.08312842990858312,0.1248256280314426,-0.04169719812285949,4.129629649590472,4.874825628031442,-0.7451959784409707,-15.286618133701259,4.75,4.185415392485595,0.06860000000000001,0.060787855739500345,synthetic,0.03,1.1,central
KY,s_c1,_ALL_,4.046501219681889,6.938286280946049,9.241845083400873,-2.303558802454824,10.984787500627938,13.991845083400873,-3.0070575827729353,-21.49150140563189,4.75,4.185415392485595,0.06860000000000001,0.060787855739500345,synthetic,0.03,1.1,central
KY,s_c2,acidification,3.991346954725219,0.007943551567355525,0.029557541549721573,-0.02161398998236605,3.9992905062925743,4.779557541549722,-0.7802670352571477,-16.32508926765958,4.75,4.254086407653548,0.06860000000000001,0.060787855739500345,synthetic,0.03,1.1,central
KY,s_c2,climate change,3.991346954725219,1.7081387442780422,1.5795646311272247,0.12857411315081757,5.699485699003262,6.329564631127225,-0.630078932123963,-9.954538247787085,4.75,4.254086407653548,0.06860000000000001,0.060787855739500345,synthetic,0.03,1.1,central
KY,s_c2,ecotoxicity: freshwater,3.991346954725219,0.4301305396766871,0.21387852000823995,0.21625201966844712,4.421477494401906,4.96387852000824,-0.5424010256063339,-10.926960106296749,4.75,4.254086407653548,0.06860000000000001,0.060787855739500345,synthetic,0.03,1.1,central
KY,s_c2,eutrophication,3.991346954725219,0.5114514689585992,0.44747140739821534,0.06398006156038383,4.502798423683818,5.197471407398215,-0.6946729837143968,-13.365595099293502,4.75,4.254086407653548,0.06860000000000001,0.060787855739500345,synthetic,0.03,1.1,central
KY,s_c2,particulate matter formation,3.991346954725219,2.999574066767834,6.846547355286029,-3.8469732885181953,6.990921021493053,11.59654735528603,-4.605626333792976,-39.71549628255175,4.75,4.254086407653548,0.06860000000000001,0.060787855739500345,synthetic,0.03,1.1,central
KY,s_c2,photochemical oxidant formation,3.991346954725219,0.07797119555588437,0.1248256280314426,-0.04685443247555823,4.069318150281103,4.874825628031442,-0.8055074777503393,-16.523821346931342,4.75,4.254086407653548,0.06860000000000001,0.060787855739500345,synthetic,0.03,1.1,central
KY,s_c2,_ALL_,3.991346954725219,5.735209566804402,9.241845083400873,-3.5066355165964715,9.72655652152962,13.991845083400873,-4.2652885618712535,-30.484103679302088,4.75,4.254086407653548,0.06860000000000001,0.060787855739500345,synthetic,0.03,1.1,central
KY,s_o1,acidification,5.269688755812159,0.010682168579900774,0.029557541549721567,-0.018875372969820794,5.280370924392059,4.779557541549721,0.5008133828423382,10.478237336587327,4.75,5.849869561439965,0.06860000000000001,0.060787855739500345,synthetic,0.03,1.1,central
KY,s_o1,climate change,5.269688755812159,2.1497430164676903,1.579564631127225,0.5701783853404654,7.419431772279849,6.329564631127225,1.0898671411526246,17.218674658805583,4.75,5.849869561439965,0.06860000000000001,0.060787855739500345,synthetic,0.03,1.1,central
KY,s_o1,ecotoxicity: freshwater,5.269688755812159,0.5742768856764406,0.21387852000824,0.3603983656682006,5.8439656414886,4.96387852000824,0.8800871214803596,17.729827954752174,4.75,5.849869561439965,0.06860000000000001,0.060787855739500345,synthetic,0.03,1.1,central
KY,s_o1,eutrophication,5.269688755812159,0.7369106142959274,0.4474714073982154,0.289439206897712,6.006599370108086,5.197471407398216,0.8091279627098702,15.56772321167821,4.75,5.849869561439965,0.06860000000000001,0.060787855739500345,synthetic,0.03,1.1,central
KY,s_o1,particulate matter formation,5.269688755812159,3.8599194781095014,6.846547355286032,-2.9866278771765304,9.12960823392166,11.596547355286031,-2.466939121364371,-21.273048311572417,4.75,5.849869561439965,0.06860000000000001,0.060787855739500345,synthetic,0.03,1.1,central
KY,s_o1,photochemical oxidant formation,5.269688755812159,0.10582673418347677,0.12482562803144263,-0.018998893847965867,5.375515489995636,4.874825628031442,0.5006898619641937,10.270928647890589,4.75,5.849869561439965,0.06860000000000001,0.060787855739500345,synthetic,0.03,1.1,central
KY,s_o1,_ALL_,5.269688755812159,7.437358897312937,9.241845083400877,-1.8044861860879395,12.707047653125096,13.991845083400877,-1.2847974302757805,-9.182473237929074,4.75,5.849869561439965,0.06860000000000001,0.060787855739500345,synthetic,0.03,1.1,central
KY,s_o2,acidification,4.2963426003953336,0.005872870633807136,0.029557541549721567,-0.023684670915914433,4.3022154710291405,4.779557541549721,-0.47734207052058064,-9.987160241736676,4.75,5.113414322521085,0.06860000000000001,0.060787855739500345,synthetic,0.03,1.1,central
KY,s_o2,climate change,4.2963426003953336,1.165698202475187,1.579564631127225,-0.41386642865203793,5.46204080287052,6.329564631127225,-0.8675238282567044,-13.705900465735636,4.75,5.113414322521085,0.06860000000000001,0.060787855739500345,synthetic,0.03,1.1,central
KY,s_o2,ecotoxicity: freshwater,4.2963426003953336,0.31808664617039595,0.21387852000824,0.10420812616215594,4.614429246565729,4.96387852000824,-0.3494492734425112,-7.039843381218183,4.75,5.113414322521085,0.06860000000000001,0.060787855739500345,synthetic,0.03,1.1,central
KY,s_o2,eutrophication,4.2963426003953336,0.4065229832446929,0.4474714073982154,-0.04094842415352251,4.702865583640026,5.197471407398216,-0.4946058237581896,-9.516277916491369,4.75,5.113414322521085,0.06860000000000001,0.060787855739500345,synthetic,0.03,1.1,central
KY,s_o2,particulate matter formation,4.2963426003953336,2.12699100124215,6.846547355286032,-4.719556354043882,6.423333601637483,11.596547355286031,-5.173213753648548,-44.609948074678044,4.75,5.113414322521085,0.06860000000000001,0.060787855739500345,synthetic,0.03,1.1,central
KY,s_o2,photochemical oxidant formation,4.2963426003953336,0.05771121828899411,0.12482562803144263,-0.06711440974244853,4.354053818684328,4.874825628031442,-0.5207718093471145,-10.682880765058528,4.75,5.113414322521085,0.06860000000000001,0.060787855739500345,synthetic,0.03,1.1,central
KY,s_o2,_ALL_,4.2963426003953336,4.080882922055227,9.241845083400877,-5.16096216134565,8.37722552245056,13.991845083400877,-5.614619560950317,-40.12779963959992,4.75,5.113414322521085,0.06860000000000001,0.060787855739500345,synthetic,0.03,1.1,central
LA,s_c1,acidification,4.0424437301026614,0.009871022103671207,0.029557541549721573,-0.019686519446050366,4.052314752206333,4.779557541549722,-0.7272427893433893,-15.215692729322981,4.75,4.181343634309122,0.0661,0.06278090018997577,synthetic,0.03,1.1,central
LA,s_c1,climate change,4.0424437301026614,1.7576093390195402,1.5795646311272247,0.17804470789231552,5.800053069122201,6.329564631127225,-0.5295115620050233,-8.365686944738933,4.75,4.181343634309122,0.0661,0.06278090018997577,synthetic,0.03,1.1,central
LA,s_c1,ecotoxicity: freshwater,4.0424437301026614,0.5686942343163489,0.21387852000823995,0.354815714308109,4.611137964419011,4.96387852000824,-0.35274055558922957,-7.1061480285509475,4.75,4.181343634309122,0.0661,0.06278090018997577,synthetic,0.03,1.1,central
LA,s_c1,eutrophication,4.0424437301026614,0.6661454747518569,0.44747140739821534,0.2186740673536416,4.708589204854518,5.197471407398215,-0.48888220254369674,-9.406154728389831,4.75,4.181343634309122,0.0661,0.06278090018997577,synthetic,0.03,1.1,central
LA,s_c1,particulate matter formation,4.0424437301026614,3.886769471708021,6.846547355286029,-2.9597778835780084,7.929213201810683,11.59654735528603,-3.6673341534753465,-31.6243623306007,4.75,4.181343634309122,0.0661,0.06278090018997577,synthetic,0.03,1.1,central
LA,s_c1,photochemical oxidant formation,4.0424437301026614,0.09093451423362113,0.1248256280314426,-0.033891113797821476,4.133378244336282,4.874825628031442,-0.7414473836951601,-15.20972113200636,4.75,4.181343634309122,0.0661,0.06278090018997577,synthetic,0.03,1.1,central
LA,s_c1,_ALL_,4.0424437301026614,6.980024056133058,9.241845083400873,-2.261821027267815,11.022467786235719,13.991845083400873,-2.9693772971651544,-21.222199641760287,4.75,4.181343634309122,0.0661,0.06278090018997577,synthetic,0.03,1.1,central
LA,s_c2,acidification,3.9860723000673834,0.009304195635739717,0.029557541549721573,-0.020253345913981854,3.9953764957031233,4.779557541549722,-0.7841810458465988,-16.406979914553684,4.75,4.248793227149887,0.0661,0.06278090018997577,synthetic,0.03,1.1,central
LA,s_c2,climate change,3.9860723000673834,1.7831815100308046,1.5795646311272247,0.20361687890357993,5.7692538100981885,6.329564631127225,-0.5603108210290362,-8.852280586149115,4.75,4.248793227149887,0.0661,0.06278090018997577,synthetic,0.03,1.1,central
LA,s_c2,ecotoxicity: freshwater,3.9860723000673834,0.4338932002701148,0.21387852000823995,0.22001468026187485,4.419965500337498,4.96387852000824,-0.5439130196707422,-10.95742003915598,4.75,4.248793227149887,0.0661,0.06278090018997577,synthetic,0.03,1.1,central
LA,s_c2,eutrophication,3.9860723000673834,0.5159743575659534,0.44747140739821534,0.06850295016773811,4.502046657633337,5.197471407398215,-0.6954247497648778,-13.380059172138827,4.75,4.248793227149887,0.0661,0.06278090018997577,synthetic,0.03,1.1,central
LA,s_c2,particulate matter formation,3.9860723000673834,3.0349862121275697,6.846547355286029,-3.8115611431584595,7.021058512194953,11.59654735528603,-4.575488843091076,-39.45561297609362,4.75,4.248793227149887,0.0661,0.06278090018997577,synthetic,0.03,1.1,central
LA,s_c2,photochemical oxidant formation,3.9860723000673834,0.10628480665290271,0.1248256280314426,-0.018540821378539893,4.092357106720286,4.874825628031442,-0.7824685213111566,-16.05121046405785,4.75,4.248793227149887,0.0661,0.06278090018997577,synthetic,0.03,1.1,central
LA,s_c2,_ALL_,3.9860723000673834,5.883624282283085,9.241845083400873,-3.3582208011177883,9.869696582350468,13.991845083400873,-4.122148501050406,-29.461078767522142,4.75,4.248793227149887,0.0661,0.06278090018997577,synthetic,0.03,1.1,central
LA,s_o1,acidification,5.274824533339825,0.012341619252506035,0.029557541549721567,-0.01721592229721553,5.287166152592332,4.779557541549721,0.5076086110426106,10.620410082520396,4.75,5.855023399480095,0.0661,0.06278090018997577,synthetic,0.03,1.1,central
LA,s_o1,climate change,5.274824533339825,2.24149994042906,1.579564631127225,0.6619353093018352,7.5163244737688855,6.329564631127225,1.1867598426416608,18.749470331742423,4.75,5.855023399480095,0.0661,0.06278090018997577,synthetic,0.03,1.1,central
LA,s_o1,ecotoxicity: freshwater,5.274824533339825,0.5788543530005439,0.21387852000824,0.36497583299230385,5.8536788863403695,4.96387852000824,0.8898003663321292,17.92550649145725,4.75,5.855023399480095,0.0661,0.06278090018997577,synthetic,0.03,1.1,central
LA,s_o1,eutrophication,5.274824533339825,0.7424273164244856,0.4474714073982154,0.29495590902627017,6.017251849764311,5.197471407398216,0.8197804423660955,15.772678252721096,4.75,5.855023399480095,0.0661,0.06278090018997577,synthetic,0.03,1.1,central
LA,s_o1,particulate matter formation,5.274824533339825,3.903243075008536,6.846547355286032,-2.943304280277496,9.17806760834836,11.596547355286031,-2.4184797469376704,-20.85517070591929,4.75,5.855023399480095,0.0661,0.06278090018997577,synthetic,0.03,1.1,central
LA,s_o1,photochemical oxidant formation,5.274824533339825,0.1403361978940663,0.12482562803144263,0.015510569862623655,5.415160731233891,4.874825628031442,0.540335103202449,11.084193454949233,4.75,5.855023399480095,0.0661,0.06278090018997577,synthetic,0.03,1.1,central
LA,s_o1,_ALL_,5.274824533339825,7.618702502009197,9.241845083400877,-1.6231425813916802,12.893527035349022,13.991845083400877,-1.0983180480518548,-7.849701318912088,4.75,5.855023399480095,0.0661,0.06278090018997577,synthetic,0.03,1.1,central
LA,s_o2,acidification,4.301623639268552,0.006733617633043289,0.029557541549721567,-0.022823923916678278,4.308357256901595,4.779557541549721,-0.471200284648126,-9.858659102895627,4.75,5.118713932733868,0.0661,0.06278090018997577,synthetic,0.03,1.1,central
LA,s_o2,climate change,4.301623639268552,1.2133173446287189,1.579564631127225,-0.366247286498506,5.5149409838972705,6.329564631127225,-0.8146236472299542,-12.87013712165664,4.75,5.118713932733868,0.0661,0.06278090018997577,synthetic,0.03,1.1,central
LA,s_o2,ecotoxicity: freshwater,4.301623639268552,0.32045970480489544,0.21387852000824,0.10658118479665543,4.622083344073448,4.96387852000824,-0.34179517593479236,-6.885647474189697,4.75,5.118713932733868,0.0661,0.06278090018997577,synthetic,0.03,1.1,central
LA,s_o2,eutrophication,4.301623639268552,0.4093845234994427,0.4474714073982154,-0.03808688389877268,4.711008162767995,5.197471407398216,-0.4864632446302206,-9.359613675561086,4.75,5.118713932733868,0.0661,0.06278090018997577,synthetic,0.03,1.1,central
LA,s_o2,particulate matter formation,4.301623639268552,2.1494772835694107,6.846547355286032,-4.697070071716621,6.451100922837963,11.596547355286031,-5.145446432448068,-44.37050334729698,4.75,5.118713932733868,0.0661,0.06278090018997577,synthetic,0.03,1.1,central
LA,s_o2,photochemical oxidant formation,4.301623639268552,0.07560868334155829,0.12482562803144263,-0.04921694468988434,4.37723232261011,4.874825628031442,-0.49759330542133196,-10.207407267247643,4.75,5.118713932733868,0.0661,0.06278090018997577,synthetic,0.03,1.1,central
LA,s_o2,_ALL_,4.301623639268552,4.174981157477069,9.241845083400877,-5.0668639259238075,8.476604796745622,13.991845083400877,-5.515240286655255,-39.41753395481929,4.75,5.118713932733868,0.0661,0.06278090018997577,synthetic,0.03,1.1,central
MA,s_c1,acidification,4.658091539734897,0.007243559588313006,0.029557541549721573,-0.022313981961408567,4.665335099323211,4.779557541549722,-0.11422244222651123,-2.3898120533867617,4.75,4.799156435483875,0.1889,0.04863028459160027,synthetic,0.03,1.1,central
MA,s_c1,climate change,4.658091539734897,1.2406723504968242,1.5795646311272247,-0.33889228063040044,5.898763890231722,6.329564631127225,-0.4308007408955028,-6.806167027301244,4.75,4.799156435483875,0.1889,0.04863028459160027,synthetic,0.03,1.1,central
MA,s_c1,ecotoxicity: freshwater,4.658091539734897,0.5156157560992968,0.21387852000823995,0.30173723609105685,5.173707295834194,4.96387852000824,0.2098287758259536,4.2271134351935205,4.75,4.799156435483875,0.1889,0.04863028459160027,synthetic,0.03,1.1,central
MA,s_c1,eutrophication,4.658091539734897,0.3966937873591618,0.44747140739821534,-0.05077762003905356,5.054785327094059,5.197471407398215,-0.14268608030415564,-2.745298032829052,4.75,4.799156435483875,0.1889,0.04863028459160027,synthetic,0.03,1.1,central
MA,s_c1,particulate matter formation,4.658091539734897,2.2053800163677346,6.846547355286029,-4.641167338918295,6.863471556102632,11.59654735528603,-4.733075799183397,-40.81452568747481,4.75,4.799156435483875,0.1889,0.04863028459160027,synthetic,0.03,1.1,central
MA,s_c1,photochemical oxidant formation,4.658091539734897,0.06982055221827471,0.1248256280314426,-0.055005075813167895,4.727912091953172,4.874825628031442,-0.1469135360782703,-3.013718793006286,4.75,4.799156435483875,0.1889,0.04863028459160027,synthetic,0.03,1.1,central
MA,s_c1,_ALL_,4.658091539734897,4.4354260221296045,9.241845083400873,-4.806419061271269,9.093517561864502,13.991845083400873,-4.8983275215363715,-35.00844593646529,4.75,4.799156435483875,0.1889,0.04863028459160027,synthetic,0.03,1.1,central
MA,s_c2,acidification,4.661507258360714,0.006139926301980664,0.029557541549721573,-0.02341761524774091,4.667647184662695,4.779557541549722,-0.11191035688702744,-2.341437589445605,4.75,4.926600474192842,0.1889,0.04863028459160027,synthetic,0.03,1.1,central
MA,s_c2,climate change,4.661507258360714,1.3107989916824505,1.5795646311272247,-0.26876563944477416,5.9723062500431645,6.329564631127225,-0.35725838108406016,-5.644280482217565,4.75,4.926600474192842,0.1889,0.04863028459160027,synthetic,0.03,1.1,central
MA,s_c2,ecotoxicity: freshwater,4.661507258360714,0.38842047833782334,0.21387852000823995,0.17454195832958339,5.049927736698537,4.96387852000824,0.08604921669029686,1.733507706593795,4.75,4.926600474192842,0.1889,0.04863028459160027,synthetic,0.03,1.1,central
MA,s_c2,eutrophication,4.661507258360714,0.2965536696527709,0.44747140739821534,-0.15091773774544442,4.958060928013484,5.197471407398215,-0.23941047938473048,-4.606287569835351,4.75,4.926600474192842,0.1889,0.04863028459160027,synthetic,0.03,1.1,central
MA,s_c2,particulate matter formation,4.661507258360714,1.6603632593632853,6.846547355286029,-5.186184095922744,6.321870517723999,11.59654735528603,-5.27467683756203,-45.48489025190489,4.75,4.926600474192842,0.1889,0.04863028459160027,synthetic,0.03,1.1,central
MA,s_c2,photochemical oxidant formation,4.661507258360714,0.06730237851019835,0.1248256280314426,-0.057523249521244255,4.728809636870912,4.874825628031442,-0.14601599116053077,-2.9953069566407264,4.75,4.926600474192842,0.1889,0.04863028459160027,synthetic,0.03,1.1,central
MA,s_c2,_ALL_,4.661507258360714,3.7295787038485093,9.241845083400873,-5.512266379552364,8.391085962209223,13.991845083400873,-5.6007591211916505,-40.028738796115405,4.75,4.926600474192842,0.1889,0.04863028459160027,synthetic,0.03,1.1,central
MA,s_o1,acidification,5.762719123793858,0.00867894533134583,0.029557541549721567,-0.020878596218375737,5.771398069125204,4.779557541549721,0.9918405275754827,20.75172270556845,4.75,6.344633723585901,0.1889,0.04863028459160027,synthetic,0.03,1.1,central
MA,s_o1,climate change,5.762719123793858,1.7087586778009163,1.579564631127225,0.1291940466736914,7.471477801594775,6.329564631127225,1.14191317046755,18.040943366813966,4.75,6.344633723585901,0.1889,0.04863028459160027,synthetic,0.03,1.1,central
MA,s_o1,ecotoxicity: freshwater,5.762719123793858,0.5278581919313156,0.21387852000824,0.3139796719230755,6.290577315725174,4.96387852000824,1.3266987957169336,26.727060107722608,4.75,6.344633723585901,0.1889,0.04863028459160027,synthetic,0.03,1.1,central
MA,s_o1,eutrophication,5.762719123793858,0.49780553455121573,0.4474714073982154,0.05033412715300034,6.260524658345074,5.197471407398216,1.063053250946858,20.45327751940454,4.75,6.344633723585901,0.1889,0.04863028459160027,synthetic,0.03,1.1,central
MA,s_o1,particulate matter formation,5.762719123793858,2.370070411525469,6.846547355286032,-4.476476943760563,8.132789535319327,11.596547355286031,-3.4637578199667036,-29.86887143083864,4.75,6.344633723585901,0.1889,0.04863028459160027,synthetic,0.03,1.1,central
MA,s_o1,photochemical oxidant formation,5.762719123793858,0.09400157264608354,0.12482562803144263,-0.030824055385359095,5.856720696439942,4.874825628031442,0.9818950684084999,20.142157757651116,4.75,6.344633723585901,0.1889,0.04863028459160027,synthetic,0.03,1.1,central
MA,s_o1,_ALL_,5.762719123793858,5.207173333786346,9.241845083400877,-4.034671749614531,10.969892457580205,13.991845083400877,-3.0219526258206724,-21.597956579763334,4.75,6.344633723585901,0.1889,0.04863028459160027,synthetic,0.03,1.1,central
MA,s_o2,acidification,4.782382992429069,0.004775664598893098,0.029557541549721567,-0.02478187695082847,4.787158657027962,4.779557541549721,0.007601115478240494,0.1590338731600648,4.75,5.6011639277189955,0.1889,0.04863028459160027,synthetic,0.03,1.1,central
MA,s_o2,climate change,4.782382992429069,0.9241675946370899,1.579564631127225,-0.655397036490135,5.706550587066158,6.329564631127225,-0.6230140440610663,-9.842920964851803,4.75,5.6011639277189955,0.1889,0.04863028459160027,synthetic,0.03,1.1,central
MA,s_o2,ecotoxicity: freshwater,4.782382992429069,0.29266063427854083,0.21387852000824,0.07878211427030082,5.075043626707609,4.96387852000824,0.11116510669936908,2.2394808062141,4.75,5.6011639277189955,0.1889,0.04863028459160027,synthetic,0.03,1.1,central
MA,s_o2,eutrophication,4.782382992429069,0.2755531627603797,0.4474714073982154,-0.17191824463783567,5.057936155189449,5.197471407398216,-0.13953525220876717,-2.684675706154902,4.75,5.6011639277189955,0.1889,0.04863028459160027,synthetic,0.03,1.1,central
MA,s_o2,particulate matter formation,4.782382992429069,1.3109297291828033,6.846547355286032,-5.535617626103228,6.093312721611872,11.596547355286031,-5.503234633674159,-47.4558027063601,4.75,5.6011639277189955,0.1889,0.04863028459160027,synthetic,0.03,1.1,central
MA,s_o2,photochemical oxidant formation,4.782382992429069,0.0512347437970264,0.12482562803144263,-0.07359088423441623,4.8336177362260955,4.874825628031442,-0.0412078918053469,-0.8453203242469108,4.75,5.6011639277189955,0.1889,0.04863028459160027,synthetic,0.03,1.1,central
MA,s_o2,_ALL_,4.782382992429069,2.859321529254733,9.241845083400877,-6.382523554146144,7.641704521683802,13.991845083400877,-6.350140561717075,-45.38458311870904,4.75,5.6011639277189955,0.1889,0.04863028459160027,synthetic,0.03,1.1,central
MD,s_c1,acidification,4.368301172848859,0.010614567576104638,0.029557541549721573,-0.018942973973616935,4.378915740424964,4.779557541549722,-0.4006418011247579,-8.382403551832832,4.75,4.5083469896940045,0.1333,0.05281567793759866,synthetic,0.03,1.1,central
MD,s_c1,climate change,4.368301172848859,1.7418698481693882,1.5795646311272247,0.1623052170421635,6.110171021018248,6.329564631127225,-0.21939361010897684,-3.4661722076436923,4.75,4.5083469896940045,0.1333,0.05281567793759866,synthetic,0.03,1.1,central
MD,s_c1,ecotoxicity: freshwater,4.368301172848859,0.5696429864711543,0.21387852000823995,0.3557644664629144,4.937944159320014,4.96387852000824,-0.0259343606882263,-0.5224616312363592,4.75,4.5083469896940045,0.1333,0.05281567793759866,synthetic,0.03,1.1,central
MD,s_c1,eutrophication,4.368301172848859,0.6547195715229339,0.44747140739821534,0.20724816412471858,5.023020744371793,5.197471407398215,-0.17445066302642154,-3.35645257765351,4.75,4.5083469896940045,0.1333,0.05281567793759866,synthetic,0.03,1.1,central
MD,s_c1,particulate matter formation,4.368301172848859,3.6320956899574277,6.846547355286029,-3.2144516653286015,8.000396862806287,11.59654735528603,-3.596150492479742,-31.010527377707092,4.75,4.5083469896940045,0.1333,0.05281567793759866,synthetic,0.03,1.1,central
MD,s_c1,photochemical oxidant formation,4.368301172848859,0.08465510540652815,0.1248256280314426,-0.040170522624914454,4.452956278255388,4.874825628031442,-0.4218693497760544,-8.654039794781626,4.75,4.5083469896940045,0.1333,0.05281567793759866,synthetic,0.03,1.1,central
MD,s_c1,_ALL_,4.368301172848859,6.693597769103538,9.241845083400873,-2.5482473142973356,11.061898941952396,13.991845083400873,-2.929946141448477,-20.94038437378354,4.75,4.5083469896940045,0.1333,0.05281567793759866,synthetic,0.03,1.1,central
MD,s_c2,acidification,4.3446471401264946,0.008840986011642338,0.029557541549721573,-0.020716555538079235,4.353488126138137,4.779557541549722,-0.42606941541158516,-8.914411254758878,4.75,4.608627467612435,0.1333,0.05281567793759866,synthetic,0.03,1.1,central
MD,s_c2,climate change,4.3446471401264946,1.7123893683440825,1.5795646311272247,0.13282473721685784,6.057036508470577,6.329564631127225,-0.27252812265664783,-4.3056377261150365,4.75,4.608627467612435,0.1333,0.05281567793759866,synthetic,0.03,1.1,central
MD,s_c2,ecotoxicity: freshwater,4.3446471401264946,0.4317104306934788,0.21387852000823995,0.21783191068523886,4.7763575708199735,4.96387852000824,-0.18752094918826678,-3.7777102810315246,4.75,4.608627467612435,0.1333,0.05281567793759866,synthetic,0.03,1.1,central
MD,s_c2,eutrophication,4.3446471401264946,0.5032998571974632,0.44747140739821534,0.05582844979924784,4.847946997323958,5.197471407398215,-0.34952441007425694,-6.724893369817001,4.75,4.608627467612435,0.1333,0.05281567793759866,synthetic,0.03,1.1,central
MD,s_c2,particulate matter formation,4.3446471401264946,2.8035359356168597,6.846547355286029,-4.0430114196691695,7.148183075743354,11.59654735528603,-4.448364279542675,-38.359385283025524,4.75,4.608627467612435,0.1333,0.05281567793759866,synthetic,0.03,1.1,central
MD,s_c2,photochemical oxidant formation,4.3446471401264946,0.07918873833869403,0.1248256280314426,-0.04563688969274858,4.423835878465189,4.874825628031442,-0.4509897495662534,-9.251402695779554,4.75,4.608627467612435,0.1333,0.05281567793759866,synthetic,0.03,1.1,central
MD,s_c2,_ALL_,4.3446471401264946,5.538965316202221,9.241845083400873,-3.7028797671986524,9.883612456328716,13.991845083400873,-4.108232627072157,-29.361621734548287,4.75,4.608627467612435,0.1333,0.05281567793759866,synthetic,0.03,1.1,central
MD,s_o1,acidification,5.522181495451664,0.011684423453243581,0.029557541549721567,-0.017873118096477986,5.533865918904908,4.779557541549721,0.7543083773551871,15.781970837212905,4.75,6.103250218877092,0.1333,0.05281567793759866,synthetic,0.03,1.1,central
MD,s_o1,climate change,5.522181495451664,2.155609625487812,1.579564631127225,0.576044994360587,7.677791120939476,6.329564631127225,1.3482264898122516,21.300461696559804,4.75,6.103250218877092,0.1333,0.05281567793759866,synthetic,0.03,1.1,central
MD,s_o1,ecotoxicity: freshwater,5.522181495451664,0.576027065887536,0.21387852000824,0.362148545879296,6.0982085613392005,4.96387852000824,1.1343300413309603,22.85168818613791,4.75,6.103250218877092,0.1333,0.05281567793759866,synthetic,0.03,1.1,central
MD,s_o1,eutrophication,5.522181495451664,0.7278527050112764,0.4474714073982154,0.280381297613061,6.250034200462941,5.197471407398216,1.052562793064725,20.251439797561556,4.75,6.103250218877092,0.1333,0.05281567793759866,synthetic,0.03,1.1,central
MD,s_o1,particulate matter formation,5.522181495451664,3.642082450260359,6.846547355286032,-3.204464905025673,9.164263945712023,11.596547355286031,-2.4322834095740085,-20.97420322666389,4.75,6.103250218877092,0.1333,0.05281567793759866,synthetic,0.03,1.1,central
MD,s_o1,photochemical oxidant formation,5.522181495451664,0.10722756475790649,0.12482562803144263,-0.01759806327353615,5.6294090602095705,4.874825628031442,0.7545834321781282,15.479188175246485,4.75,6.103250218877092,0.1333,0.05281567793759866,synthetic,0.03,1.1,central
MD,s_o1,_ALL_,5.522181495451664,7.220483834858133,9.241845083400877,-2.0213612485427443,12.742665330309798,13.991845083400877,-1.249179753091079,-8.927912978203528,4.75,6.103250218877092,0.1333,0.05281567793759866,synthetic,0.03,1.1,central
MD,s_o2,acidification,4.545075976411953,0.0064219180082786,0.029557541549721567,-0.023135623541442968,4.551497894420232,4.779557541549721,-0.22805964712948956,-4.771564002460856,4.75,5.363022396129972,0.1333,0.05281567793759866,synthetic,0.03,1.1,central
MD,s_o2,climate change,4.545075976411953,1.1689306127928145,1.579564631127225,-0.4106340183344104,5.714006589204767,6.329564631127225,-0.6155580419224576,-9.725124519549041,4.75,5.363022396129972,0.1333,0.05281567793759866,synthetic,0.03,1.1,central
MD,s_o2,ecotoxicity: freshwater,4.545075976411953,0.3190451793527259,0.21387852000824,0.10516665934448591,4.864121155764678,4.96387852000824,-0.09975736424356185,-2.0096657047803066,4.75,5.363022396129972,0.1333,0.05281567793759866,synthetic,0.03,1.1,central
MD,s_o2,eutrophication,4.545075976411953,0.4015617122587301,0.4474714073982154,-0.045909695139485285,4.946637688670683,5.197471407398216,-0.2508337187275327,-4.826072123657851,4.75,5.363022396129972,0.1333,0.05281567793759866,synthetic,0.03,1.1,central
MD,s_o2,particulate matter formation,4.545075976411953,2.00767549495283,6.846547355286032,-4.838871860333201,6.5527514713647825,11.596547355286031,-5.0437958839212484,-43.49394461466279,4.75,5.363022396129972,0.1333,0.05281567793759866,synthetic,0.03,1.1,central
MD,s_o2,photochemical oxidant formation,4.545075976411953,0.05847929315772704,0.12482562803144263,-0.06634633487371559,4.6035552695696795,4.874825628031442,-0.27127035846176284,-5.564719215840086,4.75,5.363022396129972,0.1333,0.05281567793759866,synthetic,0.03,1.1,central
MD,s_o2,_ALL_,4.545075976411953,3.9621142105231066,9.241845083400877,-5.279730872877771,8.507190186935059,13.991845083400877,-5.484654896465818,-39.19893955210023,4.75,5.363022396129972,0.1333,0.05281567793759866,synthetic,0.03,1.1,central
ME,s_c1,acidification,4.59775307012503,0.007243559588313006,0.029557541549721573,-0.022313981961408567,4.604996629713344,4.779557541549722,-0.17456091183637845,-3.652239989138804,4.75,4.738605779174604,0.1632,0.0653718579755938,synthetic,0.03,1.1,central
ME,s_c1,climate change,4.59775307012503,1.2406723504968242,1.5795646311272247,-0.33889228063040044,5.838425420621855,6.329564631127225,-0.49113921050537,-7.759446962435134,4.75,4.738605779174604,0.1632,0.0653718579755938,synthetic,0.03,1.1,central
ME,s_c1,ecotoxicity: freshwater,4.59775307012503,0.5156157560992968,0.21387852000823995,0.30173723609105685,5.113368826224327,4.96387852000824,0.1494903062160864,3.011562543553911,4.75,4.738605779174604,0.1632,0.0653718579755938,synthetic,0.03,1.1,central
ME,s_c1,eutrophication,4.59775307012503,0.3966937873591618,0.44747140739821534,-0.05077762003905356,4.994446857484192,5.197471407398215,-0.20302454991402286,-3.9062177355133203,4.75,4.738605779174604,0.1632,0.0653718579755938,synthetic,0.03,1.1,central
ME,s_c1,particulate matter formation,4.59775307012503,2.2053800163677346,6.846547355286029,-4.641167338918295,6.803133086492765,11.59654735528603,-4.793414268793264,-41.33483977546379,4.75,4.738605779174604,0.1632,0.0653718579755938,synthetic,0.03,1.1,central
ME,s_c1,photochemical oxidant formation,4.59775307012503,0.06982055221827471,0.1248256280314426,-0.055005075813167895,4.667573622343305,4.874825628031442,-0.2072520056881375,-4.251475262958897,4.75,4.738605779174604,0.1632,0.0653718579755938,synthetic,0.03,1.1,central
ME,s_c1,_ALL_,4.59775307012503,4.4354260221296045,9.241845083400873,-4.806419061271269,9.033179092254635,13.991845083400873,-4.958665991146239,-35.43968619999171,4.75,4.738605779174604,0.1632,0.0653718579755938,synthetic,0.03,1.1,central
ME,s_c2,acidification,4.588656331742785,0.006139926301980664,0.029557541549721573,-0.02341761524774091,4.594796258044766,4.779557541549722,-0.18476128350495635,-3.8656566407828916,4.75,4.853493677736532,0.1632,0.0653718579755938,synthetic,0.03,1.1,central
ME,s_c2,climate change,4.588656331742785,1.3107989916824505,1.5795646311272247,-0.26876563944477416,5.899455323425235,6.329564631127225,-0.43010930770198996,-6.795243160751047,4.75,4.853493677736532,0.1632,0.0653718579755938,synthetic,0.03,1.1,central
ME,s_c2,ecotoxicity: freshwater,4.588656331742785,0.38842047833782334,0.21387852000823995,0.17454195832958339,4.977076810080608,4.96387852000824,0.013198290072367946,0.26588664527483313,4.75,4.853493677736532,0.1632,0.0653718579755938,synthetic,0.03,1.1,central
ME,s_c2,eutrophication,4.588656331742785,0.2965536696527709,0.44747140739821534,-0.15091773774544442,4.8852100013955555,5.197471407398215,-0.3122614060026594,-6.007948510465655,4.75,4.853493677736532,0.1632,0.0653718579755938,synthetic,0.03,1.1,central
ME,s_c2,particulate matter formation,4.588656331742785,1.6603632593632853,6.846547355286029,-5.186184095922744,6.2490195911060695,11.59654735528603,-5.34752776417996,-46.11310246357428,4.75,4.853493677736532,0.1632,0.0653718579755938,synthetic,0.03,1.1,central
ME,s_c2,photochemical oxidant formation,4.588656331742785,0.06730237851019835,0.1248256280314426,-0.057523249521244255,4.655958710252983,4.874825628031442,-0.21886691777845968,-4.489738392280562,4.75,4.853493677736532,0.1632,0.0653718579755938,synthetic,0.03,1.1,central
ME,s_c2,_ALL_,4.588656331742785,3.7295787038485093,9.241845083400873,-5.512266379552364,8.318235035591293,13.991845083400873,-5.67361004780958,-40.54940584312521,4.75,4.853493677736532,0.1632,0.0653718579755938,synthetic,0.03,1.1,central
ME,s_o1,acidification,5.782399536309144,0.00867894533134583,0.029557541549721567,-0.020878596218375737,5.791078481640489,4.779557541549721,1.0115209400907679,21.16348493134352,4.75,6.36438334438243,0.1632,0.0653718579755938,synthetic,0.03,1.1,central
ME,s_o1,climate change,5.782399536309144,1.7087586778009163,1.579564631127225,0.1291940466736914,7.49115821411006,6.329564631127225,1.1615935829828352,18.351871742811614,4.75,6.36438334438243,0.1632,0.0653718579755938,synthetic,0.03,1.1,central
ME,s_o1,ecotoxicity: freshwater,5.782399536309144,0.5278581919313156,0.21387852000824,0.3139796719230755,6.310257728240459,4.96387852000824,1.3463792082322188,27.12353259261437,4.75,6.36438334438243,0.1632,0.0653718579755938,synthetic,0.03,1.1,central
ME,s_o1,eutrophication,5.782399536309144,0.49780553455121573,0.4474714073982154,0.05033412715300034,6.280205070860359,5.197471407398216,1.0827336634621432,20.83193111790768,4.75,6.36438334438243,0.1632,0.0653718579755938,synthetic,0.03,1.1,central
ME,s_o1,particulate matter formation,5.782399536309144,2.370070411525469,6.846547355286032,-4.476476943760563,8.152469947834613,11.596547355286031,-3.4440774074514184,-29.699162189697017,4.75,6.36438334438243,0.1632,0.0653718579755938,synthetic,0.03,1.1,central
ME,s_o1,photochemical oxidant formation,5.782399536309144,0.09400157264608354,0.12482562803144263,-0.030824055385359095,5.8764011089552275,4.874825628031442,1.0015754809237851,20.54587296752689,4.75,6.36438334438243,0.1632,0.0653718579755938,synthetic,0.03,1.1,central
ME,s_o1,_ALL_,5.782399536309144,5.207173333786346,9.241845083400877,-4.034671749614531,10.98957287009549,13.991845083400877,-3.002272213305387,-21.457300273193496,4.75,6.36438334438243,0.1632,0.0653718579755938,synthetic,0.03,1.1,central
ME,s_o2,acidification,4.80355669157663,0.004775664598893098,0.029557541549721567,-0.02478187695082847,4.808332356175523,4.779557541549721,0.02877481462580178,0.6020392970616241,4.75,5.622412086450391,0.1632,0.0653718579755938,synthetic,0.03,1.1,central
ME,s_o2,climate change,4.80355669157663,0.9241675946370899,1.579564631127225,-0.655397036490135,5.72772428621372,6.329564631127225,-0.601840344913505,-9.508400340108762,4.75,5.622412086450391,0.1632,0.0653718579755938,synthetic,0.03,1.1,central
ME,s_o2,ecotoxicity: freshwater,4.80355669157663,0.29266063427854083,0.21387852000824,0.07878211427030082,5.096217325855171,4.96387852000824,0.13233880584693036,2.666036352692827,4.75,5.622412086450391,0.1632,0.0653718579755938,synthetic,0.03,1.1,central
ME,s_o2,eutrophication,4.80355669157663,0.2755531627603797,0.4474714073982154,-0.17191824463783567,5.07910985433701,5.197471407398216,-0.11836155306120588,-2.277291086060175,4.75,5.622412086450391,0.1632,0.0653718579755938,synthetic,0.03,1.1,central
ME,s_o2,particulate matter formation,4.80355669157663,1.3109297291828033,6.846547355286032,-5.535617626103228,6.114486420759434,11.596547355286031,-5.482060934526597,-47.2732164718641,4.75,5.622412086450391,0.1632,0.0653718579755938,synthetic,0.03,1.1,central
ME,s_o2,photochemical oxidant formation,4.80355669157663,0.0512347437970264,0.12482562803144263,-0.07359088423441623,4.854791435373657,4.874825628031442,-0.02003419265778561,-0.4109724980229876,4.75,5.622412086450391,0.1632,0.0653718579755938,synthetic,0.03,1.1,central
ME,s_o2,_ALL_,4.80355669157663,2.859321529254733,9.241845083400877,-6.382523554146144,7.662878220831363,13.991845083400877,-6.328966862569514,-45.23325426235485,4.75,5.622412086450391,0.1632,0.0653718579755938,synthetic,0.03,1.1,central
MI,s_c1,acidification,4.129198946173914,0.010607455792925645,0.029557541549721573,-0.01895008575679593,4.1398064019668395,4.779557541549722,-0.6397511395828825,-13.385154044519567,4.75,4.2684039344016105,0.085,0.05899411573407246,synthetic,0.03,1.1,central
MI,s_c1,climate change,4.129198946173914,1.7396706407850706,1.5795646311272247,0.16010600965784594,5.868869586958985,6.329564631127225,-0.46069504416824003,-7.278463385975338,4.75,4.2684039344016105,0.085,0.05899411573407246,synthetic,0.03,1.1,central
MI,s_c1,ecotoxicity: freshwater,4.129198946173914,0.5696580159101086,0.21387852000823995,0.35577949590186864,4.698856962084022,4.96387852000824,-0.2650215579242179,-5.339001687006997,4.75,4.2684039344016105,0.085,0.05899411573407246,synthetic,0.03,1.1,central
MI,s_c1,eutrophication,4.129198946173914,0.6546955542331026,0.44747140739821534,0.2072241468348872,4.783894500407016,5.197471407398215,-0.41357690699119853,-7.957271422455591,4.75,4.2684039344016105,0.085,0.05899411573407246,synthetic,0.03,1.1,central
MI,s_c1,particulate matter formation,4.129198946173914,3.6315245691445885,6.846547355286029,-3.2150227861414407,7.760723515318503,11.59654735528603,-3.835823839967526,-33.07729208055233,4.75,4.2684039344016105,0.085,0.05899411573407246,synthetic,0.03,1.1,central
MI,s_c1,photochemical oxidant formation,4.129198946173914,0.08456599652131049,0.1248256280314426,-0.04025963151013212,4.213764942695224,4.874825628031442,-0.661060685336218,-13.560704233910583,4.75,4.2684039344016105,0.085,0.05899411573407246,synthetic,0.03,1.1,central
MI,s_c1,_ALL_,4.129198946173914,6.690722232387107,9.241845083400873,-2.5511228510137665,10.819921178561021,13.991845083400873,-3.1719239048398524,-22.669804346267686,4.75,4.2684039344016105,0.085,0.05899411573407246,synthetic,0.03,1.1,central
MI,s_c2,acidification,4.082029284132893,0.00883574443463205,0.029557541549721573,-0.02072179711508952,4.090865028567524,4.779557541549722,-0.6886925129821977,-14.409126932676203,4.75,4.345087235041231,0.085,0.05899411573407246,synthetic,0.03,1.1,central
MI,s_c2,climate change,4.082029284132893,1.7107684928791853,1.5795646311272247,0.13120386175196064,5.792797777012078,6.329564631127225,-0.5367668541151467,-8.48031239740346,4.75,4.345087235041231,0.085,0.05899411573407246,synthetic,0.03,1.1,central
MI,s_c2,ecotoxicity: freshwater,4.082029284132893,0.4317215077974507,0.21387852000823995,0.21784298778921077,4.5137507919303435,4.96387852000824,-0.4501277280778968,-9.068064946866379,4.75,4.345087235041231,0.085,0.05899411573407246,synthetic,0.03,1.1,central
MI,s_c2,eutrophication,4.082029284132893,0.5032821558037255,0.44747140739821534,0.05581074840551015,4.585311439936618,5.197471407398215,-0.6121599674615972,-11.778034345513337,4.75,4.345087235041231,0.085,0.05899411573407246,synthetic,0.03,1.1,central
MI,s_c2,particulate matter formation,4.082029284132893,2.803115004094156,6.846547355286029,-4.043432351191873,6.885144288227049,11.59654735528603,-4.71140306705898,-40.62763616371895,4.75,4.345087235041231,0.085,0.05899411573407246,synthetic,0.03,1.1,central
MI,s_c2,photochemical oxidant formation,4.082029284132893,0.0791230626744599,0.1248256280314426,-0.04570256535698271,4.161152346807352,4.874825628031442,-0.7136732812240902,-14.639975574106566,4.75,4.345087235041231,0.085,0.05899411573407246,synthetic,0.03,1.1,central
MI,s_c2,_ALL_,4.082029284132893,5.536845967683609,9.241845083400873,-3.704999115717264,9.618875251816501,13.991845083400873,-4.372969831584372,-31.253703893364385,4.75,4.345087235041231,0.085,0.05899411573407246,synthetic,0.03,1.1,central
MI,s_o1,acidification,5.335696487919615,0.01167491455049936,0.029557541549721567,-0.017882626999222207,5.347371402470115,4.779557541549721,0.5678138609203938,11.880050736585256,4.75,5.9161094168164015,0.085,0.05899411573407246,synthetic,0.03,1.1,central
MI,s_o1,climate change,5.335696487919615,2.15266914648198,1.579564631127225,0.5731045153547549,7.488365634401595,6.329564631127225,1.1588010032743705,18.30775212525164,4.75,5.9161094168164015,0.085,0.05899411573407246,synthetic,0.03,1.1,central
MI,s_o1,ecotoxicity: freshwater,5.335696487919615,0.5760471611955224,0.21387852000824,0.3621686411872823,5.911743649115138,4.96387852000824,0.9478651291068978,19.095252337185002,4.75,5.9161094168164015,0.085,0.05899411573407246,synthetic,0.03,1.1,central
MI,s_o1,eutrophication,5.335696487919615,0.7278205923796848,0.4474714073982154,0.2803491849814694,6.063517080299301,5.197471407398216,0.8660456729010848,16.662827075264577,4.75,5.9161094168164015,0.085,0.05899411573407246,synthetic,0.03,1.1,central
MI,s_o1,particulate matter formation,5.335696487919615,3.6413188257054747,6.846547355286032,-3.205228529580557,8.97701531362509,11.596547355286031,-2.619532041660941,-22.58889617233258,4.75,5.9161094168164015,0.085,0.05899411573407246,synthetic,0.03,1.1,central
MI,s_o1,photochemical oxidant formation,5.335696487919615,0.10710842055709853,0.12482562803144263,-0.017717207474344104,5.442804908476714,4.874825628031442,0.5679792804452717,11.6512737846304,4.75,5.9161094168164015,0.085,0.05899411573407246,synthetic,0.03,1.1,central
MI,s_o1,_ALL_,5.335696487919615,7.21663906087026,9.241845083400877,-2.025206022530617,12.552335548789875,13.991845083400877,-1.4395095346110018,-10.288203778919433,4.75,5.9161094168164015,0.085,0.05899411573407246,synthetic,0.03,1.1,central
MI,s_o2,acidification,4.36139741807597,0.006416648153544892,0.029557541549721567,-0.023140893396176674,4.367814066229514,4.779557541549721,-0.4117434753202067,-8.614677650406595,4.75,5.178697912444924,0.085,0.05899411573407246,synthetic,0.03,1.1,central
MI,s_o2,climate change,4.36139741807597,1.1673009928855482,1.579564631127225,-0.41226363824167667,5.528698410961518,6.329564631127225,-0.8008662201657071,-12.652785252041605,4.75,5.178697912444924,0.085,0.05899411573407246,synthetic,0.03,1.1,central
MI,s_o2,ecotoxicity: freshwater,4.36139741807597,0.3190563162164383,0.21387852000824,0.10517779620819831,4.680453734292408,4.96387852000824,-0.2834247857158321,-5.709744599377537,4.75,5.178697912444924,0.085,0.05899411573407246,synthetic,0.03,1.1,central
MI,s_o2,eutrophication,4.36139741807597,0.40154391536794715,0.4474714073982154,-0.04592749203026825,4.762941333443917,5.197471407398216,-0.4345300739542992,-8.360412975736198,4.75,5.178697912444924,0.085,0.05899411573407246,synthetic,0.03,1.1,central
MI,s_o2,particulate matter formation,4.36139741807597,2.0072522925515033,6.846547355286032,-4.839295062734529,6.368649710627473,11.596547355286031,-5.227897644658558,-45.08150128215133,4.75,5.178697912444924,0.085,0.05899411573407246,synthetic,0.03,1.1,central
MI,s_o2,photochemical oxidant formation,4.36139741807597,0.05841326318060872,0.12482562803144263,-0.0664123648508339,4.419810681256578,4.874825628031442,-0.4550149467748641,-9.333973797101923,4.75,5.178697912444924,0.085,0.05899411573407246,synthetic,0.03,1.1,central
MI,s_o2,_ALL_,4.36139741807597,3.9599834283555904,9.241845083400877,-5.281861655045287,8.321380846431559,13.991845083400877,-5.670464236969318,-40.52692266937998,4.75,5.178697912444924,0.085,0.05899411573407246,synthetic,0.03,1.1,central
MN,s_c1,acidification,4.190080425594904,0.011481977821473052,0.029557541549721573,-0.01807556372824852,4.201562403416378,4.779557541549722,-0.5779951381333444,-12.093067885650676,4.75,4.329499510074108,0.0904,0.06517255353054627,synthetic,0.03,1.1,central
MN,s_c1,climate change,4.190080425594904,1.7651782896477493,1.5795646311272247,0.18561365852052458,5.955258715242653,6.329564631127225,-0.3743059158845714,-5.913612352480421,4.75,4.329499510074108,0.0904,0.06517255353054627,synthetic,0.03,1.1,central
MN,s_c1,ecotoxicity: freshwater,4.190080425594904,0.6892259413122384,0.21387852000823995,0.47534742130399843,4.879306366907143,4.96387852000824,-0.08457215310109767,-1.7037514669266578,4.75,4.329499510074108,0.0904,0.06517255353054627,synthetic,0.03,1.1,central
MN,s_c1,eutrophication,4.190080425594904,1.2760402583027337,0.44747140739821534,0.8285688509045184,5.466120683897638,5.197471407398215,0.2686492764994233,5.16884568363418,4.75,4.329499510074108,0.0904,0.06517255353054627,synthetic,0.03,1.1,central
MN,s_c1,particulate matter formation,4.190080425594904,11.012852146658906,6.846547355286029,4.166304791372877,15.202932572253811,11.59654735528603,3.606385216967782,31.098784030092293,4.75,4.329499510074108,0.0904,0.06517255353054627,synthetic,0.03,1.1,central
MN,s_c1,photochemical oxidant formation,4.190080425594904,0.08930239658880773,0.1248256280314426,-0.035523231442634876,4.279382822183712,4.874825628031442,-0.5954428058477301,-12.214648302983147,4.75,4.329499510074108,0.0904,0.06517255353054627,synthetic,0.03,1.1,central
MN,s_c1,_ALL_,4.190080425594904,14.844081010331909,9.241845083400873,5.602235926931035,19.034161435926812,13.991845083400873,5.042316352525939,36.037537025819816,4.75,4.329499510074108,0.0904,0.06517255353054627,synthetic,0.03,1.1,central
MN,s_c2,acidification,4.145539840123672,0.009645301709221525,0.029557541549721573,-0.01991223984050005,4.155185141832894,4.779557541549722,-0.6243723997168278,-13.063393301346917,4.75,4.408820855259897,0.0904,0.06517255353054627,synthetic,0.03,1.1,central
MN,s_c2,climate change,4.145539840123672,1.747400142963525,1.5795646311272247,0.1678355118363004,5.892939983087198,6.329564631127225,-0.4366246480400271,-6.8981782079104725,4.75,4.408820855259897,0.0904,0.06517255353054627,synthetic,0.03,1.1,central
MN,s_c2,ecotoxicity: freshwater,4.145539840123672,0.5314504635121174,0.21387852000823995,0.3175719435038775,4.676990303635789,4.96387852000824,-0.2868882163724509,-5.779517270941889,4.75,4.408820855259897,0.0904,0.06517255353054627,synthetic,0.03,1.1,central
MN,s_c2,eutrophication,4.145539840123672,1.0010119150097645,0.44747140739821534,0.5535405076115492,5.146551755133437,5.197471407398215,-0.05091965226477768,-0.9797004788193223,4.75,4.408820855259897,0.0904,0.06517255353054627,synthetic,0.03,1.1,central
MN,s_c2,particulate matter formation,4.145539840123672,8.724435758820489,6.846547355286029,1.8778884035344596,12.869975598944162,11.59654735528603,1.2734282436581328,10.981098120361391,4.75,4.408820855259897,0.0904,0.06517255353054627,synthetic,0.03,1.1,central
MN,s_c2,photochemical oxidant formation,4.145539840123672,0.0848267623782611,0.1248256280314426,-0.0399988656531815,4.230366602501934,4.874825628031442,-0.6444590255295086,-13.220145184757198,4.75,4.408820855259897,0.0904,0.06517255353054627,synthetic,0.03,1.1,central
MN,s_c2,_ALL_,4.145539840123672,12.098770344393378,9.241845083400873,2.8569252609925044,16.24431018451705,13.991845083400873,2.2524651011161776,16.098413666603367,4.75,4.408820855259897,0.0904,0.06517255353054627,synthetic,0.03,1.1,central
MN,s_o1,acidification,5.417255815517076,0.012590334706729161,0.029557541549721567,-0.016967206842992404,5.429846150223805,4.779557541549721,0.6502886086740842,13.605623596347268,4.75,5.997955556536219,0.0904,0.06517255353054627,synthetic,0.03,1.1,central
MN,s_o1,climate change,5.417255815517076,2.195605020812442,1.579564631127225,0.6160403896852171,7.612860836329518,6.329564631127225,1.2832962052022934,20.274636250514952,4.75,5.997955556536219,0.0904,0.06517255353054627,synthetic,0.03,1.1,central
MN,s_o1,ecotoxicity: freshwater,5.417255815517076,0.6875430917620505,0.21387852000824,0.4736645717538105,6.104798907279126,4.96387852000824,1.140920387270886,22.98445424625323,4.75,5.997955556536219,0.0904,0.06517255353054627,synthetic,0.03,1.1,central
MN,s_o1,eutrophication,5.417255815517076,1.281628687291006,0.4474714073982154,0.8341572798927908,6.698884502808082,5.197471407398216,1.5014130954098661,28.887375758772155,4.75,5.997955556536219,0.0904,0.06517255353054627,synthetic,0.03,1.1,central
MN,s_o1,particulate matter formation,5.417255815517076,10.230925297944694,6.846547355286032,3.384377942658662,15.64818111346177,11.596547355286031,4.05163375817574,34.93827631660463,4.75,5.997955556536219,0.0904,0.06517255353054627,synthetic,0.03,1.1,central
MN,s_o1,photochemical oxidant formation,5.417255815517076,0.11371138349082159,0.12482562803144263,-0.011114244540621043,5.530967199007898,4.874825628031442,0.6561415709764553,13.459795714609369,4.75,5.997955556536219,0.0904,0.06517255353054627,synthetic,0.03,1.1,central
MN,s_o1,_ALL_,5.417255815517076,14.522003816007745,9.241845083400877,5.280158732606868,19.93925963152482,13.991845083400877,5.947414548123943,42.50629214855741,4.75,5.997955556536219,0.0904,0.06517255353054627,synthetic,0.03,1.1,central
MN,s_o2,acidification,4.442642981167036,0.006913109011643947,0.029557541549721567,-0.02264443253807762,4.44955609017868,4.779557541549721,-0.3300014513710412,-6.904435159578426,4.75,5.260229184271812,0.0904,0.06517255353054627,synthetic,0.03,1.1,central
MN,s_o2,climate change,4.442642981167036,1.1900809725960066,1.579564631127225,-0.38948365853121825,5.632723953763042,6.329564631127225,-0.6968406773641824,-11.00929871127776,4.75,5.260229184271812,0.0904,0.06517255353054627,synthetic,0.03,1.1,central
MN,s_o2,ecotoxicity: freshwater,4.442642981167036,0.37994944789333596,0.21387852000824,0.16607092788509595,4.822592429060371,4.96387852000824,-0.14128609094786881,-2.84628421864833,4.75,5.260229184271812,0.0904,0.06517255353054627,synthetic,0.03,1.1,central
MN,s_o2,eutrophication,4.442642981167036,0.7048987344966007,0.4474714073982154,0.2574273270983853,5.147541715663636,5.197471407398216,-0.04992969173457951,-0.9606535143898682,4.75,5.260229184271812,0.0904,0.06517255353054627,synthetic,0.03,1.1,central
MN,s_o2,particulate matter formation,4.442642981167036,5.61639869546672,6.846547355286032,-1.2301486598193119,10.059041676633756,11.596547355286031,-1.5375056786522752,-13.258305524457993,4.75,5.260229184271812,0.0904,0.06517255353054627,synthetic,0.03,1.1,central
MN,s_o2,photochemical oxidant formation,4.442642981167036,0.061943037186917925,0.12482562803144263,-0.06288259084452472,4.504586018353954,4.874825628031442,-0.3702396096774887,-7.594930320143559,4.75,5.260229184271812,0.0904,0.06517255353054627,synthetic,0.03,1.1,central
MN,s_o2,_ALL_,4.442642981167036,7.960183996651225,9.241845083400877,-1.2816610867496516,12.402826977818261,13.991845083400877,-1.5890181055826158,-11.35674456164281,4.75,5.260229184271812,0.0904,0.06517255353054627,synthetic,0.03,1.1,central
MO,s_c1,acidification,4.055701218727761,0.00950676828747,0.029557541549721573,-0.020050773262251576,4.065207987015231,4.779557541549722,-0.7143495545344907,-14.945934813515608,4.75,4.194647744314752,0.0761,0.054210809052931457,synthetic,0.03,1.1,central
MO,s_c1,climate change,4.055701218727761,1.7436351142097115,1.5795646311272247,0.16407048308248684,5.7993363329374725,6.329564631127225,-0.5302282981897521,-8.377010570082833,4.75,4.194647744314752,0.0761,0.054210809052931457,synthetic,0.03,1.1,central
MO,s_c1,ecotoxicity: freshwater,4.055701218727761,0.5671232364809642,0.21387852000823995,0.35324471647272426,4.622824455208725,4.96387852000824,-0.34105406479951483,-6.870717392152229,4.75,4.194647744314752,0.0761,0.054210809052931457,synthetic,0.03,1.1,central
MO,s_c1,eutrophication,4.055701218727761,0.6647566811935103,0.44747140739821534,0.21728527379529494,4.720457899921271,5.197471407398215,-0.4770135074769435,-9.177799550719032,4.75,4.194647744314752,0.0761,0.054210809052931457,synthetic,0.03,1.1,central
MO,s_c1,particulate matter formation,4.055701218727761,3.876282395503501,6.846547355286029,-2.9702649597825284,7.931983614231262,11.59654735528603,-3.664563741054767,-31.600472354250826,4.75,4.194647744314752,0.0761,0.054210809052931457,synthetic,0.03,1.1,central
MO,s_c1,photochemical oxidant formation,4.055701218727761,0.08349374522134338,0.1248256280314426,-0.041331882810099224,4.139194963949104,4.874825628031442,-0.735630664082338,-15.090399538647727,4.75,4.194647744314752,0.0761,0.054210809052931457,synthetic,0.03,1.1,central
MO,s_c1,_ALL_,4.055701218727761,6.9447979408965,9.241845083400873,-2.2970471425043737,11.000499159624262,13.991845083400873,-2.9913459237766116,-21.379209860787935,4.75,4.194647744314752,0.0761,0.054210809052931457,synthetic,0.03,1.1,central
MO,s_c2,acidification,4.004198449006907,0.007990342814361546,0.029557541549721573,-0.021567198735360026,4.012188791821268,4.779557541549722,-0.7673687497284538,-16.055225678476557,4.75,4.26698303944985,0.0761,0.054210809052931457,synthetic,0.03,1.1,central
MO,s_c2,climate change,4.004198449006907,1.7346340726820961,1.5795646311272247,0.15506944155487146,5.7388325216890035,6.329564631127225,-0.5907321094382212,-9.332902717086537,4.75,4.26698303944985,0.0761,0.054210809052931457,synthetic,0.03,1.1,central
MO,s_c2,ecotoxicity: freshwater,4.004198449006907,0.4281224955459958,0.21387852000823995,0.21424397553775584,4.432320944552902,4.96387852000824,-0.5315575754553379,-10.708512976551559,4.75,4.26698303944985,0.0761,0.054210809052931457,synthetic,0.03,1.1,central
MO,s_c2,eutrophication,4.004198449006907,0.5109599363669991,0.44747140739821534,0.06348852896878376,4.515158385373906,5.197471407398215,-0.6823130220243092,-13.127787890340047,4.75,4.26698303944985,0.0761,0.054210809052931457,synthetic,0.03,1.1,central
MO,s_c2,particulate matter formation,4.004198449006907,2.998004414767828,6.846547355286029,-3.8485429405182012,7.002202863774735,11.59654735528603,-4.594344491511294,-39.61821006505927,4.75,4.26698303944985,0.0761,0.054210809052931457,synthetic,0.03,1.1,central
MO,s_c2,photochemical oxidant formation,4.004198449006907,0.07930689858950922,0.1248256280314426,-0.04551872944193339,4.083505347596416,4.874825628031442,-0.7913202804350261,-16.232791505089754,4.75,4.26698303944985,0.0761,0.054210809052931457,synthetic,0.03,1.1,central
MO,s_c2,_ALL_,4.004198449006907,5.759018160766789,9.241845083400873,-3.482826922634084,9.763216609773696,13.991845083400873,-4.228628473627177,-30.222093286637236,4.75,4.26698303944985,0.0761,0.054210809052931457,synthetic,0.03,1.1,central
MO,s_o1,acidification,5.2489970540053665,0.010739142437782054,0.029557541549721567,-0.018818399111939513,5.259736196443148,4.779557541549721,0.48017865489342704,10.046508504587104,4.75,5.829105095044678,0.0761,0.054210809052931457,synthetic,0.03,1.1,central
MO,s_o1,climate change,5.2489970540053665,2.182004201445645,1.579564631127225,0.6024395703184202,7.431001255451012,6.329564631127225,1.101436624323787,17.40145947648904,4.75,5.829105095044678,0.0761,0.054210809052931457,synthetic,0.03,1.1,central
MO,s_o1,ecotoxicity: freshwater,5.2489970540053665,0.5718318552863204,0.21387852000824,0.3579533352780804,5.820828909291687,4.96387852000824,0.8569503892834467,17.263726052708158,4.75,5.829105095044678,0.0761,0.054210809052931457,synthetic,0.03,1.1,central
MO,s_o1,eutrophication,5.2489970540053665,0.7363121154353556,0.4474714073982154,0.2888407080371402,5.985309169440722,5.197471407398216,0.7878377620425061,15.158097087769976,4.75,5.829105095044678,0.0761,0.054210809052931457,synthetic,0.03,1.1,central
MO,s_o1,particulate matter formation,5.2489970540053665,3.858008241805843,6.846547355286032,-2.988539113480189,9.10700529581121,11.596547355286031,-2.4895420594748217,-21.467959239954457,4.75,5.829105095044678,0.0761,0.054210809052931457,synthetic,0.03,1.1,central
MO,s_o1,photochemical oxidant formation,5.2489970540053665,0.10745311004816666,0.12482562803144263,-0.01737251798327598,5.356450164053533,4.874825628031442,0.48162453602209077,9.87983104980477,4.75,5.829105095044678,0.0761,0.054210809052931457,synthetic,0.03,1.1,central
MO,s_o1,_ALL_,5.2489970540053665,7.466348666459113,9.241845083400877,-1.7754964169417642,12.71534572046448,13.991845083400877,-1.2764993629363968,-9.12316678270518,4.75,5.829105095044678,0.0761,0.054210809052931457,synthetic,0.03,1.1,central
MO,s_o2,acidification,4.275215114551885,0.005902412545053107,0.029557541549721567,-0.02365512900466846,4.281117527096938,4.779557541549721,-0.4984400144527834,-10.428580681783558,4.75,5.092212539607842,0.0761,0.054210809052931457,synthetic,0.03,1.1,central
MO,s_o2,climate change,4.275215114551885,1.182426173842239,1.579564631127225,-0.39713845728498587,5.457641288394123,6.329564631127225,-0.8719233427331012,-13.775407844722828,4.75,5.092212539607842,0.0761,0.054210809052931457,synthetic,0.03,1.1,central
MO,s_o2,ecotoxicity: freshwater,4.275215114551885,0.3168188564600846,0.21387852000824,0.10294033645184461,4.592033971011969,4.96387852000824,-0.37184454899627095,-7.4910082407829295,4.75,5.092212539607842,0.0761,0.054210809052931457,synthetic,0.03,1.1,central
MO,s_o2,eutrophication,4.275215114551885,0.40621265143853935,0.4474714073982154,-0.04125875595967604,4.681427765990424,5.197471407398216,-0.5160436414077916,-9.928744209602415,4.75,5.092212539607842,0.0761,0.054210809052931457,synthetic,0.03,1.1,central
MO,s_o2,particulate matter formation,4.275215114551885,2.125999992815611,6.846547355286032,-4.7205473624704215,6.401215107367495,11.596547355286031,-5.195332247918536,-44.800681519662476,4.75,5.092212539607842,0.0761,0.054210809052931457,synthetic,0.03,1.1,central
MO,s_o2,photochemical oxidant formation,4.275215114551885,0.05855452174840478,0.12482562803144263,-0.06627110628303785,4.333769636300289,4.874825628031442,-0.5410559917311533,-11.098981440893981,4.75,5.092212539607842,0.0761,0.054210809052931457,synthetic,0.03,1.1,central
MO,s_o2,_ALL_,4.275215114551885,4.095914608849932,9.241845083400877,-5.145930474550945,8.371129723401816,13.991845083400877,-5.6207153599990605,-40.171366438777646,4.75,5.092212539607842,0.0761,0.054210809052931457,synthetic,0.03,1.1,central
MS,s_c1,acidification,4.094302018859115,0.009507733200235945,0.029557541549721573,-0.02004980834948563,4.103809752059351,4.779557541549722,-0.6757477894903712,-14.138291748053042,4.75,4.233384288299449,0.0729,0.06557116242064136,synthetic,0.03,1.1,central
MS,s_c1,climate change,4.094302018859115,1.7374215497392453,1.5795646311272247,0.15785691861202067,5.831723568598361,6.329564631127225,-0.49784106252886406,-7.865328684387004,4.75,4.233384288299449,0.0729,0.06557116242064136,synthetic,0.03,1.1,central
MS,s_c1,ecotoxicity: freshwater,4.094302018859115,0.5680559660930569,0.21387852000823995,0.35417744608481694,4.6623579849521715,4.96387852000824,-0.3015205350560688,-6.074293193129317,4.75,4.233384288299449,0.0729,0.06557116242064136,synthetic,0.03,1.1,central
MS,s_c1,eutrophication,4.094302018859115,0.6647546385285197,0.44747140739821534,0.21728323113030434,4.759056657387635,5.197471407398215,-0.4384147500105797,-8.435154628970711,4.75,4.233384288299449,0.0729,0.06557116242064136,synthetic,0.03,1.1,central
MS,s_c1,particulate matter formation,4.094302018859115,3.8777448078680115,6.846547355286029,-2.9688025474180177,7.9720468267271265,11.59654735528603,-3.6245005285589027,-31.25499700483484,4.75,4.233384288299449,0.0729,0.06557116242064136,synthetic,0.03,1.1,central
MS,s_c1,photochemical oxidant formation,4.094302018859115,0.08332150465904191,0.1248256280314426,-0.0415041233724007,4.177623523518157,4.874825628031442,-0.697202104513285,-14.302093197020257,4.75,4.233384288299449,0.0729,0.06557116242064136,synthetic,0.03,1.1,central
MS,s_c1,_ALL_,4.094302018859115,6.940806200088112,9.241845083400873,-2.3010388833127617,11.035108218947226,13.991845083400873,-2.9567368644536476,-21.13185821333422,4.75,4.233384288299449,0.0729,0.06557116242064136,synthetic,0.03,1.1,central
MS,s_c2,acidification,4.0412412778376465,0.007975901766166237,0.029557541549721573,-0.02158163978355534,4.049217179603812,4.779557541549722,-0.7303403619459097,-15.280501502427867,4.75,4.304155971534811,0.0729,0.06557116242064136,synthetic,0.03,1.1,central
MS,s_c2,climate change,4.0412412778376465,1.7093688598570955,1.5795646311272247,0.12980422872987085,5.750610137694742,6.329564631127225,-0.5789544934324828,-9.146829634779754,4.75,4.304155971534811,0.0729,0.06557116242064136,synthetic,0.03,1.1,central
MS,s_c2,ecotoxicity: freshwater,4.0412412778376465,0.43155949901988194,0.21387852000823995,0.217680979011642,4.472800776857529,4.96387852000824,-0.4910777431507114,-9.893025003961945,4.75,4.304155971534811,0.0729,0.06557116242064136,synthetic,0.03,1.1,central
MS,s_c2,eutrophication,4.0412412778376465,0.510889040586629,0.44747140739821534,0.06341763318841365,4.552130318424275,5.197471407398215,-0.6453410889739395,-12.416443273845514,4.75,4.304155971534811,0.0729,0.06557116242064136,synthetic,0.03,1.1,central
MS,s_c2,particulate matter formation,4.0412412778376465,3.001989317534059,6.846547355286029,-3.84455803775197,7.043230595371705,11.59654735528603,-4.553316759914324,-39.26441742023151,4.75,4.304155971534811,0.0729,0.06557116242064136,synthetic,0.03,1.1,central
MS,s_c2,photochemical oxidant formation,4.0412412778376465,0.07844934608337881,0.1248256280314426,-0.0463762819480638,4.119690623921025,4.874825628031442,-0.755135004110417,-15.490502876004541,4.75,4.304155971534811,0.0729,0.06557116242064136,synthetic,0.03,1.1,central
MS,s_c2,_ALL_,4.0412412778376465,5.740231964847211,9.241845083400873,-3.5016131185536628,9.781473242684857,13.991845083400873,-4.210371840716016,-30.09161276171476,4.75,4.304155971534811,0.0729,0.06557116242064136,synthetic,0.03,1.1,central
MS,s_o1,acidification,5.333427222471369,0.010724264918266668,0.029557541549721567,-0.0188332766314549,5.344151487389635,4.779557541549721,0.5645939458399143,11.812682260476576,4.75,5.913832171252837,0.0729,0.06557116242064136,synthetic,0.03,1.1,central
MS,s_o1,climate change,5.333427222471369,2.151624339543787,1.579564631127225,0.572059708416562,7.485051562015156,6.329564631127225,1.155486930887931,18.255393510092837,4.75,5.913832171252837,0.0729,0.06557116242064136,synthetic,0.03,1.1,central
MS,s_o1,ecotoxicity: freshwater,5.333427222471369,0.5760127966865815,0.21387852000824,0.3621342766783414,5.90944001915795,4.96387852000824,0.9455614991497097,19.04884447390022,4.75,5.913832171252837,0.0729,0.06557116242064136,synthetic,0.03,1.1,central
MS,s_o1,eutrophication,5.333427222471369,0.7362353436646234,0.4474714073982154,0.288763936266408,6.069662566135992,5.197471407398216,0.8721911587377766,16.781066991465835,4.75,5.913832171252837,0.0729,0.06557116242064136,synthetic,0.03,1.1,central
MS,s_o1,particulate matter formation,5.333427222471369,3.863065466943242,6.846547355286032,-2.98348188834279,9.196492689414612,11.596547355286031,-2.4000546658714192,-20.696286509599837,4.75,5.913832171252837,0.0729,0.06557116242064136,synthetic,0.03,1.1,central
MS,s_o1,photochemical oxidant formation,5.333427222471369,0.10644324406139943,0.12482562803144263,-0.0183823839700432,5.439870466532768,4.874825628031442,0.5650448385013256,11.591077950607694,4.75,5.913832171252837,0.0729,0.06557116242064136,synthetic,0.03,1.1,central
MS,s_o1,_ALL_,5.333427222471369,7.444105455817899,9.241845083400877,-1.7977396275829776,12.777532678289269,13.991845083400877,-1.2143124051116079,-8.6787153364941,4.75,5.913832171252837,0.0729,0.06557116242064136,synthetic,0.03,1.1,central
MS,s_o2,acidification,4.359831217540194,0.0058949919901221965,0.029557541549721567,-0.023662549559599372,4.365726209530316,4.779557541549721,-0.4138313320194049,-8.658360704351402,4.75,5.177126204196995,0.0729,0.06557116242064136,synthetic,0.03,1.1,central
MS,s_o2,climate change,4.359831217540194,1.1667153218191788,1.579564631127225,-0.4128493093080461,5.526546539359373,6.329564631127225,-0.8030180917678518,-12.686782402360008,4.75,5.177126204196995,0.0729,0.06557116242064136,synthetic,0.03,1.1,central
MS,s_o2,ecotoxicity: freshwater,4.359831217540194,0.3189863096803732,0.21387852000824,0.10510778967213322,4.678817527220567,4.96387852000824,-0.28506099278767305,-5.742706870014213,4.75,5.177126204196995,0.0729,0.06557116242064136,synthetic,0.03,1.1,central
MS,s_o2,eutrophication,4.359831217540194,0.40617388064477633,0.4474714073982154,-0.04129752675343906,4.76600509818497,5.197471407398216,-0.4314663092132456,-8.301465758889702,4.75,5.177126204196995,0.0729,0.06557116242064136,synthetic,0.03,1.1,central
MS,s_o2,particulate matter formation,4.359831217540194,2.1286445126165745,6.846547355286032,-4.717902842669457,6.488475730156768,11.596547355286031,-5.108071625129263,-44.04821080475182,4.75,5.177126204196995,0.0729,0.06557116242064136,synthetic,0.03,1.1,central
MS,s_o2,photochemical oxidant formation,4.359831217540194,0.058034612158336274,0.12482562803144263,-0.06679101587310636,4.41786582969853,4.874825628031442,-0.4569597983329121,-9.373869615054153,4.75,5.177126204196995,0.0729,0.06557116242064136,synthetic,0.03,1.1,central
MS,s_o2,_ALL_,4.359831217540194,4.084449628909361,9.241845083400877,-5.157395454491516,8.444280846449555,13.991845083400877,-5.547564236951322,-39.648553881808155,4.75,5.177126204196995,0.0729,0.06557116242064136,synthetic,0.03,1.1,central
MT,s_c1,acidification,4.014468463536401,0.008666915368608375,0.029557541549721573,-0.020890626181113196,4.0231353789050095,4.779557541549722,-0.7564221626447125,-15.826196380501163,4.75,4.153269989717816,0.0673,0.055805244613311794,synthetic,0.03,1.1,central
MT,s_c1,climate change,4.014468463536401,1.53396513338534,1.5795646311272247,-0.045599497741884765,5.5484335969217415,6.329564631127225,-0.7811310342054831,-12.340991517237615,4.75,4.153269989717816,0.0673,0.055805244613311794,synthetic,0.03,1.1,central
MT,s_c1,ecotoxicity: freshwater,4.014468463536401,0.5931671021309118,0.21387852000823995,0.3792885821226719,4.607635565667313,4.96387852000824,-0.3562429543409271,-7.176705733329182,4.75,4.153269989717816,0.0673,0.055805244613311794,synthetic,0.03,1.1,central
MT,s_c1,eutrophication,4.014468463536401,0.8284011855627236,0.44747140739821534,0.38092977816450824,4.842869649099125,5.197471407398215,-0.3546017582990899,-6.822582184758931,4.75,4.153269989717816,0.0673,0.055805244613311794,synthetic,0.03,1.1,central
MT,s_c1,particulate matter formation,4.014468463536401,6.339749260733064,6.846547355286029,-0.5067980945529653,10.354217724269464,11.59654735528603,-1.242329631016565,-10.712926813085247,4.75,4.153269989717816,0.0673,0.055805244613311794,synthetic,0.03,1.1,central
MT,s_c1,photochemical oxidant formation,4.014468463536401,0.08128382167459812,0.1248256280314426,-0.04354180635684449,4.095752285210999,4.874825628031442,-0.7790733428204435,-15.981563285886182,4.75,4.153269989717816,0.0673,0.055805244613311794,synthetic,0.03,1.1,central
MT,s_c1,_ALL_,4.014468463536401,9.385233418855245,9.241845083400873,0.14338833545437168,13.399701882391646,13.991845083400873,-0.5921432010092271,-4.232059442336966,4.75,4.153269989717816,0.0673,0.055805244613311794,synthetic,0.03,1.1,central
MT,s_c2,acidification,3.958681272738855,0.007247857034153248,0.029557541549721573,-0.022309684515568327,3.9659291297730084,4.779557541549722,-0.8136284117767136,-17.023090625097968,4.75,4.221305995997178,0.0673,0.055805244613311794,synthetic,0.03,1.1,central
MT,s_c2,climate change,3.958681272738855,1.5446340006407746,1.5795646311272247,-0.034930630486450065,5.50331527337963,6.329564631127225,-0.8262493577475949,-13.053810268155033,4.75,4.221305995997178,0.0673,0.055805244613311794,synthetic,0.03,1.1,central
MT,s_c2,ecotoxicity: freshwater,3.958681272738855,0.4493347873419391,0.21387852000823995,0.23545626733369915,4.408016060080794,4.96387852000824,-0.5558624599274467,-11.198147933856445,4.75,4.221305995997178,0.0673,0.055805244613311794,synthetic,0.03,1.1,central
MT,s_c2,eutrophication,3.958681272738855,0.6418140131144591,0.44747140739821534,0.19434260571624373,4.600495285853314,5.197471407398215,-0.596976121544901,-11.485895250816576,4.75,4.221305995997178,0.0673,0.055805244613311794,synthetic,0.03,1.1,central
MT,s_c2,particulate matter formation,3.958681272738855,4.9707028599806735,6.846547355286029,-1.8758444953053557,8.929384132719528,11.59654735528603,-2.6671632225665007,-22.99963205298975,4.75,4.221305995997178,0.0673,0.055805244613311794,synthetic,0.03,1.1,central
MT,s_c2,photochemical oxidant formation,3.958681272738855,0.07600749170570954,0.1248256280314426,-0.048818136325733064,4.034688764444565,4.874825628031442,-0.8401368635868778,-17.234193132076044,4.75,4.221305995997178,0.0673,0.055805244613311794,synthetic,0.03,1.1,central
MT,s_c2,_ALL_,3.958681272738855,7.689741009817709,9.241845083400873,-1.5521040735831644,11.648422282556563,13.991845083400873,-2.3434228008443103,-16.7484901875051,4.75,4.221305995997178,0.0673,0.055805244613311794,synthetic,0.03,1.1,central
MT,s_o1,acidification,5.219163376607001,0.009904527760935146,0.029557541549721567,-0.019653013788786422,5.229067904367936,4.779557541549721,0.44951036281821466,9.404853041532077,4.75,5.799166504320219,0.0673,0.055805244613311794,synthetic,0.03,1.1,central
MT,s_o1,climate change,5.219163376607001,1.9681915611750365,1.579564631127225,0.38862693004781157,7.187354937782037,6.329564631127225,0.8577903066548123,13.552121775270496,4.75,5.799166504320219,0.0673,0.055805244613311794,synthetic,0.03,1.1,central
MT,s_o1,ecotoxicity: freshwater,5.219163376607001,0.5954973372748854,0.21387852000824,0.38161881726664537,5.814660713881886,4.96387852000824,0.8507821938736457,17.139464441854095,4.75,5.799166504320219,0.0673,0.055805244613311794,synthetic,0.03,1.1,central
MT,s_o1,eutrophication,5.219163376607001,0.8818781735435184,0.4474714073982154,0.434406766145303,6.101041550150519,5.197471407398216,0.9035701427523035,17.384802568921078,4.75,5.799166504320219,0.0673,0.055805244613311794,synthetic,0.03,1.1,central
MT,s_o1,particulate matter formation,5.219163376607001,6.053056240853554,6.846547355286032,-0.7934911144324781,11.272219617460554,11.596547355286031,-0.3243277378254774,-2.796761207357462,4.75,5.799166504320219,0.0673,0.055805244613311794,synthetic,0.03,1.1,central
MT,s_o1,photochemical oxidant formation,5.219163376607001,0.10358017213347,0.12482562803144263,-0.021245455897972637,5.322743548740471,4.874825628031442,0.44791792070902847,9.188388567857496,4.75,5.799166504320219,0.0673,0.055805244613311794,synthetic,0.03,1.1,central
MT,s_o1,_ALL_,5.219163376607001,9.612108012741398,9.241845083400877,0.3702629293405213,14.831271389348398,13.991845083400877,0.8394263059475211,5.999396798234768,4.75,5.799166504320219,0.0673,0.055805244613311794,synthetic,0.03,1.1,central
MT,s_o2,acidification,4.245892757089863,0.005448431495998506,0.029557541549721567,-0.02410911005372306,4.251341188585862,4.779557541549721,-0.5282163529638595,-11.051574301009271,4.75,5.0627870669311195,0.0673,0.055805244613311794,synthetic,0.03,1.1,central
MT,s_o2,climate change,4.245892757089863,1.0663190043728858,1.579564631127225,-0.513245626754339,5.312211761462749,6.329564631127225,-1.0173528696644754,-16.07303075256372,4.75,5.0627870669311195,0.0673,0.055805244613311794,synthetic,0.03,1.1,central
MT,s_o2,ecotoxicity: freshwater,4.245892757089863,0.3297661250206647,0.21387852000824,0.1158876050124247,4.5756588821105275,4.96387852000824,-0.38821963789771274,-7.820893205441866,4.75,5.0627870669311195,0.0673,0.055805244613311794,synthetic,0.03,1.1,central
MT,s_o2,eutrophication,4.245892757089863,0.4859588141845398,0.4474714073982154,0.038487406786324396,4.731851571274403,5.197471407398216,-0.4656198361238131,-8.958583888716305,4.75,5.0627870669311195,0.0673,0.055805244613311794,synthetic,0.03,1.1,central
MT,s_o2,particulate matter formation,4.245892757089863,3.3283954359765193,6.846547355286032,-3.5181519193095125,7.574288193066383,11.596547355286031,-4.022259162219648,-34.68497164706692,4.75,5.0627870669311195,0.0673,0.055805244613311794,synthetic,0.03,1.1,central
MT,s_o2,photochemical oxidant formation,4.245892757089863,0.05650284263124531,0.12482562803144263,-0.06832278540019732,4.302395599721109,4.874825628031442,-0.5724300283103334,-11.742574442431753,4.75,5.0627870669311195,0.0673,0.055805244613311794,synthetic,0.03,1.1,central
MT,s_o2,_ALL_,4.245892757089863,5.272390653681854,9.241845083400877,-3.969454429719023,9.518283410771717,13.991845083400877,-4.47356167262916,-31.972635817247124,4.75,5.0627870669311195,0.0673,0.055805244613311794,synthetic,0.03,1.1,central
NC,s_c1,acidification,4.1138540294985155,0.009501082645918991,0.029557541549721573,-0.02005645890380258,4.123355112144434,4.779557541549722,-0.6562024294052877,-13.729355148479305,4.75,4.253005055681085,0.0764,0.06557116242064136,synthetic,0.03,1.1,central
NC,s_c1,climate change,4.1138540294985155,1.7385878387015377,1.5795646311272247,0.15902320757431299,5.852441868200053,6.329564631127225,-0.4771227629271717,-7.53800286011459,4.75,4.253005055681085,0.0764,0.06557116242064136,synthetic,0.03,1.1,central
NC,s_c1,ecotoxicity: freshwater,4.1138540294985155,0.5676574079131418,0.21387852000823995,0.35377888790490186,4.6815114374116575,4.96387852000824,-0.2823670825965827,-5.6884366017102685,4.75,4.253005055681085,0.0764,0.06557116242064136,synthetic,0.03,1.1,central
NC,s_c1,eutrophication,4.1138540294985155,0.6649151328433093,0.44747140739821534,0.21744372544509394,4.778769162341825,5.197471407398215,-0.41870224505639,-8.05588356792879,4.75,4.253005055681085,0.0764,0.06557116242064136,synthetic,0.03,1.1,central
NC,s_c1,particulate matter formation,4.1138540294985155,3.8772828167647706,6.846547355286029,-2.9692645385212586,7.991136846263286,11.59654735528603,-3.605410509022743,-31.090378873667916,4.75,4.253005055681085,0.0764,0.06557116242064136,synthetic,0.03,1.1,central
NC,s_c1,photochemical oxidant formation,4.1138540294985155,0.0832175387938008,0.1248256280314426,-0.04160808923764181,4.1970715682923165,4.874825628031442,-0.6777540597391258,-13.90314467540898,4.75,4.253005055681085,0.0764,0.06557116242064136,synthetic,0.03,1.1,central
NC,s_c1,_ALL_,4.1138540294985155,6.941161817662479,9.241845083400873,-2.300683265738394,11.055015847160995,13.991845083400873,-2.9368292362398787,-20.989577991568567,4.75,4.253005055681085,0.0764,0.06557116242064136,synthetic,0.03,1.1,central
NC,s_c2,acidification,4.062497319587093,0.007948793144365812,0.029557541549721573,-0.02160874840535576,4.070446112731459,4.779557541549722,-0.7091114288182627,-14.836340448960065,4.75,4.325486669575119,0.0764,0.06557116242064136,synthetic,0.03,1.1,central
NC,s_c2,climate change,4.062497319587093,1.7097596197429388,1.5795646311272247,0.1301949886157141,5.772256939330032,6.329564631127225,-0.5573076917971926,-8.804834523001661,4.75,4.325486669575119,0.0764,0.06557116242064136,synthetic,0.03,1.1,central
NC,s_c2,ecotoxicity: freshwater,4.062497319587093,0.4301194625727152,0.21387852000823995,0.21624094256447526,4.492616782159809,4.96387852000824,-0.4712617378484314,-9.49382092951882,4.75,4.325486669575119,0.0764,0.06557116242064136,synthetic,0.03,1.1,central
NC,s_c2,eutrophication,4.062497319587093,0.511469170352337,0.44747140739821534,0.06399776295412163,4.57396648993943,5.197471407398215,-0.623504917458785,-11.996312602533456,4.75,4.325486669575119,0.0764,0.06557116242064136,synthetic,0.03,1.1,central
NC,s_c2,particulate matter formation,4.062497319587093,2.999994998290538,6.846547355286029,-3.8465523569954914,7.062492317877631,11.59654735528603,-4.5340550374083985,-39.098318650349405,4.75,4.325486669575119,0.0764,0.06557116242064136,synthetic,0.03,1.1,central
NC,s_c2,photochemical oxidant formation,4.062497319587093,0.0780368712201185,0.1248256280314426,-0.046788756811324106,4.1405341908072115,4.874825628031442,-0.7342914372242308,-15.062927235835371,4.75,4.325486669575119,0.0764,0.06557116242064136,synthetic,0.03,1.1,central
NC,s_c2,_ALL_,4.062497319587093,5.737328915323013,9.241845083400873,-3.5045161680778607,9.799826234910107,13.991845083400873,-4.192018848490767,-29.96044355482422,4.75,4.325486669575119,0.0764,0.06557116242064136,synthetic,0.03,1.1,central
NC,s_o1,acidification,5.350897523643682,0.010691677482644992,0.029557541549721567,-0.018865864067076576,5.361589201126327,4.779557541549721,0.5820316595766055,12.177521758382008,4.75,5.931363908612832,0.0764,0.06557116242064136,synthetic,0.03,1.1,central
NC,s_o1,climate change,5.350897523643682,2.1526834954735232,1.579564631127225,0.5731188643462983,7.503581019117205,6.329564631127225,1.1740163879899805,18.54813808546104,4.75,5.931363908612832,0.0764,0.06557116242064136,synthetic,0.03,1.1,central
NC,s_o1,ecotoxicity: freshwater,5.350897523643682,0.5742567903684541,0.21387852000824,0.3603782703602141,5.925154314012136,4.96387852000824,0.9612757940038961,19.365417387416247,4.75,5.931363908612832,0.0764,0.06557116242064136,synthetic,0.03,1.1,central
NC,s_o1,eutrophication,5.350897523643682,0.7369427269275189,0.4474714073982154,0.28947131952930355,6.087840250571201,5.197471407398216,0.8903688431729853,17.130807913740732,4.75,5.931363908612832,0.0764,0.06557116242064136,synthetic,0.03,1.1,central
NC,s_o1,particulate matter formation,5.350897523643682,3.860683102664386,6.846547355286032,-2.9858642526216457,9.211580626308068,11.596547355286031,-2.384966728977963,-20.56617936278101,4.75,5.931363908612832,0.0764,0.06557116242064136,synthetic,0.03,1.1,central
NC,s_o1,photochemical oxidant formation,5.350897523643682,0.1059458783842847,0.12482562803144263,-0.01887974964715794,5.456843402027967,4.874825628031442,0.5820177739965242,11.939253183740139,4.75,5.931363908612832,0.0764,0.06557116242064136,synthetic,0.03,1.1,central
NC,s_o1,_ALL_,5.350897523643682,7.441203671300812,9.241845083400877,-1.800641412100065,12.792101194944493,13.991845083400877,-1.1997438884563838,-8.574593853098696,4.75,5.931363908612832,0.0764,0.06557116242064136,synthetic,0.03,1.1,central
NC,s_o2,acidification,4.377098152828733,0.005878140488540842,0.029557541549721567,-0.023679401061180723,4.382976293317274,4.779557541549721,-0.39658124823244734,-8.297446882580266,4.75,5.194453860515278,0.0764,0.06557116242064136,synthetic,0.03,1.1,central
NC,s_o2,climate change,4.377098152828733,1.1673278223824533,1.579564631127225,-0.41223680874477164,5.544425975211186,6.329564631127225,-0.7851386559160387,-12.40430743142936,4.75,5.194453860515278,0.0764,0.06557116242064136,synthetic,0.03,1.1,central
NC,s_o2,ecotoxicity: freshwater,4.377098152828733,0.31807550930668343,0.21387852000824,0.10419698929844343,4.695173662135416,4.96387852000824,-0.26870485787282394,-5.413203743599629,4.75,5.194453860515278,0.0764,0.06557116242064136,synthetic,0.03,1.1,central
NC,s_o2,eutrophication,4.377098152828733,0.40654078013547595,0.4474714073982154,-0.04093062726273944,4.783638932964209,5.197471407398216,-0.41383247443400695,-7.962188572022677,4.75,5.194453860515278,0.0764,0.06557116242064136,synthetic,0.03,1.1,central
NC,s_o2,particulate matter formation,4.377098152828733,2.127414203643476,6.846547355286032,-4.719133151642556,6.504512356472209,11.596547355286031,-5.092034998813822,-43.90992286590137,4.75,5.194453860515278,0.0764,0.06557116242064136,synthetic,0.03,1.1,central
NC,s_o2,photochemical oxidant formation,4.377098152828733,0.05777724826611241,0.12482562803144263,-0.06704837976533022,4.434875401094845,4.874825628031442,-0.43995022693659713,-9.024942849376508,4.75,5.194453860515278,0.0764,0.06557116242064136,synthetic,0.03,1.1,central
NC,s_o2,_ALL_,4.377098152828733,4.083013704222742,9.241845083400877,-5.158831379178135,8.460111857051475,13.991845083400877,-5.531733226349402,-39.53540932862338,4.75,5.194453860515278,0.0764,0.06557116242064136,synthetic,0.03,1.1,central
ND,s_c1,acidification,4.030172030841317,0.011432334593049837,0.029557541549721573,-0.018125206956671736,4.041604365434368,4.779557541549722,-0.7379531761153544,-15.439780140738314,4.75,4.169028780301266,0.07490000000000001,0.050424024597028154,synthetic,0.03,1.1,central
ND,s_c1,climate change,4.030172030841317,1.7590712552252232,1.5795646311272247,0.17950662409799856,5.78924328606654,6.329564631127225,-0.5403213450606845,-8.536469355309503,4.75,4.169028780301266,0.07490000000000001,0.050424024597028154,synthetic,0.03,1.1,central
ND,s_c1,ecotoxicity: freshwater,4.030172030841317,0.6874237177123782,0.21387852000823995,0.4735451977041383,4.717595748553696,4.96387852000824,-0.24628277145454458,-4.961498764762997,4.75,4.169028780301266,0.07490000000000001,0.050424024597028154,synthetic,0.03,1.1,central
ND,s_c1,eutrophication,4.030172030841317,1.2758574920262555,0.44747140739821534,0.8283860846280402,5.306029522867573,5.197471407398215,0.10855811546935801,2.088671720537675,4.75,4.169028780301266,0.07490000000000001,0.050424024597028154,synthetic,0.03,1.1,central
ND,s_c1,particulate matter formation,4.030172030841317,11.009583361534744,6.846547355286029,4.163036006248715,15.039755392376062,11.59654735528603,3.4432080370900326,29.691665386254147,4.75,4.169028780301266,0.07490000000000001,0.050424024597028154,synthetic,0.03,1.1,central
ND,s_c1,photochemical oxidant formation,4.030172030841317,0.08846393567958899,0.1248256280314426,-0.03636169235185362,4.118635966520906,4.874825628031442,-0.7561896615105361,-15.512137647801394,4.75,4.169028780301266,0.07490000000000001,0.050424024597028154,synthetic,0.03,1.1,central
ND,s_c1,_ALL_,4.030172030841317,14.831832096771242,9.241845083400873,5.589987013370369,18.862004127612558,13.991845083400873,4.870159044211684,34.807125258907874,4.75,4.169028780301266,0.07490000000000001,0.050424024597028154,synthetic,0.03,1.1,central
ND,s_c2,acidification,3.9780850218827326,0.00946379108405006,0.029557541549721573,-0.020093750465671516,3.9875488129667827,4.779557541549722,-0.7920087285829394,-16.570754127298123,4.75,4.240777895738281,0.07490000000000001,0.050424024597028154,synthetic,0.03,1.1,central
ND,s_c2,climate change,3.9780850218827326,1.7250709820450127,1.5795646311272247,0.14550635091778807,5.703156003927745,6.329564631127225,-0.6264086271994795,-9.896551559311957,4.75,4.240777895738281,0.07490000000000001,0.050424024597028154,synthetic,0.03,1.1,central
ND,s_c2,ecotoxicity: freshwater,3.9780850218827326,0.5248609901297542,0.21387852000823995,0.31098247012151425,4.502946012012487,4.96387852000824,-0.4609325079957536,-9.285733043986507,4.75,4.240777895738281,0.07490000000000001,0.050424024597028154,synthetic,0.03,1.1,central
ND,s_c2,eutrophication,3.9780850218827326,1.0003436663450915,0.44747140739821534,0.5528722589468762,4.978428688227824,5.197471407398215,-0.21904271917039075,-4.2144093156260505,4.75,4.240777895738281,0.07490000000000001,0.050424024597028154,synthetic,0.03,1.1,central
ND,s_c2,particulate matter formation,3.9780850218827326,8.712484093904996,6.846547355286029,1.8659367386189665,12.690569115787728,11.59654735528603,1.0940217605016986,9.434030034836299,4.75,4.240777895738281,0.07490000000000001,0.050424024597028154,synthetic,0.03,1.1,central
ND,s_c2,photochemical oxidant formation,3.9780850218827326,0.08176109625121757,0.1248256280314426,-0.04306453178022504,4.05984611813395,4.874825628031442,-0.8149795098974923,-16.718126392278737,4.75,4.240777895738281,0.07490000000000001,0.050424024597028154,synthetic,0.03,1.1,central
ND,s_c2,_ALL_,3.9780850218827326,12.053984619760122,9.241845083400873,2.8121395363592487,16.032069641642856,13.991845083400873,2.0402245582419827,14.581526211024082,4.75,4.240777895738281,0.07490000000000001,0.050424024597028154,synthetic,0.03,1.1,central
ND,s_o1,acidification,5.209539564709867,0.012369324128380396,0.029557541549721567,-0.01718821742134117,5.221908888838247,4.779557541549721,0.4423513472885263,9.255068977474817,4.75,5.789508849256438,0.07490000000000001,0.050424024597028154,synthetic,0.03,1.1,central
ND,s_o1,climate change,5.209539564709867,2.1684166357579504,1.579564631127225,0.5888520046307255,7.377956200467818,6.329564631127225,1.048391569340593,16.563407286890854,4.75,5.789508849256438,0.07490000000000001,0.050424024597028154,synthetic,0.03,1.1,central
ND,s_o1,ecotoxicity: freshwater,5.209539564709867,0.6795196313069163,0.21387852000824,0.46564111129867625,5.889059196016783,4.96387852000824,0.9251806760085426,18.63826184060215,4.75,5.789508849256438,0.07490000000000001,0.050424024597028154,synthetic,0.03,1.1,central
ND,s_o1,eutrophication,5.209539564709867,1.2808150157843348,0.4474714073982154,0.8333436083861194,6.490354580494202,5.197471407398216,1.2928831730959862,24.87523396965037,4.75,5.789508849256438,0.07490000000000001,0.050424024597028154,synthetic,0.03,1.1,central
ND,s_o1,particulate matter formation,5.209539564709867,10.216372737328973,6.846547355286032,3.369825382042941,15.425912302038839,11.596547355286031,3.8293649467528077,33.021595388969594,4.75,5.789508849256438,0.07490000000000001,0.050424024597028154,synthetic,0.03,1.1,central
ND,s_o1,photochemical oxidant formation,5.209539564709867,0.1099785736725418,0.12482562803144263,-0.014847054358900838,5.319518138382408,4.874825628031442,0.4446925103509658,9.122223937485575,4.75,5.789508849256438,0.07490000000000001,0.050424024597028154,synthetic,0.03,1.1,central
ND,s_o1,_ALL_,5.209539564709867,14.467471917979097,9.241845083400877,5.22562683457822,19.677011482688965,13.991845083400877,5.685166399288088,40.631999321037675,4.75,5.789508849256438,0.07490000000000001,0.050424024597028154,synthetic,0.03,1.1,central
ND,s_o2,acidification,4.235827350702248,0.006798511279757779,0.029557541549721567,-0.022759030269963787,4.242625861982006,4.779557541549721,-0.536931679567715,-11.23392018821936,4.75,5.052686264462475,0.07490000000000001,0.050424024597028154,synthetic,0.03,1.1,central
ND,s_o2,climate change,4.235827350702248,1.1759833339934975,1.579564631127225,-0.40358129713372737,5.411810684695745,6.329564631127225,-0.9177539464314792,-14.499479820747759,4.75,5.052686264462475,0.07490000000000001,0.050424024597028154,synthetic,0.03,1.1,central
ND,s_o2,ecotoxicity: freshwater,4.235827350702248,0.37578914761763693,0.21387852000824,0.16191062760939692,4.611616498319885,4.96387852000824,-0.35226202168835563,-7.096507705989768,4.75,5.052686264462475,0.07490000000000001,0.050424024597028154,synthetic,0.03,1.1,central
ND,s_o2,eutrophication,4.235827350702248,0.7044768320254087,0.4474714073982154,0.2570054246271933,4.940304182727656,5.197471407398216,-0.2571672246705594,-4.947929570223338,4.75,5.052686264462475,0.07490000000000001,0.050424024597028154,synthetic,0.03,1.1,central
ND,s_o2,particulate matter formation,4.235827350702248,5.608852946063424,6.846547355286032,-1.237694409222608,9.844680296765672,11.596547355286031,-1.751867058520359,-15.106798643147945,4.75,5.052686264462475,0.07490000000000001,0.050424024597028154,synthetic,0.03,1.1,central
ND,s_o2,photochemical oxidant formation,4.235827350702248,0.060007512010099295,0.12482562803144263,-0.06481811602134334,4.295834862712347,4.874825628031442,-0.5789907653190953,-11.877158477008008,4.75,5.052686264462475,0.07490000000000001,0.050424024597028154,synthetic,0.03,1.1,central
ND,s_o2,_ALL_,4.235827350702248,7.9319082829898235,9.241845083400877,-1.3099368004110534,12.167735633692072,13.991845083400877,-1.8241094497088053,-13.036947156260501,4.75,5.052686264462475,0.07490000000000001,0.050424024597028154,synthetic,0.03,1.1,central
NE,s_c1,acidification,3.91015598541782,0.011481977821473052,0.029557541549721573,-0.01807556372824852,3.921637963239293,4.779557541549722,-0.8579195783104292,-17.94976984485174,4.75,4.048590685583075,0.0747,0.0265074911913231,synthetic,0.03,1.1,central
NE,s_c1,climate change,3.91015598541782,1.7651782896477493,1.5795646311272247,0.18561365852052458,5.675334275065569,6.329564631127225,-0.6542303560616558,-10.336103574080177,4.75,4.048590685583075,0.0747,0.0265074911913231,synthetic,0.03,1.1,central
NE,s_c1,ecotoxicity: freshwater,3.91015598541782,0.6892259413122384,0.21387852000823995,0.47534742130399843,4.599381926730058,4.96387852000824,-0.36449659327818207,-7.342979724604079,4.75,4.048590685583075,0.0747,0.0265074911913231,synthetic,0.03,1.1,central
NE,s_c1,eutrophication,3.91015598541782,1.2760402583027337,0.44747140739821534,0.8285688509045184,5.186196243720554,5.197471407398215,-0.011275163677661126,-0.21693555950325705,4.75,4.048590685583075,0.0747,0.0265074911913231,synthetic,0.03,1.1,central
NE,s_c1,particulate matter formation,3.91015598541782,11.012852146658906,6.846547355286029,4.166304791372877,14.923008132076726,11.59654735528603,3.3264607767906966,28.684923838770022,4.75,4.048590685583075,0.0747,0.0265074911913231,synthetic,0.03,1.1,central
NE,s_c1,photochemical oxidant formation,3.91015598541782,0.08930239658880773,0.1248256280314426,-0.035523231442634876,3.9994583820066274,4.874825628031442,-0.875367246024815,-17.956893493610085,4.75,4.048590685583075,0.0747,0.0265074911913231,synthetic,0.03,1.1,central
NE,s_c1,_ALL_,3.91015598541782,14.844081010331909,9.241845083400873,5.602235926931035,18.75423699574973,13.991845083400873,4.762391912348855,34.03691138632378,4.75,4.048590685583075,0.0747,0.0265074911913231,synthetic,0.03,1.1,central
NE,s_c2,acidification,3.8579716032529454,0.009645301709221525,0.029557541549721573,-0.01991223984050005,3.867616904962167,4.779557541549722,-0.9119406365875551,-19.080022128823828,4.75,4.120242610120127,0.0747,0.0265074911913231,synthetic,0.03,1.1,central
NE,s_c2,climate change,3.8579716032529454,1.747400142963525,1.5795646311272247,0.1678355118363004,5.605371746216471,6.329564631127225,-0.724192884910754,-11.441432817501434,4.75,4.120242610120127,0.0747,0.0265074911913231,synthetic,0.03,1.1,central
NE,s_c2,ecotoxicity: freshwater,3.8579716032529454,0.5314504635121174,0.21387852000823995,0.3175719435038775,4.3894220667650625,4.96387852000824,-0.5744564532431777,-11.572733920213343,4.75,4.120242610120127,0.0747,0.0265074911913231,synthetic,0.03,1.1,central
NE,s_c2,eutrophication,3.8579716032529454,1.0010119150097645,0.44747140739821534,0.5535405076115492,4.8589835182627095,5.197471407398215,-0.3384878891355054,-6.512549326460806,4.75,4.120242610120127,0.0747,0.0265074911913231,synthetic,0.03,1.1,central
NE,s_c2,particulate matter formation,3.8579716032529454,8.724435758820489,6.846547355286029,1.8778884035344596,12.582407362073434,11.59654735528603,0.985860006787405,8.501323511070927,4.75,4.120242610120127,0.0747,0.0265074911913231,synthetic,0.03,1.1,central
NE,s_c2,photochemical oxidant formation,3.8579716032529454,0.0848267623782611,0.1248256280314426,-0.0399988656531815,3.9427983656312064,4.874825628031442,-0.9320272624002359,-19.119191813566637,4.75,4.120242610120127,0.0747,0.0265074911913231,synthetic,0.03,1.1,central
NE,s_c2,_ALL_,3.8579716032529454,12.098770344393378,9.241845083400873,2.8569252609925044,15.956741947646323,13.991845083400873,1.9648968642454498,14.043157657430694,4.75,4.120242610120127,0.0747,0.0265074911913231,synthetic,0.03,1.1,central
NE,s_o1,acidification,4.997166492833907,0.012590334706729161,0.029557541549721567,-0.016967206842992404,5.009756827540636,4.779557541549721,0.23019928599091521,4.8163304655241275,4.75,5.576388944697195,0.0747,0.0265074911913231,synthetic,0.03,1.1,central
NE,s_o1,climate change,4.997166492833907,2.195605020812442,1.579564631127225,0.6160403896852171,7.192771513646349,6.329564631127225,0.8632068825191244,13.637697579926549,4.75,5.576388944697195,0.0747,0.0265074911913231,synthetic,0.03,1.1,central
NE,s_o1,ecotoxicity: freshwater,4.997166492833907,0.6875430917620505,0.21387852000824,0.4736645717538105,5.684709584595957,4.96387852000824,0.720831064587717,14.52152911644019,4.75,5.576388944697195,0.0747,0.0265074911913231,synthetic,0.03,1.1,central
NE,s_o1,eutrophication,4.997166492833907,1.281628687291006,0.4474714073982154,0.8341572798927908,6.278795180124913,5.197471407398216,1.081323772726697,20.804804643802616,4.75,5.576388944697195,0.0747,0.0265074911913231,synthetic,0.03,1.1,central
NE,s_o1,particulate matter formation,4.997166492833907,10.230925297944694,6.846547355286032,3.384377942658662,15.2280917907786,11.596547355286031,3.63154443549257,31.315738419653073,4.75,5.576388944697195,0.0747,0.0265074911913231,synthetic,0.03,1.1,central
NE,s_o1,photochemical oxidant formation,4.997166492833907,0.11371138349082159,0.12482562803144263,-0.011114244540621043,5.110877876324729,4.874825628031442,0.2360522482932863,4.8422706021714506,4.75,5.576388944697195,0.0747,0.0265074911913231,synthetic,0.03,1.1,central
NE,s_o1,_ALL_,4.997166492833907,14.522003816007745,9.241845083400877,5.280158732606868,19.51917030884165,13.991845083400877,5.527325225440775,39.50390525691338,4.75,5.576388944697195,0.0747,0.0265074911913231,synthetic,0.03,1.1,central
NE,s_o2,acidification,4.023465899733932,0.006913109011643947,0.029557541549721567,-0.02264443253807762,4.030379008745576,4.779557541549721,-0.7491785328041454,-15.67464197870567,4.75,4.839578021677044,0.0747,0.0265074911913231,synthetic,0.03,1.1,central
NE,s_o2,climate change,4.023465899733932,1.1900809725960066,1.579564631127225,-0.38948365853121825,5.213546872329938,6.329564631127225,-1.1160177587972866,-17.631824996445868,4.75,4.839578021677044,0.0747,0.0265074911913231,synthetic,0.03,1.1,central
NE,s_o2,ecotoxicity: freshwater,4.023465899733932,0.37994944789333596,0.21387852000824,0.16607092788509595,4.403415347627267,4.96387852000824,-0.560463172380973,-11.290831758309078,4.75,4.839578021677044,0.0747,0.0265074911913231,synthetic,0.03,1.1,central
NE,s_o2,eutrophication,4.023465899733932,0.7048987344966007,0.4474714073982154,0.2574273270983853,4.728364634230532,5.197471407398216,-0.4691067731676837,-9.025672993601177,4.75,4.839578021677044,0.0747,0.0265074911913231,synthetic,0.03,1.1,central
NE,s_o2,particulate matter formation,4.023465899733932,5.61639869546672,6.846547355286032,-1.2301486598193119,9.639864595200653,11.596547355286031,-1.9566827600853784,-16.872976931305917,4.75,4.839578021677044,0.0747,0.0265074911913231,synthetic,0.03,1.1,central
NE,s_o2,photochemical oxidant formation,4.023465899733932,0.061943037186917925,0.12482562803144263,-0.06288259084452472,4.0854089369208495,4.874825628031442,-0.7894166911105929,-16.193742122205425,4.75,4.839578021677044,0.0747,0.0265074911913231,synthetic,0.03,1.1,central
NE,s_o2,_ALL_,4.023465899733932,7.960183996651225,9.241845083400877,-1.2816610867496516,11.983649896385156,13.991845083400877,-2.008195187015721,-14.35261164660927,4.75,4.839578021677044,0.0747,0.0265074911913231,synthetic,0.03,1.1,central
NH,s_c1,acidification,4.451511188487184,0.007243559588313006,0.029557541549721573,-0.022313981961408567,4.458754748075497,4.779557541549722,-0.3208027934742246,-6.711976802986823,4.75,4.591849622276211,0.1654,0.03348314676798707,synthetic,0.03,1.1,central
NH,s_c1,climate change,4.451511188487184,1.2406723504968242,1.5795646311272247,-0.33889228063040044,5.6921835389840085,6.329564631127225,-0.6373810921432161,-10.069904160686415,4.75,4.591849622276211,0.1654,0.03348314676798707,synthetic,0.03,1.1,central
NH,s_c1,ecotoxicity: freshwater,4.451511188487184,0.5156157560992968,0.21387852000823995,0.30173723609105685,4.9671269445864805,4.96387852000824,0.003248424578240261,0.0654412585873449,4.75,4.591849622276211,0.1654,0.03348314676798707,synthetic,0.03,1.1,central
NH,s_c1,eutrophication,4.451511188487184,0.3966937873591618,0.44747140739821534,-0.05077762003905356,4.848204975846346,5.197471407398215,-0.349266431551869,-6.719929830777214,4.75,4.591849622276211,0.1654,0.03348314676798707,synthetic,0.03,1.1,central
NH,s_c1,particulate matter formation,4.451511188487184,2.2053800163677346,6.846547355286029,-4.641167338918295,6.656891204854919,11.59654735528603,-4.9396561504311105,-42.59592100212032,4.75,4.591849622276211,0.1654,0.03348314676798707,synthetic,0.03,1.1,central
NH,s_c1,photochemical oxidant formation,4.451511188487184,0.06982055221827471,0.1248256280314426,-0.055005075813167895,4.521331740705459,4.874825628031442,-0.35349388732598364,-7.251416036161522,4.75,4.591849622276211,0.1654,0.03348314676798707,synthetic,0.03,1.1,central
NH,s_c1,_ALL_,4.451511188487184,4.4354260221296045,9.241845083400873,-4.806419061271269,8.88693721061679,13.991845083400873,-5.104907872784084,-36.484879887930255,4.75,4.591849622276211,0.1654,0.03348314676798707,synthetic,0.03,1.1,central
NH,s_c2,acidification,4.443485555374111,0.006139926301980664,0.029557541549721573,-0.02341761524774091,4.449625481676092,4.779557541549722,-0.32993205987362995,-6.902983320222837,4.75,4.707813026959782,0.1654,0.03348314676798707,synthetic,0.03,1.1,central
NH,s_c2,climate change,4.443485555374111,1.3107989916824505,1.5795646311272247,-0.26876563944477416,5.754284547056562,6.329564631127225,-0.5752800840706627,-9.088778100812467,4.75,4.707813026959782,0.1654,0.03348314676798707,synthetic,0.03,1.1,central
NH,s_c2,ecotoxicity: freshwater,4.443485555374111,0.38842047833782334,0.21387852000823995,0.17454195832958339,4.831906033711935,4.96387852000824,-0.13197248629630565,-2.658656648512957,4.75,4.707813026959782,0.1654,0.03348314676798707,synthetic,0.03,1.1,central
NH,s_c2,eutrophication,4.443485555374111,0.2965536696527709,0.44747140739821534,-0.15091773774544442,4.740039225026882,5.197471407398215,-0.457432182371333,-8.801052406372303,4.75,4.707813026959782,0.1654,0.03348314676798707,synthetic,0.03,1.1,central
NH,s_c2,particulate matter formation,4.443485555374111,1.6603632593632853,6.846547355286029,-5.186184095922744,6.103848814737397,11.59654735528603,-5.492698540548632,-47.36494727497411,4.75,4.707813026959782,0.1654,0.03348314676798707,synthetic,0.03,1.1,central
NH,s_c2,photochemical oxidant formation,4.443485555374111,0.06730237851019835,0.1248256280314426,-0.057523249521244255,4.510787933884309,4.874825628031442,-0.3640376941471333,-7.46770698943214,4.75,4.707813026959782,0.1654,0.03348314676798707,synthetic,0.03,1.1,central
NH,s_c2,_ALL_,4.443485555374111,3.7295787038485093,9.241845083400873,-5.512266379552364,8.17306425922262,13.991845083400873,-5.818780824178253,-41.58694432002626,4.75,4.707813026959782,0.1654,0.03348314676798707,synthetic,0.03,1.1,central
NH,s_o1,acidification,5.511547843205497,0.00867894533134583,0.029557541549721567,-0.020878596218375737,5.520226788536842,4.779557541549721,0.740669246987121,15.496606967241718,4.75,6.092579172252389,0.1654,0.03348314676798707,synthetic,0.03,1.1,central
NH,s_o1,climate change,5.511547843205497,1.7087586778009163,1.579564631127225,0.1291940466736914,7.220306521006413,6.329564631127225,0.8907418898791883,14.072719717541728,4.75,6.092579172252389,0.1654,0.03348314676798707,synthetic,0.03,1.1,central
NH,s_o1,ecotoxicity: freshwater,5.511547843205497,0.5278581919313156,0.21387852000824,0.3139796719230755,6.039406035136812,4.96387852000824,1.075527515128572,21.667079699742256,4.75,6.092579172252389,0.1654,0.03348314676798707,synthetic,0.03,1.1,central
NH,s_o1,eutrophication,5.511547843205497,0.49780553455121573,0.4474714073982154,0.05033412715300034,6.009353377756712,5.197471407398216,0.8118819703584963,15.620710663320676,4.75,6.092579172252389,0.1654,0.03348314676798707,synthetic,0.03,1.1,central
NH,s_o1,particulate matter formation,5.511547843205497,2.370070411525469,6.846547355286032,-4.476476943760563,7.881618254730966,11.596547355286031,-3.7149291005550653,-32.034785757691026,4.75,6.092579172252389,0.1654,0.03348314676798707,synthetic,0.03,1.1,central
NH,s_o1,photochemical oxidant formation,5.511547843205497,0.09400157264608354,0.12482562803144263,-0.030824055385359095,5.605549415851581,4.874825628031442,0.7307237878201382,14.989742066224839,4.75,6.092579172252389,0.1654,0.03348314676798707,synthetic,0.03,1.1,central
NH,s_o1,_ALL_,5.511547843205497,5.207173333786346,9.241845083400877,-4.034671749614531,10.718721176991842,13.991845083400877,-3.273123906409035,-23.393082805727186,4.75,6.092579172252389,0.1654,0.03348314676798707,synthetic,0.03,1.1,central
NH,s_o2,acidification,4.532577168488896,0.004775664598893098,0.029557541549721567,-0.02478187695082847,4.537352833087788,4.779557541549721,-0.24220470846193276,-5.067513182054932,4.75,5.350479634808415,0.1654,0.03348314676798707,synthetic,0.03,1.1,central
NH,s_o2,climate change,4.532577168488896,0.9241675946370899,1.579564631127225,-0.655397036490135,5.456744763125985,6.329564631127225,-0.8728198680012396,-13.789571935310189,4.75,5.350479634808415,0.1654,0.03348314676798707,synthetic,0.03,1.1,central
NH,s_o2,ecotoxicity: freshwater,4.532577168488896,0.29266063427854083,0.21387852000824,0.07878211427030082,4.825237802767436,4.96387852000824,-0.13864071724080418,-2.792991743894934,4.75,5.350479634808415,0.1654,0.03348314676798707,synthetic,0.03,1.1,central
NH,s_o2,eutrophication,4.532577168488896,0.2755531627603797,0.4474714073982154,-0.17191824463783567,4.808130331249275,5.197471407398216,-0.3893410761489404,-7.4909710055305405,4.75,5.350479634808415,0.1654,0.03348314676798707,synthetic,0.03,1.1,central
NH,s_o2,particulate matter formation,4.532577168488896,1.3109297291828033,6.846547355286032,-5.535617626103228,5.843506897671698,11.596547355286031,-5.753040457614333,-49.6099423505733,4.75,5.350479634808415,0.1654,0.03348314676798707,synthetic,0.03,1.1,central
NH,s_o2,photochemical oxidant formation,4.532577168488896,0.0512347437970264,0.12482562803144263,-0.07359088423441623,4.583811912285922,4.874825628031442,-0.29101371574552015,-5.969725646638927,4.75,5.350479634808415,0.1654,0.03348314676798707,synthetic,0.03,1.1,central
NH,s_o2,_ALL_,4.532577168488896,2.859321529254733,9.241845083400877,-6.382523554146144,7.3918986977436285,13.991845083400877,-6.5999463856572484,-47.16995039837202,4.75,5.350479634808415,0.1654,0.03348314676798707,synthetic,0.03,1.1,central
NJ,s_c1,acidification,4.308072518960087,0.010614567576104638,0.029557541549721573,-0.018942973973616935,4.318687086536191,4.779557541549722,-0.46087045501353074,-9.642533874884542,4.75,4.447906535284586,0.1305,0.04384697791045927,synthetic,0.03,1.1,central
NJ,s_c1,climate change,4.308072518960087,1.7418698481693882,1.5795646311272247,0.1623052170421635,6.049942367129475,6.329564631127225,-0.2796222639977497,-4.417717177934118,4.75,4.447906535284586,0.1305,0.04384697791045927,synthetic,0.03,1.1,central
NJ,s_c1,ecotoxicity: freshwater,4.308072518960087,0.5696429864711543,0.21387852000823995,0.3557644664629144,4.877715505431241,4.96387852000824,-0.08616301457699915,-1.7358002261678256,4.75,4.447906535284586,0.1305,0.04384697791045927,synthetic,0.03,1.1,central
NJ,s_c1,eutrophication,4.308072518960087,0.6547195715229339,0.44747140739821534,0.20724816412471858,4.9627920904830205,5.197471407398215,-0.2346793169151944,-4.515259412127709,4.75,4.447906535284586,0.1305,0.04384697791045927,synthetic,0.03,1.1,central
NJ,s_c1,particulate matter formation,4.308072518960087,3.6320956899574277,6.846547355286029,-3.2144516653286015,7.940168208917514,11.59654735528603,-3.656379146368515,-31.52989449658769,4.75,4.447906535284586,0.1305,0.04384697791045927,synthetic,0.03,1.1,central
NJ,s_c1,photochemical oxidant formation,4.308072518960087,0.08465510540652815,0.1248256280314426,-0.040170522624914454,4.392727624366615,4.874825628031442,-0.48209800366482725,-9.889543553981614,4.75,4.447906535284586,0.1305,0.04384697791045927,synthetic,0.03,1.1,central
NJ,s_c1,_ALL_,4.308072518960087,6.693597769103538,9.241845083400873,-2.5482473142973356,11.001670288063625,13.991845083400873,-2.990174795337248,-21.37083978212867,4.75,4.447906535284586,0.1305,0.04384697791045927,synthetic,0.03,1.1,central
NJ,s_c2,acidification,4.283055261349684,0.008840986011642338,0.029557541549721573,-0.020716555538079235,4.2918962473613265,4.779557541549722,-0.48766129418839554,-10.203063567057223,4.75,4.54681926345996,0.1305,0.04384697791045927,synthetic,0.03,1.1,central
NJ,s_c2,climate change,4.283055261349684,1.7123893683440825,1.5795646311272247,0.13282473721685784,5.9954446296937665,6.329564631127225,-0.3341200014334582,-5.278720115919808,4.75,4.54681926345996,0.1305,0.04384697791045927,synthetic,0.03,1.1,central
NJ,s_c2,ecotoxicity: freshwater,4.283055261349684,0.43171043069347886,0.21387852000823995,0.2178319106852389,4.714765692043163,4.96387852000824,-0.24911282796507717,-5.018511773826883,4.75,4.54681926345996,0.1305,0.04384697791045927,synthetic,0.03,1.1,central
NJ,s_c2,eutrophication,4.283055261349684,0.5032998571974632,0.44747140739821534,0.05582844979924784,4.786355118547148,5.197471407398215,-0.4111162888510673,-7.909928821654964,4.75,4.54681926345996,0.1305,0.04384697791045927,synthetic,0.03,1.1,central
NJ,s_c2,particulate matter formation,4.283055261349684,2.8035359356168597,6.846547355286029,-4.0430114196691695,7.086591196966544,11.59654735528603,-4.509956158319485,-38.89050783950554,4.75,4.54681926345996,0.1305,0.04384697791045927,synthetic,0.03,1.1,central
NJ,s_c2,photochemical oxidant formation,4.283055261349684,0.07918873833869403,0.1248256280314426,-0.04563688969274858,4.362243999688379,4.874825628031442,-0.5125816283430638,-10.514871042680864,4.75,4.54681926345996,0.1305,0.04384697791045927,synthetic,0.03,1.1,central
NJ,s_c2,_ALL_,4.283055261349684,5.538965316202221,9.241845083400873,-3.7028797671986524,9.822020577551905,13.991845083400873,-4.169824505848968,-29.801820138759325,4.75,4.54681926345996,0.1305,0.04384697791045927,synthetic,0.03,1.1,central
NJ,s_o1,acidification,5.428939716156878,0.011684423453243581,0.029557541549721567,-0.017873118096477986,5.440624139610122,4.779557541549721,0.6610665980604011,13.831125419321916,4.75,6.009680544865666,0.1305,0.04384697791045927,synthetic,0.03,1.1,central
NJ,s_o1,climate change,5.428939716156878,2.155609625487812,1.579564631127225,0.576044994360587,7.58454934164469,6.329564631127225,1.2549847105174656,19.82734648676724,4.75,6.009680544865666,0.1305,0.04384697791045927,synthetic,0.03,1.1,central
NJ,s_o1,ecotoxicity: freshwater,5.428939716156878,0.576027065887536,0.21387852000824,0.362148545879296,6.004966782044415,4.96387852000824,1.0410882620361743,20.973282441135286,4.75,6.009680544865666,0.1305,0.04384697791045927,synthetic,0.03,1.1,central
NJ,s_o1,eutrophication,5.428939716156878,0.7278527050112764,0.4474714073982154,0.280381297613061,6.156792421168155,5.197471407398216,0.9593210137699391,18.457456300854613,4.75,6.009680544865666,0.1305,0.04384697791045927,synthetic,0.03,1.1,central
NJ,s_o1,particulate matter formation,5.428939716156878,3.642082450260359,6.846547355286032,-3.204464905025673,9.071022166417237,11.596547355286031,-2.5255251888687944,-21.778250987071505,4.75,6.009680544865666,0.1305,0.04384697791045927,synthetic,0.03,1.1,central
NJ,s_o1,photochemical oxidant formation,5.428939716156878,0.10722756475790649,0.12482562803144263,-0.01759806327353615,5.536167280914785,4.874825628031442,0.6613416528833422,13.566467876932165,4.75,6.009680544865666,0.1305,0.04384697791045927,synthetic,0.03,1.1,central
NJ,s_o1,_ALL_,5.428939716156878,7.220483834858133,9.241845083400877,-2.0213612485427443,12.649423551015012,13.991845083400877,-1.342421532385865,-9.594313861996921,4.75,6.009680544865666,0.1305,0.04384697791045927,synthetic,0.03,1.1,central
NJ,s_o2,acidification,4.4519968898241835,0.0064219180082786,0.029557541549721567,-0.023135623541442968,4.458418807832462,4.779557541549721,-0.3211387337172589,-6.7190054921513305,4.75,5.269615986951916,0.1305,0.04384697791045927,synthetic,0.03,1.1,central
NJ,s_o2,climate change,4.4519968898241835,1.1689306127928145,1.579564631127225,-0.4106340183344104,5.620927502616998,6.329564631127225,-0.7086371285102269,-11.19566936761062,4.75,5.269615986951916,0.1305,0.04384697791045927,synthetic,0.03,1.1,central
NJ,s_o2,ecotoxicity: freshwater,4.4519968898241835,0.3190451793527259,0.21387852000824,0.10516665934448591,4.771042069176909,4.96387852000824,-0.19283645083133116,-3.8847939177812725,4.75,5.269615986951916,0.1305,0.04384697791045927,synthetic,0.03,1.1,central
NJ,s_o2,eutrophication,4.4519968898241835,0.4015617122587301,0.4474714073982154,-0.045909695139485285,4.853558602082914,5.197471407398216,-0.343912805315302,-6.616925392331502,4.75,5.269615986951916,0.1305,0.04384697791045927,synthetic,0.03,1.1,central
NJ,s_o2,particulate matter formation,4.4519968898241835,2.00767549495283,6.846547355286032,-4.838871860333201,6.459672384777013,11.596547355286031,-5.136874970509018,-44.29658943416022,4.75,5.269615986951916,0.1305,0.04384697791045927,synthetic,0.03,1.1,central
NJ,s_o2,photochemical oxidant formation,4.4519968898241835,0.05847929315772704,0.12482562803144263,-0.06634633487371559,4.51047618298191,4.874825628031442,-0.36434944504953215,-7.474102108482271,4.75,5.269615986951916,0.1305,0.04384697791045927,synthetic,0.03,1.1,central
NJ,s_o2,_ALL_,4.4519968898241835,3.9621142105231066,9.241845083400877,-5.279730872877771,8.41411110034729,13.991845083400877,-5.577733983053587,-39.864177667823746,4.75,5.269615986951916,0.1305,0.04384697791045927,synthetic,0.03,1.1,central
NM,s_c1,acidification,4.081106489027411,0.008748860668374603,0.029557541549721573,-0.02080868088134697,4.089855349695785,4.779557541549722,-0.6897021918539368,-14.430251877045254,4.75,4.2201423549719586,0.0677,0.06876003354140203,synthetic,0.03,1.1,central
NM,s_c1,climate change,4.081106489027411,1.550658052783333,1.5795646311272247,-0.028906578343891765,5.631764541810743,6.329564631127225,-0.6978000893164813,-11.024456340723246,4.75,4.2201423549719586,0.0677,0.06876003354140203,synthetic,0.03,1.1,central
NM,s_c1,ecotoxicity: freshwater,4.081106489027411,0.5928824862511345,0.21387852000823995,0.37900396624289456,4.6739889752785455,4.96387852000824,-0.28988954472969475,-5.8399806433863635,4.75,4.2201423549719586,0.0677,0.06876003354140203,synthetic,0.03,1.1,central
NM,s_c1,eutrophication,4.081106489027411,0.8287205703424176,0.44747140739821534,0.3812491629442023,4.909827059369828,5.197471407398215,-0.2876443480283868,-5.534313235835149,4.75,4.2201423549719586,0.0677,0.06876003354140203,synthetic,0.03,1.1,central
NM,s_c1,particulate matter formation,4.081106489027411,6.341346172520108,6.846547355286029,-0.5052011827659211,10.422452661547519,11.59654735528603,-1.1740946937385104,-10.124519460555863,4.75,4.2201423549719586,0.0677,0.06876003354140203,synthetic,0.03,1.1,central
NM,s_c1,photochemical oxidant formation,4.081106489027411,0.0830966467990763,0.1248256280314426,-0.041728981232366305,4.164203135826487,4.874825628031442,-0.7106224922049558,-14.577393048044677,4.75,4.2201423549719586,0.0677,0.06876003354140203,synthetic,0.03,1.1,central
NM,s_c1,_ALL_,4.081106489027411,9.405452789364444,9.241845083400873,0.163607705963571,13.486559278391855,13.991845083400873,-0.5052858050090183,-3.61128787516709,4.75,4.2201423549719586,0.0677,0.06876003354140203,synthetic,0.03,1.1,central
NM,s_c2,acidification,4.025514044642442,0.007534478608667664,0.029557541549721573,-0.02202306294105391,4.03304852325111,4.779557541549722,-0.746509018298612,-15.618789224924033,4.75,4.288373500543705,0.0677,0.06876003354140203,synthetic,0.03,1.1,central
NM,s_c2,climate change,4.025514044642442,1.6062149151651108,1.5795646311272247,0.026650284037886163,5.631728959807553,6.329564631127225,-0.6978356713196714,-11.025018496341584,4.75,4.288373500543705,0.0677,0.06876003354140203,synthetic,0.03,1.1,central
NM,s_c2,ecotoxicity: freshwater,4.025514044642442,0.44841094951225885,0.21387852000823995,0.2345324295040189,4.473924994154701,4.96387852000824,-0.48995352585353924,-9.870377042440715,4.75,4.288373500543705,0.0677,0.06876003354140203,synthetic,0.03,1.1,central
NM,s_c2,eutrophication,4.025514044642442,0.6429200204710984,0.44747140739821534,0.19544861307288308,4.668434065113541,5.197471407398215,-0.5290373422846741,-10.17874463978058,4.75,4.288373500543705,0.0677,0.06876003354140203,synthetic,0.03,1.1,central
NM,s_c2,particulate matter formation,4.025514044642442,4.9761729710413904,6.846547355286029,-1.8703743842446388,9.001687015683832,11.59654735528603,-2.5948603396021976,-22.376145762207297,4.75,4.288373500543705,0.0677,0.06876003354140203,synthetic,0.03,1.1,central
NM,s_c2,photochemical oxidant formation,4.025514044642442,0.08242856862242058,0.1248256280314426,-0.042397059409022025,4.107942613264862,4.874825628031442,-0.7668830147665799,-15.731496329977725,4.75,4.288373500543705,0.0677,0.06876003354140203,synthetic,0.03,1.1,central
NM,s_c2,_ALL_,4.025514044642442,7.763681903420947,9.241845083400873,-1.4781631799799264,11.789195948063389,13.991845083400873,-2.2026491353374844,-15.7423779509293,4.75,4.288373500543705,0.0677,0.06876003354140203,synthetic,0.03,1.1,central
NM,s_o1,acidification,5.33565464897084,0.010255480394138502,0.029557541549721567,-0.019302061155583063,5.345910129364978,4.779557541549721,0.5663525878152571,11.849477339520076,4.75,5.916067430736475,0.0677,0.06876003354140203,synthetic,0.03,1.1,central
NM,s_o1,climate change,5.33565464897084,2.0430912693226246,1.579564631127225,0.46352663819539974,7.378745918293465,6.329564631127225,1.04918128716624,16.575883940052172,4.75,5.916067430736475,0.0677,0.06876003354140203,synthetic,0.03,1.1,central
NM,s_o1,ecotoxicity: freshwater,5.33565464897084,0.5943548650785746,0.21387852000824,0.38047634507033457,5.930009514049415,4.96387852000824,0.9661309940411744,19.46322800098602,4.75,5.916067430736475,0.0677,0.06876003354140203,synthetic,0.03,1.1,central
NM,s_o1,eutrophication,5.33565464897084,0.8832341689365037,0.4474714073982154,0.43576276153828836,6.218888817907343,5.197471407398216,1.0214174105091276,19.65219874139597,4.75,5.916067430736475,0.0677,0.06876003354140203,synthetic,0.03,1.1,central
NM,s_o1,particulate matter formation,5.33565464897084,6.059772269393913,6.846547355286032,-0.7867750858921188,11.395426918364752,11.596547355286031,-0.20112043692127912,-1.7343130740513277,4.75,5.916067430736475,0.0677,0.06876003354140203,synthetic,0.03,1.1,central
NM,s_o1,photochemical oxidant formation,5.33565464897084,0.11142978837520359,0.12482562803144263,-0.013395839656239042,5.447084437346043,4.874825628031442,0.5722588093146008,11.739062132273459,4.75,5.916067430736475,0.0677,0.06876003354140203,synthetic,0.03,1.1,central
NM,s_o1,_ALL_,5.33565464897084,9.70213784150096,9.241845083400877,0.4602927581000831,15.0377924904718,13.991845083400877,1.0459474070709227,7.47540728786209,4.75,5.916067430736475,0.0677,0.06876003354140203,synthetic,0.03,1.1,central
NM,s_o2,acidification,4.362360787638412,0.0056306187829614236,0.029557541549721567,-0.023926922766760145,4.367991406421374,4.779557541549721,-0.4115661351283473,-8.610967261101354,4.75,5.179664669799751,0.0677,0.06876003354140203,synthetic,0.03,1.1,central
NM,s_o2,climate change,4.362360787638412,1.1051468397175255,1.579564631127225,-0.4744177914096994,5.467507627355937,6.329564631127225,-0.8620570037712874,-13.619530789399091,4.75,5.179664669799751,0.0677,0.06876003354140203,synthetic,0.03,1.1,central
NM,s_o2,ecotoxicity: freshwater,4.362360787638412,0.32917182474586587,0.21387852000824,0.11529330473762586,4.691532612384278,4.96387852000824,-0.27234590762396227,-5.486554647262201,4.75,5.179664669799751,0.0677,0.06876003354140203,synthetic,0.03,1.1,central
NM,s_o2,eutrophication,4.362360787638412,0.4866629302039517,0.4474714073982154,0.03919152280573629,4.849023717842364,5.197471407398216,-0.3484476895558517,-6.704177132362136,4.75,5.179664669799751,0.0677,0.06876003354140203,synthetic,0.03,1.1,central
NM,s_o2,particulate matter formation,4.362360787638412,3.3318838364496597,6.846547355286032,-3.514663518836372,7.694244624088071,11.596547355286031,-3.9023027311979597,-33.65055659794448,4.75,5.179664669799751,0.0677,0.06876003354140203,synthetic,0.03,1.1,central
NM,s_o2,photochemical oxidant formation,4.362360787638412,0.06057638759488642,0.12482562803144263,-0.06424924043655622,4.422937175233298,4.874825628031442,-0.45188845279814416,-9.269838293285298,4.75,5.179664669799751,0.0677,0.06876003354140203,synthetic,0.03,1.1,central
NM,s_o2,_ALL_,4.362360787638412,5.31907243749485,9.241845083400877,-3.9227726459060266,9.681433225133262,13.991845083400877,-4.310411858267615,-30.80660079192301,4.75,5.179664669799751,0.0677,0.06876003354140203,synthetic,0.03,1.1,central
NV,s_c1,acidification,4.087786865667793,0.00867651408690137,0.029557541549721573,-0.020881027462820202,4.096463379754694,4.779557541549722,-0.6830941617950277,-14.291995772762293,4.75,4.226846223873222,0.0767,0.059990637959310165,synthetic,0.03,1.1,central
NV,s_c1,climate change,4.087786865667793,1.5391680993832955,1.5795646311272247,-0.04039653174392921,5.626954965051088,6.329564631127225,-0.7026096660761363,-11.100442242439183,4.75,4.226846223873222,0.0767,0.059990637959310165,synthetic,0.03,1.1,central
NV,s_c1,ecotoxicity: freshwater,4.087786865667793,0.5933085133968075,0.21387852000823995,0.37942999338856753,4.6810953790646,4.96387852000824,-0.2827831409436401,-5.6968183206701575,4.75,4.226846223873222,0.0767,0.059990637959310165,synthetic,0.03,1.1,central
NV,s_c1,eutrophication,4.087786865667793,0.8284429351304203,0.44747140739821534,0.380971527732205,4.916229800798213,5.197471407398215,-0.28124160660000186,-5.411123689871103,4.75,4.226846223873222,0.0767,0.059990637959310165,synthetic,0.03,1.1,central
NV,s_c1,particulate matter formation,4.087786865667793,6.340053201522312,6.846547355286029,-0.5064941537637173,10.427840067190104,11.59654735528603,-1.1687072880959253,-10.078062480926238,4.75,4.226846223873222,0.0767,0.059990637959310165,synthetic,0.03,1.1,central
NV,s_c1,photochemical oxidant formation,4.087786865667793,0.0814841840128694,0.1248256280314426,-0.043341444018573205,4.169271049680662,4.874825628031442,-0.70555457835078,-14.473432122241832,4.75,4.226846223873222,0.0767,0.059990637959310165,synthetic,0.03,1.1,central
NV,s_c1,_ALL_,4.087786865667793,9.391133447532605,9.241845083400873,0.1492883641317313,13.478920313200398,13.991845083400873,-0.5129247702004758,-3.6658837139998104,4.75,4.226846223873222,0.0767,0.059990637959310165,synthetic,0.03,1.1,central
NV,s_c2,acidification,4.036576215565802,0.0072742895484714095,0.029557541549721573,-0.022283252001250163,4.043850505114273,4.779557541549722,-0.735707036435449,-15.392785420821687,4.75,4.299474524451065,0.0767,0.059990637959310165,synthetic,0.03,1.1,central
NV,s_c2,climate change,4.036576215565802,1.5619016205285843,1.5795646311272247,-0.017663010598640394,5.598477836094386,6.329564631127225,-0.731086795032839,-11.550348841333193,4.75,4.299474524451065,0.0767,0.059990637959310165,synthetic,0.03,1.1,central
NV,s_c2,ecotoxicity: freshwater,4.036576215565802,0.4499287145032045,0.21387852000823995,0.23605019449496453,4.486504930069007,4.96387852000824,-0.4773735899392335,-9.616947473936994,4.75,4.299474524451065,0.0767,0.059990637959310165,synthetic,0.03,1.1,central
NV,s_c2,eutrophication,4.036576215565802,0.6419165109800907,0.44747140739821534,0.1944451035818754,4.678492726545892,5.197471407398215,-0.5189786808523227,-9.985214735642318,4.75,4.299474524451065,0.0767,0.059990637959310165,synthetic,0.03,1.1,central
NV,s_c2,particulate matter formation,4.036576215565802,4.971945553783713,6.846547355286029,-1.8746018015023163,9.008521769349514,11.59654735528603,-2.5880255859365153,-22.317207929624168,4.75,4.299474524451065,0.0767,0.059990637959310165,synthetic,0.03,1.1,central
NV,s_c2,photochemical oxidant formation,4.036576215565802,0.07653175635656634,0.1248256280314426,-0.04829387167487627,4.113107971922368,4.874825628031442,-0.7617176561090746,-15.625536464914997,4.75,4.299474524451065,0.0767,0.059990637959310165,synthetic,0.03,1.1,central
NV,s_c2,_ALL_,4.036576215565802,7.70949844570063,9.241845083400873,-1.5323466377002433,11.746074661266432,13.991845083400873,-2.2457704221344414,-16.050566660423474,4.75,4.299474524451065,0.0767,0.059990637959310165,synthetic,0.03,1.1,central
NV,s_o1,acidification,5.3030741986077885,0.009938017163567792,0.029557541549721567,-0.019619524386153775,5.313012215771356,4.779557541549721,0.5334546742216348,11.161172756770865,4.75,5.883372407725619,0.0767,0.059990637959310165,synthetic,0.03,1.1,central
NV,s_o1,climate change,5.3030741986077885,1.9894813779611602,1.579564631127225,0.4099167468339353,7.292555576568949,6.329564631127225,0.9629909454417245,15.214173510544066,4.75,5.883372407725619,0.0767,0.059990637959310165,synthetic,0.03,1.1,central
NV,s_o1,ecotoxicity: freshwater,5.3030741986077885,0.596208934648993,0.21387852000824,0.382330414640753,5.899283133256781,4.96387852000824,0.935404613248541,18.844228549875716,4.75,5.883372407725619,0.0767,0.059990637959310165,synthetic,0.03,1.1,central
NV,s_o1,eutrophication,5.3030741986077885,0.8820105295892926,0.4474714073982154,0.4345391221910772,6.185084728197081,5.197471407398216,0.9876133207988653,19.00180382701232,4.75,5.883372407725619,0.0767,0.059990637959310165,synthetic,0.03,1.1,central
NV,s_o1,particulate matter formation,5.3030741986077885,6.054549578866514,6.846547355286032,-0.7919977764195183,11.357623777474302,11.596547355286031,-0.2389235778117289,-2.0602992467652093,4.75,5.883372407725619,0.0767,0.059990637959310165,synthetic,0.03,1.1,central
NV,s_o1,photochemical oxidant formation,5.3030741986077885,0.10424989941524895,0.12482562803144263,-0.02057572861619368,5.407324098023038,4.874825628031442,0.5324984699915953,10.923436254408744,4.75,5.883372407725619,0.0767,0.059990637959310165,synthetic,0.03,1.1,central
NV,s_o1,_ALL_,5.3030741986077885,9.636438337644776,9.241845083400877,0.39459325424389924,14.939512536252565,13.991845083400877,0.9476674528516877,6.7729984659131635,4.75,5.883372407725619,0.0767,0.059990637959310165,synthetic,0.03,1.1,central
NV,s_o2,acidification,4.329257396431372,0.005465937914299147,0.029557541549721567,-0.02409160363542242,4.3347233343456715,4.779557541549721,-0.44483420720404965,-9.30701646202625,4.75,5.146444866967345,0.0767,0.059990637959310165,synthetic,0.03,1.1,central
NV,s_o2,climate change,4.329257396431372,1.0773868357639826,1.579564631127225,-0.5021777953632423,5.4066442321953545,6.329564631127225,-0.9229203989318702,-14.581103957658907,4.75,5.146444866967345,0.0767,0.059990637959310165,synthetic,0.03,1.1,central
NV,s_o2,ecotoxicity: freshwater,4.329257396431372,0.3301338436960796,0.21387852000824,0.11625532368783961,4.6593912401274515,4.96387852000824,-0.3044872798807887,-6.134059861728511,4.75,5.146444866967345,0.0767,0.059990637959310165,synthetic,0.03,1.1,central
NV,s_o2,eutrophication,4.329257396431372,0.4860282627222203,0.4474714073982154,0.03855685532400488,4.815285659153592,5.197471407398216,-0.38218574824462337,-7.353301601632868,4.75,5.146444866967345,0.0767,0.059990637959310165,synthetic,0.03,1.1,central
NV,s_o2,particulate matter formation,4.329257396431372,3.329167609506319,6.846547355286032,-3.5173797457797127,7.6584250059376915,11.596547355286031,-3.9381223493483395,-33.959438345700654,4.75,5.146444866967345,0.0767,0.059990637959310165,synthetic,0.03,1.1,central
NV,s_o2,photochemical oxidant formation,4.329257396431372,0.056853512428270817,0.12482562803144263,-0.06797211560317182,4.386110908859643,4.874825628031442,-0.4887147191717993,-10.025275906517965,4.75,5.146444866967345,0.0767,0.059990637959310165,synthetic,0.03,1.1,central
NV,s_o2,_ALL_,4.329257396431372,5.2850360020311715,9.241845083400877,-3.9568090813697054,9.614293398462543,13.991845083400877,-4.377551684938334,-31.28645049201989,4.75,5.146444866967345,0.0767,0.059990637959310165,synthetic,0.03,1.1,central
NY,s_c1,acidification,4.163695916996926,0.007243559588313006,0.029557541549721573,-0.022313981961408567,4.1709394765852394,4.779557541549722,-0.6086180649644826,-12.733774197164376,4.75,4.303022217522088,0.0949,0.054808722388074084,synthetic,0.03,1.1,central
NY,s_c1,climate change,4.163695916996926,1.2406723504968242,1.5795646311272247,-0.33889228063040044,5.4043682674937505,6.329564631127225,-0.9251963636334741,-14.61706163933596,4.75,4.303022217522088,0.0949,0.054808722388074084,synthetic,0.03,1.1,central
NY,s_c1,ecotoxicity: freshwater,4.163695916996926,0.5156157560992968,0.21387852000823995,0.30173723609105685,4.6793116730962225,4.96387852000824,-0.2845668469120177,-5.7327520358323625,4.75,4.303022217522088,0.0949,0.054808722388074084,synthetic,0.03,1.1,central
NY,s_c1,eutrophication,4.163695916996926,0.3966937873591618,0.44747140739821534,-0.05077762003905356,4.560389704356088,5.197471407398215,-0.637081703042127,-12.257531655398594,4.75,4.303022217522088,0.0949,0.054808722388074084,synthetic,0.03,1.1,central
NY,s_c1,particulate matter formation,4.163695916996926,2.2053800163677346,6.846547355286029,-4.641167338918295,6.369075933364661,11.59654735528603,-5.2274714219213685,-45.07782585424912,4.75,4.303022217522088,0.0949,0.054808722388074084,synthetic,0.03,1.1,central
NY,s_c1,photochemical oxidant formation,4.163695916996926,0.06982055221827471,0.1248256280314426,-0.055005075813167895,4.233516469215201,4.874825628031442,-0.6413091588162416,-13.155530223041348,4.75,4.303022217522088,0.0949,0.054808722388074084,synthetic,0.03,1.1,central
NY,s_c1,_ALL_,4.163695916996926,4.4354260221296045,9.241845083400873,-4.806419061271269,8.59912193912653,13.991845083400873,-5.392723144274344,-38.5419014585286,4.75,4.303022217522088,0.0949,0.054808722388074084,synthetic,0.03,1.1,central
NY,s_c2,acidification,4.121346228667183,0.006139926301980664,0.029557541549721573,-0.02341761524774091,4.127486154969164,4.779557541549722,-0.6520713865805581,-13.642923657931957,4.75,4.384542270066757,0.0949,0.054808722388074084,synthetic,0.03,1.1,central
NY,s_c2,climate change,4.121346228667183,1.3107989916824505,1.5795646311272247,-0.26876563944477416,5.432145220349634,6.329564631127225,-0.8974194107775908,-14.178217035091249,4.75,4.384542270066757,0.0949,0.054808722388074084,synthetic,0.03,1.1,central
NY,s_c2,ecotoxicity: freshwater,4.121346228667183,0.38842047833782334,0.21387852000823995,0.17454195832958339,4.5097667070050065,4.96387852000824,-0.4541118130032338,-9.148326478434447,4.75,4.384542270066757,0.0949,0.054808722388074084,synthetic,0.03,1.1,central
NY,s_c2,eutrophication,4.121346228667183,0.2965536696527709,0.44747140739821534,-0.15091773774544442,4.417899898319954,5.197471407398215,-0.7795715090782611,-14.999053346760096,4.75,4.384542270066757,0.0949,0.054808722388074084,synthetic,0.03,1.1,central
NY,s_c2,particulate matter formation,4.121346228667183,1.6603632593632853,6.846547355286029,-5.186184095922744,5.781709488030469,11.59654735528603,-5.8148378672555605,-50.14283725237404,4.75,4.384542270066757,0.0949,0.054808722388074084,synthetic,0.03,1.1,central
NY,s_c2,photochemical oxidant formation,4.121346228667183,0.06730237851019835,0.1248256280314426,-0.057523249521244255,4.188648607177381,4.874825628031442,-0.6861770208540614,-14.075929545220557,4.75,4.384542270066757,0.0949,0.054808722388074084,synthetic,0.03,1.1,central
NY,s_c2,_ALL_,4.121346228667183,3.7295787038485093,9.241845083400873,-5.512266379552364,7.850924932515692,13.991845083400873,-6.140920150885181,-43.88928060796226,4.75,4.384542270066757,0.0949,0.054808722388074084,synthetic,0.03,1.1,central
NY,s_o1,acidification,5.348121898097593,0.00867894533134583,0.029557541549721567,-0.020878596218375737,5.356800843428938,4.779557541549721,0.5772433018792169,12.077337637660325,4.75,5.928578522281837,0.0949,0.054808722388074084,synthetic,0.03,1.1,central
NY,s_o1,climate change,5.348121898097593,1.7087586778009163,1.579564631127225,0.1291940466736914,7.056880575898509,6.329564631127225,0.7273159447712843,11.490773649652384,4.75,5.928578522281837,0.0949,0.054808722388074084,synthetic,0.03,1.1,central
NY,s_o1,ecotoxicity: freshwater,5.348121898097593,0.5278581919313156,0.21387852000824,0.3139796719230755,5.875980090028908,4.96387852000824,0.9121015700206678,18.374776222749983,4.75,5.928578522281837,0.0949,0.054808722388074084,synthetic,0.03,1.1,central
NY,s_o1,eutrophication,5.348121898097593,0.49780553455121573,0.4474714073982154,0.05033412715300034,5.845927432648808,5.197471407398216,0.6484560252505922,12.476375037437686,4.75,5.928578522281837,0.0949,0.054808722388074084,synthetic,0.03,1.1,central
NY,s_o1,particulate matter formation,5.348121898097593,2.370070411525469,6.846547355286032,-4.476476943760563,7.718192309623062,11.596547355286031,-3.8783550456629694,-33.44404956786648,4.75,5.928578522281837,0.0949,0.054808722388074084,synthetic,0.03,1.1,central
NY,s_o1,photochemical oxidant formation,5.348121898097593,0.09400157264608354,0.12482562803144263,-0.030824055385359095,5.4421234707436765,4.874825628031442,0.5672978427122342,11.63729507472293,4.75,5.928578522281837,0.0949,0.054808722388074084,synthetic,0.03,1.1,central
NY,s_o1,_ALL_,5.348121898097593,5.207173333786346,9.241845083400877,-4.034671749614531,10.555295231883939,13.991845083400877,-3.436549851516938,-24.561091343084296,4.75,5.928578522281837,0.0949,0.054808722388074084,synthetic,0.03,1.1,central
NY,s_o2,acidification,4.373247593325558,0.004775664598893098,0.029557541549721567,-0.02478187695082847,4.3780232579244505,4.779557541549721,-0.40153428362527066,-8.401076462301099,4.75,5.190589760106656,0.0949,0.054808722388074084,synthetic,0.03,1.1,central
NY,s_o2,climate change,4.373247593325558,0.9241675946370899,1.579564631127225,-0.655397036490135,5.297415187962647,6.329564631127225,-1.0321494431645775,-16.306799966757954,4.75,5.190589760106656,0.0949,0.054808722388074084,synthetic,0.03,1.1,central
NY,s_o2,ecotoxicity: freshwater,4.373247593325558,0.29266063427854083,0.21387852000824,0.07878211427030082,4.665908227604098,4.96387852000824,-0.2979702924041421,-6.002771647273258,4.75,5.190589760106656,0.0949,0.054808722388074084,synthetic,0.03,1.1,central
NY,s_o2,eutrophication,4.373247593325558,0.2755531627603797,0.4474714073982154,-0.17191824463783567,4.6488007560859375,5.197471407398216,-0.5486706513122783,-10.556491961288835,4.75,5.190589760106656,0.0949,0.054808722388074084,synthetic,0.03,1.1,central
NY,s_o2,particulate matter formation,4.373247593325558,1.3109297291828033,6.846547355286032,-5.535617626103228,5.684177322508361,11.596547355286031,-5.91237003277767,-50.983882112831154,4.75,5.190589760106656,0.0949,0.054808722388074084,synthetic,0.03,1.1,central
NY,s_o2,photochemical oxidant formation,4.373247593325558,0.0512347437970264,0.12482562803144263,-0.07359088423441623,4.424482337122584,4.874825628031442,-0.45034329090885805,-9.238141531038028,4.75,5.190589760106656,0.0949,0.054808722388074084,synthetic,0.03,1.1,central
NY,s_o2,_ALL_,4.373247593325558,2.859321529254733,9.241845083400877,-6.382523554146144,7.232569122580291,13.991845083400877,-6.759275960820586,-48.30868209682655,4.75,5.190589760106656,0.0949,0.054808722388074084,synthetic,0.03,1.1,central
OH,s_c1,acidification,4.020663755027045,0.010607455792925645,0.029557541549721573,-0.01895008575679593,4.031271210819971,4.779557541549722,-0.7482863307297514,-15.655974935435703,4.75,4.159487067615392,0.0771,0.04603932680598223,synthetic,0.03,1.1,central
OH,s_c1,climate change,4.020663755027045,1.7396706407850706,1.5795646311272247,0.16010600965784594,5.760334395812116,6.329564631127225,-0.5692302353151089,-8.993197296947978,4.75,4.159487067615392,0.0771,0.04603932680598223,synthetic,0.03,1.1,central
OH,s_c1,ecotoxicity: freshwater,4.020663755027045,0.5696580159101086,0.21387852000823995,0.35577949590186864,4.5903217709371535,4.96387852000824,-0.3735567490710867,-7.525501431297449,4.75,4.159487067615392,0.0771,0.04603932680598223,synthetic,0.03,1.1,central
OH,s_c1,eutrophication,4.020663755027045,0.6546955542331026,0.44747140739821534,0.2072241468348872,4.6753593092601475,5.197471407398215,-0.5221120981380674,-10.045502076161101,4.75,4.159487067615392,0.0771,0.04603932680598223,synthetic,0.03,1.1,central
OH,s_c1,particulate matter formation,4.020663755027045,3.6315245691445885,6.846547355286029,-3.2150227861414407,7.652188324171634,11.59654735528603,-3.944359031114395,-34.01321885100953,4.75,4.159487067615392,0.0771,0.04603932680598223,synthetic,0.03,1.1,central
OH,s_c1,photochemical oxidant formation,4.020663755027045,0.08456599652131049,0.1248256280314426,-0.04025963151013212,4.105229751548356,4.874825628031442,-0.7695958764830868,-15.787146765983216,4.75,4.159487067615392,0.0771,0.04603932680598223,synthetic,0.03,1.1,central
OH,s_c1,_ALL_,4.020663755027045,6.690722232387107,9.241845083400873,-2.5511228510137665,10.711385987414152,13.991845083400873,-3.2804590959867213,-23.445507554099997,4.75,4.159487067615392,0.0771,0.04603932680598223,synthetic,0.03,1.1,central
OH,s_c2,acidification,3.969647851337632,0.00883574443463205,0.029557541549721573,-0.02072179711508952,3.978483595772264,4.779557541549722,-0.8010739457774578,-16.76042057896677,4.75,4.232311091836902,0.0771,0.04603932680598223,synthetic,0.03,1.1,central
OH,s_c2,climate change,3.969647851337632,1.7107684928791853,1.5795646311272247,0.13120386175196064,5.680416344216818,6.329564631127225,-0.6491482869104068,-10.255812599148715,4.75,4.232311091836902,0.0771,0.04603932680598223,synthetic,0.03,1.1,central
OH,s_c2,ecotoxicity: freshwater,3.969647851337632,0.4317215077974507,0.21387852000823995,0.21784298778921077,4.401369359135082,4.96387852000824,-0.5625091608731578,-11.332049295844252,4.75,4.232311091836902,0.0771,0.04603932680598223,synthetic,0.03,1.1,central
OH,s_c2,eutrophication,3.969647851337632,0.5032821558037255,0.44747140739821534,0.05581074840551015,4.472930007141358,5.197471407398215,-0.7245414002568573,-13.940267169638036,4.75,4.232311091836902,0.0771,0.04603932680598223,synthetic,0.03,1.1,central
OH,s_c2,particulate matter formation,3.969647851337632,2.803115004094156,6.846547355286029,-4.043432351191873,6.772762855431788,11.59654735528603,-4.823784499854241,-41.5967300616888,4.75,4.232311091836902,0.0771,0.04603932680598223,synthetic,0.03,1.1,central
OH,s_c2,photochemical oxidant formation,3.969647851337632,0.0791230626744599,0.1248256280314426,-0.04570256535698271,4.048770914012092,4.874825628031442,-0.8260547140193504,-16.94531819290793,4.75,4.232311091836902,0.0771,0.04603932680598223,synthetic,0.03,1.1,central
OH,s_c2,_ALL_,3.969647851337632,5.536845967683609,9.241845083400873,-3.704999115717264,9.506493819021241,13.991845083400873,-4.4853512643796325,-32.05689626810403,4.75,4.232311091836902,0.0771,0.04603932680598223,synthetic,0.03,1.1,central
OH,s_o1,acidification,5.1817688559008195,0.01167491455049936,0.029557541549721567,-0.017882626999222207,5.193443770451319,4.779557541549721,0.4138862289015979,8.659509281007622,4.75,5.761640481771583,0.0771,0.04603932680598223,synthetic,0.03,1.1,central
OH,s_o1,climate change,5.1817688559008195,2.15266914648198,1.579564631127225,0.5731045153547549,7.334438002382799,6.329564631127225,1.0048733712555746,15.87586871795032,4.75,5.761640481771583,0.0771,0.04603932680598223,synthetic,0.03,1.1,central
OH,s_o1,ecotoxicity: freshwater,5.1817688559008195,0.5760471611955224,0.21387852000824,0.3621686411872823,5.757816017096342,4.96387852000824,0.7939374970881019,15.994297481050845,4.75,5.761640481771583,0.0771,0.04603932680598223,synthetic,0.03,1.1,central
OH,s_o1,eutrophication,5.1817688559008195,0.7278205923796848,0.4474714073982154,0.2803491849814694,5.909589448280505,5.197471407398216,0.7121180408822889,13.701240181305117,4.75,5.761640481771583,0.0771,0.04603932680598223,synthetic,0.03,1.1,central
OH,s_o1,particulate matter formation,5.1817688559008195,3.6413188257054747,6.846547355286032,-3.205228529580557,8.823087681606294,11.596547355286031,-2.773459673679737,-23.91625359435553,4.75,5.761640481771583,0.0771,0.04603932680598223,synthetic,0.03,1.1,central
OH,s_o1,photochemical oxidant formation,5.1817688559008195,0.10710842055709853,0.12482562803144263,-0.017717207474344104,5.288877276457918,4.874825628031442,0.4140516484264758,8.493670954004536,4.75,5.761640481771583,0.0771,0.04603932680598223,synthetic,0.03,1.1,central
OH,s_o1,_ALL_,5.1817688559008195,7.21663906087026,9.241845083400877,-2.025206022530617,12.39840791677108,13.991845083400877,-1.5934371666297977,-11.388327680386915,4.75,5.761640481771583,0.0771,0.04603932680598223,synthetic,0.03,1.1,central
OH,s_o2,acidification,4.207928811909115,0.00641664815354489,0.029557541549721567,-0.023140893396176677,4.21434546006266,4.779557541549721,-0.5652120814870614,-11.825615165704173,4.75,5.024689617465686,0.0771,0.04603932680598223,synthetic,0.03,1.1,central
OH,s_o2,climate change,4.207928811909115,1.1673009928855482,1.579564631127225,-0.41226363824167667,5.375229804794663,6.329564631127225,-0.9543348263325617,-15.077416567316185,4.75,5.024689617465686,0.0771,0.04603932680598223,synthetic,0.03,1.1,central
OH,s_o2,ecotoxicity: freshwater,4.207928811909115,0.3190563162164383,0.21387852000824,0.10517779620819831,4.5269851281255535,4.96387852000824,-0.4368933918826867,-8.80145213307842,4.75,5.024689617465686,0.0771,0.04603932680598223,synthetic,0.03,1.1,central
OH,s_o2,eutrophication,4.207928811909115,0.40154391536794715,0.4474714073982154,-0.04592749203026825,4.609472727277062,5.197471407398216,-0.5879986801211539,-11.313168154887418,4.75,5.024689617465686,0.0771,0.04603932680598223,synthetic,0.03,1.1,central
OH,s_o2,particulate matter formation,4.207928811909115,2.0072522925515033,6.846547355286032,-4.839295062734529,6.215181104460618,11.596547355286031,-5.381366250825413,-46.404900406606245,4.75,5.024689617465686,0.0771,0.04603932680598223,synthetic,0.03,1.1,central
OH,s_o2,photochemical oxidant formation,4.207928811909115,0.05841326318060872,0.12482562803144263,-0.0664123648508339,4.266342075089724,4.874825628031442,-0.6084835529417187,-12.482160376009947,4.75,5.024689617465686,0.0771,0.04603932680598223,synthetic,0.03,1.1,central
OH,s_o2,_ALL_,4.207928811909115,3.9599834283555904,9.241845083400877,-5.281861655045287,8.167912240264705,13.991845083400877,-5.823932843136172,-41.62376590379315,4.75,5.024689617465686,0.0771,0.04603932680598223,synthetic,0.03,1.1,central
OK,s_c1,acidification,3.9159382182858185,0.011481977821473052,0.029557541549721573,-0.01807556372824852,3.9274201961072914,4.779557541549722,-0.8521373454424306,-17.82879143173018,4.75,4.054393252293063,0.0525,0.05261637349255112,synthetic,0.03,1.1,central
OK,s_c1,climate change,3.9159382182858185,1.7651782896477493,1.5795646311272247,0.18561365852052458,5.6811165079335675,6.329564631127225,-0.6484481231936572,-10.244750800153783,4.75,4.054393252293063,0.0525,0.05261637349255112,synthetic,0.03,1.1,central
OK,s_c1,ecotoxicity: freshwater,3.9159382182858185,0.6892259413122384,0.21387852000823995,0.47534742130399843,4.605164159598057,4.96387852000824,-0.35871436041018345,-7.226493536541824,4.75,4.054393252293063,0.0525,0.05261637349255112,synthetic,0.03,1.1,central
OK,s_c1,eutrophication,3.9159382182858185,1.2760402583027337,0.44747140739821534,0.8285688509045184,5.191978476588552,5.197471407398215,-0.005492930809662511,-0.10568467585687401,4.75,4.054393252293063,0.0525,0.05261637349255112,synthetic,0.03,1.1,central
OK,s_c1,particulate matter formation,3.9159382182858185,11.012852146658906,6.846547355286029,4.166304791372877,14.928790364944724,11.59654735528603,3.3322430096586952,28.734785514757252,4.75,4.054393252293063,0.0525,0.05261637349255112,synthetic,0.03,1.1,central
OK,s_c1,photochemical oxidant formation,3.9159382182858185,0.08930239658880773,0.1248256280314426,-0.035523231442634876,4.0052406148746265,4.874825628031442,-0.8695850131568159,-17.838279345962427,4.75,4.054393252293063,0.0525,0.05261637349255112,synthetic,0.03,1.1,central
OK,s_c1,_ALL_,3.9159382182858185,14.844081010331909,9.241845083400873,5.602235926931035,18.76001922861773,13.991845083400873,4.768174145216856,34.07823712166128,4.75,4.054393252293063,0.0525,0.05261637349255112,synthetic,0.03,1.1,central
OK,s_c2,acidification,3.852945410222929,0.009645301709221525,0.029557541549721573,-0.01991223984050005,3.8625907119321505,4.779557541549722,-0.9169668296175715,-19.185182344729224,4.75,4.1151987639008105,0.0525,0.05261637349255112,synthetic,0.03,1.1,central
OK,s_c2,climate change,3.852945410222929,1.747400142963525,1.5795646311272247,0.1678355118363004,5.600345553186454,6.329564631127225,-0.7292190779407708,-11.520841012581696,4.75,4.1151987639008105,0.0525,0.05261637349255112,synthetic,0.03,1.1,central
OK,s_c2,ecotoxicity: freshwater,3.852945410222929,0.5314504635121174,0.21387852000823995,0.3175719435038775,4.384395873735047,4.96387852000824,-0.5794826462731937,-11.673989279500573,4.75,4.1151987639008105,0.0525,0.05261637349255112,synthetic,0.03,1.1,central
OK,s_c2,eutrophication,3.852945410222929,1.0010119150097645,0.44747140739821534,0.5535405076115492,4.8539573252326935,5.197471407398215,-0.3435140821655214,-6.609253909055749,4.75,4.1151987639008105,0.0525,0.05261637349255112,synthetic,0.03,1.1,central
OK,s_c2,particulate matter formation,3.852945410222929,8.724435758820489,6.846547355286029,1.8778884035344596,12.577381169043418,11.59654735528603,0.9808338137573891,8.45798136037704,4.75,4.1151987639008105,0.0525,0.05261637349255112,synthetic,0.03,1.1,central
OK,s_c2,photochemical oxidant formation,3.852945410222929,0.0848267623782611,0.1248256280314426,-0.0399988656531815,3.93777217260119,4.874825628031442,-0.9370534554302523,-19.22229689697956,4.75,4.1151987639008105,0.0525,0.05261637349255112,synthetic,0.03,1.1,central
OK,s_c2,_ALL_,3.852945410222929,12.098770344393378,9.241845083400873,2.8569252609925044,15.951715754616307,13.991845083400873,1.959870671215434,14.007235354117183,4.75,4.1151987639008105,0.0525,0.05261637349255112,synthetic,0.03,1.1,central
OK,s_o1,acidification,5.117105657694306,0.012590334706729161,0.029557541549721567,-0.016967206842992404,5.129695992401035,4.779557541549721,0.3501384508513139,7.325750298170597,4.75,5.6967498884937475,0.0525,0.05261637349255112,synthetic,0.03,1.1,central
OK,s_o1,climate change,5.117105657694306,2.195605020812442,1.579564631127225,0.6160403896852171,7.312710678506748,6.329564631127225,0.983146047379523,15.532601445360955,4.75,5.6967498884937475,0.0525,0.05261637349255112,synthetic,0.03,1.1,central
OK,s_o1,ecotoxicity: freshwater,5.117105657694306,0.6875430917620505,0.21387852000824,0.4736645717538105,5.804648749456356,4.96387852000824,0.8407702294481156,16.937768038826217,4.75,5.6967498884937475,0.0525,0.05261637349255112,synthetic,0.03,1.1,central
OK,s_o1,eutrophication,5.117105657694306,1.281628687291006,0.4474714073982154,0.8341572798927908,6.398734344985312,5.197471407398216,1.2012629375870958,23.112449178213602,4.75,5.6967498884937475,0.0525,0.05261637349255112,synthetic,0.03,1.1,central
OK,s_o1,particulate matter formation,5.117105657694306,10.230925297944694,6.846547355286032,3.384377942658662,15.348030955639,11.596547355286031,3.7514836003529695,32.35000457824145,4.75,5.6967498884937475,0.0525,0.05261637349255112,synthetic,0.03,1.1,central
OK,s_o1,photochemical oxidant formation,5.117105657694306,0.11371138349082159,0.12482562803144263,-0.011114244540621043,5.230817041185127,4.874825628031442,0.355991413153685,7.3026491677291405,4.75,5.6967498884937475,0.0525,0.05261637349255112,synthetic,0.03,1.1,central
OK,s_o1,_ALL_,5.117105657694306,14.522003816007745,9.241845083400877,5.280158732606868,19.63910947370205,13.991845083400877,5.6472643903011726,40.36111289568781,4.75,5.6967498884937475,0.0525,0.05261637349255112,synthetic,0.03,1.1,central
OK,s_o2,acidification,4.144694985342833,0.006913109011643947,0.029557541549721567,-0.02264443253807762,4.1516080943544775,4.779557541549721,-0.6279494471952436,-13.1382338581834,4.75,4.961233422366749,0.0525,0.05261637349255112,synthetic,0.03,1.1,central
OK,s_o2,climate change,4.144694985342833,1.1900809725960066,1.579564631127225,-0.38948365853121825,5.33477595793884,6.329564631127225,-0.9947886731883848,-15.716541834429837,4.75,4.961233422366749,0.0525,0.05261637349255112,synthetic,0.03,1.1,central
OK,s_o2,ecotoxicity: freshwater,4.144694985342833,0.37994944789333596,0.21387852000824,0.16607092788509595,4.524644433236169,4.96387852000824,-0.4392340867720712,-8.848606689338201,4.75,4.961233422366749,0.0525,0.05261637349255112,synthetic,0.03,1.1,central
OK,s_o2,eutrophication,4.144694985342833,0.7048987344966007,0.4474714073982154,0.2574273270983853,4.849593719839434,5.197471407398216,-0.3478776875587819,-6.693210222640259,4.75,4.961233422366749,0.0525,0.05261637349255112,synthetic,0.03,1.1,central
OK,s_o2,particulate matter formation,4.144694985342833,5.61639869546672,6.846547355286032,-1.2301486598193119,9.761093680809553,11.596547355286031,-1.8354536744764776,-15.827587455500936,4.75,4.961233422366749,0.0525,0.05261637349255112,synthetic,0.03,1.1,central
OK,s_o2,photochemical oxidant formation,4.144694985342833,0.061943037186917925,0.12482562803144263,-0.06288259084452472,4.206638022529751,4.874825628031442,-0.6681876055016911,-13.706902697389802,4.75,4.961233422366749,0.0525,0.05261637349255112,synthetic,0.03,1.1,central
OK,s_o2,_ALL_,4.144694985342833,7.960183996651225,9.241845083400877,-1.2816610867496516,12.104878981994059,13.991845083400877,-1.8869661014068182,-13.486184918137829,4.75,4.961233422366749,0.0525,0.05261637349255112,synthetic,0.03,1.1,central
OR,s_c1,acidification,4.120831097975017,0.00867651408690137,0.029557541549721573,-0.020881027462820202,4.129507612061919,4.779557541549722,-0.6500499294878033,-13.600629845687166,4.75,4.2600066597671296,0.0796,0.0633788135251184,synthetic,0.03,1.1,central
OR,s_c1,climate change,4.120831097975017,1.5391680993832955,1.5795646311272247,-0.04039653174392921,5.659999197358313,6.329564631127225,-0.6695654337689119,-10.57838054889519,4.75,4.2600066597671296,0.0796,0.0633788135251184,synthetic,0.03,1.1,central
OR,s_c1,ecotoxicity: freshwater,4.120831097975017,0.5933085133968075,0.21387852000823995,0.37942999338856753,4.714139611371825,4.96387852000824,-0.24973890863641568,-5.031124505359593,4.75,4.2600066597671296,0.0796,0.0633788135251184,synthetic,0.03,1.1,central
OR,s_c1,eutrophication,4.120831097975017,0.8284429351304203,0.44747140739821534,0.380971527732205,4.9492740331054375,5.197471407398215,-0.24819737429277744,-4.775348526968073,4.75,4.2600066597671296,0.0796,0.0633788135251184,synthetic,0.03,1.1,central
OR,s_c1,particulate matter formation,4.120831097975017,6.340053201522312,6.846547355286029,-0.5064941537637173,10.46088429949733,11.59654735528603,-1.135663055788699,-9.793113596617463,4.75,4.2600066597671296,0.0796,0.0633788135251184,synthetic,0.03,1.1,central
OR,s_c1,photochemical oxidant formation,4.120831097975017,0.0814841840128694,0.1248256280314426,-0.043341444018573205,4.202315281987887,4.874825628031442,-0.6725103460435555,-13.795577470021824,4.75,4.2600066597671296,0.0796,0.0633788135251184,synthetic,0.03,1.1,central
OR,s_c1,_ALL_,4.120831097975017,9.391133447532605,9.241845083400873,0.1492883641317313,13.511964545507622,13.991845083400873,-0.47988053789325136,-3.4297159168990103,4.75,4.2600066597671296,0.0796,0.0633788135251184,synthetic,0.03,1.1,central
OR,s_c2,acidification,4.071032359364211,0.0072742895484714095,0.029557541549721573,-0.022283252001250163,4.078306648912682,4.779557541549722,-0.7012508926370398,-14.671878862026766,4.75,4.334051686448615,0.0796,0.0633788135251184,synthetic,0.03,1.1,central
OR,s_c2,climate change,4.071032359364211,1.5619016205285843,1.5795646311272247,-0.017663010598640394,5.632933979892796,6.329564631127225,-0.6966306512344289,-11.005980534720708,4.75,4.334051686448615,0.0796,0.0633788135251184,synthetic,0.03,1.1,central
OR,s_c2,ecotoxicity: freshwater,4.071032359364211,0.4499287145032045,0.21387852000823995,0.23605019449496453,4.520961073867415,4.96387852000824,-0.4429174461408252,-8.92280994298164,4.75,4.334051686448615,0.0796,0.0633788135251184,synthetic,0.03,1.1,central
OR,s_c2,eutrophication,4.071032359364211,0.6419165109800907,0.44747140739821534,0.1944451035818754,4.712948870344301,5.197471407398215,-0.48452253705391346,-9.322274219041043,4.75,4.334051686448615,0.0796,0.0633788135251184,synthetic,0.03,1.1,central
OR,s_c2,particulate matter formation,4.071032359364211,4.971945553783713,6.846547355286029,-1.8746018015023163,9.042977913147924,11.59654735528603,-2.553569442138105,-22.020083770658836,4.75,4.334051686448615,0.0796,0.0633788135251184,synthetic,0.03,1.1,central
OR,s_c2,photochemical oxidant formation,4.071032359364211,0.07653175635656634,0.1248256280314426,-0.04829387167487627,4.147564115720777,4.874825628031442,-0.7272615123106654,-14.918718489718554,4.75,4.334051686448615,0.0796,0.0633788135251184,synthetic,0.03,1.1,central
OR,s_c2,_ALL_,4.071032359364211,7.70949844570063,9.241845083400873,-1.5323466377002433,11.780530805064842,13.991845083400873,-2.2113142783360313,-15.804307903318687,4.75,4.334051686448615,0.0796,0.0633788135251184,synthetic,0.03,1.1,central
OR,s_o1,acidification,5.347494349942548,0.009938017163567792,0.029557541549721567,-0.019619524386153775,5.3574323671061155,4.779557541549721,0.5778748255563944,12.090550653126451,4.75,5.927948767286403,0.0796,0.0633788135251184,synthetic,0.03,1.1,central
OR,s_o1,climate change,5.347494349942548,1.9894813779611602,1.579564631127225,0.4099167468339353,7.336975727903708,6.329564631127225,1.007411096776483,15.91596192607444,4.75,5.927948767286403,0.0796,0.0633788135251184,synthetic,0.03,1.1,central
OR,s_o1,ecotoxicity: freshwater,5.347494349942548,0.596208934648993,0.21387852000824,0.382330414640753,5.943703284591541,4.96387852000824,0.9798247645833005,19.739096366558016,4.75,5.927948767286403,0.0796,0.0633788135251184,synthetic,0.03,1.1,central
OR,s_o1,eutrophication,5.347494349942548,0.8820105295892926,0.4474714073982154,0.4345391221910772,6.229504879531841,5.197471407398216,1.0320334721336248,19.85645309495309,4.75,5.927948767286403,0.0796,0.0633788135251184,synthetic,0.03,1.1,central
OR,s_o1,particulate matter formation,5.347494349942548,6.054549578866514,6.846547355286032,-0.7919977764195183,11.40204392880906,11.596547355286031,-0.19450342647697028,-1.6772528970729392,4.75,5.927948767286403,0.0796,0.0633788135251184,synthetic,0.03,1.1,central
OR,s_o1,photochemical oxidant formation,5.347494349942548,0.10424989941524895,0.12482562803144263,-0.02057572861619368,5.451744249357797,4.874825628031442,0.5769186213263549,11.834651438790576,4.75,5.927948767286403,0.0796,0.0633788135251184,synthetic,0.03,1.1,central
OR,s_o1,_ALL_,5.347494349942548,9.636438337644776,9.241845083400877,0.39459325424389924,14.983932687587323,13.991845083400877,0.9920876041864464,7.0904701865474635,4.75,5.927948767286403,0.0796,0.0633788135251184,synthetic,0.03,1.1,central
OR,s_o2,acidification,4.373509044605291,0.005465937914299147,0.029557541549721567,-0.02409160363542242,4.3789749825195905,4.779557541549721,-0.4005825590301306,-8.381164062735522,4.75,5.190852130807854,0.0796,0.0633788135251184,synthetic,0.03,1.1,central
OR,s_o2,climate change,4.373509044605291,1.0773868357639826,1.579564631127225,-0.5021777953632423,5.4508958803692735,6.329564631127225,-0.8786687507579511,-13.881977702492788,4.75,5.190852130807854,0.0796,0.0633788135251184,synthetic,0.03,1.1,central
OR,s_o2,ecotoxicity: freshwater,4.373509044605291,0.3301338436960796,0.21387852000824,0.11625532368783961,4.703642888301371,4.96387852000824,-0.2602356317068697,-5.242586631762247,4.75,5.190852130807854,0.0796,0.0633788135251184,synthetic,0.03,1.1,central
OR,s_o2,eutrophication,4.373509044605291,0.4860282627222203,0.4474714073982154,0.03855685532400488,4.859537307327511,5.197471407398216,-0.33793410007070435,-6.501894355583759,4.75,5.190852130807854,0.0796,0.0633788135251184,synthetic,0.03,1.1,central
OR,s_o2,particulate matter formation,4.373509044605291,3.329167609506319,6.846547355286032,-3.5173797457797127,7.7026766541116105,11.596547355286031,-3.8938707011744205,-33.577845041951086,4.75,5.190852130807854,0.0796,0.0633788135251184,synthetic,0.03,1.1,central
OR,s_o2,photochemical oxidant formation,4.373509044605291,0.056853512428270817,0.12482562803144263,-0.06797211560317182,4.430362557033562,4.874825628031442,-0.4444630709978803,-9.117517320868027,4.75,5.190852130807854,0.0796,0.0633788135251184,synthetic,0.03,1.1,central
OR,s_o2,_ALL_,4.373509044605291,5.2850360020311715,9.241845083400877,-3.9568090813697054,9.658545046636462,13.991845083400877,-4.333300036764415,-30.970183066886538,4.75,5.190852130807854,0.0796,0.0633788135251184,synthetic,0.03,1.1,central
PA,s_c1,acidification,4.066239106701481,0.010614567576104638,0.029557541549721573,-0.018942973973616935,4.076853674277586,4.779557541549722,-0.7027038672721364,-14.702278634860663,4.75,4.2052226899016505,0.08650000000000001,0.04464419569064944,synthetic,0.03,1.1,central
PA,s_c1,climate change,4.066239106701481,1.7418698481693882,1.5795646311272247,0.1623052170421635,5.808108954870869,6.329564631127225,-0.5214556762563554,-8.238413013305307,4.75,4.2052226899016505,0.08650000000000001,0.04464419569064944,synthetic,0.03,1.1,central
PA,s_c1,ecotoxicity: freshwater,4.066239106701481,0.5696429864711543,0.21387852000823995,0.3557644664629144,4.635882093172635,4.96387852000824,-0.3279964268356048,-6.607664259178129,4.75,4.2052226899016505,0.08650000000000001,0.04464419569064944,synthetic,0.03,1.1,central
PA,s_c1,eutrophication,4.066239106701481,0.6547195715229339,0.44747140739821534,0.20724816412471858,4.720958678224415,5.197471407398215,-0.47651272917380005,-9.168164513527088,4.75,4.2052226899016505,0.08650000000000001,0.04464419569064944,synthetic,0.03,1.1,central
PA,s_c1,particulate matter formation,4.066239106701481,3.6320956899574277,6.846547355286029,-3.2144516653286015,7.698334796658909,11.59654735528603,-3.8982125586271206,-33.61528599156892,4.75,4.2052226899016505,0.08650000000000001,0.04464419569064944,synthetic,0.03,1.1,central
PA,s_c1,photochemical oxidant formation,4.066239106701481,0.08465510540652815,0.1248256280314426,-0.040170522624914454,4.1508942121080095,4.874825628031442,-0.7239314159234329,-14.850406376807609,4.75,4.2052226899016505,0.08650000000000001,0.04464419569064944,synthetic,0.03,1.1,central
PA,s_c1,_ALL_,4.066239106701481,6.693597769103538,9.241845083400873,-2.5482473142973356,10.759836875805018,13.991845083400873,-3.2320082075958556,-23.099228074145316,4.75,4.2052226899016505,0.08650000000000001,0.04464419569064944,synthetic,0.03,1.1,central
PA,s_c2,acidification,4.019799743707624,0.008840986011642338,0.029557541549721573,-0.020716555538079235,4.028640729719267,4.779557541549722,-0.7509168118304554,-15.711011015194902,4.75,4.282639129620424,0.08650000000000001,0.04464419569064944,synthetic,0.03,1.1,central
PA,s_c2,climate change,4.019799743707624,1.7123893683440825,1.5795646311272247,0.13282473721685784,5.732189112051707,6.329564631127225,-0.5973755190755181,-9.437861115087978,4.75,4.282639129620424,0.08650000000000001,0.04464419569064944,synthetic,0.03,1.1,central
PA,s_c2,ecotoxicity: freshwater,4.019799743707624,0.4317104306934788,0.21387852000823995,0.21783191068523886,4.451510174401103,4.96387852000824,-0.5123683456071371,-10.321935630412778,4.75,4.282639129620424,0.08650000000000001,0.04464419569064944,synthetic,0.03,1.1,central
PA,s_c2,eutrophication,4.019799743707624,0.5032998571974632,0.44747140739821534,0.05582844979924784,4.523099600905088,5.197471407398215,-0.6743718064931272,-12.974997910199352,4.75,4.282639129620424,0.08650000000000001,0.04464419569064944,synthetic,0.03,1.1,central
PA,s_c2,particulate matter formation,4.019799743707624,2.8035359356168597,6.846547355286029,-4.0430114196691695,6.823335679324484,11.59654735528603,-4.773211675961545,-41.16062763962053,4.75,4.282639129620424,0.08650000000000001,0.04464419569064944,synthetic,0.03,1.1,central
PA,s_c2,photochemical oxidant formation,4.019799743707624,0.07918873833869403,0.1248256280314426,-0.04563688969274858,4.098988482046319,4.874825628031442,-0.7758371459851237,-15.915177386527834,4.75,4.282639129620424,0.08650000000000001,0.04464419569064944,synthetic,0.03,1.1,central
PA,s_c2,_ALL_,4.019799743707624,5.538965316202221,9.241845083400873,-3.7028797671986524,9.558765059909845,13.991845083400873,-4.433080023491028,-31.683312651525718,4.75,4.282639129620424,0.08650000000000001,0.04464419569064944,synthetic,0.03,1.1,central
PA,s_o1,acidification,5.216358898479512,0.011684423453243581,0.029557541549721567,-0.017873118096477986,5.228043321932756,4.779557541549721,0.44848578038303444,9.383416278269507,4.75,5.796352163944625,0.08650000000000001,0.04464419569064944,synthetic,0.03,1.1,central
PA,s_o1,climate change,5.216358898479512,2.155609625487812,1.579564631127225,0.576044994360587,7.371968523967324,6.329564631127225,1.042403892840099,16.468808734708478,4.75,5.796352163944625,0.08650000000000001,0.04464419569064944,synthetic,0.03,1.1,central
PA,s_o1,ecotoxicity: freshwater,5.216358898479512,0.576027065887536,0.21387852000824,0.362148545879296,5.792385964367048,4.96387852000824,0.8285074443588076,16.690727644105042,4.75,5.796352163944625,0.08650000000000001,0.04464419569064944,synthetic,0.03,1.1,central
PA,s_o1,eutrophication,5.216358898479512,0.7278527050112764,0.4474714073982154,0.280381297613061,5.944211603490788,5.197471407398216,0.7467401960925724,14.36737477823626,4.75,5.796352163944625,0.08650000000000001,0.04464419569064944,synthetic,0.03,1.1,central
PA,s_o1,particulate matter formation,5.216358898479512,3.642082450260359,6.846547355286032,-3.204464905025673,8.85844134873987,11.596547355286031,-2.738106006546161,-23.61138986163891,4.75,5.796352163944625,0.08650000000000001,0.04464419569064944,synthetic,0.03,1.1,central
PA,s_o1,photochemical oxidant formation,5.216358898479512,0.10722756475790649,0.12482562803144263,-0.01759806327353615,5.323586463237418,4.874825628031442,0.44876083520597554,9.205679740122205,4.75,5.796352163944625,0.08650000000000001,0.04464419569064944,synthetic,0.03,1.1,central
PA,s_o1,_ALL_,5.216358898479512,7.220483834858133,9.241845083400877,-2.0213612485427443,12.436842733337645,13.991845083400877,-1.5550023500632317,-11.113633268481491,4.75,5.796352163944625,0.08650000000000001,0.04464419569064944,synthetic,0.03,1.1,central
PA,s_o2,acidification,4.241972671828533,0.0064219180082786,0.029557541549721567,-0.023135623541442968,4.248394589836812,4.779557541549721,-0.5311629517129095,-11.113224332909391,4.75,5.058853196269556,0.08650000000000001,0.04464419569064944,synthetic,0.03,1.1,central
PA,s_o2,climate change,4.241972671828533,1.1689306127928145,1.579564631127225,-0.4106340183344104,5.410903284621347,6.329564631127225,-0.9186613465058775,-14.513815721039162,4.75,5.058853196269556,0.08650000000000001,0.04464419569064944,synthetic,0.03,1.1,central
PA,s_o2,ecotoxicity: freshwater,4.241972671828533,0.3190451793527259,0.21387852000824,0.10516665934448591,4.5610178511812585,4.96387852000824,-0.4028606688269818,-8.11584464049924,4.75,5.058853196269556,0.08650000000000001,0.04464419569064944,synthetic,0.03,1.1,central
PA,s_o2,eutrophication,4.241972671828533,0.4015617122587301,0.4474714073982154,-0.045909695139485285,4.643534384087263,5.197471407398216,-0.5539370233109526,-10.657817617283364,4.75,5.058853196269556,0.08650000000000001,0.04464419569064944,synthetic,0.03,1.1,central
PA,s_o2,particulate matter formation,4.241972671828533,2.00767549495283,6.846547355286032,-4.838871860333201,6.249648166781363,11.596547355286031,-5.346899188504668,-46.10768209442444,4.75,5.058853196269556,0.08650000000000001,0.04464419569064944,synthetic,0.03,1.1,central
PA,s_o2,photochemical oxidant formation,4.241972671828533,0.05847929315772704,0.12482562803144263,-0.06634633487371559,4.30045196498626,4.874825628031442,-0.5743736630451828,-11.78244529901528,4.75,5.058853196269556,0.08650000000000001,0.04464419569064944,synthetic,0.03,1.1,central
PA,s_o2,_ALL_,4.241972671828533,3.9621142105231066,9.241845083400877,-5.279730872877771,8.204086882351639,13.991845083400877,-5.787758201049238,-41.36522500463862,4.75,5.058853196269556,0.08650000000000001,0.04464419569064944,synthetic,0.03,1.1,central
RI,s_c1,acidification,5.012041615568718,0.007243559588313006,0.029557541549721573,-0.022313981961408567,5.019285175157031,4.779557541549722,0.2397276336073091,5.01568673508594,4.75,5.154351214718877,0.24960000000000002,0.0516198512673134,synthetic,0.03,1.1,central
RI,s_c1,climate change,5.012041615568718,1.2406723504968242,1.5795646311272247,-0.33889228063040044,6.252713966065542,6.329564631127225,-0.07685066506168248,-1.214154045978929,4.75,5.154351214718877,0.24960000000000002,0.0516198512673134,synthetic,0.03,1.1,central
RI,s_c1,ecotoxicity: freshwater,5.012041615568718,0.5156157560992968,0.21387852000823995,0.30173723609105685,5.527657371668014,4.96387852000824,0.5637788516597739,11.357627898976826,4.75,5.154351214718877,0.24960000000000002,0.0516198512673134,synthetic,0.03,1.1,central
RI,s_c1,eutrophication,5.012041615568718,0.3966937873591618,0.44747140739821534,-0.05077762003905356,5.40873540292788,5.197471407398215,0.21126399552966468,4.0647456997828995,4.75,5.154351214718877,0.24960000000000002,0.0516198512673134,synthetic,0.03,1.1,central
RI,s_c1,particulate matter formation,5.012041615568718,2.2053800163677346,6.846547355286029,-4.641167338918295,7.217421631936452,11.59654735528603,-4.379125723349577,-37.76232346736764,4.75,5.154351214718877,0.24960000000000002,0.0516198512673134,synthetic,0.03,1.1,central
RI,s_c1,photochemical oxidant formation,5.012041615568718,0.06982055221827471,0.1248256280314426,-0.055005075813167895,5.081862167786992,4.874825628031442,0.20703653975555003,4.24705529086085,4.75,5.154351214718877,0.24960000000000002,0.0516198512673134,synthetic,0.03,1.1,central
RI,s_c1,_ALL_,5.012041615568718,4.4354260221296045,9.241845083400873,-4.806419061271269,9.447467637698322,13.991845083400873,-4.544377445702551,-32.47875758068349,4.75,5.154351214718877,0.24960000000000002,0.0516198512673134,synthetic,0.03,1.1,central
RI,s_c2,acidification,5.045010102303074,0.006139926301980664,0.029557541549721573,-0.02341761524774091,5.051150028605055,4.779557541549722,0.271592487055333,5.68237718019547,4.75,5.31145093992009,0.24960000000000002,0.0516198512673134,synthetic,0.03,1.1,central
RI,s_c2,climate change,5.045010102303074,1.3107989916824505,1.5795646311272247,-0.26876563944477416,6.355809093985524,6.329564631127225,0.0262444628582994,0.414632986433785,4.75,5.31145093992009,0.24960000000000002,0.0516198512673134,synthetic,0.03,1.1,central
RI,s_c2,ecotoxicity: freshwater,5.045010102303074,0.38842047833782334,0.21387852000823995,0.17454195832958339,5.433430580640898,4.96387852000824,0.4695520606326573,9.45937856335529,4.75,5.31145093992009,0.24960000000000002,0.0516198512673134,synthetic,0.03,1.1,central
RI,s_c2,eutrophication,5.045010102303074,0.2965536696527709,0.44747140739821534,-0.15091773774544442,5.341563771955845,5.197471407398215,0.14409236455762997,2.7723551177698673,4.75,5.31145093992009,0.24960000000000002,0.0516198512673134,synthetic,0.03,1.1,central
RI,s_c2,particulate matter formation,5.045010102303074,1.6603632593632853,6.846547355286029,-5.186184095922744,6.705373361666359,11.59654735528603,-4.89117399361967,-42.17784693812454,4.75,5.31145093992009,0.24960000000000002,0.0516198512673134,synthetic,0.03,1.1,central
RI,s_c2,photochemical oxidant formation,5.045010102303074,0.06730237851019835,0.1248256280314426,-0.057523249521244255,5.112312480813272,4.874825628031442,0.23748685278182968,4.871699439180389,4.75,5.31145093992009,0.24960000000000002,0.0516198512673134,synthetic,0.03,1.1,central
RI,s_c2,_ALL_,5.045010102303074,3.7295787038485093,9.241845083400873,-5.512266379552364,8.774588806151584,13.991845083400873,-5.217256277249289,-37.28783620852653,4.75,5.31145093992009,0.24960000000000002,0.0516198512673134,synthetic,0.03,1.1,central
RI,s_o1,acidification,6.092125907386972,0.00867894533134583,0.029557541549721567,-0.020878596218375737,6.100804852718317,4.779557541549721,1.3212473111685963,27.643715964976035,4.75,6.6751989014608775,0.24960000000000002,0.0516198512673134,synthetic,0.03,1.1,central
RI,s_o1,climate change,6.092125907386972,1.7087586778009163,1.579564631127225,0.1291940466736914,7.800884585187888,6.329564631127225,1.4713199540606636,23.245199943532892,4.75,6.6751989014608775,0.24960000000000002,0.0516198512673134,synthetic,0.03,1.1,central
RI,s_o1,ecotoxicity: freshwater,6.092125907386972,0.5278581919313156,0.21387852000824,0.3139796719230755,6.6199840993182875,4.96387852000824,1.6561055793100472,33.363136761600245,4.75,6.6751989014608775,0.24960000000000002,0.0516198512673134,synthetic,0.03,1.1,central
RI,s_o1,eutrophication,6.092125907386972,0.49780553455121573,0.4474714073982154,0.05033412715300034,6.589931441938187,5.197471407398216,1.3924600345399716,26.791105239326722,4.75,6.6751989014608775,0.24960000000000002,0.0516198512673134,synthetic,0.03,1.1,central
RI,s_o1,particulate matter formation,6.092125907386972,2.370070411525469,6.846547355286032,-4.476476943760563,8.46219631891244,11.596547355286031,-3.134351036373591,-27.02831231008483,4.75,6.6751989014608775,0.24960000000000002,0.0516198512673134,synthetic,0.03,1.1,central
RI,s_o1,photochemical oxidant formation,6.092125907386972,0.09400157264608354,0.12482562803144263,-0.030824055385359095,6.186127480033056,4.874825628031442,1.3113018520016135,26.89946168456378,4.75,6.6751989014608775,0.24960000000000002,0.0516198512673134,synthetic,0.03,1.1,central
RI,s_o1,_ALL_,6.092125907386972,5.207173333786346,9.241845083400877,-4.034671749614531,11.299299241173319,13.991845083400877,-2.692545842227558,-19.243679630371552,4.75,6.6751989014608775,0.24960000000000002,0.0516198512673134,synthetic,0.03,1.1,central
RI,s_o2,acidification,5.108262830552183,0.004775664598893098,0.029557541549721567,-0.02478187695082847,5.113038495151076,4.779557541549721,0.333480953601355,6.977234831934409,4.75,5.928189757241975,0.24960000000000002,0.0516198512673134,synthetic,0.03,1.1,central
RI,s_o2,climate change,5.108262830552183,0.9241675946370899,1.579564631127225,-0.655397036490135,6.032430425189273,6.329564631127225,-0.2971342059379518,-4.694386158515859,4.75,5.928189757241975,0.24960000000000002,0.0516198512673134,synthetic,0.03,1.1,central
RI,s_o2,ecotoxicity: freshwater,5.108262830552183,0.29266063427854083,0.21387852000824,0.07878211427030082,5.400923464830724,4.96387852000824,0.43704494482248357,8.804505248483762,4.75,5.928189757241975,0.24960000000000002,0.0516198512673134,synthetic,0.03,1.1,central
RI,s_o2,eutrophication,5.108262830552183,0.2755531627603797,0.4474714073982154,-0.17191824463783567,5.383815993312563,5.197471407398216,0.18634458591434733,3.5852931417592715,4.75,5.928189757241975,0.24960000000000002,0.0516198512673134,synthetic,0.03,1.1,central
RI,s_o2,particulate matter formation,5.108262830552183,1.3109297291828033,6.846547355286032,-5.535617626103228,6.419192559734986,11.596547355286031,-5.177354795551045,-44.645657340338126,4.75,5.928189757241975,0.24960000000000002,0.0516198512673134,synthetic,0.03,1.1,central
RI,s_o2,photochemical oxidant formation,5.108262830552183,0.0512347437970264,0.12482562803144263,-0.07359088423441623,5.15949757434921,4.874825628031442,0.2846719463177676,5.839633415415602,4.75,5.928189757241975,0.24960000000000002,0.0516198512673134,synthetic,0.03,1.1,central
RI,s_o2,_ALL_,5.108262830552183,2.859321529254733,9.241845083400877,-6.382523554146144,7.967584359806916,13.991845083400877,-6.024260723593961,-43.055513319975205,4.75,5.928189757241975,0.24960000000000002,0.0516198512673134,synthetic,0.03,1.1,central
SC,s_c1,acidification,4.055324432100532,0.009501082645918991,0.029557541549721573,-0.02005645890380258,4.064825514746451,4.779557541549722,-0.7147320268032713,-14.953937066139535,4.75,4.194269632676941,0.0661,0.0653718579755938,synthetic,0.03,1.1,central
SC,s_c1,climate change,4.055324432100532,1.7385878387015377,1.5795646311272247,0.15902320757431299,5.793912270802069,6.329564631127225,-0.5356523603251553,-8.462704649399583,4.75,4.194269632676941,0.0661,0.0653718579755938,synthetic,0.03,1.1,central
SC,s_c1,ecotoxicity: freshwater,4.055324432100532,0.5676574079131418,0.21387852000823995,0.35377888790490186,4.622981840013674,4.96387852000824,-0.3408966799945663,-6.867546790689801,4.75,4.194269632676941,0.0661,0.0653718579755938,synthetic,0.03,1.1,central
SC,s_c1,eutrophication,4.055324432100532,0.6649151328433093,0.44747140739821534,0.21744372544509394,4.720239564943841,5.197471407398215,-0.47723184245437356,-9.182000342995046,4.75,4.194269632676941,0.0661,0.0653718579755938,synthetic,0.03,1.1,central
SC,s_c1,particulate matter formation,4.055324432100532,3.8772828167647706,6.846547355286029,-2.9692645385212586,7.9326072488653026,11.59654735528603,-3.6639401064207267,-31.595094592966074,4.75,4.194269632676941,0.0661,0.0653718579755938,synthetic,0.03,1.1,central
SC,s_c1,photochemical oxidant formation,4.055324432100532,0.0832175387938008,0.1248256280314426,-0.04160808923764181,4.138541970894333,4.874825628031442,-0.7362836571371094,-15.103794747104343,4.75,4.194269632676941,0.0661,0.0653718579755938,synthetic,0.03,1.1,central
SC,s_c1,_ALL_,4.055324432100532,6.941161817662479,9.241845083400873,-2.300683265738394,10.996486249763011,13.991845083400873,-2.9953588336378623,-21.40789020878587,4.75,4.194269632676941,0.0661,0.0653718579755938,synthetic,0.03,1.1,central
SC,s_c2,acidification,3.9989530020652566,0.007948793144365812,0.029557541549721573,-0.02160874840535576,4.006901795209623,4.779557541549722,-0.7726557463400994,-16.165842541349,4.75,4.261719169246843,0.0661,0.0653718579755938,synthetic,0.03,1.1,central
SC,s_c2,climate change,3.9989530020652566,1.7097596197429388,1.5795646311272247,0.1301949886157141,5.708712621808195,6.329564631127225,-0.6208520093190293,-9.808763248357296,4.75,4.261719169246843,0.0661,0.0653718579755938,synthetic,0.03,1.1,central
SC,s_c2,ecotoxicity: freshwater,3.9989530020652566,0.4301194625727152,0.21387852000823995,0.21624094256447526,4.429072464637972,4.96387852000824,-0.534806055370268,-10.773955349926256,4.75,4.261719169246843,0.0661,0.0653718579755938,synthetic,0.03,1.1,central
SC,s_c2,eutrophication,3.9989530020652566,0.511469170352337,0.44747140739821534,0.06399776295412163,4.510422172417593,5.197471407398215,-0.6870492349806216,-13.218913220045,4.75,4.261719169246843,0.0661,0.0653718579755938,synthetic,0.03,1.1,central
SC,s_c2,particulate matter formation,3.9989530020652566,2.999994998290538,6.846547355286029,-3.8465523569954914,6.998948000355794,11.59654735528603,-4.597599354930235,-39.64627758653115,4.75,4.261719169246843,0.0661,0.0653718579755938,synthetic,0.03,1.1,central
SC,s_c2,photochemical oxidant formation,3.9989530020652566,0.0780368712201185,0.1248256280314426,-0.046788756811324106,4.076989873285375,4.874825628031442,-0.7978357547460675,-16.366447040860628,4.75,4.261719169246843,0.0661,0.0653718579755938,synthetic,0.03,1.1,central
SC,s_c2,_ALL_,3.9989530020652566,5.737328915323013,9.241845083400873,-3.5045161680778607,9.736281917388268,13.991845083400873,-4.255563166012605,-30.41459607826249,4.75,4.261719169246843,0.0661,0.0653718579755938,synthetic,0.03,1.1,central
SC,s_o1,acidification,5.29772346664294,0.010691677482644992,0.029557541549721567,-0.018865864067076576,5.3084151441255845,4.779557541549721,0.5288576025758633,11.064990806751263,4.75,5.8780028593379745,0.0661,0.0653718579755938,synthetic,0.03,1.1,central
SC,s_o1,climate change,5.29772346664294,2.1526834954735232,1.579564631127225,0.5731188643462983,7.450406962116463,6.329564631127225,1.1208423309892384,17.708047809121254,4.75,5.8780028593379745,0.0661,0.0653718579755938,synthetic,0.03,1.1,central
SC,s_o1,ecotoxicity: freshwater,5.29772346664294,0.5742567903684541,0.21387852000824,0.3603782703602141,5.871980257011394,4.96387852000824,0.9081017370031539,18.29419743740317,4.75,5.8780028593379745,0.0661,0.0653718579755938,synthetic,0.03,1.1,central
SC,s_o1,eutrophication,5.29772346664294,0.7369427269275189,0.4474714073982154,0.28947131952930355,6.034666193570459,5.197471407398216,0.8371947861722431,16.107732405810992,4.75,5.8780028593379745,0.0661,0.0653718579755938,synthetic,0.03,1.1,central
SC,s_o1,particulate matter formation,5.29772346664294,3.860683102664386,6.846547355286032,-2.9858642526216457,9.158406569307326,11.596547355286031,-2.438140785978705,-21.024712884627096,4.75,5.8780028593379745,0.0661,0.0653718579755938,synthetic,0.03,1.1,central
SC,s_o1,photochemical oxidant formation,5.29772346664294,0.1059458783842847,0.12482562803144263,-0.01887974964715794,5.403669345027224,4.874825628031442,0.528843716995782,10.848464280543718,4.75,5.8780028593379745,0.0661,0.0653718579755938,synthetic,0.03,1.1,central
SC,s_o1,_ALL_,5.29772346664294,7.441203671300812,9.241845083400877,-1.800641412100065,12.738927137943751,13.991845083400877,-1.252917945457126,-8.954629914703073,4.75,5.8780028593379745,0.0661,0.0653718579755938,synthetic,0.03,1.1,central
SC,s_o2,acidification,4.324522572571665,0.005878140488540842,0.029557541549721567,-0.023679401061180723,4.330400713060206,4.779557541549721,-0.44915682848951555,-9.397456241187571,4.75,5.141693392591748,0.0661,0.0653718579755938,synthetic,0.03,1.1,central
SC,s_o2,climate change,4.324522572571665,1.1673278223824533,1.579564631127225,-0.41223680874477164,5.491850394954118,6.329564631127225,-0.8377142361731069,-13.234942448544354,4.75,5.141693392591748,0.0661,0.0653718579755938,synthetic,0.03,1.1,central
SC,s_o2,ecotoxicity: freshwater,4.324522572571665,0.31807550930668343,0.21387852000824,0.10419698929844343,4.642598081878348,4.96387852000824,-0.32128043812989215,-6.472367058035071,4.75,5.141693392591748,0.0661,0.0653718579755938,synthetic,0.03,1.1,central
SC,s_o2,eutrophication,4.324522572571665,0.40654078013547595,0.4474714073982154,-0.04093062726273944,4.731063352707141,5.197471407398216,-0.46640805469107516,-8.973749312544133,4.75,5.141693392591748,0.0661,0.0653718579755938,synthetic,0.03,1.1,central
SC,s_o2,particulate matter formation,4.324522572571665,2.127414203643476,6.846547355286032,-4.719133151642556,6.451936776215141,11.596547355286031,-5.14461057907089,-44.36329556939921,4.75,5.141693392591748,0.0661,0.0653718579755938,synthetic,0.03,1.1,central
SC,s_o2,photochemical oxidant formation,4.324522572571665,0.05777724826611241,0.12482562803144263,-0.06704837976533022,4.382299820837777,4.874825628031442,-0.49252580719366534,-10.103454867421744,4.75,5.141693392591748,0.0661,0.0653718579755938,synthetic,0.03,1.1,central
SC,s_o2,_ALL_,4.324522572571665,4.083013704222742,9.241845083400877,-5.158831379178135,8.407536276794406,13.991845083400877,-5.5843088066064706,-39.911168064827805,4.75,5.141693392591748,0.0661,0.0653718579755938,synthetic,0.03,1.1,central
SD,s_c1,acidification,4.145895853642858,0.011481977821473052,0.029557541549721573,-0.01807556372824852,4.1573778314643315,4.779557541549722,-0.6221797100853905,-13.017516886796496,4.75,4.285159558336301,0.0832,0.0643753357503561,synthetic,0.03,1.1,central
SD,s_c1,climate change,4.145895853642858,1.7651782896477493,1.5795646311272247,0.18561365852052458,5.911074143290607,6.329564631127225,-0.4184904878366176,-6.611678878806062,4.75,4.285159558336301,0.0832,0.0643753357503561,synthetic,0.03,1.1,central
SD,s_c1,ecotoxicity: freshwater,4.145895853642858,0.6892259413122384,0.21387852000823995,0.47534742130399843,4.835121794955096,4.96387852000824,-0.12875672505314384,-2.5938734103615837,4.75,4.285159558336301,0.0832,0.0643753357503561,synthetic,0.03,1.1,central
SD,s_c1,eutrophication,4.145895853642858,1.2760402583027337,0.44747140739821534,0.8285688509045184,5.421936111945592,5.197471407398215,0.2244647045473771,4.318728992484081,4.75,4.285159558336301,0.0832,0.0643753357503561,synthetic,0.03,1.1,central
SD,s_c1,particulate matter formation,4.145895853642858,11.012852146658906,6.846547355286029,4.166304791372877,15.158748000301763,11.59654735528603,3.562200645015734,30.717769141795326,4.75,4.285159558336301,0.0832,0.0643753357503561,synthetic,0.03,1.1,central
SD,s_c1,photochemical oxidant formation,4.145895853642858,0.08930239658880773,0.1248256280314426,-0.035523231442634876,4.235198250231666,4.874825628031442,-0.6396273777997763,-13.121030916916537,4.75,4.285159558336301,0.0832,0.0643753357503561,synthetic,0.03,1.1,central
SD,s_c1,_ALL_,4.145895853642858,14.844081010331909,9.241845083400873,5.602235926931035,18.989976863974768,13.991845083400873,4.998131780573894,35.721748995801796,4.75,4.285159558336301,0.0832,0.0643753357503561,synthetic,0.03,1.1,central
SD,s_c2,acidification,4.0978498327452435,0.009645301709221525,0.029557541549721573,-0.01991223984050005,4.1074951344544655,4.779557541549722,-0.6720624070952566,-14.061184560555523,4.75,4.3609633491954956,0.0832,0.0643753357503561,synthetic,0.03,1.1,central
SD,s_c2,climate change,4.0978498327452435,1.747400142963525,1.5795646311272247,0.1678355118363004,5.845249975708769,6.329564631127225,-0.48431465541845586,-7.651626670130151,4.75,4.3609633491954956,0.0832,0.0643753357503561,synthetic,0.03,1.1,central
SD,s_c2,ecotoxicity: freshwater,4.0978498327452435,0.5314504635121174,0.21387852000823995,0.3175719435038775,4.629300296257361,4.96387852000824,-0.33457822375087964,-6.740258094598258,4.75,4.3609633491954956,0.0832,0.0643753357503561,synthetic,0.03,1.1,central
SD,s_c2,eutrophication,4.0978498327452435,1.0010119150097645,0.44747140739821534,0.5535405076115492,5.098861747755008,5.197471407398215,-0.09860965964320734,-1.8972621860476964,4.75,4.3609633491954956,0.0832,0.0643753357503561,synthetic,0.03,1.1,central
SD,s_c2,particulate matter formation,4.0978498327452435,8.724435758820489,6.846547355286029,1.8778884035344596,12.822285591565732,11.59654735528603,1.2257382362797031,10.569854963951641,4.75,4.3609633491954956,0.0832,0.0643753357503561,synthetic,0.03,1.1,central
SD,s_c2,photochemical oxidant formation,4.0978498327452435,0.0848267623782611,0.1248256280314426,-0.0399988656531815,4.182676595123505,4.874825628031442,-0.6921490329079374,-14.198436738494005,4.75,4.3609633491954956,0.0832,0.0643753357503561,synthetic,0.03,1.1,central
SD,s_c2,_ALL_,4.0978498327452435,12.098770344393378,9.241845083400873,2.8569252609925044,16.19662017713862,13.991845083400873,2.204775093737746,15.757572218644455,4.75,4.3609633491954956,0.0832,0.0643753357503561,synthetic,0.03,1.1,central
SD,s_o1,acidification,5.374271084616586,0.012590334706729161,0.029557541549721567,-0.016967206842992404,5.386861419323315,4.779557541549721,0.6073038777735942,12.70627819613366,4.75,5.954819665219605,0.0832,0.0643753357503561,synthetic,0.03,1.1,central
SD,s_o1,climate change,5.374271084616586,2.195605020812442,1.579564631127225,0.6160403896852171,7.569876105429028,6.329564631127225,1.2403114743018033,19.595525862904694,4.75,5.954819665219605,0.0832,0.0643753357503561,synthetic,0.03,1.1,central
SD,s_o1,ecotoxicity: freshwater,5.374271084616586,0.6875430917620505,0.21387852000824,0.4736645717538105,6.061814176378636,4.96387852000824,1.097935656370396,22.11850374550611,4.75,5.954819665219605,0.0832,0.0643753357503561,synthetic,0.03,1.1,central
SD,s_o1,eutrophication,5.374271084616586,1.281628687291006,0.4474714073982154,0.8341572798927908,6.655899771907592,5.197471407398216,1.458428364509376,28.060344159535177,4.75,5.954819665219605,0.0832,0.0643753357503561,synthetic,0.03,1.1,central
SD,s_o1,particulate matter formation,5.374271084616586,10.230925297944694,6.846547355286032,3.384377942658662,15.60519638256128,11.596547355286031,4.008649027275249,34.56760796521039,4.75,5.954819665219605,0.0832,0.0643753357503561,synthetic,0.03,1.1,central
SD,s_o1,photochemical oxidant formation,5.374271084616586,0.11371138349082159,0.12482562803144263,-0.011114244540621043,5.487982468107408,4.874825628031442,0.6131568400759653,12.578026105183397,4.75,5.954819665219605,0.0832,0.0643753357503561,synthetic,0.03,1.1,central
SD,s_o1,_ALL_,5.374271084616586,14.522003816007745,9.241845083400877,5.280158732606868,19.89627490062433,13.991845083400877,5.904429817223454,42.19907940681912,4.75,5.954819665219605,0.0832,0.0643753357503561,synthetic,0.03,1.1,central
SD,s_o2,acidification,4.400076602941739,0.006913109011643947,0.029557541549721567,-0.02264443253807762,4.406989711953383,4.779557541549721,-0.3725678295963384,-7.795027601561989,4.75,5.2175131168124365,0.0832,0.0643753357503561,synthetic,0.03,1.1,central
SD,s_o2,climate change,4.400076602941739,1.1900809725960066,1.579564631127225,-0.38948365853121825,5.590157575537745,6.329564631127225,-0.7394070555894796,-11.681799597293939,4.75,5.2175131168124365,0.0832,0.0643753357503561,synthetic,0.03,1.1,central
SD,s_o2,ecotoxicity: freshwater,4.400076602941739,0.37994944789333596,0.21387852000824,0.16607092788509595,4.780026050835074,4.96387852000824,-0.183852469173166,-3.7038067799624717,4.75,5.2175131168124365,0.0832,0.0643753357503561,synthetic,0.03,1.1,central
SD,s_o2,eutrophication,4.400076602941739,0.7048987344966007,0.4474714073982154,0.2574273270983853,5.104975337438339,5.197471407398216,-0.09249606995987669,-1.7796359558268158,4.75,5.2175131168124365,0.0832,0.0643753357503561,synthetic,0.03,1.1,central
SD,s_o2,particulate matter formation,4.400076602941739,5.61639869546672,6.846547355286032,-1.2301486598193119,10.016475298408459,11.596547355286031,-1.5800720568775724,-13.625366313511677,4.75,5.2175131168124365,0.0832,0.0643753357503561,synthetic,0.03,1.1,central
SD,s_o2,photochemical oxidant formation,4.400076602941739,0.061943037186917925,0.12482562803144263,-0.06288259084452472,4.4620196401286565,4.874825628031442,-0.4128059879027859,-8.468118029269606,4.75,5.2175131168124365,0.0832,0.0643753357503561,synthetic,0.03,1.1,central
SD,s_o2,_ALL_,4.400076602941739,7.960183996651225,9.241845083400877,-1.2816610867496516,12.360260599592964,13.991845083400877,-1.631584483807913,-11.660967328344217,4.75,5.2175131168124365,0.0832,0.0643753357503561,synthetic,0.03,1.1,central
TN,s_c1,acidification,4.044698898535437,0.00949397086274,0.029557541549721573,-0.02006357068698157,4.054192869398177,4.779557541549722,-0.725364672151545,-15.176397937377965,4.75,4.183606733283545,0.0681,0.060987160184547896,synthetic,0.03,1.1,central
TN,s_c1,climate change,4.044698898535437,1.73638863131722,1.5795646311272247,0.15682400018999543,5.781087529852657,6.329564631127225,-0.5484771012745675,-8.66532112773276,4.75,4.183606733283545,0.0681,0.060987160184547896,synthetic,0.03,1.1,central
TN,s_c1,ecotoxicity: freshwater,4.044698898535437,0.5676724373520956,0.21387852000823995,0.3537939173438557,4.6123713358875325,4.96387852000824,-0.3515071841207078,-7.081301097596649,4.75,4.183606733283545,0.0681,0.060987160184547896,synthetic,0.03,1.1,central
TN,s_c1,eutrophication,4.044698898535437,0.6648911155534779,0.44747140739821534,0.21741970815526257,4.709590014088914,5.197471407398215,-0.48788139330930047,-9.386899033534606,4.75,4.183606733283545,0.0681,0.060987160184547896,synthetic,0.03,1.1,central
TN,s_c1,particulate matter formation,4.044698898535437,3.876711695951933,6.846547355286029,-2.969835659334096,7.921410594487369,11.59654735528603,-3.67513676079866,-31.691646213331165,4.75,4.183606733283545,0.0681,0.060987160184547896,synthetic,0.03,1.1,central
TN,s_c1,photochemical oxidant formation,4.044698898535437,0.08312842990858312,0.1248256280314426,-0.04169719812285949,4.1278273284440195,4.874825628031442,-0.7469982995874229,-15.323590146322356,4.75,4.183606733283545,0.0681,0.060987160184547896,synthetic,0.03,1.1,central
TN,s_c1,_ALL_,4.044698898535437,6.938286280946049,9.241845083400873,-2.303558802454824,10.982985179481485,13.991845083400873,-3.0088599039193884,-21.504382631343795,4.75,4.183606733283545,0.0681,0.060987160184547896,synthetic,0.03,1.1,central
TN,s_c2,acidification,3.989301200563046,0.007943551567355525,0.029557541549721573,-0.02161398998236605,3.9972447521304013,4.779557541549722,-0.7823127894193207,-16.367891433851508,4.75,4.252033468314589,0.0681,0.060987160184547896,synthetic,0.03,1.1,central
TN,s_c2,climate change,3.989301200563046,1.7081387442780422,1.5795646311272247,0.12857411315081757,5.697439944841088,6.329564631127225,-0.6321246862861365,-9.986858861942961,4.75,4.252033468314589,0.0681,0.060987160184547896,synthetic,0.03,1.1,central
TN,s_c2,ecotoxicity: freshwater,3.989301200563046,0.4301305396766871,0.21387852000823995,0.21625201966844712,4.419431740239733,4.96387852000824,-0.5444467797685073,-10.96817292312793,4.75,4.252033468314589,0.0681,0.060987160184547896,synthetic,0.03,1.1,central
TN,s_c2,eutrophication,3.989301200563046,0.5114514689585992,0.44747140739821534,0.06398006156038383,4.5007526695216455,5.197471407398215,-0.6967187378765693,-13.404955665265266,4.75,4.252033468314589,0.0681,0.060987160184547896,synthetic,0.03,1.1,central
TN,s_c2,particulate matter formation,3.989301200563046,2.999574066767834,6.846547355286029,-3.8469732885181953,6.988875267330879,11.59654735528603,-4.60767208795515,-39.73313734501196,4.75,4.252033468314589,0.0681,0.060987160184547896,synthetic,0.03,1.1,central
TN,s_c2,photochemical oxidant formation,3.989301200563046,0.07797119555588437,0.1248256280314426,-0.04685443247555823,4.0672723961189305,4.874825628031442,-0.8075532319125118,-16.56578703592766,4.75,4.252033468314589,0.0681,0.060987160184547896,synthetic,0.03,1.1,central
TN,s_c2,_ALL_,3.989301200563046,5.735209566804402,9.241845083400873,-3.5066355165964715,9.724510767367448,13.991845083400873,-4.267334316033425,-30.49872472570431,4.75,4.252033468314589,0.0681,0.060987160184547896,synthetic,0.03,1.1,central
TN,s_o1,acidification,5.26895445490976,0.010682168579900774,0.029557541549721567,-0.018875372969820794,5.279636623489661,4.779557541549721,0.5000790819399397,10.462873970919793,4.75,5.849132678289691,0.0681,0.060987160184547896,synthetic,0.03,1.1,central
TN,s_o1,climate change,5.26895445490976,2.1497430164676903,1.579564631127225,0.5701783853404654,7.418697471377451,6.329564631127225,1.089132840250226,17.207073530683953,4.75,5.849132678289691,0.0681,0.060987160184547896,synthetic,0.03,1.1,central
TN,s_o1,ecotoxicity: freshwater,5.26895445490976,0.5742768856764406,0.21387852000824,0.3603983656682006,5.843231340586201,4.96387852000824,0.879352820577961,17.71503506851536,4.75,5.849132678289691,0.0681,0.060987160184547896,synthetic,0.03,1.1,central
TN,s_o1,eutrophication,5.26895445490976,0.7369106142959274,0.4474714073982154,0.289439206897712,6.005865069205688,5.197471407398216,0.8083936618074725,15.553595170466622,4.75,5.849132678289691,0.0681,0.060987160184547896,synthetic,0.03,1.1,central
TN,s_o1,particulate matter formation,5.26895445490976,3.8599194781095014,6.846547355286032,-2.9866278771765304,9.128873933019262,11.596547355286031,-2.4676734222667687,-21.2793803764526,4.75,5.849132678289691,0.0681,0.060987160184547896,synthetic,0.03,1.1,central
TN,s_o1,photochemical oxidant formation,5.26895445490976,0.10582673418347677,0.12482562803144263,-0.018998893847965867,5.3747811890932375,4.874825628031442,0.4999555610617952,10.255865526490387,4.75,5.849132678289691,0.0681,0.060987160184547896,synthetic,0.03,1.1,central
TN,s_o1,_ALL_,5.26895445490976,7.437358897312937,9.241845083400877,-1.8044861860879395,12.706313352222697,13.991845083400877,-1.28553173117818,-9.187721301340458,4.75,5.849132678289691,0.0681,0.060987160184547896,synthetic,0.03,1.1,central
TN,s_o2,acidification,4.295637351762045,0.005872870633807136,0.029557541549721567,-0.023684670915914433,4.301510222395852,4.779557541549721,-0.4780473191538688,-10.001915763082685,4.75,5.112706593805344,0.0681,0.060987160184547896,synthetic,0.03,1.1,central
TN,s_o2,climate change,4.295637351762045,1.165698202475187,1.579564631127225,-0.41386642865203793,5.461335554237232,6.329564631127225,-0.8682290768899925,-13.717042600691014,4.75,5.112706593805344,0.0681,0.060987160184547896,synthetic,0.03,1.1,central
TN,s_o2,ecotoxicity: freshwater,4.295637351762045,0.31808664617039595,0.21387852000824,0.10420812616215594,4.613723997932441,4.96387852000824,-0.35015452207579933,-7.054050993883268,4.75,5.112706593805344,0.0681,0.060987160184547896,synthetic,0.03,1.1,central
TN,s_o2,eutrophication,4.295637351762045,0.4065229832446929,0.4474714073982154,-0.04094842415352251,4.702160335006738,5.197471407398216,-0.49531107239147776,-9.52984698841131,4.75,5.112706593805344,0.0681,0.060987160184547896,synthetic,0.03,1.1,central
TN,s_o2,particulate matter formation,4.295637351762045,2.12699100124215,6.846547355286032,-4.719556354043882,6.422628353004195,11.596547355286031,-5.173919002281836,-44.616029614395686,4.75,5.112706593805344,0.0681,0.060987160184547896,synthetic,0.03,1.1,central
TN,s_o2,photochemical oxidant formation,4.295637351762045,0.05771121828899411,0.12482562803144263,-0.06711440974244853,4.35334857005104,4.874825628031442,-0.5214770579804027,-10.697347921160128,4.75,5.112706593805344,0.0681,0.060987160184547896,synthetic,0.03,1.1,central
TN,s_o2,_ALL_,4.295637351762045,4.080882922055227,9.241845083400877,-5.16096216134565,8.376520273817272,13.991845083400877,-5.615324809583605,-40.13284006585596,4.75,5.112706593805344,0.0681,0.060987160184547896,synthetic,0.03,1.1,central
TX,s_c1,acidification,3.987874908693675,0.009608620417362646,0.029557541549721573,-0.019948921132358927,3.9974835291110375,4.779557541549722,-0.7820740124386845,-16.362895637095,4.75,4.126582915787499,0.0652,0.05281567793759866,synthetic,0.03,1.1,central
TX,s_c1,climate change,3.987874908693675,1.703805116428048,1.5795646311272247,0.12424048530082343,5.691680025121723,6.329564631127225,-0.6378846060055015,-10.077859113224685,4.75,4.126582915787499,0.0652,0.05281567793759866,synthetic,0.03,1.1,central
TX,s_c1,ecotoxicity: freshwater,3.987874908693675,0.6092462166476742,0.21387852000823995,0.3953676966394343,4.597121125341349,4.96387852000824,-0.36675739466689095,-7.388524783364,4.75,4.126582915787499,0.0652,0.05281567793759866,synthetic,0.03,1.1,central
TX,s_c1,eutrophication,3.987874908693675,0.8622516136531505,0.44747140739821534,0.41478020625493517,4.850126522346826,5.197471407398215,-0.34734488505138916,-6.682959035752837,4.75,4.126582915787499,0.0652,0.05281567793759866,synthetic,0.03,1.1,central
TX,s_c1,particulate matter formation,3.987874908693675,6.723301726921999,6.846547355286029,-0.12324562836402997,10.711176635615674,11.59654735528603,-0.8853707196703553,-7.634778633200499,4.75,4.126582915787499,0.0652,0.05281567793759866,synthetic,0.03,1.1,central
TX,s_c1,photochemical oxidant formation,3.987874908693675,0.08538395769389809,0.1248256280314426,-0.03944167033754452,4.073258866387573,4.874825628031442,-0.8015667616438691,-16.442983253281177,4.75,4.126582915787499,0.0652,0.05281567793759866,synthetic,0.03,1.1,central
TX,s_c1,_ALL_,3.987874908693675,9.993597251762132,9.241845083400873,0.7517521683612589,13.981472160455807,13.991845083400873,-0.01037292294506642,-0.07413549023189418,4.75,4.126582915787499,0.0652,0.05281567793759866,synthetic,0.03,1.1,central
TX,s_c2,acidification,3.9310652992301014,0.00909394320524944,0.029557541549721573,-0.020463598344472134,3.940159242435351,4.779557541549722,-0.8393982991143711,-17.56225951497186,4.75,4.193593028599585,0.0652,0.05281567793759866,synthetic,0.03,1.1,central
TX,s_c2,climate change,3.9310652992301014,1.740070245276207,1.5795646311272247,0.16050561414898223,5.671135544506308,6.329564631127225,-0.6584290866209166,-10.402438793071582,4.75,4.193593028599585,0.0652,0.05281567793759866,synthetic,0.03,1.1,central
TX,s_c2,ecotoxicity: freshwater,3.9310652992301014,0.4663859519986004,0.21387852000823995,0.2525074319903604,4.397451251228702,4.96387852000824,-0.5664272687795382,-11.410981684914358,4.75,4.193593028599585,0.0652,0.05281567793759866,synthetic,0.03,1.1,central
TX,s_c2,eutrophication,3.9310652992301014,0.6731067027048344,0.44747140739821534,0.22563529530661908,4.604172001934936,5.197471407398215,-0.593299405463279,-11.415154773507004,4.75,4.193593028599585,0.0652,0.05281567793759866,synthetic,0.03,1.1,central
TX,s_c2,particulate matter formation,3.9310652992301014,5.307790968883256,6.846547355286029,-1.5387563864027731,9.238856268113357,11.59654735528603,-2.3576910871726717,-20.330974512840413,4.75,4.193593028599585,0.0652,0.05281567793759866,synthetic,0.03,1.1,central
TX,s_c2,photochemical oxidant formation,3.9310652992301014,0.10183735808857387,0.1248256280314426,-0.022988269942868733,4.032902657318675,4.874825628031442,-0.8419229707127673,-17.27083253750665,4.75,4.193593028599585,0.0652,0.05281567793759866,synthetic,0.03,1.1,central
TX,s_c2,_ALL_,3.9310652992301014,8.29828517015672,9.241845083400873,-0.9435599132441528,12.229350469386823,13.991845083400873,-1.7624946140140505,-12.596584678492286,4.75,4.193593028599585,0.0652,0.05281567793759866,synthetic,0.03,1.1,central
TX,s_o1,acidification,5.182259349784635,0.012107670673859653,0.029557541549721567,-0.017449870875861914,5.194367020458495,4.779557541549721,0.41480947890877395,8.678825922750088,4.75,5.762132700529745,0.0652,0.05281567793759866,synthetic,0.03,1.1,central
TX,s_o1,climate change,5.182259349784635,2.193529892760802,1.579564631127225,0.6139652616335771,7.375789242545437,6.329564631127225,1.0462246114182125,16.52917178968582,4.75,5.762132700529745,0.0652,0.05281567793759866,synthetic,0.03,1.1,central
TX,s_o1,ecotoxicity: freshwater,5.182259349784635,0.6150091459104904,0.21387852000824,0.40113062590225035,5.797268495695126,4.96387852000824,0.8333899756868854,16.78908886121375,4.75,5.762132700529745,0.0652,0.05281567793759866,synthetic,0.03,1.1,central
TX,s_o1,eutrophication,5.182259349784635,0.9172689994380562,0.4474714073982154,0.4697975920398408,6.099528349222691,5.197471407398216,0.9020569418244753,17.355688393792104,4.75,5.762132700529745,0.0652,0.05281567793759866,synthetic,0.03,1.1,central
TX,s_o1,particulate matter formation,5.182259349784635,6.432200486553489,6.846547355286032,-0.4143468687325429,11.614459836338124,11.596547355286031,0.0179124810520932,0.15446391501974238,4.75,5.762132700529745,0.0652,0.05281567793759866,synthetic,0.03,1.1,central
TX,s_o1,photochemical oxidant formation,5.182259349784635,0.13538750708558717,0.12482562803144263,0.010561879054144532,5.317646856870223,4.874825628031442,0.4428212288387803,9.083837302660626,4.75,5.762132700529745,0.0652,0.05281567793759866,synthetic,0.03,1.1,central
TX,s_o1,_ALL_,5.182259349784635,10.305503702422286,9.241845083400877,1.0636586190214086,15.48776305220692,13.991845083400877,1.4959179688060438,10.691355999793872,4.75,5.762132700529745,0.0652,0.05281567793759866,synthetic,0.03,1.1,central
TX,s_o2,acidification,4.20911074979776,0.006605472083617596,0.029557541549721567,-0.02295206946610397,4.215716221881378,4.779557541549721,-0.5638413196683434,-11.79693548548688,4.75,5.025875711765673,0.0652,0.05281567793759866,synthetic,0.03,1.1,central
TX,s_o2,climate change,4.20911074979776,1.1870417068368884,1.579564631127225,-0.39252292429033653,5.396152456634648,6.329564631127225,-0.9334121744925765,-14.7468622075883,4.75,5.025875711765673,0.0652,0.05281567793759866,synthetic,0.03,1.1,central
TX,s_o2,ecotoxicity: freshwater,4.20911074979776,0.3402635259207329,0.21387852000824,0.12638500591249288,4.549374275718493,4.96387852000824,-0.4145042442897475,-8.35041072457711,4.75,5.025875711765673,0.0652,0.05281567793759866,synthetic,0.03,1.1,central
TX,s_o2,eutrophication,4.20911074979776,0.5051542164034265,0.4474714073982154,0.05768280900521111,4.714264966201187,5.197471407398216,-0.48320644119702916,-9.296952370131764,4.75,5.025875711765673,0.0652,0.05281567793759866,synthetic,0.03,1.1,central
TX,s_o2,particulate matter formation,4.20911074979776,3.534716034972387,6.846547355286032,-3.3118313203136447,7.743826784770147,11.596547355286031,-3.852720570515884,-33.22299691864498,4.75,5.025875711765673,0.0652,0.05281567793759866,synthetic,0.03,1.1,central
TX,s_o2,photochemical oxidant formation,4.20911074979776,0.0728980333933533,0.12482562803144263,-0.05192759463808934,4.282008783191113,4.874825628031442,-0.5928168448403293,-12.160780509388625,4.75,5.025875711765673,0.0652,0.05281567793759866,synthetic,0.03,1.1,central
TX,s_o2,_ALL_,4.20911074979776,5.646678989610406,9.241845083400877,-3.5951660937904713,9.855789739408166,13.991845083400877,-4.136055343992711,-29.560471255499316,4.75,5.025875711765673,0.0652,0.05281567793759866,synthetic,0.03,1.1,central
UT,s_c1,acidification,4.111102190983722,0.008673546467358512,0.029557541549721573,-0.020883995082363063,4.11977573745108,4.779557541549722,-0.6597818040986416,-13.80424439632783,4.75,4.250243540031039,0.0791,0.061983682409785586,synthetic,0.03,1.1,central
UT,s_c1,climate change,4.111102190983722,1.5385665821511505,1.5795646311272247,-0.040998048976074175,5.649668773134873,6.329564631127225,-0.679895857992352,-10.741589629226523,4.75,4.250243540031039,0.0791,0.061983682409785586,synthetic,0.03,1.1,central
UT,s_c1,ecotoxicity: freshwater,4.111102190983722,0.5933348503826459,0.21387852000823995,0.37945633037440596,4.704437041366368,4.96387852000824,-0.2594414786418726,-5.22658799154984,4.75,4.250243540031039,0.0791,0.061983682409785586,synthetic,0.03,1.1,central
UT,s_c1,eutrophication,4.111102190983722,0.8284257558105221,0.44747140739821534,0.3809543484123068,4.939527946794244,5.197471407398215,-0.257943460603971,-4.962864446677044,4.75,4.250243540031039,0.0791,0.061983682409785586,synthetic,0.03,1.1,central
UT,s_c1,particulate matter formation,4.111102190983722,6.340098210835963,6.846547355286029,-0.5064491444500661,10.451200401819685,11.59654735528603,-1.145346953466344,-9.876620328241604,4.75,4.250243540031039,0.0791,0.061983682409785586,synthetic,0.03,1.1,central
UT,s_c1,photochemical oxidant formation,4.111102190983722,0.08141282364130249,0.1248256280314426,-0.043412804390140114,4.192515014625024,4.874825628031442,-0.6823106134064183,-13.996615786274795,4.75,4.250243540031039,0.0791,0.061983682409785586,synthetic,0.03,1.1,central
UT,s_c1,_ALL_,4.111102190983722,9.390511769288944,9.241845083400873,0.1486666858880703,13.501613960272666,13.991845083400873,-0.4902311231282077,-3.503691759064642,4.75,4.250243540031039,0.0791,0.061983682409785586,synthetic,0.03,1.1,central
UT,s_c2,acidification,4.061060019357194,0.007272102332413267,0.029557541549721573,-0.022285439217308307,4.068332121689608,4.779557541549722,-0.7112254198601144,-14.880570297088775,4.75,4.324044321203837,0.0791,0.061983682409785586,synthetic,0.03,1.1,central
UT,s_c2,climate change,4.061060019357194,1.5614582860207753,1.5795646311272247,-0.018106345106449373,5.6225183053779695,6.329564631127225,-0.7070463257492552,-11.17053647374382,4.75,4.324044321203837,0.0791,0.061983682409785586,synthetic,0.03,1.1,central
UT,s_c2,ecotoxicity: freshwater,4.061060019357194,0.4499481255757886,0.21387852000823995,0.23606960556754866,4.511008144932983,4.96387852000824,-0.45287037507525696,-9.123317044320117,4.75,4.324044321203837,0.0791,0.061983682409785586,synthetic,0.03,1.1,central
UT,s_c2,eutrophication,4.061060019357194,0.6419038493555775,0.44747140739821534,0.1944324419573622,4.7029638687127715,5.197471407398215,-0.4945075386854434,-9.514386899397822,4.75,4.324044321203837,0.0791,0.061983682409785586,synthetic,0.03,1.1,central
UT,s_c2,particulate matter formation,4.061060019357194,4.971978726868122,6.846547355286029,-1.874568628417907,9.033038746225316,11.59654735528603,-2.5635086090607135,-22.10579175440693,4.75,4.324044321203837,0.0791,0.061983682409785586,synthetic,0.03,1.1,central
UT,s_c2,photochemical oxidant formation,4.061060019357194,0.07647916182807234,0.1248256280314426,-0.04834646620337027,4.137539181185267,4.874825628031442,-0.7372864468461753,-15.124365528206743,4.75,4.324044321203837,0.0791,0.061983682409785586,synthetic,0.03,1.1,central
UT,s_c2,_ALL_,4.061060019357194,7.70904025198075,9.241845083400873,-1.5328048314201235,11.770100271337945,13.991845083400873,-2.221744812062928,-15.878855138974341,4.75,4.324044321203837,0.0791,0.061983682409785586,synthetic,0.03,1.1,central
UT,s_o1,acidification,5.332668397776694,0.009934049269032115,0.029557541549721567,-0.01962349228068945,5.342602447045726,4.779557541549721,0.5630449054960049,11.780272558732364,4.75,5.913070678069743,0.0791,0.061983682409785586,synthetic,0.03,1.1,central
UT,s_o1,climate change,5.332668397776694,1.9886771114761617,1.579564631127225,0.40911248034893677,7.321345509252856,6.329564631127225,0.9917808781256312,15.669022056403366,4.75,5.913070678069743,0.0791,0.061983682409785586,synthetic,0.03,1.1,central
UT,s_o1,ecotoxicity: freshwater,5.332668397776694,0.5962441488604798,0.21387852000824,0.3823656288522398,5.928912546637174,4.96387852000824,0.9650340266289339,19.441129003038775,4.75,5.913070678069743,0.0791,0.061983682409785586,synthetic,0.03,1.1,central
UT,s_o1,eutrophication,5.332668397776694,0.8819875597548629,0.4474714073982154,0.4345161523566475,6.214655957531557,5.197471407398216,1.017184550133341,19.570757978301796,4.75,5.913070678069743,0.0791,0.061983682409785586,synthetic,0.03,1.1,central
UT,s_o1,particulate matter formation,5.332668397776694,6.054609759158194,6.846547355286032,-0.7919375961278377,11.387278156934888,11.596547355286031,-0.20926919835114255,-1.8045819323606849,4.75,5.913070678069743,0.0791,0.061983682409785586,synthetic,0.03,1.1,central
UT,s_o1,photochemical oxidant formation,5.332668397776694,0.10415448609682475,0.12482562803144263,-0.020671141934617887,5.436822883873519,4.874825628031442,0.5619972558420763,11.528561198383267,4.75,5.913070678069743,0.0791,0.061983682409785586,synthetic,0.03,1.1,central
UT,s_o1,_ALL_,5.332668397776694,9.635607114615555,9.241845083400877,0.3937620312146777,14.96827551239225,13.991845083400877,0.9764304289913728,6.978568038533773,4.75,5.913070678069743,0.0791,0.061983682409785586,synthetic,0.03,1.1,central
UT,s_o2,acidification,4.358712144708549,0.005463738898454298,0.029557541549721567,-0.024093802651267267,4.364175883607003,4.779557541549721,-0.4153816579427181,-8.690797303551971,4.75,5.176003196025724,0.0791,0.061983682409785586,synthetic,0.03,1.1,central
UT,s_o2,climate change,4.358712144708549,1.0769411095159453,1.579564631127225,-0.5026235216112795,5.435653254224494,6.329564631127225,-0.8939113769027305,-14.122794046634686,4.75,5.176003196025724,0.0791,0.061983682409785586,synthetic,0.03,1.1,central
UT,s_o2,ecotoxicity: freshwater,4.358712144708549,0.33015335948923563,0.21387852000824,0.11627483948099562,4.688865504197785,4.96387852000824,-0.27501301581045556,-5.54028497478216,4.75,5.176003196025724,0.0791,0.061983682409785586,synthetic,0.03,1.1,central
UT,s_o2,eutrophication,4.358712144708549,0.48601553278965515,0.4474714073982154,0.038544125391439754,4.844727677498204,5.197471407398216,-0.3527437299000118,-6.786833485950634,4.75,5.176003196025724,0.0791,0.061983682409785586,synthetic,0.03,1.1,central
UT,s_o2,particulate matter formation,4.358712144708549,3.329200961555819,6.846547355286032,-3.5173463937302127,7.687913106264368,11.596547355286031,-3.908634249021663,-33.70515489888461,4.75,5.176003196025724,0.0791,0.061983682409785586,synthetic,0.03,1.1,central
UT,s_o2,photochemical oxidant formation,4.358712144708549,0.05680063415816108,0.12482562803144263,-0.06802499387328156,4.41551277886671,4.874825628031442,-0.45931284916473203,-9.422139050955392,4.75,5.176003196025724,0.0791,0.061983682409785586,synthetic,0.03,1.1,central
UT,s_o2,_ALL_,4.358712144708549,5.284575336407271,9.241845083400877,-3.957269746993606,9.64328748111582,13.991845083400877,-4.348557602285057,-31.079229196469136,4.75,5.176003196025724,0.0791,0.061983682409785586,synthetic,0.03,1.1,central
VA,s_c1,acidification,4.172330736101956,0.009501082645918991,0.029557541549721573,-0.02005645890380258,4.181831818747875,4.779557541549722,-0.5977257228018473,-12.505879835229287,4.75,4.311687401894525,0.0874,0.06497324908549872,synthetic,0.03,1.1,central
VA,s_c1,climate change,4.172330736101956,1.7385878387015377,1.5795646311272247,0.15902320757431299,5.910918574803493,6.329564631127225,-0.4186460563237313,-6.614136685877795,4.75,4.311687401894525,0.0874,0.06497324908549872,synthetic,0.03,1.1,central
VA,s_c1,ecotoxicity: freshwater,4.172330736101956,0.5676574079131418,0.21387852000823995,0.35377888790490186,4.739988144015098,4.96387852000824,-0.22389037599314232,-4.510391926206338,4.75,4.311687401894525,0.0874,0.06497324908549872,synthetic,0.03,1.1,central
VA,s_c1,eutrophication,4.172330736101956,0.6649151328433093,0.44747140739821534,0.21744372544509394,4.837245868945265,5.197471407398215,-0.3602255384529496,-6.930784418365347,4.75,4.311687401894525,0.0874,0.06497324908549872,synthetic,0.03,1.1,central
VA,s_c1,particulate matter formation,4.172330736101956,3.8772828167647706,6.846547355286029,-2.9692645385212586,8.049613552866727,11.59654735528603,-3.546933802419302,-30.586119245246824,4.75,4.311687401894525,0.0874,0.06497324908549872,synthetic,0.03,1.1,central
VA,s_c1,photochemical oxidant formation,4.172330736101956,0.0832175387938008,0.1248256280314426,-0.04160808923764181,4.255548274895757,4.874825628031442,-0.6192773531356854,-12.703579581897019,4.75,4.311687401894525,0.0874,0.06497324908549872,synthetic,0.03,1.1,central
VA,s_c1,_ALL_,4.172330736101956,6.941161817662479,9.241845083400873,-2.300683265738394,11.113492553764434,13.991845083400873,-2.878352529636439,-20.571643785930366,4.75,4.311687401894525,0.0874,0.06497324908549872,synthetic,0.03,1.1,central
VA,s_c2,acidification,4.126329552536396,0.007948793144365812,0.029557541549721573,-0.02160874840535576,4.134278345680762,4.779557541549722,-0.6452791958689597,-13.500814463669675,4.75,4.3895430965585485,0.0874,0.06497324908549872,synthetic,0.03,1.1,central
VA,s_c2,climate change,4.126329552536396,1.7097596197429388,1.5795646311272247,0.1301949886157141,5.836089172279335,6.329564631127225,-0.49347545884788957,-7.796357057815635,4.75,4.3895430965585485,0.0874,0.06497324908549872,synthetic,0.03,1.1,central
VA,s_c2,ecotoxicity: freshwater,4.126329552536396,0.4301194625727152,0.21387852000823995,0.21624094256447526,4.556449015109112,4.96387852000824,-0.4074295048991283,-8.207886298121009,4.75,4.3895430965585485,0.0874,0.06497324908549872,synthetic,0.03,1.1,central
VA,s_c2,eutrophication,4.126329552536396,0.511469170352337,0.44747140739821534,0.06399776295412163,4.637798722888733,5.197471407398215,-0.5596726845094819,-10.768172456183779,4.75,4.3895430965585485,0.0874,0.06497324908549872,synthetic,0.03,1.1,central
VA,s_c2,particulate matter formation,4.126329552536396,2.999994998290538,6.846547355286029,-3.8465523569954914,7.126324550826935,11.59654735528603,-4.470222804459095,-38.54787694564488,4.75,4.3895430965585485,0.0874,0.06497324908549872,synthetic,0.03,1.1,central
VA,s_c2,photochemical oxidant formation,4.126329552536396,0.0780368712201185,0.1248256280314426,-0.046788756811324106,4.204366423756515,4.874825628031442,-0.6704592042749278,-13.753501262068184,4.75,4.3895430965585485,0.0874,0.06497324908549872,synthetic,0.03,1.1,central
VA,s_c2,_ALL_,4.126329552536396,5.737328915323013,9.241845083400873,-3.5045161680778607,9.863658467859409,13.991845083400873,-4.128186615541464,-29.504233293998585,4.75,4.3895430965585485,0.0874,0.06497324908549872,synthetic,0.03,1.1,central
VA,s_o1,acidification,5.4005198152471605,0.010691677482644992,0.029557541549721567,-0.018865864067076576,5.411211492729805,4.779557541549721,0.631653951180084,13.2157411159711,4.75,5.981160702326495,0.0874,0.06497324908549872,synthetic,0.03,1.1,central
VA,s_o1,climate change,5.4005198152471605,2.1526834954735232,1.579564631127225,0.5731188643462983,7.553203310720684,6.329564631127225,1.223638679593459,19.332114464491102,4.75,5.981160702326495,0.0874,0.06497324908549872,synthetic,0.03,1.1,central
VA,s_o1,ecotoxicity: freshwater,5.4005198152471605,0.5742567903684541,0.21387852000824,0.3603782703602141,5.974776605615615,4.96387852000824,1.0108980856073746,20.365085115050245,4.75,5.981160702326495,0.0874,0.06497324908549872,synthetic,0.03,1.1,central
VA,s_o1,eutrophication,5.4005198152471605,0.7369427269275189,0.4474714073982154,0.28947131952930355,6.13746254217468,5.197471407398216,0.9399911347764638,18.08554701115731,4.75,5.981160702326495,0.0874,0.06497324908549872,synthetic,0.03,1.1,central
VA,s_o1,particulate matter formation,5.4005198152471605,3.860683102664386,6.846547355286032,-2.9858642526216457,9.261202917911547,11.596547355286031,-2.3353444373744843,-20.138273624260837,4.75,5.981160702326495,0.0874,0.06497324908549872,synthetic,0.03,1.1,central
VA,s_o1,photochemical oxidant formation,5.4005198152471605,0.1059458783842847,0.12482562803144263,-0.01887974964715794,5.506465693631445,4.874825628031442,0.6316400656000027,12.957182754761885,4.75,5.981160702326495,0.0874,0.06497324908549872,synthetic,0.03,1.1,central
VA,s_o1,_ALL_,5.4005198152471605,7.441203671300812,9.241845083400877,-1.800641412100065,12.841723486547973,13.991845083400877,-1.1501215968529035,-8.219942330674758,4.75,5.981160702326495,0.0874,0.06497324908549872,synthetic,0.03,1.1,central
VA,s_o2,acidification,4.426081294511782,0.005878140488540842,0.029557541549721567,-0.023679401061180723,4.431959435000323,4.779557541549721,-0.34759810654939827,-7.2726001000647695,4.75,5.243609256669271,0.0874,0.06497324908549872,synthetic,0.03,1.1,central
VA,s_o2,climate change,4.426081294511782,1.1673278223824533,1.579564631127225,-0.41223680874477164,5.593409116894235,6.329564631127225,-0.7361555142329896,-11.630428902056863,4.75,5.243609256669271,0.0874,0.06497324908549872,synthetic,0.03,1.1,central
VA,s_o2,ecotoxicity: freshwater,4.426081294511782,0.31807550930668343,0.21387852000824,0.10419698929844343,4.744156803818465,4.96387852000824,-0.21972171618977487,-4.426412034543708,4.75,5.243609256669271,0.0874,0.06497324908549872,synthetic,0.03,1.1,central
VA,s_o2,eutrophication,4.426081294511782,0.40654078013547595,0.4474714073982154,-0.04093062726273944,4.832622074647258,5.197471407398216,-0.3648493327509579,-7.019746799022729,4.75,5.243609256669271,0.0874,0.06497324908549872,synthetic,0.03,1.1,central
VA,s_o2,particulate matter formation,4.426081294511782,2.127414203643476,6.846547355286032,-4.719133151642556,6.553495498155258,11.596547355286031,-5.043051857130773,-43.487528680957,4.75,5.243609256669271,0.0874,0.06497324908549872,synthetic,0.03,1.1,central
VA,s_o2,photochemical oxidant formation,4.426081294511782,0.05777724826611241,0.12482562803144263,-0.06704837976533022,4.483858542777894,4.874825628031442,-0.39096708525354806,-8.02012451492401,4.75,5.243609256669271,0.0874,0.06497324908549872,synthetic,0.03,1.1,central
VA,s_o2,_ALL_,4.426081294511782,4.083013704222742,9.241845083400877,-5.158831379178135,8.509094998734524,13.991845083400877,-5.482750084666353,-39.185325823616886,4.75,5.243609256669271,0.0874,0.06497324908549872,synthetic,0.03,1.1,central
VT,s_c1,acidification,4.357098874410644,0.007243559588313006,0.029557541549721573,-0.022313981961408567,4.364342433998957,4.779557541549722,-0.41521510755076463,-8.68731266317458,4.75,4.497105297171936,0.1242,0.060787855739500345,synthetic,0.03,1.1,central
VT,s_c1,climate change,4.357098874410644,1.2406723504968242,1.5795646311272247,-0.33889228063040044,5.5977712249074685,6.329564631127225,-0.7317934062197562,-11.561512503102952,4.75,4.497105297171936,0.1242,0.060787855739500345,synthetic,0.03,1.1,central
VT,s_c1,ecotoxicity: freshwater,4.357098874410644,0.5156157560992968,0.21387852000823995,0.30173723609105685,4.8727146305099405,4.96387852000824,-0.09116388949829979,-1.8365455385509404,4.75,4.497105297171936,0.1242,0.060787855739500345,synthetic,0.03,1.1,central
VT,s_c1,eutrophication,4.357098874410644,0.3966937873591618,0.44747140739821534,-0.05077762003905356,4.753792661769806,5.197471407398215,-0.44367874562840903,-8.536434563100535,4.75,4.497105297171936,0.1242,0.060787855739500345,synthetic,0.03,1.1,central
VT,s_c1,particulate matter formation,4.357098874410644,2.2053800163677346,6.846547355286029,-4.641167338918295,6.562478890778379,11.59654735528603,-5.0340684645076506,-43.41006258395506,4.75,4.497105297171936,0.1242,0.060787855739500345,synthetic,0.03,1.1,central
VT,s_c1,photochemical oxidant formation,4.357098874410644,0.06982055221827471,0.1248256280314426,-0.055005075813167895,4.426919426628919,4.874825628031442,-0.4479062014025237,-9.188148163227691,4.75,4.497105297171936,0.1242,0.060787855739500345,synthetic,0.03,1.1,central
VT,s_c1,_ALL_,4.357098874410644,4.4354260221296045,9.241845083400873,-4.806419061271269,8.792524896540248,13.991845083400873,-5.199320186860625,-37.15964660749998,4.75,4.497105297171936,0.1242,0.060787855739500345,synthetic,0.03,1.1,central
VT,s_c2,acidification,4.329014360802157,0.006139926301980664,0.029557541549721573,-0.02341761524774091,4.335154287104138,4.779557541549722,-0.44440325444558404,-9.29799987932546,4.75,4.592939782236727,0.1242,0.060787855739500345,synthetic,0.03,1.1,central
VT,s_c2,climate change,4.329014360802157,1.3107989916824505,1.5795646311272247,-0.26876563944477416,5.639813352484607,6.329564631127225,-0.6897512786426176,-10.897294187511608,4.75,4.592939782236727,0.1242,0.060787855739500345,synthetic,0.03,1.1,central
VT,s_c2,ecotoxicity: freshwater,4.329014360802157,0.38842047833782334,0.21387852000823995,0.17454195832958339,4.7174348391399805,4.96387852000824,-0.24644368086825974,-4.964740371362888,4.75,4.592939782236727,0.1242,0.060787855739500345,synthetic,0.03,1.1,central
VT,s_c2,eutrophication,4.329014360802157,0.2965536696527709,0.44747140739821534,-0.15091773774544442,4.625568030454928,5.197471407398215,-0.5719033769432871,-11.003492508476814,4.75,4.592939782236727,0.1242,0.060787855739500345,synthetic,0.03,1.1,central
VT,s_c2,particulate matter formation,4.329014360802157,1.6603632593632853,6.846547355286029,-5.186184095922744,5.989377620165442,11.59654735528603,-5.607169735120587,-48.35206172434318,4.75,4.592939782236727,0.1242,0.060787855739500345,synthetic,0.03,1.1,central
VT,s_c2,photochemical oxidant formation,4.329014360802157,0.06730237851019835,0.1248256280314426,-0.057523249521244255,4.396316739312355,4.874825628031442,-0.47850888871908737,-9.815918049817904,4.75,4.592939782236727,0.1242,0.060787855739500345,synthetic,0.03,1.1,central
VT,s_c2,_ALL_,4.329014360802157,3.7295787038485093,9.241845083400873,-5.512266379552364,8.058593064650665,13.991845083400873,-5.933252018750208,-42.40507226447982,4.75,4.592939782236727,0.1242,0.060787855739500345,synthetic,0.03,1.1,central
VT,s_o1,acidification,5.547216968720924,0.00867894533134583,0.029557541549721567,-0.020878596218375737,5.555895914052269,4.779557541549721,0.7763383725025479,16.242892061737336,4.75,6.128373732073041,0.1242,0.060787855739500345,synthetic,0.03,1.1,central
VT,s_o1,climate change,5.547216968720924,1.7087586778009163,1.579564631127225,0.1291940466736914,7.25597564652184,6.329564631127225,0.9264110153946152,14.636251770599769,4.75,6.128373732073041,0.1242,0.060787855739500345,synthetic,0.03,1.1,central
VT,s_o1,ecotoxicity: freshwater,5.547216968720924,0.5278581919313156,0.21387852000824,0.3139796719230755,6.075075160652239,4.96387852000824,1.1111966406439988,22.385653399151963,4.75,6.128373732073041,0.1242,0.060787855739500345,synthetic,0.03,1.1,central
VT,s_o1,eutrophication,5.547216968720924,0.49780553455121573,0.4474714073982154,0.05033412715300034,6.045022503272139,5.197471407398216,0.8475510958739232,16.306989099882244,4.75,6.128373732073041,0.1242,0.060787855739500345,synthetic,0.03,1.1,central
VT,s_o1,particulate matter formation,5.547216968720924,2.370070411525469,6.846547355286032,-4.476476943760563,7.917287380246393,11.596547355286031,-3.6792599750396384,-31.727201746496803,4.75,6.128373732073041,0.1242,0.060787855739500345,synthetic,0.03,1.1,central
VT,s_o1,photochemical oxidant formation,5.547216968720924,0.09400157264608354,0.12482562803144263,-0.030824055385359095,5.6412185413670075,4.874825628031442,0.7663929133355651,15.721442607682581,4.75,6.128373732073041,0.1242,0.060787855739500345,synthetic,0.03,1.1,central
VT,s_o1,_ALL_,5.547216968720924,5.207173333786346,9.241845083400877,-4.034671749614531,10.75439030250727,13.991845083400877,-3.237454780893607,-23.138154843740647,4.75,6.128373732073041,0.1242,0.060787855739500345,synthetic,0.03,1.1,central
VT,s_o2,acidification,4.570640200979019,0.004775664598893098,0.029557541549721567,-0.02478187695082847,4.575415865577912,4.779557541549721,-0.2041416759718091,-4.271141715465535,4.75,5.388676520034376,0.1242,0.060787855739500345,synthetic,0.03,1.1,central
VT,s_o2,climate change,4.570640200979019,0.9241675946370899,1.579564631127225,-0.655397036490135,5.494807795616109,6.329564631127225,-0.8347568355111159,-13.188218845352955,4.75,5.388676520034376,0.1242,0.060787855739500345,synthetic,0.03,1.1,central
VT,s_o2,ecotoxicity: freshwater,4.570640200979019,0.29266063427854083,0.21387852000824,0.07878211427030082,4.86330083525756,4.96387852000824,-0.10057768475068052,-2.0261915021746657,4.75,5.388676520034376,0.1242,0.060787855739500345,synthetic,0.03,1.1,central
VT,s_o2,eutrophication,4.570640200979019,0.2755531627603797,0.4474714073982154,-0.17191824463783567,4.846193363739399,5.197471407398216,-0.35127804365881676,-6.75863349933582,4.75,5.388676520034376,0.1242,0.060787855739500345,synthetic,0.03,1.1,central
VT,s_o2,particulate matter formation,4.570640200979019,1.3109297291828033,6.846547355286032,-5.535617626103228,5.881569930161822,11.596547355286031,-5.714977425124209,-49.281715065986106,4.75,5.388676520034376,0.1242,0.060787855739500345,synthetic,0.03,1.1,central
VT,s_o2,photochemical oxidant formation,4.570640200979019,0.0512347437970264,0.12482562803144263,-0.07359088423441623,4.621874944776046,4.874825628031442,-0.2529506832553965,-5.188917564576424,4.75,5.388676520034376,0.1242,0.060787855739500345,synthetic,0.03,1.1,central
VT,s_o2,_ALL_,4.570640200979019,2.859321529254733,9.241845083400877,-6.382523554146144,7.429961730233752,13.991845083400877,-6.561883353167125,-46.89791313478568,4.75,5.388676520034376,0.1242,0.060787855739500345,synthetic,0.03,1.1,central
WA,s_c1,acidification,4.035972399707025,0.008669882988151233,0.029557541549721573,-0.020887658561570342,4.044642282695176,4.779557541549722,-0.7349152588545458,-15.376219502867563,4.75,4.174849546786142,0.0637,0.06417603130530856,synthetic,0.03,1.1,central
WA,s_c1,climate change,4.035972399707025,1.5345666506174849,1.5795646311272247,-0.0449979805097398,5.57053905032451,6.329564631127225,-0.7590255808027147,-11.991750223546427,4.75,4.174849546786142,0.0637,0.06417603130530856,synthetic,0.03,1.1,central
WA,s_c1,ecotoxicity: freshwater,4.035972399707025,0.5931407651450734,0.21387852000823995,0.3792622451368335,4.6291131648520984,4.96387852000824,-0.3347653551561418,-6.744027957307587,4.75,4.174849546786142,0.0637,0.06417603130530856,synthetic,0.03,1.1,central
WA,s_c1,eutrophication,4.035972399707025,0.8284183648826219,0.44747140739821534,0.38094695748440655,4.864390764589647,5.197471407398215,-0.333080642808568,-6.408513230769339,4.75,4.174849546786142,0.0637,0.06417603130530856,synthetic,0.03,1.1,central
WA,s_c1,particulate matter formation,4.035972399707025,6.339704251419412,6.846547355286029,-0.5068431038666175,10.375676651126437,11.59654735528603,-1.2208707041595925,-10.527880986948118,4.75,4.174849546786142,0.0637,0.06417603130530856,synthetic,0.03,1.1,central
WA,s_c1,photochemical oxidant formation,4.035972399707025,0.08135518204616503,0.1248256280314426,-0.04347044598527758,4.11732758175319,4.874825628031442,-0.7574980462782523,-15.538977269719204,4.75,4.174849546786142,0.0637,0.06417603130530856,synthetic,0.03,1.1,central
WA,s_c1,_ALL_,4.035972399707025,9.385855097098908,9.241845083400873,0.14401001369803446,13.421827496805932,13.991845083400873,-0.5700175865949415,-4.073927228305135,4.75,4.174849546786142,0.0637,0.06417603130530856,synthetic,0.03,1.1,central
WA,s_c2,acidification,3.978432491196287,0.0072500442502113896,0.029557541549721573,-0.022307497299510183,3.9856825354464984,4.779557541549722,-0.7938750061032236,-16.609801204439897,4.75,4.241126585446981,0.0637,0.06417603130530856,synthetic,0.03,1.1,central
WA,s_c2,climate change,3.978432491196287,1.5450773351485838,1.5795646311272247,-0.034487295978640864,5.5235098263448705,6.329564631127225,-0.8060548047823541,-12.734759051489531,4.75,4.241126585446981,0.0637,0.06417603130530856,synthetic,0.03,1.1,central
WA,s_c2,ecotoxicity: freshwater,3.978432491196287,0.4493153762693548,0.21387852000823995,0.23543685626111485,4.427747867465642,4.96387852000824,-0.5361306525425986,-10.800640071701606,4.75,4.241126585446981,0.0637,0.06417603130530856,synthetic,0.03,1.1,central
WA,s_c2,eutrophication,3.978432491196287,0.6418266747389725,0.44747140739821534,0.19435526734075714,4.620259165935259,5.197471407398215,-0.5772122414629557,-11.10563572589042,4.75,4.241126585446981,0.0637,0.06417603130530856,synthetic,0.03,1.1,central
WA,s_c2,particulate matter formation,3.978432491196287,4.970669686896267,6.846547355286029,-1.8758776683897622,8.949102178092554,11.59654735528603,-2.6474451771934753,-22.829598294070657,4.75,4.241126585446981,0.0637,0.06417603130530856,synthetic,0.03,1.1,central
WA,s_c2,photochemical oxidant formation,3.978432491196287,0.07606008623420357,0.1248256280314426,-0.048765541797239034,4.054492577430491,4.874825628031442,-0.8203330506009516,-16.827946539950794,4.75,4.241126585446981,0.0637,0.06417603130530856,synthetic,0.03,1.1,central
WA,s_c2,_ALL_,3.978432491196287,7.690199203537594,9.241845083400873,-1.5516458798632797,11.66863169473388,13.991845083400873,-2.323213388666993,-16.604053109643992,4.75,4.241126585446981,0.0637,0.06417603130530856,synthetic,0.03,1.1,central
WA,s_o1,acidification,5.275175093105761,0.009908495655470823,0.029557541549721567,-0.019649045894250743,5.285083588761232,4.779557541549721,0.5055260472115108,10.576837768284287,4.75,5.855375192027044,0.0637,0.06417603130530856,synthetic,0.03,1.1,central
WA,s_o1,climate change,5.275175093105761,1.9689958276600348,1.579564631127225,0.3894311965328099,7.2441709207657965,6.329564631127225,0.9146062896385718,14.4497503847384,4.75,5.855375192027044,0.0637,0.06417603130530856,synthetic,0.03,1.1,central
WA,s_o1,ecotoxicity: freshwater,5.275175093105761,0.5954621230633987,0.21387852000824,0.3815836030551587,5.87063721616916,4.96387852000824,0.90675869616092,18.26714115798738,4.75,5.855375192027044,0.0637,0.06417603130530856,synthetic,0.03,1.1,central
WA,s_o1,eutrophication,5.275175093105761,0.881901143377949,0.4474714073982154,0.4344297359797336,6.15707623648371,5.197471407398216,0.9596048290854942,18.462916943026713,4.75,5.855375192027044,0.0637,0.06417603130530856,synthetic,0.03,1.1,central
WA,s_o1,particulate matter formation,5.275175093105761,6.0529960605618705,6.846547355286032,-0.7935512947241614,11.328171153667633,11.596547355286031,-0.26837620161839837,-2.3142767704567255,4.75,5.855375192027044,0.0637,0.06417603130530856,synthetic,0.03,1.1,central
WA,s_o1,photochemical oxidant formation,5.275175093105761,0.10367558545189419,0.12482562803144263,-0.021150042579548445,5.378850678557655,4.874825628031442,0.5040250505262129,10.339345219405292,4.75,5.855375192027044,0.0637,0.06417603130530856,synthetic,0.03,1.1,central
WA,s_o1,_ALL_,5.275175093105761,9.612939235770618,9.241845083400877,0.3710941523697411,14.88811432887638,13.991845083400877,0.8962692454755032,6.405654437517934,4.75,5.855375192027044,0.0637,0.06417603130530856,synthetic,0.03,1.1,central
WA,s_o2,acidification,4.302113649926216,0.005450630511843356,0.029557541549721567,-0.02410691103787821,4.30756428043806,4.779557541549721,-0.4719932611116615,-9.875250104398214,4.75,5.119205666566563,0.0637,0.06417603130530856,synthetic,0.03,1.1,central
WA,s_o2,climate change,4.302113649926216,1.0667647306209225,1.579564631127225,-0.5127999005063024,5.368878380547139,6.329564631127225,-0.9606862505800855,-15.17776192466176,4.75,5.119205666566563,0.0637,0.06417603130530856,synthetic,0.03,1.1,central
WA,s_o2,ecotoxicity: freshwater,4.302113649926216,0.3297466092275086,0.21387852000824,0.11586808921926858,4.631860259153725,4.96387852000824,-0.33201826085451547,-6.688686266519759,4.75,5.119205666566563,0.0637,0.06417603130530856,synthetic,0.03,1.1,central
WA,s_o2,eutrophication,4.302113649926216,0.4859715441171051,0.4474714073982154,0.03850013671888969,4.788085194043322,5.197471407398216,-0.4093862133548942,-7.876641952703449,4.75,5.119205666566563,0.0637,0.06417603130530856,synthetic,0.03,1.1,central
WA,s_o2,particulate matter formation,4.302113649926216,3.328362083927021,6.846547355286032,-3.5181852713590107,7.630475733853237,11.596547355286031,-3.9660716214327936,-34.20045208218761,4.75,5.119205666566563,0.0637,0.06417603130530856,synthetic,0.03,1.1,central
WA,s_o2,photochemical oxidant formation,4.302113649926216,0.05655572090135504,0.12482562803144263,-0.0682699071300876,4.358669370827571,4.874825628031442,-0.5161562572038711,-10.588199385755383,4.75,5.119205666566563,0.0637,0.06417603130530856,synthetic,0.03,1.1,central
WA,s_o2,_ALL_,4.302113649926216,5.272851319305755,9.241845083400877,-3.9689937640951216,9.57496496923197,13.991845083400877,-4.416880114168906,-31.5675315717213,4.75,5.119205666566563,0.0637,0.06417603130530856,synthetic,0.03,1.1,central
WI,s_c1,acidification,4.116350482039451,0.011456654507346682,0.029557541549721573,-0.01810088704237489,4.127807136546798,4.779557541549722,-0.6517504050029244,-13.636207940528342,4.75,4.255510287265107,0.0827,0.05899411573407246,synthetic,0.03,1.1,central
WI,s_c1,climate change,4.116350482039451,1.766752926696,1.5795646311272247,0.18718829556877536,5.883103408735451,6.329564631127225,-0.44646122239177366,-7.053585015882268,4.75,4.255510287265107,0.0827,0.05899411573407246,synthetic,0.03,1.1,central
WI,s_c1,ecotoxicity: freshwater,4.116350482039451,0.6873024156500561,0.21387852000823995,0.4734238956418162,4.803652897689507,4.96387852000824,-0.16022562231873305,-3.2278312547920103,4.75,4.255510287265107,0.0827,0.05899411573407246,synthetic,0.03,1.1,central
WI,s_c1,eutrophication,4.116350482039451,1.275951349234778,0.44747140739821534,0.8284799418365627,5.392301831274229,5.197471407398215,0.1948304238760139,3.748561725586162,4.75,4.255510287265107,0.0827,0.05899411573407246,synthetic,0.03,1.1,central
WI,s_c1,particulate matter formation,4.116350482039451,11.009990161637381,6.846547355286029,4.163442806351352,15.126340643676832,11.59654735528603,3.5297932883908025,30.438312199724038,4.75,4.255510287265107,0.0827,0.05899411573407246,synthetic,0.03,1.1,central
WI,s_c1,photochemical oxidant formation,4.116350482039451,0.08899920864856735,0.1248256280314426,-0.03582641938287526,4.205349690688018,4.874825628031442,-0.6694759373434245,-13.73333096252251,4.75,4.255510287265107,0.0827,0.05899411573407246,synthetic,0.03,1.1,central
WI,s_c1,_ALL_,4.116350482039451,14.840452716374129,9.241845083400873,5.5986076329732555,18.95680319841358,13.991845083400873,4.964958115012708,35.48465613661526,4.75,4.255510287265107,0.0827,0.05899411573407246,synthetic,0.03,1.1,central
WI,s_c2,acidification,4.068061028126113,0.009552712030337121,0.029557541549721573,-0.020004829519384454,4.07761374015645,4.779557541549722,-0.7019438013932717,-14.686376203050662,4.75,4.331069919186173,0.0827,0.05899411573407246,synthetic,0.03,1.1,central
WI,s_c2,climate change,4.068061028126113,1.7531574912288237,1.5795646311272247,0.17359286010159902,5.821218519354937,6.329564631127225,-0.5083461117722878,-8.031296643569576,4.75,4.331069919186173,0.0827,0.05899411573407246,synthetic,0.03,1.1,central
WI,s_c2,ecotoxicity: freshwater,4.068061028126113,0.5244174731816024,0.21387852000823995,0.31053895317336244,4.592478501307715,4.96387852000824,-0.3714000187005251,-7.482052939118029,4.75,4.331069919186173,0.0827,0.05899411573407246,synthetic,0.03,1.1,central
WI,s_c2,eutrophication,4.068061028126113,1.0006868366250454,0.44747140739821534,0.5532154292268301,5.068747864751159,5.197471407398215,-0.1287235426470561,-2.476657061813321,4.75,4.331069919186173,0.0827,0.05899411573407246,synthetic,0.03,1.1,central
WI,s_c2,particulate matter formation,4.068061028126113,8.713971477850272,6.846547355286029,1.867424122564243,12.782032505976385,11.59654735528603,1.185485150690356,10.222742290186734,4.75,4.331069919186173,0.0827,0.05899411573407246,synthetic,0.03,1.1,central
WI,s_c2,photochemical oxidant formation,4.068061028126113,0.08371821576827167,0.1248256280314426,-0.04110741226317094,4.151779243894385,4.874825628031442,-0.7230463841370574,-14.832251229241173,4.75,4.331069919186173,0.0827,0.05899411573407246,synthetic,0.03,1.1,central
WI,s_c2,_ALL_,4.068061028126113,12.085504206684352,9.241845083400873,2.8436591232834783,16.153565234810465,13.991845083400873,2.1617201514095914,15.449857674411595,4.75,4.331069919186173,0.0827,0.05899411573407246,synthetic,0.03,1.1,central
WI,s_o1,acidification,5.324216004292095,0.012477595860394201,0.029557541549721567,-0.017079945689327365,5.33669360015249,4.779557541549721,0.5571360586027687,11.656645071420632,4.75,5.9045885608369755,0.0827,0.05899411573407246,synthetic,0.03,1.1,central
WI,s_o1,climate change,5.324216004292095,2.2026152708662172,1.579564631127225,0.6230506397389923,7.526831275158313,6.329564631127225,1.197266644031088,18.915465972860574,4.75,5.9045885608369755,0.0827,0.05899411573407246,synthetic,0.03,1.1,central
WI,s_o1,ecotoxicity: freshwater,5.324216004292095,0.6789795971511972,0.21387852000824,0.4651010771429571,6.003195601443292,4.96387852000824,1.039317081435052,20.93760105622663,4.75,5.9045885608369755,0.0827,0.05899411573407246,synthetic,0.03,1.1,central
WI,s_o1,eutrophication,5.324216004292095,1.2812328660450185,0.4474714073982154,0.8337614586468032,6.6054488703371135,5.197471407398216,1.4079774629388977,27.089662502707487,4.75,5.9045885608369755,0.0827,0.05899411573407246,synthetic,0.03,1.1,central
WI,s_o1,particulate matter formation,5.324216004292095,10.218183802580183,6.846547355286032,3.3716364472941516,15.542399806872279,11.596547355286031,3.945852451586248,34.02609699849687,4.75,5.9045885608369755,0.0827,0.05899411573407246,synthetic,0.03,1.1,central
WI,s_o1,photochemical oxidant formation,5.324216004292095,0.11236159734376322,0.12482562803144263,-0.012464030687679414,5.436577601635858,4.874825628031442,0.5617519736044159,11.523529587893448,4.75,5.9045885608369755,0.0827,0.05899411573407246,synthetic,0.03,1.1,central
WI,s_o1,_ALL_,5.324216004292095,14.505850729846774,9.241845083400877,5.264005646445897,19.830066734138867,13.991845083400877,5.8382216507379905,41.72588830092267,4.75,5.9045885608369755,0.0827,0.05899411573407246,synthetic,0.03,1.1,central
WI,s_o2,acidification,4.350050574886356,0.006854652008445387,0.029557541549721567,-0.02270288954127618,4.356905226894801,4.779557541549721,-0.42265231465492015,-8.842917173414332,4.75,5.167311166864338,0.0827,0.05899411573407246,synthetic,0.03,1.1,central
WI,s_o2,climate change,4.350050574886356,1.1937159061006364,1.579564631127225,-0.3858487250265885,5.543766480986992,6.329564631127225,-0.7857981501402325,-12.414726698197732,4.75,5.167311166864338,0.0827,0.05899411573407246,synthetic,0.03,1.1,central
WI,s_o2,ecotoxicity: freshwater,4.350050574886356,0.3755091307521599,0.21387852000824,0.1616306107439199,4.725559705638516,4.96387852000824,-0.23831881436972413,-4.801060570058603,4.75,5.167311166864338,0.0827,0.05899411573407246,synthetic,0.03,1.1,central
WI,s_o2,eutrophication,4.350050574886356,0.7046934944698044,0.4474714073982154,0.25722208707158906,5.05474406935616,5.197471407398216,-0.1427273380420555,-2.746091836866937,4.75,5.167311166864338,0.0827,0.05899411573407246,synthetic,0.03,1.1,central
WI,s_o2,particulate matter formation,4.350050574886356,5.609792014100968,6.846547355286032,-1.2367553411850638,9.959842588987325,11.596547355286031,-1.6367047662987062,-14.113724681619571,4.75,5.167311166864338,0.0827,0.05899411573407246,synthetic,0.03,1.1,central
WI,s_o2,photochemical oxidant formation,4.350050574886356,0.06124315018540001,0.12482562803144263,-0.06358247784604262,4.411293725071756,4.874825628031442,-0.46353190295968627,-9.50868683987924,4.75,5.167311166864338,0.0827,0.05899411573407246,synthetic,0.03,1.1,central
WI,s_o2,_ALL_,4.350050574886356,7.951808347617415,9.241845083400877,-1.2900367357834623,12.30185892250377,13.991845083400877,-1.6899861608971065,-12.07836529652554,4.75,5.167311166864338,0.0827,0.05899411573407246,synthetic,0.03,1.1,central
WV,s_c1,acidification,4.051779231667604,0.010614567576104638,0.029557541549721573,-0.018942973973616935,4.062393799243709,4.779557541549722,-0.7171637423060133,-15.004814484846236,4.75,4.190711965166489,0.0793,0.04982611126188553,synthetic,0.03,1.1,central
WV,s_c1,climate change,4.051779231667604,1.7418698481693882,1.5795646311272247,0.1623052170421635,5.793649079836992,6.329564631127225,-0.5359155512902323,-8.46686277054085,4.75,4.190711965166489,0.0793,0.04982611126188553,synthetic,0.03,1.1,central
WV,s_c1,ecotoxicity: freshwater,4.051779231667604,0.5696429864711543,0.21387852000823995,0.3557644664629144,4.6214222181387585,4.96387852000824,-0.3424563018694817,-6.898966211383297,4.75,4.190711965166489,0.0793,0.04982611126188553,synthetic,0.03,1.1,central
WV,s_c1,eutrophication,4.051779231667604,0.6547195715229339,0.44747140739821534,0.20724816412471858,4.706498803190538,5.197471407398215,-0.49097260420767697,-9.446374317881073,4.75,4.190711965166489,0.0793,0.04982611126188553,synthetic,0.03,1.1,central
WV,s_c1,particulate matter formation,4.051779231667604,3.6320956899574277,6.846547355286029,-3.2144516653286015,7.683874921625032,11.59654735528603,-3.9126724336609975,-33.739977200002485,4.75,4.190711965166489,0.0793,0.04982611126188553,synthetic,0.03,1.1,central
WV,s_c1,photochemical oxidant formation,4.051779231667604,0.08465510540652815,0.1248256280314426,-0.040170522624914454,4.1364343370741326,4.874825628031442,-0.7383912909573098,-15.147029807822845,4.75,4.190711965166489,0.0793,0.04982611126188553,synthetic,0.03,1.1,central
WV,s_c1,_ALL_,4.051779231667604,6.693597769103538,9.241845083400873,-2.5482473142973356,10.745377000771143,13.991845083400873,-3.2464680826297307,-23.20257309367408,4.75,4.190711965166489,0.0793,0.04982611126188553,synthetic,0.03,1.1,central
WV,s_c2,acidification,4.001834433247364,0.008840986011642338,0.029557541549721573,-0.020716555538079235,4.010675419259006,4.779557541549722,-0.7688821222907158,-16.086889123243274,4.75,4.264610720702844,0.0793,0.04982611126188553,synthetic,0.03,1.1,central
WV,s_c2,climate change,4.001834433247364,1.7123893683440825,1.5795646311272247,0.13282473721685784,5.714223801591446,6.329564631127225,-0.6153408295357785,-9.721692808217572,4.75,4.264610720702844,0.0793,0.04982611126188553,synthetic,0.03,1.1,central
WV,s_c2,ecotoxicity: freshwater,4.001834433247364,0.4317104306934788,0.21387852000823995,0.21783191068523886,4.433544863940843,4.96387852000824,-0.5303336560673975,-10.683856462839408,4.75,4.264610720702844,0.0793,0.04982611126188553,synthetic,0.03,1.1,central
WV,s_c2,eutrophication,4.001834433247364,0.5032998571974632,0.44747140739821534,0.05582844979924784,4.505134290444827,5.197471407398215,-0.6923371169533876,-13.320652730631615,4.75,4.264610720702844,0.0793,0.04982611126188553,synthetic,0.03,1.1,central
WV,s_c2,particulate matter formation,4.001834433247364,2.8035359356168597,6.846547355286029,-4.0430114196691695,6.8053703688642235,11.59654735528603,-4.791176986421806,-41.3155471161669,4.75,4.264610720702844,0.0793,0.04982611126188553,synthetic,0.03,1.1,central
WV,s_c2,photochemical oxidant formation,4.001834433247364,0.07918873833869403,0.1248256280314426,-0.04563688969274858,4.081023171586058,4.874825628031442,-0.793802456445384,-16.283709757346507,4.75,4.264610720702844,0.0793,0.04982611126188553,synthetic,0.03,1.1,central
WV,s_c2,_ALL_,4.001834433247364,5.538965316202221,9.241845083400873,-3.7028797671986524,9.540799749449585,13.991845083400873,-4.4510453339512885,-31.811711088995366,4.75,4.264610720702844,0.0793,0.04982611126188553,synthetic,0.03,1.1,central
WV,s_o1,acidification,5.2262178598169795,0.011684423453243581,0.029557541549721567,-0.017873118096477986,5.237902283270223,4.779557541549721,0.4583447417205022,9.589689793166269,4.75,5.806245795376965,0.0793,0.04982611126188553,synthetic,0.03,1.1,central
WV,s_o1,climate change,5.2262178598169795,2.155609625487812,1.579564631127225,0.576044994360587,7.381827485304791,6.329564631127225,1.0522628541775667,16.624569231867856,4.75,5.806245795376965,0.0793,0.04982611126188553,synthetic,0.03,1.1,central
WV,s_o1,ecotoxicity: freshwater,5.2262178598169795,0.576027065887536,0.21387852000824,0.362148545879296,5.802244925704516,4.96387852000824,0.8383664056962754,16.889341717711574,4.75,5.806245795376965,0.0793,0.04982611126188553,synthetic,0.03,1.1,central
WV,s_o1,eutrophication,5.2262178598169795,0.7278527050112764,0.4474714073982154,0.280381297613061,5.954070564828256,5.197471407398216,0.7565991574300401,14.55706242756963,4.75,5.806245795376965,0.0793,0.04982611126188553,synthetic,0.03,1.1,central
WV,s_o1,particulate matter formation,5.2262178598169795,3.642082450260359,6.846547355286032,-3.204464905025673,8.868300310077338,11.596547355286031,-2.7282470452086933,-23.5263735112079,4.75,5.806245795376965,0.0793,0.04982611126188553,synthetic,0.03,1.1,central
WV,s_o1,photochemical oxidant formation,5.2262178598169795,0.10722756475790649,0.12482562803144263,-0.01759806327353615,5.333445424574886,4.874825628031442,0.4586197965434433,9.407922078407626,4.75,5.806245795376965,0.0793,0.04982611126188553,synthetic,0.03,1.1,central
WV,s_o1,_ALL_,5.2262178598169795,7.220483834858133,9.241845083400877,-2.0213612485427443,12.446701694675113,13.991845083400877,-1.545143388725764,-11.043171072261467,4.75,5.806245795376965,0.0793,0.04982611126188553,synthetic,0.03,1.1,central
WV,s_o2,acidification,4.25224998584119,0.0064219180082786,0.029557541549721567,-0.023135623541442968,4.258671903849469,4.779557541549721,-0.5208856377002524,-10.89819785978266,4.75,5.069166651559134,0.0793,0.04982611126188553,synthetic,0.03,1.1,central
WV,s_o2,climate change,4.25224998584119,1.1689306127928145,1.579564631127225,-0.4106340183344104,5.421180598634004,6.329564631127225,-0.9083840324932204,-14.351445722285758,4.75,5.069166651559134,0.0793,0.04982611126188553,synthetic,0.03,1.1,central
WV,s_o2,ecotoxicity: freshwater,4.25224998584119,0.3190451793527259,0.21387852000824,0.10516665934448591,4.5712951651939155,4.96387852000824,-0.3925833548143247,-7.9088026274598064,4.75,5.069166651559134,0.0793,0.04982611126188553,synthetic,0.03,1.1,central
WV,s_o2,eutrophication,4.25224998584119,0.4015617122587301,0.4474714073982154,-0.045909695139485285,4.65381169809992,5.197471407398216,-0.5436597092982955,-10.460080810150032,4.75,5.069166651559134,0.0793,0.04982611126188553,synthetic,0.03,1.1,central
WV,s_o2,particulate matter formation,4.25224998584119,2.00767549495283,6.846547355286032,-4.838871860333201,6.259925480794021,11.596547355286031,-5.33662187449201,-46.01905818165291,4.75,5.069166651559134,0.0793,0.04982611126188553,synthetic,0.03,1.1,central
WV,s_o2,photochemical oxidant formation,4.25224998584119,0.05847929315772704,0.12482562803144263,-0.06634633487371559,4.310729278998917,4.874825628031442,-0.5640963490325257,-11.571621060430006,4.75,5.069166651559134,0.0793,0.04982611126188553,synthetic,0.03,1.1,central
WV,s_o2,_ALL_,4.25224998584119,3.9621142105231066,9.241845083400877,-5.279730872877771,8.214364196364297,13.991845083400877,-5.77748088703658,-41.29177283338173,4.75,5.069166651559134,0.0793,0.04982611126188553,synthetic,0.03,1.1,central
WY,s_c1,acidification,4.127775928588113,0.008666915368608375,0.029557541549721573,-0.020890626181113196,4.136442843956721,4.779557541549722,-0.6431146975930009,-13.455527881028033,4.75,4.26697591262186,0.0851,0.05859550684397738,synthetic,0.03,1.1,central
WY,s_c1,climate change,4.127775928588113,1.53396513338534,1.5795646311272247,-0.045599497741884765,5.661741061973453,6.329564631127225,-0.6678235691537715,-10.550861047686933,4.75,4.26697591262186,0.0851,0.05859550684397738,synthetic,0.03,1.1,central
WY,s_c1,ecotoxicity: freshwater,4.127775928588113,0.5931671021309118,0.21387852000823995,0.3792885821226719,4.720943030719025,4.96387852000824,-0.2429354892892155,-4.894065966965126,4.75,4.26697591262186,0.0851,0.05859550684397738,synthetic,0.03,1.1,central
WY,s_c1,eutrophication,4.127775928588113,0.8284011855627236,0.44747140739821534,0.38092977816450824,4.956177114150837,5.197471407398215,-0.24129429324737828,-4.642532384188083,4.75,4.26697591262186,0.0851,0.05859550684397738,synthetic,0.03,1.1,central
WY,s_c1,particulate matter formation,4.127775928588113,6.339749260733064,6.846547355286029,-0.5067980945529653,10.467525189321176,11.59654735528603,-1.1290221659648534,-9.735847501629127,4.75,4.26697591262186,0.0851,0.05859550684397738,synthetic,0.03,1.1,central
WY,s_c1,photochemical oxidant formation,4.127775928588113,0.08128382167459812,0.1248256280314426,-0.04354180635684449,4.2090597502627105,4.874825628031442,-0.6657658777687319,-13.657224454151033,4.75,4.26697591262186,0.0851,0.05859550684397738,synthetic,0.03,1.1,central
WY,s_c1,_ALL_,4.127775928588113,9.385233418855245,9.241845083400873,0.14338833545437168,13.513009347443358,13.991845083400873,-0.4788357359575155,-3.422248696317964,4.75,4.26697591262186,0.0851,0.05859550684397738,synthetic,0.03,1.1,central
WY,s_c2,acidification,4.080654953150237,0.007247857034153248,0.029557541549721573,-0.022309684515568327,4.08790281018439,4.779557541549722,-0.6916547313653316,-14.471103765414021,4.75,4.343708077080215,0.0851,0.05859550684397738,synthetic,0.03,1.1,central
WY,s_c2,climate change,4.080654953150237,1.5446340006407746,1.5795646311272247,-0.034930630486450065,5.625288953791012,6.329564631127225,-0.7042756773362129,-11.126763345977388,4.75,4.343708077080215,0.0851,0.05859550684397738,synthetic,0.03,1.1,central
WY,s_c2,ecotoxicity: freshwater,4.080654953150237,0.4493347873419391,0.21387852000823995,0.23545626733369915,4.5299897404921765,4.96387852000824,-0.43388877951606375,-8.740922602500422,4.75,4.343708077080215,0.0851,0.05859550684397738,synthetic,0.03,1.1,central
WY,s_c2,eutrophication,4.080654953150237,0.6418140131144591,0.44747140739821534,0.19434260571624373,4.722468966264696,5.197471407398215,-0.47500244113351897,-9.139106382718879,4.75,4.343708077080215,0.0851,0.05859550684397738,synthetic,0.03,1.1,central
WY,s_c2,particulate matter formation,4.080654953150237,4.9707028599806735,6.846547355286029,-1.8758444953053557,9.05135781313091,11.59654735528603,-2.5451895421551196,-21.947821745365886,4.75,4.343708077080215,0.0851,0.05859550684397738,synthetic,0.03,1.1,central
WY,s_c2,photochemical oxidant formation,4.080654953150237,0.07600749170570954,0.1248256280314426,-0.048818136325733064,4.156662444855947,4.874825628031442,-0.7181631831754958,-14.732079421382405,4.75,4.343708077080215,0.0851,0.05859550684397738,synthetic,0.03,1.1,central
WY,s_c2,_ALL_,4.080654953150237,7.689741009817709,9.241845083400873,-1.5521040735831644,11.770395962967946,13.991845083400873,-2.2214491204329274,-15.876741824910054,4.75,4.343708077080215,0.0851,0.05859550684397738,synthetic,0.03,1.1,central
WY,s_o1,acidification,5.332672726565819,0.009904527760935146,0.029557541549721567,-0.019653013788786422,5.342577254326754,4.779557541549721,0.5630197127770327,11.779745465612272,4.75,5.91307502208152,0.0851,0.05859550684397738,synthetic,0.03,1.1,central
WY,s_o1,climate change,5.332672726565819,1.9681915611750365,1.579564631127225,0.38862693004781157,7.300864287740855,6.329564631127225,0.9712996566136303,15.34544179921981,4.75,5.91307502208152,0.0851,0.05859550684397738,synthetic,0.03,1.1,central
WY,s_o1,ecotoxicity: freshwater,5.332672726565819,0.5954973372748854,0.21387852000824,0.38161881726664537,5.928170063840704,4.96387852000824,0.9642915438324637,19.426171288149554,4.75,5.91307502208152,0.0851,0.05859550684397738,synthetic,0.03,1.1,central
WY,s_o1,eutrophication,5.332672726565819,0.8818781735435184,0.4474714073982154,0.434406766145303,6.214550900109337,5.197471407398216,1.0170794927111215,19.56873666035727,4.75,5.91307502208152,0.0851,0.05859550684397738,synthetic,0.03,1.1,central
WY,s_o1,particulate matter formation,5.332672726565819,6.053056240853554,6.846547355286032,-0.7934911144324781,11.385728967419372,11.596547355286031,-0.2108183878666594,-1.8179409906049535,4.75,5.91307502208152,0.0851,0.05859550684397738,synthetic,0.03,1.1,central
WY,s_o1,photochemical oxidant formation,5.332672726565819,0.10358017213347,0.12482562803144263,-0.021245455897972637,5.436252898699289,4.874825628031442,0.5614272706678465,11.516868776587659,4.75,5.91307502208152,0.0851,0.05859550684397738,synthetic,0.03,1.1,central
WY,s_o1,_ALL_,5.332672726565819,9.612108012741398,9.241845083400877,0.3702629293405213,14.944780739307216,13.991845083400877,0.9529356559063391,6.810650419770923,4.75,5.91307502208152,0.0851,0.05859550684397738,synthetic,0.03,1.1,central
WY,s_o2,acidification,4.358367846268348,0.005448431495998506,0.029557541549721567,-0.02410911005372306,4.3638162777643466,4.779557541549721,-0.41574126378537457,-8.698321134775476,4.75,5.175657686823134,0.0851,0.05859550684397738,synthetic,0.03,1.1,central
WY,s_o2,climate change,4.358367846268348,1.0663190043728858,1.579564631127225,-0.513245626754339,5.424686850641234,6.329564631127225,-0.9048777804859904,-14.296050885333038,4.75,5.175657686823134,0.0851,0.05859550684397738,synthetic,0.03,1.1,central
WY,s_o2,ecotoxicity: freshwater,4.358367846268348,0.3297661250206647,0.21387852000824,0.1158876050124247,4.688133971289012,4.96387852000824,-0.2757445487192278,-5.555022098300062,4.75,5.175657686823134,0.0851,0.05859550684397738,synthetic,0.03,1.1,central
WY,s_o2,eutrophication,4.358367846268348,0.4859588141845398,0.4474714073982154,0.038487406786324396,4.844326660452888,5.197471407398216,-0.35314474694532816,-6.794549104063425,4.75,5.175657686823134,0.0851,0.05859550684397738,synthetic,0.03,1.1,central
WY,s_o2,particulate matter formation,4.358367846268348,3.3283954359765193,6.846547355286032,-3.5181519193095125,7.6867632822448675,11.596547355286031,-3.9097840730411635,-33.71507012610071,4.75,5.175657686823134,0.0851,0.05859550684397738,synthetic,0.03,1.1,central
WY,s_o2,photochemical oxidant formation,4.358367846268348,0.05650284263124531,0.12482562803144263,-0.06832278540019732,4.414870688899594,4.874825628031442,-0.4599549391318485,-9.435310598331862,4.75,5.175657686823134,0.0851,0.05859550684397738,synthetic,0.03,1.1,central
WY,s_o2,_ALL_,4.358367846268348,5.272390653681854,9.241845083400877,-3.969454429719023,9.630758499950202,13.991845083400877,-4.361086583450675,-31.168774078441004,4.75,5.175657686823134,0.0851,0.05859550684397738,synthetic,0.03,1.1,central
