state,scenario,impact_category,sLCC_private,env_green_perkg,env_market_perkg,delta_env_perkg,sLCC_green,sLCC_market,sLCC_green_vs_market_abs,sLCC_green_vs_market_pct,market_price,MSP_model,electricity_price,feedstock_price,market_type,social_rate,spc,damage_scenario
AK,s_c1,acidification,4.637881669696431,0.012348648411633762,0.012984720676239155,-0.0006360722646053928,4.650230318108065,3.662984720676239,0.9872455974318259,26.9519441852754,3.65,4.778875495270004,0.2016,0.0302942756472264,natural,0.03,1.1,central
AK,s_c1,climate change,4.637881669696431,1.9239784454420532,1.3789656199866647,0.5450128254553885,6.561860115138484,5.028965619986664,1.5328944951518197,30.481307906731818,3.65,4.778875495270004,0.2016,0.0302942756472264,natural,0.03,1.1,central
AK,s_c1,ecotoxicity: freshwater,4.637881669696431,0.5946531512271646,0.26213411753369176,0.3325190336934728,5.232534820923595,3.9121341175336917,1.3204007033899035,33.751417096669414,3.65,4.778875495270004,0.2016,0.0302942756472264,natural,0.03,1.1,central
AK,s_c1,eutrophication,4.637881669696431,0.8444871684728402,0.3694270839373155,0.47506008453552473,5.482368838169271,4.019427083937315,1.4629417542319558,36.39677306445625,3.65,4.778875495270004,0.2016,0.0302942756472264,natural,0.03,1.1,central
AK,s_c1,particulate matter formation,4.637881669696431,7.027025590594945,3.137234375011523,3.8897912155834216,11.664907260291375,6.787234375011523,4.8776728852798525,71.86539635698925,3.65,4.778875495270004,0.2016,0.0302942756472264,natural,0.03,1.1,central
AK,s_c1,photochemical oxidant formation,4.637881669696431,0.10632795043915033,0.08965063216302423,0.016677318276126105,4.744209620135582,3.7396506321630243,1.0045589879725574,26.86237530674136,3.65,4.778875495270004,0.2016,0.0302942756472264,natural,0.03,1.1,central
AK,s_c1,_ALL_,4.637881669696431,10.508820954587787,5.250396549308458,5.258424405279329,15.146702624284217,8.900396549308457,6.2463060749757595,70.18008737443373,3.65,4.778875495270004,0.2016,0.0302942756472264,natural,0.03,1.1,central
AK,s_c2,acidification,4.6474805869215645,0.010197698216814603,0.012984720676239155,-0.0027870224594245523,4.657678285138379,3.662984720676239,0.9946935644621404,27.155274736677192,3.65,4.912524537736474,0.2016,0.0302942756472264,natural,0.03,1.1,central
AK,s_c2,climate change,4.6474805869215645,1.8570981055759876,1.3789656199866647,0.478132485589323,6.504578692497552,5.028965619986664,1.475613072510888,29.34227799542605,3.65,4.912524537736474,0.2016,0.0302942756472264,natural,0.03,1.1,central
AK,s_c2,ecotoxicity: freshwater,4.6474805869215645,0.45052719336577923,0.26213411753369176,0.18839307583208748,5.098007780287344,3.9121341175336917,1.1858736627536524,30.312704706076314,3.65,4.912524537736474,0.2016,0.0302942756472264,natural,0.03,1.1,central
AK,s_c2,eutrophication,4.6474805869215645,0.6547019921862143,0.3694270839373155,0.2852749082488988,5.302182579107779,4.019427083937315,1.2827554951704636,31.913888929511646,3.65,4.912524537736474,0.2016,0.0302942756472264,natural,0.03,1.1,central
AK,s_c2,particulate matter formation,4.6474805869215645,5.521393975762143,3.137234375011523,2.38415960075062,10.168874562683708,6.787234375011523,3.3816401876721853,49.82353637473207,3.65,4.912524537736474,0.2016,0.0302942756472264,natural,0.03,1.1,central
AK,s_c2,photochemical oxidant formation,4.6474805869215645,0.09606980996944574,0.08965063216302423,0.006419177806421511,4.743550396891011,3.7396506321630243,1.0038997647279864,26.84474737008596,3.65,4.912524537736474,0.2016,0.0302942756472264,natural,0.03,1.1,central
AK,s_c2,_ALL_,4.6474805869215645,8.589988775076385,5.250396549308458,3.3395922257679276,13.237469361997949,8.900396549308457,4.337072812689492,48.72898402517215,3.65,4.912524537736474,0.2016,0.0302942756472264,natural,0.03,1.1,central
AK,s_o1,acidification,5.664057369946521,0.01318836002716986,0.012984720676239162,0.00020363935093069795,5.677245729973691,3.662984720676239,2.0142610092974524,54.98960991913696,3.65,6.245625015100144,0.2016,0.0302942756472264,natural,0.03,1.1,central
AK,s_o1,climate change,5.664057369946521,2.3161823766070415,1.3789656199866647,0.9372167566203768,7.980239746553563,5.028965619986664,2.951274126566899,58.68551009451373,3.65,6.245625015100144,0.2016,0.0302942756472264,natural,0.03,1.1,central
AK,s_o1,ecotoxicity: freshwater,5.664057369946521,0.5968105159767497,0.26213411753369176,0.33467639844305797,6.260867885923271,3.9121341175336917,2.3487337683895793,60.037148467452866,3.65,6.245625015100144,0.2016,0.0302942756472264,natural,0.03,1.1,central
AK,s_o1,eutrophication,5.664057369946521,0.8962275519211423,0.36942708393731544,0.526800467983827,6.560284921867663,4.019427083937315,2.540857837930348,63.214427948806,3.65,6.245625015100144,0.2016,0.0302942756472264,natural,0.03,1.1,central
AK,s_o1,particulate matter formation,5.664057369946521,6.665788808335446,3.137234375011525,3.528554433323921,12.329846178281967,6.787234375011525,5.542611803270442,81.66230156537111,3.65,6.245625015100144,0.2016,0.0302942756472264,natural,0.03,1.1,central
AK,s_o1,photochemical oxidant formation,5.664057369946521,0.12594047159875435,0.08965063216302427,0.03628983943573008,5.789997841545276,3.7396506321630243,2.0503472093822515,54.8272395220065,3.65,6.245625015100144,0.2016,0.0302942756472264,natural,0.03,1.1,central
AK,s_o1,_ALL_,5.664057369946521,10.614138084466303,5.2503965493084594,5.3637415351578435,16.278195454412824,8.900396549308459,7.377798905104365,82.89292352572318,3.65,6.245625015100144,0.2016,0.0302942756472264,natural,0.03,1.1,central
AK,s_o2,acidification,4.682983310946327,0.007247179242273696,0.012984720676239162,-0.005737541433965466,4.6902304901886005,3.662984720676239,1.0272457695123616,28.0439545301384,3.65,5.501414696596164,0.2016,0.0302942756472264,natural,0.03,1.1,central
AK,s_o2,climate change,4.682983310946327,1.2569364825736198,1.3789656199866647,-0.12202913741304489,5.939919793519946,5.028965619986664,0.9109541735332822,18.114145976915587,3.65,5.501414696596164,0.2016,0.0302942756472264,natural,0.03,1.1,central
AK,s_o2,ecotoxicity: freshwater,4.682983310946327,0.3304851926876982,0.26213411753369176,0.06835107515400646,5.013468503634025,3.9121341175336917,1.101334386100333,28.15175433695617,3.65,5.501414696596164,0.2016,0.0302942756472264,natural,0.03,1.1,central
AK,s_o2,eutrophication,4.682983310946327,0.4938188475915986,0.36942708393731544,0.12439176365428317,5.176802158537925,4.019427083937315,1.1573750746006102,28.79452843480566,3.65,5.501414696596164,0.2016,0.0302942756472264,natural,0.03,1.1,central
AK,s_o2,particulate matter formation,4.682983310946327,3.6640198759165266,3.137234375011525,0.5267855009050018,8.347003186862853,6.787234375011525,1.5597688118513284,22.980918672764705,3.65,5.501414696596164,0.2016,0.0302942756472264,natural,0.03,1.1,central
AK,s_o2,photochemical oxidant formation,4.682983310946327,0.0687513327947813,0.08965063216302427,-0.020899299368242974,4.751734643741107,3.7396506321630243,1.0120840115780831,27.06359794344454,3.65,5.501414696596164,0.2016,0.0302942756472264,natural,0.03,1.1,central
AK,s_o2,_ALL_,4.682983310946327,5.821258910806497,5.2503965493084594,0.5708623614980377,10.504242221752824,8.900396549308459,1.6038456724443648,18.019934994570328,3.65,5.501414696596164,0.2016,0.0302942756472264,natural,0.03,1.1,central
AL,s_c1,acidification,4.105653921682103,0.009500126179529502,0.012984720676239155,-0.003484594496709653,4.115154047861632,3.662984720676239,0.4521693271853935,12.344286467619133,3.65,4.24477611130613,0.07440000000000001,0.06616907575578397,natural,0.03,1.1,central
AL,s_c1,climate change,4.105653921682103,1.7372609527590317,1.3789656199866647,0.358295332772367,5.842914874441135,5.028965619986664,0.8139492544544709,16.185222090594234,3.65,4.24477611130613,0.07440000000000001,0.06616907575578397,natural,0.03,1.1,central
AL,s_c1,ecotoxicity: freshwater,4.105653921682103,0.5676633040836493,0.26213411753369176,0.30552918654995753,4.673317225765753,3.9121341175336917,0.761183108232061,19.456978860221952,3.65,4.24477611130613,0.07440000000000001,0.06616907575578397,natural,0.03,1.1,central
AL,s_c1,eutrophication,4.105653921682103,0.6649128425876129,0.3694270839373155,0.29548575865029736,4.7705667642697165,4.019427083937315,0.7511396803324013,18.687729983562892,3.65,4.24477611130613,0.07440000000000001,0.06616907575578397,natural,0.03,1.1,central
AL,s_c1,particulate matter formation,4.105653921682103,3.877178290683211,3.137234375011523,0.739943915671688,7.982832212365315,6.787234375011523,1.1955978373537919,17.615390471200016,3.65,4.24477611130613,0.07440000000000001,0.06616907575578397,natural,0.03,1.1,central
AL,s_c1,photochemical oxidant formation,4.105653921682103,0.08320645923222741,0.08965063216302423,-0.006444172930796813,4.18886038091433,3.7396506321630243,0.44920974875130604,12.012077943534578,3.65,4.24477611130613,0.07440000000000001,0.06616907575578397,natural,0.03,1.1,central
AL,s_c1,_ALL_,4.105653921682103,6.939721975525262,5.250396549308458,1.6893254262168043,11.045375897207364,8.900396549308457,2.144979347898907,24.09981775548605,3.65,4.24477611130613,0.07440000000000001,0.06616907575578397,natural,0.03,1.1,central
AL,s_c2,acidification,4.053323479707798,0.007948088202706025,0.012984720676239155,-0.00503663247353313,4.061271567910504,3.662984720676239,0.3982868472342651,10.873287158040226,3.65,4.316280608981054,0.07440000000000001,0.06616907575578397,natural,0.03,1.1,central
AL,s_c2,climate change,4.053323479707798,1.7087816688301414,1.3789656199866647,0.3298160488434767,5.762105148537939,5.028965619986664,0.7331395285512752,14.578336460236518,3.65,4.316280608981054,0.07440000000000001,0.06616907575578397,natural,0.03,1.1,central
AL,s_c2,ecotoxicity: freshwater,4.053323479707798,0.4301238082102303,0.26213411753369176,0.16798969067653852,4.483447287918028,3.9121341175336917,0.5713131703843364,14.603619232371988,3.65,4.316280608981054,0.07440000000000001,0.06616907575578397,natural,0.03,1.1,central
AL,s_c2,eutrophication,4.053323479707798,0.5114674823717977,0.3694270839373155,0.14204039843448224,4.564790962079595,4.019427083937315,0.5453638781422798,13.568199316805543,3.65,4.316280608981054,0.07440000000000001,0.06616907575578397,natural,0.03,1.1,central
AL,s_c2,particulate matter formation,4.053323479707798,2.9999179597346237,3.137234375011523,-0.1373164152768993,7.053241439442422,6.787234375011523,0.26600706443089894,3.9192261491698868,3.65,4.316280608981054,0.07440000000000001,0.06616907575578397,natural,0.03,1.1,central
AL,s_c2,photochemical oxidant formation,4.053323479707798,0.0780287052828612,0.08965063216302423,-0.01162192688016303,4.131352184990659,3.7396506321630243,0.39170155282763464,10.474281994654493,3.65,4.316280608981054,0.07440000000000001,0.06616907575578397,natural,0.03,1.1,central
AL,s_c2,_ALL_,4.053323479707798,5.73626771263236,5.250396549308458,0.48587116332390234,9.789591192340158,8.900396549308457,0.8891946430317006,9.990505907299031,3.65,4.316280608981054,0.07440000000000001,0.06616907575578397,natural,0.03,1.1,central
AL,s_o1,acidification,5.346198863626155,0.010690398626745303,0.012984720676239162,-0.0022943220494938583,5.3568892622529,3.662984720676239,1.6939045415766611,46.243833123714,3.65,5.926648725253444,0.07440000000000001,0.06616907575578397,natural,0.03,1.1,central
AL,s_o1,climate change,5.346198863626155,2.1509093652642055,1.3789656199866647,0.7719437452775408,7.49710822889036,5.028965619986664,2.4681426089036957,49.07853414416941,3.65,5.926648725253444,0.07440000000000001,0.06616907575578397,natural,0.03,1.1,central
AL,s_o1,ecotoxicity: freshwater,5.346198863626155,0.5742646739203722,0.26213411753369176,0.3121305563866804,5.920463537546527,3.9121341175336917,2.0083294200128354,51.33590412996723,3.65,5.926648725253444,0.07440000000000001,0.06616907575578397,natural,0.03,1.1,central
AL,s_o1,eutrophication,5.346198863626155,0.7369396647111763,0.3694270839373155,0.36751258077386084,6.083138528337331,4.019427083937315,2.063711444400016,51.34342286360034,3.65,5.926648725253444,0.07440000000000001,0.06616907575578397,natural,0.03,1.1,central
AL,s_o1,particulate matter formation,5.346198863626155,3.860543344699504,3.137234375011525,0.7233089696879791,9.20674220832566,6.787234375011525,2.4195078333141344,35.647919308960454,3.65,5.926648725253444,0.07440000000000001,0.06616907575578397,natural,0.03,1.1,central
AL,s_o1,photochemical oxidant formation,5.346198863626155,0.10593106431152713,0.08965063216302427,0.01628043214850286,5.452129927937682,3.7396506321630243,1.7124792957746573,45.79249411820469,3.65,5.926648725253444,0.07440000000000001,0.06616907575578397,natural,0.03,1.1,central
AL,s_o1,_ALL_,5.346198863626155,7.43927851153353,5.2503965493084594,2.1888819622250706,12.785477375159685,8.900396549308459,3.885080825851226,43.650648646133504,3.65,5.926648725253444,0.07440000000000001,0.06616907575578397,natural,0.03,1.1,central
AL,s_o2,acidification,4.372515701887648,0.005877431743799413,0.012984720676239162,-0.0071072889324397485,4.378393133631448,3.662984720676239,0.7154084129552092,19.530750672176833,3.65,5.189855294894012,0.07440000000000001,0.06616907575578397,natural,0.03,1.1,central
AL,s_o2,climate change,4.372515701887648,1.166344595533545,1.3789656199866647,-0.2126210244531197,5.538860297421193,5.028965619986664,0.509894677434529,10.139156159828373,3.65,5.189855294894012,0.07440000000000001,0.06616907575578397,natural,0.03,1.1,central
AL,s_o2,ecotoxicity: freshwater,4.372515701887648,0.3180798783884282,0.26213411753369176,0.05594576085473646,4.690595580276076,3.9121341175336917,0.7784614627423845,19.898639447288332,3.65,5.189855294894012,0.07440000000000001,0.06616907575578397,natural,0.03,1.1,central
AL,s_o2,eutrophication,4.372515701887648,0.40653908304846975,0.3694270839373155,0.03711199911115426,4.779054784936118,4.019427083937315,0.7596277009988031,18.89890487215142,3.65,5.189855294894012,0.07440000000000001,0.06616907575578397,natural,0.03,1.1,central
AL,s_o2,particulate matter formation,4.372515701887648,2.127336749473145,3.137234375011525,-1.0098976255383798,6.499852451360793,6.787234375011525,-0.2873819236507318,-4.234153526637922,3.65,5.189855294894012,0.07440000000000001,0.06616907575578397,natural,0.03,1.1,central
AL,s_o2,photochemical oxidant formation,4.372515701887648,0.05776903827453431,0.08965063216302427,-0.03188159388848996,4.4302847401621825,3.7396506321630243,0.6906341079991583,18.467877776050262,3.65,5.189855294894012,0.07440000000000001,0.06616907575578397,natural,0.03,1.1,central
AL,s_o2,_ALL_,4.372515701887648,4.081946776461922,5.2503965493084594,-1.1684497728465377,8.45446247834957,8.900396549308459,-0.4459340709588897,-5.01027194112534,3.65,5.189855294894012,0.07440000000000001,0.06616907575578397,natural,0.03,1.1,central
AR,s_c1,acidification,4.034908032750746,0.009512923604259501,0.012984720676239155,-0.0034717970719796536,4.0444209563550055,3.662984720676239,0.3814362356787666,10.413263083673144,3.65,4.173781436869314,0.06280000000000001,0.06497324908549872,natural,0.03,1.1,central
AR,s_c1,climate change,4.034908032750746,1.7445074356515242,1.3789656199866647,0.36554181566485955,5.77941546840227,5.028965619986664,0.7504498484156059,14.922548792799184,3.65,4.173781436869314,0.06280000000000001,0.06497324908549872,natural,0.03,1.1,central
AR,s_c1,ecotoxicity: freshwater,4.034908032750746,0.5671141032125177,0.26213411753369176,0.3049799856788259,4.602022135963264,3.9121341175336917,0.6898880184295719,17.63456971829214,3.65,4.173781436869314,0.06280000000000001,0.06497324908549872,natural,0.03,1.1,central
AR,s_c1,eutrophication,4.034908032750746,0.6647784082276451,0.3694270839373155,0.2953513242903296,4.699686440978391,4.019427083937315,0.6802593570410762,16.924286542218194,3.65,4.173781436869314,0.06280000000000001,0.06497324908549872,natural,0.03,1.1,central
AR,s_c1,particulate matter formation,4.034908032750746,3.8767489902347787,3.137234375011523,0.7395146152232557,7.9116570229855245,6.787234375011523,1.1244226479740016,16.566727857723237,3.65,4.173781436869314,0.06280000000000001,0.06497324908549872,natural,0.03,1.1,central
AR,s_c1,photochemical oxidant formation,4.034908032750746,0.08357177454498763,0.08965063216302423,-0.006078857618036601,4.118479807295733,3.7396506321630243,0.37882917513270886,10.130068618564858,3.65,4.173781436869314,0.06280000000000001,0.06497324908549872,natural,0.03,1.1,central
AR,s_c1,_ALL_,4.034908032750746,6.946233635475712,5.250396549308458,1.6958370861672547,10.981141668226458,8.900396549308457,2.080745118918001,23.37811700176068,3.65,4.173781436869314,0.06280000000000001,0.06497324908549872,natural,0.03,1.1,central
AR,s_c2,acidification,3.976929944811709,0.007994879449712045,0.012984720676239158,-0.004989841226527113,3.9849248242614213,3.662984720676239,0.3219401035851823,8.789010278092222,3.65,4.239618761760954,0.06280000000000001,0.06497324908549872,natural,0.03,1.1,central
AR,s_c2,climate change,3.976929944811709,1.7352769972341964,1.3789656199866647,0.3563113772475317,5.712206942045905,5.028965619986664,0.6832413220592413,13.58612036128919,3.65,4.239618761760954,0.06280000000000001,0.06497324908549872,natural,0.03,1.1,central
AR,s_c2,ecotoxicity: freshwater,3.976929944811709,0.428115764079539,0.26213411753369176,0.16598164654584724,4.405045708891248,3.9121341175336917,0.4929115913575566,12.599557595645532,3.65,4.239618761760954,0.06280000000000001,0.06497324908549872,natural,0.03,1.1,central
AR,s_c2,eutrophication,3.976929944811709,0.5109759497801977,0.3694270839373155,0.14154886584288218,4.487905894591907,4.019427083937315,0.4684788106545916,11.655362838319816,3.65,4.239618761760954,0.06280000000000001,0.06497324908549872,natural,0.03,1.1,central
AR,s_c2,particulate matter formation,3.976929944811709,2.9983483077346182,3.137234375011523,-0.13888606727690478,6.975278252546327,6.787234375011523,0.18804387753480434,2.7705522919191234,3.65,4.239618761760954,0.06280000000000001,0.06497324908549872,natural,0.03,1.1,central
AR,s_c2,photochemical oxidant formation,3.976929944811709,0.07936440831648603,0.08965063216302423,-0.010286223846538198,4.056294353128195,3.7396506321630243,0.3166437209651711,8.46720060536841,3.65,4.239618761760954,0.06280000000000001,0.06497324908549872,natural,0.03,1.1,central
AR,s_c2,_ALL_,3.976929944811709,5.760076306594749,5.250396549308458,0.5096797572862917,9.73700625140646,8.900396549308457,0.8366097020980021,9.399690198781142,3.65,4.239618761760954,0.06280000000000001,0.06497324908549872,natural,0.03,1.1,central
AR,s_o1,acidification,5.277728555578894,0.010747372484626582,0.012984720676239162,-0.00223734819161258,5.28847592806352,3.662984720676239,1.6254912073872814,44.37613944202292,3.65,5.85793763402481,0.06280000000000001,0.06497324908549872,natural,0.03,1.1,central
AR,s_o1,climate change,5.277728555578894,2.1831705502421603,1.3789656199866647,0.8042049302554957,7.4608991058210545,5.028965619986664,2.4319334858343904,48.358522797792354,3.65,5.85793763402481,0.06280000000000001,0.06497324908549872,natural,0.03,1.1,central
AR,s_o1,ecotoxicity: freshwater,5.277728555578894,0.5718196435302519,0.26213411753369176,0.3096855259965602,5.849548199109146,3.9121341175336917,1.937414081575454,49.52320200097967,3.65,5.85793763402481,0.06280000000000001,0.06497324908549872,natural,0.03,1.1,central
AR,s_o1,eutrophication,5.277728555578894,0.7363411658506045,0.36942708393731544,0.36691408191328906,6.0140697214294985,4.019427083937315,1.9946426374921833,49.62504844193588,3.65,5.85793763402481,0.06280000000000001,0.06497324908549872,natural,0.03,1.1,central
AR,s_o1,particulate matter formation,5.277728555578894,3.8586321083958444,3.137234375011525,0.7213977333843196,9.136360663974738,6.787234375011525,2.3491262889632134,34.6109498975306,3.65,5.85793763402481,0.06280000000000001,0.06497324908549872,natural,0.03,1.1,central
AR,s_o1,photochemical oxidant formation,5.277728555578894,0.10755744017621698,0.08965063216302427,0.017906808013192707,5.385285995755111,3.7396506321630243,1.6456353635920866,44.00505623275954,3.65,5.85793763402481,0.06280000000000001,0.06497324908549872,natural,0.03,1.1,central
AR,s_o1,_ALL_,5.277728555578894,7.4682682806797045,5.2503965493084594,2.217871731371245,12.745996836258598,8.900396549308459,3.8456002869501393,43.20706684972294,3.65,5.85793763402481,0.06280000000000001,0.06497324908549872,natural,0.03,1.1,central
AR,s_o2,acidification,4.304719406483748,0.0059069736550453845,0.012984720676239162,-0.007077747021193777,4.310626380138793,3.662984720676239,0.6476416594625545,17.680708734788023,3.65,5.121820586546484,0.06280000000000001,0.06497324908549872,natural,0.03,1.1,central
AR,s_o2,climate change,4.304719406483748,1.1830725669005968,1.3789656199866647,-0.19589305308606786,5.487791973384345,5.028965619986664,0.4588263533976811,9.12367250183941,3.65,5.121820586546484,0.06280000000000001,0.06497324908549872,natural,0.03,1.1,central
AR,s_o2,ecotoxicity: freshwater,4.304719406483748,0.31681208867811705,0.26213411753369176,0.0546779711444253,4.621531495161865,3.9121341175336917,0.7093973776281737,18.13325812243359,3.65,5.121820586546484,0.06280000000000001,0.06497324908549872,natural,0.03,1.1,central
AR,s_o2,eutrophication,4.304719406483748,0.40622875124231633,0.3694270839373155,0.03680166730500084,4.710948157726064,4.019427083937315,0.6915210737887492,17.204468680430818,3.65,5.121820586546484,0.06280000000000001,0.06497324908549872,natural,0.03,1.1,central
AR,s_o2,particulate matter formation,4.304719406483748,2.126345741046606,3.137234375011525,-1.0108886339649188,6.431065147530354,6.787234375011525,-0.3561692274811703,-5.247634129041928,3.65,5.121820586546484,0.06280000000000001,0.06497324908549872,natural,0.03,1.1,central
AR,s_o2,photochemical oxidant formation,4.304719406483748,0.05861234173394502,0.08965063216302427,-0.031038290429079247,4.363331748217694,3.7396506321630243,0.6236811160546694,16.677523581766525,3.65,5.121820586546484,0.06280000000000001,0.06497324908549872,natural,0.03,1.1,central
AR,s_o2,_ALL_,4.304719406483748,4.096978463256627,5.2503965493084594,-1.1534180860518326,8.401697869740374,8.900396549308459,-0.49869867956808456,-5.603106297627068,3.65,5.121820586546484,0.06280000000000001,0.06497324908549872,natural,0.03,1.1,central
AZ,s_c1,acidification,4.097283556549786,0.008747376780784697,0.012984720676239155,-0.004237343895454458,4.106030933330571,3.662984720676239,0.44304621265433175,12.095224152956312,3.65,4.236376310887159,0.0784,0.059990637959310165,natural,0.03,1.1,central
AZ,s_c1,climate change,4.097283556549786,1.5514467957589506,1.3789656199866647,0.17248117577228594,5.648730352308736,5.028965619986664,0.6197647323220723,12.323900761200983,3.65,4.236376310887159,0.0784,0.059990637959310165,natural,0.03,1.1,central
AZ,s_c1,ecotoxicity: freshwater,4.097283556549786,0.5928961604786861,0.26213411753369176,0.33076204294499434,4.690179717028472,3.9121341175336917,0.7780455994947801,19.88800936061159,3.65,4.236376310887159,0.0784,0.059990637959310165,natural,0.03,1.1,central
AZ,s_c1,eutrophication,4.097283556549786,0.8287165937954638,0.3694270839373155,0.4592895098581483,4.926000150345249,4.019427083937315,0.9065730664079341,22.55478324338406,3.65,4.236376310887159,0.0784,0.059990637959310165,natural,0.03,1.1,central
AZ,s_c1,particulate matter formation,4.097283556549786,6.341174871434709,3.137234375011523,3.203940496423186,10.438458427984495,6.787234375011523,3.651224052972972,53.79546146830642,3.65,4.236376310887159,0.0784,0.059990637959310165,natural,0.03,1.1,central
AZ,s_c1,photochemical oxidant formation,4.097283556549786,0.0830970447359316,0.08965063216302423,-0.006553587427092625,4.180380601285718,3.7396506321630243,0.44072996912269335,11.785324686006133,3.65,4.236376310887159,0.0784,0.059990637959310165,natural,0.03,1.1,central
AZ,s_c1,_ALL_,4.097283556549786,9.406078842984526,5.250396549308458,4.155682293676068,13.50336239953431,8.900396549308457,4.6029658502258535,51.716413136485414,3.65,4.236376310887159,0.0784,0.059990637959310165,natural,0.03,1.1,central
AZ,s_c2,acidification,4.0469005787012495,0.0075333849432842655,0.012984720676239155,-0.005451335732954889,4.0544339636445335,3.662984720676239,0.39144924296829453,10.686619596273594,3.65,4.309835149213502,0.0784,0.059990637959310165,natural,0.03,1.1,central
AZ,s_c2,climate change,4.0469005787012495,1.606796240121732,1.3789656199866647,0.22783062013506727,5.653696818822981,5.028965619986664,0.6247311988363169,12.422657978679393,3.65,4.309835149213502,0.0784,0.059990637959310165,natural,0.03,1.1,central
AZ,s_c2,ecotoxicity: freshwater,4.0469005787012495,0.44842102778868626,0.26213411753369176,0.1862869102549945,4.495321606489936,3.9121341175336917,0.5831874889562445,14.907144577239102,3.65,4.309835149213502,0.0784,0.059990637959310165,natural,0.03,1.1,central
AZ,s_c2,eutrophication,4.0469005787012495,0.6429170896481857,0.3694270839373155,0.27349000571087023,4.689817668349435,4.019427083937315,0.6703905844121198,16.678759694165777,3.65,4.309835149213502,0.0784,0.059990637959310165,natural,0.03,1.1,central
AZ,s_c2,particulate matter formation,4.0469005787012495,4.97604671749731,3.137234375011523,1.8388123424857867,9.02294729619856,6.787234375011523,2.2357129211870364,32.93996932562448,3.65,4.309835149213502,0.0784,0.059990637959310165,natural,0.03,1.1,central
AZ,s_c2,photochemical oxidant formation,4.0469005787012495,0.08242886191267138,0.08965063216302423,-0.007221770250352852,4.129329440613921,3.7396506321630243,0.3896788084508964,10.420192867736018,3.65,4.309835149213502,0.0784,0.059990637959310165,natural,0.03,1.1,central
AZ,s_c2,_ALL_,4.0469005787012495,7.764143321911869,5.250396549308458,2.5137467726034117,11.811043900613118,8.900396549308457,2.910647351304661,32.70244573013786,3.65,4.309835149213502,0.0784,0.059990637959310165,natural,0.03,1.1,central
AZ,s_o1,acidification,5.311559773462912,0.010253496342822448,0.012984720676239162,-0.0027312243334167135,5.321813269805735,3.662984720676239,1.6588285491294958,45.286253578018005,3.65,5.891887823014758,0.0784,0.059990637959310165,natural,0.03,1.1,central
AZ,s_o1,climate change,5.311559773462912,2.0441458684374427,1.3789656199866647,0.6651802484507781,7.3557056419003555,5.028965619986664,2.3267400219136913,46.26677129520447,3.65,5.891887823014758,0.0784,0.059990637959310165,natural,0.03,1.1,central
AZ,s_o1,ecotoxicity: freshwater,5.311559773462912,0.594373148383425,0.26213411753369176,0.3322390308497333,5.905932921846337,3.9121341175336917,1.9937988043126453,50.96447985708594,3.65,5.891887823014758,0.0784,0.059990637959310165,natural,0.03,1.1,central
AZ,s_o1,eutrophication,5.311559773462912,0.8832288520423738,0.36942708393731544,0.5138017681050584,6.194788625505286,4.019427083937315,2.1753615415679706,54.12118434145219,3.65,5.891887823014758,0.0784,0.059990637959310165,natural,0.03,1.1,central
AZ,s_o1,particulate matter formation,5.311559773462912,6.0595432290365165,3.137234375011525,2.9223088540249917,11.371103002499428,6.787234375011525,4.583868627487903,67.53661910312505,3.65,5.891887823014758,0.0784,0.059990637959310165,natural,0.03,1.1,central
AZ,s_o1,photochemical oxidant formation,5.311559773462912,0.11143032044188225,0.08965063216302427,0.021779688278857984,5.422990093904795,3.7396506321630243,1.6833394617417703,45.01328138153168,3.65,5.891887823014758,0.0784,0.059990637959310165,natural,0.03,1.1,central
AZ,s_o1,_ALL_,5.311559773462912,9.702974914684463,5.2503965493084594,4.452578365376003,15.014534688147375,8.900396549308459,6.114138138838916,68.69512054846558,3.65,5.891887823014758,0.0784,0.059990637959310165,natural,0.03,1.1,central
AZ,s_o2,acidification,4.337644193571521,0.005629519217375248,0.012984720676239162,-0.0073552014588639135,4.343273712788896,3.662984720676239,0.6802889921126574,18.571985525155736,3.65,5.154861157179083,0.0784,0.059990637959310165,natural,0.03,1.1,central
AZ,s_o2,climate change,4.337644193571521,1.105731300857457,1.3789656199866647,-0.2732343191292077,5.443375494428977,5.028965619986664,0.41440987444231325,8.240459485253195,3.65,5.154861157179083,0.0784,0.059990637959310165,natural,0.03,1.1,central
AZ,s_o2,ecotoxicity: freshwater,4.337644193571521,0.3291819573934705,0.26213411753369176,0.06704783985977875,4.666826150964991,3.9121341175336917,0.7546920334312994,19.291057278656808,3.65,5.154861157179083,0.0784,0.059990637959310165,natural,0.03,1.1,central
AZ,s_o2,eutrophication,4.337644193571521,0.48665998356957607,0.3694270839373155,0.11723289963226058,4.824304177141097,4.019427083937315,0.8048770932037819,20.024672083747504,3.65,5.154861157179083,0.0784,0.059990637959310165,natural,0.03,1.1,central
AZ,s_o2,particulate matter formation,4.337644193571521,3.3317569017817887,3.137234375011525,0.19452252677026394,7.66940109535331,6.787234375011525,0.8821667203417851,12.997440070577897,3.65,5.154861157179083,0.0784,0.059990637959310165,natural,0.03,1.1,central
AZ,s_o2,photochemical oxidant formation,4.337644193571521,0.06057668246740543,0.08965063216302427,-0.029073949695618842,4.398220876038926,3.7396506321630243,0.6585702438759018,17.610475112617216,3.65,5.154861157179083,0.0784,0.059990637959310165,natural,0.03,1.1,central
AZ,s_o2,_ALL_,4.337644193571521,5.319536345287073,5.2503965493084594,0.06913979597861353,9.657180538858594,8.900396549308459,0.7567839895501347,8.502812041660494,3.65,5.154861157179083,0.0784,0.059990637959310165,natural,0.03,1.1,central
CA,s_c1,acidification,4.781509732271981,0.00867651408690137,0.012984720676239155,-0.004308206589337785,4.790186246358882,3.662984720676239,1.127201525682643,30.77276078494113,3.65,4.923008641331048,0.1984,0.06278090018997577,natural,0.03,1.1,central
CA,s_c1,climate change,4.781509732271981,1.5391680993832955,1.3789656199866647,0.1602024793966308,6.320677831655276,5.028965619986664,1.291712211668612,25.685445264031,3.65,4.923008641331048,0.1984,0.06278090018997577,natural,0.03,1.1,central
CA,s_c1,ecotoxicity: freshwater,4.781509732271981,0.5933085133968075,0.26213411753369176,0.3311743958631157,5.374818245668788,3.9121341175336917,1.4626841281350962,37.388394267454444,3.65,4.923008641331048,0.1984,0.06278090018997577,natural,0.03,1.1,central
CA,s_c1,eutrophication,4.781509732271981,0.8284429351304203,0.3694270839373155,0.45901585119310484,5.609952667402401,4.019427083937315,1.5905255834650855,39.57095253254482,3.65,4.923008641331048,0.1984,0.06278090018997577,natural,0.03,1.1,central
CA,s_c1,particulate matter formation,4.781509732271981,6.340053201522312,3.137234375011523,3.202818826510789,11.121562933794293,6.787234375011523,4.33432855878277,63.86001012047578,3.65,4.923008641331048,0.1984,0.06278090018997577,natural,0.03,1.1,central
CA,s_c1,photochemical oxidant formation,4.781509732271981,0.0814841840128694,0.08965063216302423,-0.008166448150154826,4.86299391628485,3.7396506321630243,1.1233432841218258,30.038722720792798,3.65,4.923008641331048,0.1984,0.06278090018997577,natural,0.03,1.1,central
CA,s_c1,_ALL_,4.781509732271981,9.391133447532605,5.250396549308458,4.140736898224147,14.172643179804584,8.900396549308457,5.272246630496127,59.23608685621732,3.65,4.923008641331048,0.1984,0.06278090018997577,natural,0.03,1.1,central
CA,s_c2,acidification,4.789550678196499,0.0072742895484714095,0.012984720676239155,-0.005710431127767745,4.79682496774497,3.662984720676239,1.1338402470687314,30.953998816009488,3.65,5.055093613073533,0.1984,0.06278090018997577,natural,0.03,1.1,central
CA,s_c2,climate change,4.789550678196499,1.5619016205285843,1.3789656199866647,0.1829360005419196,6.351452298725084,5.028965619986664,1.3224866787384197,26.297389536377995,3.65,5.055093613073533,0.1984,0.06278090018997577,natural,0.03,1.1,central
CA,s_c2,ecotoxicity: freshwater,4.789550678196499,0.4499287145032045,0.26213411753369176,0.18779459696951273,5.239479392699703,3.9121341175336917,1.3273452751660115,33.92893073928671,3.65,5.055093613073533,0.1984,0.06278090018997577,natural,0.03,1.1,central
CA,s_c2,eutrophication,4.789550678196499,0.6419165109800907,0.3694270839373155,0.27248942704277523,5.4314671891765895,4.019427083937315,1.4120401052392744,35.13038240902931,3.65,5.055093613073533,0.1984,0.06278090018997577,natural,0.03,1.1,central
CA,s_c2,particulate matter formation,4.789550678196499,4.971945553783713,3.137234375011523,1.83471117877219,9.761496231980212,6.787234375011523,2.974261856968689,43.82141079316477,3.65,5.055093613073533,0.1984,0.06278090018997577,natural,0.03,1.1,central
CA,s_c2,photochemical oxidant formation,4.789550678196499,0.07653175635656634,0.08965063216302423,-0.013118875806457889,4.866082434553065,3.7396506321630243,1.1264318023900408,30.121311138054345,3.65,5.055093613073533,0.1984,0.06278090018997577,natural,0.03,1.1,central
CA,s_c2,_ALL_,4.789550678196499,7.70949844570063,5.250396549308458,2.4591018963921725,12.49904912389713,8.900396549308457,3.598652574588673,40.43249707641713,3.65,5.055093613073533,0.1984,0.06278090018997577,natural,0.03,1.1,central
CA,s_o1,acidification,5.9352019176533055,0.009938017163567792,0.012984720676239162,-0.00304670351267137,5.945139934816873,3.662984720676239,2.282155214140634,62.30315953158865,3.65,6.517723071687938,0.1984,0.06278090018997577,natural,0.03,1.1,central
CA,s_o1,climate change,5.9352019176533055,1.9894813779611602,1.3789656199866647,0.6105157579744955,7.924683295614466,5.028965619986664,2.895717675627802,57.580780908887604,3.65,6.517723071687938,0.1984,0.06278090018997577,natural,0.03,1.1,central
CA,s_o1,ecotoxicity: freshwater,5.9352019176533055,0.596208934648993,0.26213411753369176,0.3340748171153013,6.531410852302298,3.9121341175336917,2.6192767347686066,66.95263137910683,3.65,6.517723071687938,0.1984,0.06278090018997577,natural,0.03,1.1,central
CA,s_o1,eutrophication,5.9352019176533055,0.8820105295892926,0.36942708393731544,0.5125834456519771,6.817212447242598,4.019427083937315,2.797785363305283,69.60657090872397,3.65,6.517723071687938,0.1984,0.06278090018997577,natural,0.03,1.1,central
CA,s_o1,particulate matter formation,5.9352019176533055,6.054549578866514,3.137234375011525,2.9173152038549888,11.989751496519819,6.787234375011525,5.202517121508294,76.65150242435028,3.65,6.517723071687938,0.1984,0.06278090018997577,natural,0.03,1.1,central
CA,s_o1,photochemical oxidant formation,5.9352019176533055,0.10424989941524895,0.08965063216302427,0.014599267252224685,6.039451817068555,3.7396506321630243,2.2998011849055304,61.49775503428028,3.65,6.517723071687938,0.1984,0.06278090018997577,natural,0.03,1.1,central
CA,s_o1,_ALL_,5.9352019176533055,9.636438337644776,5.2503965493084594,4.386041788336317,15.571640255298082,8.900396549308459,6.671243705989623,74.95445477098393,3.65,6.517723071687938,0.1984,0.06278090018997577,natural,0.03,1.1,central
CA,s_o2,acidification,4.954313793175417,0.005465937914299147,0.012984720676239162,-0.0075187827619400145,4.959779731089716,3.662984720676239,1.2967950104134771,35.402686860623064,3.65,5.773699341564953,0.1984,0.06278090018997577,natural,0.03,1.1,central
CA,s_o2,climate change,4.954313793175417,1.0773868357639826,1.3789656199866647,-0.30157878422268203,6.031700628939399,5.028965619986664,1.002735008952735,19.9391899790994,3.65,5.773699341564953,0.1984,0.06278090018997577,natural,0.03,1.1,central
CA,s_o2,ecotoxicity: freshwater,4.954313793175417,0.3301338436960796,0.26213411753369176,0.06799972616238786,5.284447636871496,3.9121341175336917,1.3723135193378044,35.07838632595105,3.65,5.773699341564953,0.1984,0.06278090018997577,natural,0.03,1.1,central
CA,s_o2,eutrophication,4.954313793175417,0.4860282627222203,0.36942708393731544,0.11660117878490484,5.440342055897637,4.019427083937315,1.4209149719603218,35.35118170543933,3.65,5.773699341564953,0.1984,0.06278090018997577,natural,0.03,1.1,central
CA,s_o2,particulate matter formation,4.954313793175417,3.329167609506319,3.137234375011525,0.19193323449479438,8.283481402681737,6.787234375011525,1.4962470276702122,22.045017823149383,3.65,5.773699341564953,0.1984,0.06278090018997577,natural,0.03,1.1,central
CA,s_o2,photochemical oxidant formation,4.954313793175417,0.056853512428270817,0.08965063216302427,-0.03279711973475345,5.011167305603688,3.7396506321630243,1.2715166734406633,34.00094817694814,3.65,5.773699341564953,0.1984,0.06278090018997577,natural,0.03,1.1,central
CA,s_o2,_ALL_,4.954313793175417,5.2850360020311715,5.2503965493084594,0.03463945272271207,10.23934979520659,8.900396549308459,1.3389532458981304,15.043748202456936,3.65,5.773699341564953,0.1984,0.06278090018997577,natural,0.03,1.1,central
CO,s_c1,acidification,4.14426127287889,0.008666915368608375,0.012984720676239155,-0.0043178053076307794,4.152928188247499,3.662984720676239,0.4899434675712597,13.375525832955406,3.65,4.283519229393777,0.0861,0.060787855739500345,natural,0.03,1.1,central
CO,s_c1,climate change,4.14426127287889,1.53396513338534,1.3789656199866647,0.15499951339867524,5.67822640626423,5.028965619986664,0.6492607862775657,12.910424038239645,3.65,4.283519229393777,0.0861,0.060787855739500345,natural,0.03,1.1,central
CO,s_c1,ecotoxicity: freshwater,4.14426127287889,0.5931671021309118,0.26213411753369176,0.3310329845972201,4.737428375009802,3.9121341175336917,0.8252942574761106,21.095755735398892,3.65,4.283519229393777,0.0861,0.060787855739500345,natural,0.03,1.1,central
CO,s_c1,eutrophication,4.14426127287889,0.8284011855627236,0.3694270839373155,0.4589741016254081,4.972662458441614,4.019427083937315,0.953235374504299,23.715702626219482,3.65,4.283519229393777,0.0861,0.060787855739500345,natural,0.03,1.1,central
CO,s_c1,particulate matter formation,4.14426127287889,6.339749260733064,3.137234375011523,3.202514885721541,10.484010533611954,6.787234375011523,3.6967761586004313,54.466605311447715,3.65,4.283519229393777,0.0861,0.060787855739500345,natural,0.03,1.1,central
CO,s_c1,photochemical oxidant formation,4.14426127287889,0.08128382167459812,0.08965063216302423,-0.008366810488426107,4.225545094553488,3.7396506321630243,0.48589446239046374,12.993044275620502,3.65,4.283519229393777,0.0861,0.060787855739500345,natural,0.03,1.1,central
CO,s_c1,_ALL_,4.14426127287889,9.385233418855245,5.250396549308458,4.134836869546787,13.529494691734136,8.900396549308457,4.629098142425679,52.010021315121634,3.65,4.283519229393777,0.0861,0.060787855739500345,natural,0.03,1.1,central
CO,s_c2,acidification,4.097627163472455,0.007247857034153248,0.012984720676239155,-0.005736863642085907,4.104875020506609,3.662984720676239,0.44189029983036976,12.063667569674998,3.65,4.360739897855089,0.0861,0.060787855739500345,natural,0.03,1.1,central
CO,s_c2,climate change,4.097627163472455,1.5446340006407746,1.3789656199866647,0.16566838065410994,5.64226116411323,5.028965619986664,0.613295544126566,12.195262216332118,3.65,4.360739897855089,0.0861,0.060787855739500345,natural,0.03,1.1,central
CO,s_c2,ecotoxicity: freshwater,4.097627163472455,0.4493347873419391,0.26213411753369176,0.18720066980824734,4.546961950814394,3.9121341175336917,0.6348278332807022,16.227149024249552,3.65,4.360739897855089,0.0861,0.060787855739500345,natural,0.03,1.1,central
CO,s_c2,eutrophication,4.097627163472455,0.6418140131144591,0.3694270839373155,0.2723869291771436,4.739441176586914,4.019427083937315,0.720014092649599,17.913351271552212,3.65,4.360739897855089,0.0861,0.060787855739500345,natural,0.03,1.1,central
CO,s_c2,particulate matter formation,4.097627163472455,4.9707028599806735,3.137234375011523,1.8334684849691505,9.068330023453129,6.787234375011523,2.281095648441606,33.608617625463,3.65,4.360739897855089,0.0861,0.060787855739500345,natural,0.03,1.1,central
CO,s_c2,photochemical oxidant formation,4.097627163472455,0.07600749170570954,0.08965063216302423,-0.013643140457314684,4.173634655178165,3.7396506321630243,0.4339840230151406,11.604934944527773,3.65,4.360739897855089,0.0861,0.060787855739500345,natural,0.03,1.1,central
CO,s_c2,_ALL_,4.097627163472455,7.689741009817709,5.250396549308458,2.4393444605092514,11.787368173290165,8.900396549308457,2.886971623981708,32.436438174274606,3.65,4.360739897855089,0.0861,0.060787855739500345,natural,0.03,1.1,central
CO,s_o1,acidification,5.35704026167373,0.009904527760935146,0.012984720676239162,-0.0030801929153040156,5.366944789434665,3.662984720676239,1.7039600687584264,46.51835043537531,3.65,5.937528248239944,0.0861,0.060787855739500345,natural,0.03,1.1,central
CO,s_o1,climate change,5.35704026167373,1.9681915611750365,1.3789656199866647,0.5892259411883718,7.3252318228487665,5.028965619986664,2.2962662028621024,45.66080535003124,3.65,5.937528248239944,0.0861,0.060787855739500345,natural,0.03,1.1,central
CO,s_o1,ecotoxicity: freshwater,5.35704026167373,0.5954973372748854,0.26213411753369176,0.33336321974119365,5.952537598948616,3.9121341175336917,2.040403481414924,52.15576511730753,3.65,5.937528248239944,0.0861,0.060787855739500345,natural,0.03,1.1,central
CO,s_o1,eutrophication,5.35704026167373,0.8818781735435184,0.36942708393731544,0.5124510896062029,6.238918435217249,4.019427083937315,2.2194913512799337,55.21909727258403,3.65,5.937528248239944,0.0861,0.060787855739500345,natural,0.03,1.1,central
CO,s_o1,particulate matter formation,5.35704026167373,6.053056240853554,3.137234375011525,2.915821865842029,11.410096502527285,6.787234375011525,4.62286212751576,68.11113145783935,3.65,5.937528248239944,0.0861,0.060787855739500345,natural,0.03,1.1,central
CO,s_o1,photochemical oxidant formation,5.35704026167373,0.10358017213347,0.08965063216302427,0.013929539970445728,5.4606204338072,3.7396506321630243,1.7209698016441761,46.01953420041172,3.65,5.937528248239944,0.0861,0.060787855739500345,natural,0.03,1.1,central
CO,s_o1,_ALL_,5.35704026167373,9.612108012741398,5.2503965493084594,4.361711463432939,14.96914827441513,8.900396549308459,6.0687517251066705,68.1851835644132,3.65,5.937528248239944,0.0861,0.060787855739500345,natural,0.03,1.1,central
CO,s_o2,acidification,4.38267727683804,0.005448431495998506,0.012984720676239162,-0.007536289180240656,4.388125708334038,3.662984720676239,0.7251409876577992,19.796451335563525,3.65,5.200052604112498,0.0861,0.060787855739500345,natural,0.03,1.1,central
CO,s_o2,climate change,4.38267727683804,1.0663190043728858,1.3789656199866647,-0.3126466156137788,5.448996281210926,5.028965619986664,0.4200306612242617,8.352227733570697,3.65,5.200052604112498,0.0861,0.060787855739500345,natural,0.03,1.1,central
CO,s_o2,ecotoxicity: freshwater,4.38267727683804,0.3297661250206647,0.26213411753369176,0.06763200748697296,4.712443401858705,3.9121341175336917,0.8003092843250132,20.4571024479485,3.65,5.200052604112498,0.0861,0.060787855739500345,natural,0.03,1.1,central
CO,s_o2,eutrophication,4.38267727683804,0.4859588141845398,0.3694270839373155,0.1165317302472243,4.868636091022579,4.019427083937315,0.849209007085264,21.127613198381578,3.65,5.200052604112498,0.0861,0.060787855739500345,natural,0.03,1.1,central
CO,s_o2,particulate matter formation,4.38267727683804,3.3283954359765193,3.137234375011525,0.19116106096499452,7.711072712814559,6.787234375011525,0.9238383378030344,13.611410579901563,3.65,5.200052604112498,0.0861,0.060787855739500345,natural,0.03,1.1,central
CO,s_o2,photochemical oxidant formation,4.38267727683804,0.05650284263124531,0.08965063216302427,-0.03314778953177896,4.4391801194692855,3.7396506321630243,0.6995294873062612,18.70574436258639,3.65,5.200052604112498,0.0861,0.060787855739500345,natural,0.03,1.1,central
CO,s_o2,_ALL_,4.38267727683804,5.272390653681854,5.2503965493084594,0.021994104373394663,9.655067930519895,8.900396549308459,0.7546713812114358,8.479075926904315,3.65,5.200052604112498,0.0861,0.060787855739500345,natural,0.03,1.1,central
CT,s_c1,acidification,4.738777898835721,0.007243559588313006,0.012984720676239155,-0.005741161087926149,4.7460214584240346,3.662984720676239,1.0830367377477956,29.567055839311603,3.65,4.880126536819718,0.19820000000000002,0.054410113497979,natural,0.03,1.1,central
CT,s_c1,climate change,4.738777898835721,1.2406723504968242,1.3789656199866647,-0.13829326948984044,5.979450249332546,5.028965619986664,0.9504846293458815,18.900201376767455,3.65,4.880126536819718,0.19820000000000002,0.054410113497979,natural,0.03,1.1,central
CT,s_c1,ecotoxicity: freshwater,4.738777898835721,0.5156157560992968,0.26213411753369176,0.253481638565605,5.254393654935018,3.9121341175336917,1.342259537401326,34.31016159148246,3.65,4.880126536819718,0.19820000000000002,0.054410113497979,natural,0.03,1.1,central
CT,s_c1,eutrophication,4.738777898835721,0.3966937873591618,0.3694270839373155,0.027266703421846283,5.135471686194883,4.019427083937315,1.1160446022575679,27.76626068719034,3.65,4.880126536819718,0.19820000000000002,0.054410113497979,natural,0.03,1.1,central
CT,s_c1,particulate matter formation,4.738777898835721,2.2053800163677346,3.137234375011523,-0.9318543586437884,6.944157915203456,6.787234375011523,0.1569235401919329,2.3120395071323356,3.65,4.880126536819718,0.19820000000000002,0.054410113497979,natural,0.03,1.1,central
CT,s_c1,photochemical oxidant formation,4.738777898835721,0.06982055221827471,0.08965063216302423,-0.019830079944749515,4.808598451053996,3.7396506321630243,1.0689478188909716,28.584162640687353,3.65,4.880126536819718,0.19820000000000002,0.054410113497979,natural,0.03,1.1,central
CT,s_c1,_ALL_,4.738777898835721,4.4354260221296045,5.250396549308458,-0.8149705271788532,9.174203920965326,8.900396549308457,0.2738073716568685,3.0763502518114523,3.65,4.880126536819718,0.19820000000000002,0.054410113497979,natural,0.03,1.1,central
CT,s_c2,acidification,4.746721471553952,0.006139926301980664,0.012984720676239155,-0.006844794374258491,4.752861397855933,3.662984720676239,1.0898766771796944,29.75378715143774,3.65,5.0121139800371095,0.19820000000000002,0.054410113497979,natural,0.03,1.1,central
CT,s_c2,climate change,4.746721471553952,1.3107989916824505,1.3789656199866647,-0.06816662830421416,6.057520463236402,5.028965619986664,1.0285548432497382,20.45261234560728,3.65,5.0121139800371095,0.19820000000000002,0.054410113497979,natural,0.03,1.1,central
CT,s_c2,ecotoxicity: freshwater,4.746721471553952,0.38842047833782334,0.26213411753369176,0.12628636080413158,5.135141949891776,3.9121341175336917,1.2230078323580842,31.261909628218454,3.65,5.0121139800371095,0.19820000000000002,0.054410113497979,natural,0.03,1.1,central
CT,s_c2,eutrophication,4.746721471553952,0.2965536696527709,0.3694270839373155,-0.07287341428454458,5.043275141206723,4.019427083937315,1.023848057269408,25.472487394061044,3.65,5.0121139800371095,0.19820000000000002,0.054410113497979,natural,0.03,1.1,central
CT,s_c2,particulate matter formation,4.746721471553952,1.6603632593632853,3.137234375011523,-1.4768711156482377,6.407084730917237,6.787234375011523,-0.38014964409428575,-5.60095059475002,3.65,5.0121139800371095,0.19820000000000002,0.054410113497979,natural,0.03,1.1,central
CT,s_c2,photochemical oxidant formation,4.746721471553952,0.06730237851019835,0.08965063216302423,-0.022348253652825875,4.81402385006415,3.7396506321630243,1.074373217901126,28.729240337611582,3.65,5.0121139800371095,0.19820000000000002,0.054410113497979,natural,0.03,1.1,central
CT,s_c2,_ALL_,4.746721471553952,3.7295787038485093,5.250396549308458,-1.5208178454599484,8.47630017540246,8.900396549308457,-0.4240963739059964,-4.764915490635615,3.65,5.0121139800371095,0.19820000000000002,0.054410113497979,natural,0.03,1.1,central
CT,s_o1,acidification,5.860222445596032,0.00867894533134583,0.012984720676239162,-0.004305775344893332,5.868901390927378,3.662984720676239,2.205916670251139,60.221836520352596,3.65,6.442479926275974,0.19820000000000002,0.054410113497979,natural,0.03,1.1,central
CT,s_o1,climate change,5.860222445596032,1.7087586778009163,1.3789656199866647,0.3297930578142516,7.568981123396949,5.028965619986664,2.5400155034102845,50.50771262614081,3.65,6.442479926275974,0.19820000000000002,0.054410113497979,natural,0.03,1.1,central
CT,s_o1,ecotoxicity: freshwater,5.860222445596032,0.5278581919313156,0.26213411753369176,0.2657240743976238,6.388080637527348,3.9121341175336917,2.475946519993656,63.288896689323,3.65,6.442479926275974,0.19820000000000002,0.054410113497979,natural,0.03,1.1,central
CT,s_o1,eutrophication,5.860222445596032,0.49780553455121573,0.36942708393731544,0.1283784506139003,6.358027980147248,4.019427083937315,2.3386008962099325,58.182443601367844,3.65,6.442479926275974,0.19820000000000002,0.054410113497979,natural,0.03,1.1,central
CT,s_o1,particulate matter formation,5.860222445596032,2.370070411525469,3.137234375011525,-0.7671639634860559,8.230292857121501,6.787234375011525,1.4430584821099766,21.26136217459746,3.65,6.442479926275974,0.19820000000000002,0.054410113497979,natural,0.03,1.1,central
CT,s_o1,photochemical oxidant formation,5.860222445596032,0.09400157264608354,0.08965063216302427,0.004350940483059271,5.954224018242116,3.7396506321630243,2.214573386079092,59.21872399075356,3.65,6.442479926275974,0.19820000000000002,0.054410113497979,natural,0.03,1.1,central
CT,s_o1,_ALL_,5.860222445596032,5.207173333786346,5.2503965493084594,-0.04322321552211328,11.067395779382379,8.900396549308459,2.1669992300739196,24.347221138616465,3.65,6.442479926275974,0.19820000000000002,0.054410113497979,natural,0.03,1.1,central
CT,s_o2,acidification,4.879345942025791,0.004775664598893098,0.012984720676239162,-0.008209056077346063,4.884121606624684,3.662984720676239,1.2211368859484453,33.337209381616155,3.65,5.698467857926802,0.19820000000000002,0.054410113497979,natural,0.03,1.1,central
CT,s_o2,climate change,4.879345942025791,0.9241675946370899,1.3789656199866647,-0.4547980253495748,5.803513536662881,5.028965619986664,0.7745479166762168,15.401734177659197,3.65,5.698467857926802,0.19820000000000002,0.054410113497979,natural,0.03,1.1,central
CT,s_o2,ecotoxicity: freshwater,4.879345942025791,0.29266063427854083,0.26213411753369176,0.030526516744849075,5.172006576304332,3.9121341175336917,1.2598724587706402,32.20422462318076,3.65,5.698467857926802,0.19820000000000002,0.054410113497979,natural,0.03,1.1,central
CT,s_o2,eutrophication,4.879345942025791,0.2755531627603797,0.36942708393731544,-0.09387392117693572,5.154899104786171,4.019427083937315,1.135472020848856,28.249598689984946,3.65,5.698467857926802,0.19820000000000002,0.054410113497979,natural,0.03,1.1,central
CT,s_o2,particulate matter formation,4.879345942025791,1.3109297291828033,3.137234375011525,-1.8263046458287215,6.190275671208594,6.787234375011525,-0.5969587038029305,-8.79531589480313,3.65,5.698467857926802,0.19820000000000002,0.054410113497979,natural,0.03,1.1,central
CT,s_o2,photochemical oxidant formation,4.879345942025791,0.0512347437970264,0.08965063216302427,-0.038415888365997866,4.930580685822818,3.7396506321630243,1.1909300536597938,31.846024423168014,3.65,5.698467857926802,0.19820000000000002,0.054410113497979,natural,0.03,1.1,central
CT,s_o2,_ALL_,4.879345942025791,2.859321529254733,5.2503965493084594,-2.3910750200537265,7.738667471280524,8.900396549308459,-1.1617290780279346,-13.052554137244574,3.65,5.698467857926802,0.19820000000000002,0.054410113497979,natural,0.03,1.1,central
DC,s_c1,acidification,4.369977059475093,0.010614567576104638,0.012984720676239155,-0.002370153100134517,4.3805916270511975,3.662984720676239,0.7176069063749586,19.5907698529105,3.65,4.510028769755291,0.1336,0.05281567793759866,natural,0.03,1.1,central
DC,s_c1,climate change,4.369977059475093,1.7418698481693882,1.3789656199866647,0.3629042281827235,6.111846907644481,5.028965619986664,1.082881287657817,21.53288309138786,3.65,4.510028769755291,0.1336,0.05281567793759866,natural,0.03,1.1,central
DC,s_c1,ecotoxicity: freshwater,4.369977059475093,0.5696429864711543,0.26213411753369176,0.30750886893746254,4.939620045946247,3.9121341175336917,1.0274859284125557,26.264077292429555,3.65,4.510028769755291,0.1336,0.05281567793759866,natural,0.03,1.1,central
DC,s_c1,eutrophication,4.369977059475093,0.6547195715229339,0.3694270839373155,0.2852924875856184,5.024696630998027,4.019427083937315,1.0052695470607116,25.010269525177666,3.65,4.510028769755291,0.1336,0.05281567793759866,natural,0.03,1.1,central
DC,s_c1,particulate matter formation,4.369977059475093,3.6320956899574277,3.137234375011523,0.4948613149459047,8.002072749432521,6.787234375011523,1.2148383744209985,17.89887172444868,3.65,4.510028769755291,0.1336,0.05281567793759866,natural,0.03,1.1,central
DC,s_c1,photochemical oxidant formation,4.369977059475093,0.08465510540652815,0.08965063216302423,-0.004995526756496074,4.454632164881621,3.7396506321630243,0.7149815327185971,19.118939255163784,3.65,4.510028769755291,0.1336,0.05281567793759866,natural,0.03,1.1,central
DC,s_c1,_ALL_,4.369977059475093,6.693597769103538,5.250396549308458,1.44320121979508,11.06357482857863,8.900396549308457,2.1631782792701735,24.304291019912455,3.65,4.510028769755291,0.1336,0.05281567793759866,natural,0.03,1.1,central
DC,s_c2,acidification,4.346469086562161,0.008840986011642338,0.012984720676239155,-0.004143734664596816,4.355310072573803,3.662984720676239,0.6923253518975643,18.90057984652885,3.65,4.610455813158748,0.1336,0.05281567793759866,natural,0.03,1.1,central
DC,s_c2,climate change,4.346469086562161,1.7123893683440825,1.3789656199866647,0.33342374835741784,6.058858454906243,5.028965619986664,1.029892834919579,20.479218048866084,3.65,4.610455813158748,0.1336,0.05281567793759866,natural,0.03,1.1,central
DC,s_c2,ecotoxicity: freshwater,4.346469086562161,0.4317104306934788,0.26213411753369176,0.16957631315978705,4.77817951725564,3.9121341175336917,0.8660453997219482,22.13741588869466,3.65,4.610455813158748,0.1336,0.05281567793759866,natural,0.03,1.1,central
DC,s_c2,eutrophication,4.346469086562161,0.5032998571974632,0.3694270839373155,0.13387277326014768,4.849768943759624,4.019427083937315,0.8303418598223091,20.65821427985528,3.65,4.610455813158748,0.1336,0.05281567793759866,natural,0.03,1.1,central
DC,s_c2,particulate matter formation,4.346469086562161,2.8035359356168597,3.137234375011523,-0.33369843939466337,7.150005022179021,6.787234375011523,0.36277064716749763,5.34489642059667,3.65,4.610455813158748,0.1336,0.05281567793759866,natural,0.03,1.1,central
DC,s_c2,photochemical oxidant formation,4.346469086562161,0.07918873833869403,0.08965063216302423,-0.010461893824330201,4.425657824900855,3.7396506321630243,0.6860071927378311,18.344151906538997,3.65,4.610455813158748,0.1336,0.05281567793759866,natural,0.03,1.1,central
DC,s_c2,_ALL_,4.346469086562161,5.538965316202221,5.250396549308458,0.2885687668937633,9.885434402764382,8.900396549308457,0.9850378534559248,11.067347932182418,3.65,4.610455813158748,0.1336,0.05281567793759866,natural,0.03,1.1,central
DC,s_o1,acidification,5.523678949837864,0.011684423453243581,0.012984720676239162,-0.001300297222995581,5.535363373291108,3.662984720676239,1.8723786526148687,51.11620155131854,3.65,6.1047529392222355,0.1336,0.05281567793759866,natural,0.03,1.1,central
DC,s_o1,climate change,5.523678949837864,2.155609625487812,1.3789656199866647,0.7766440055011472,7.679288575325676,5.028965619986664,2.6503229553390115,52.7011547823236,3.65,6.1047529392222355,0.1336,0.05281567793759866,natural,0.03,1.1,central
DC,s_o1,ecotoxicity: freshwater,5.523678949837864,0.576027065887536,0.26213411753369176,0.3138929483538443,6.0997060157254,3.9121341175336917,2.1875718981917083,55.91760999162291,3.65,6.1047529392222355,0.1336,0.05281567793759866,natural,0.03,1.1,central
DC,s_o1,eutrophication,5.523678949837864,0.7278527050112764,0.36942708393731544,0.358425621073961,6.25153165484914,4.019427083937315,2.232104570911825,55.532903677539025,3.65,6.1047529392222355,0.1336,0.05281567793759866,natural,0.03,1.1,central
DC,s_o1,particulate matter formation,5.523678949837864,3.642082450260359,3.137234375011525,0.5048480752488342,9.165761400098223,6.787234375011525,2.378527025086698,35.044126866219486,3.65,6.1047529392222355,0.1336,0.05281567793759866,natural,0.03,1.1,central
DC,s_o1,photochemical oxidant formation,5.523678949837864,0.10722756475790649,0.08965063216302427,0.017576932594882216,5.63090651459577,3.7396506321630243,1.8912558824327457,50.573063327545064,3.65,6.1047529392222355,0.1336,0.05281567793759866,natural,0.03,1.1,central
DC,s_o1,_ALL_,5.523678949837864,7.220483834858133,5.2503965493084594,1.9700872855496732,12.744162784695996,8.900396549308459,3.8437662353875375,43.18646044693581,3.65,6.1047529392222355,0.1336,0.05281567793759866,natural,0.03,1.1,central
DC,s_o2,acidification,4.546555999436684,0.0064219180082786,0.012984720676239162,-0.006562802667960562,4.552977917444963,3.662984720676239,0.889993196768724,24.296939917467597,3.65,5.364507623814396,0.1336,0.05281567793759866,natural,0.03,1.1,central
DC,s_o2,climate change,4.546555999436684,1.1689306127928145,1.3789656199866647,-0.21003500719385015,5.7154866122294985,5.028965619986664,0.6865209922428344,13.65133596289439,3.65,5.364507623814396,0.1336,0.05281567793759866,natural,0.03,1.1,central
DC,s_o2,ecotoxicity: freshwater,4.546555999436684,0.3190451793527259,0.26213411753369176,0.05691106181903416,4.86560117878941,3.9121341175336917,0.9534670612557181,24.372044326967192,3.65,5.364507623814396,0.1336,0.05281567793759866,natural,0.03,1.1,central
DC,s_o2,eutrophication,4.546555999436684,0.4015617122587301,0.3694270839373155,0.032134628321414616,4.9481177116954145,4.019427083937315,0.9286906277580993,23.105049758692992,3.65,5.364507623814396,0.1336,0.05281567793759866,natural,0.03,1.1,central
DC,s_o2,particulate matter formation,4.546555999436684,2.00767549495283,3.137234375011525,-1.1295588800586946,6.554231494389514,6.787234375011525,-0.2330028806220108,-3.432957634111687,3.65,5.364507623814396,0.1336,0.05281567793759866,natural,0.03,1.1,central
DC,s_o2,photochemical oxidant formation,4.546555999436684,0.05847929315772704,0.08965063216302427,-0.031171339005297227,4.605035292594411,3.7396506321630243,0.8653846604313866,23.14078895468494,3.65,5.364507623814396,0.1336,0.05281567793759866,natural,0.03,1.1,central
DC,s_o2,_ALL_,4.546555999436684,3.9621142105231066,5.2503965493084594,-1.2882823387853528,8.50867020995979,8.900396549308459,-0.3917263393486685,-4.401223441882539,3.65,5.364507623814396,0.1336,0.05281567793759866,natural,0.03,1.1,central
DE,s_c1,acidification,3.9529588456463305,0.010614567576104638,0.012984720676239155,-0.002370153100134517,3.963573413222435,3.662984720676239,0.30058869254619625,8.206113742421053,3.65,4.09154406665992,0.0852,0.023318620070562426,natural,0.03,1.1,central
DE,s_c1,climate change,3.9529588456463305,1.7418698481693882,1.3789656199866647,0.3629042281827235,5.694828693815719,5.028965619986664,0.6658630738290547,13.240557286427034,3.65,4.09154406665992,0.0852,0.023318620070562426,natural,0.03,1.1,central
DE,s_c1,ecotoxicity: freshwater,3.9529588456463305,0.5696429864711543,0.26213411753369176,0.30750886893746254,4.522601832117485,3.9121341175336917,0.6104677145837933,15.604467951335156,3.65,4.09154406665992,0.0852,0.023318620070562426,natural,0.03,1.1,central
DE,s_c1,eutrophication,3.9529588456463305,0.6547195715229339,0.3694270839373155,0.2852924875856184,4.607678417169264,4.019427083937315,0.5882513332319492,14.63520349909458,3.65,4.09154406665992,0.0852,0.023318620070562426,natural,0.03,1.1,central
DE,s_c1,particulate matter formation,3.9529588456463305,3.6320956899574277,3.137234375011523,0.4948613149459047,7.585054535603758,6.787234375011523,0.7978201605922353,11.754716523854839,3.65,4.09154406665992,0.0852,0.023318620070562426,natural,0.03,1.1,central
DE,s_c1,photochemical oxidant formation,3.9529588456463305,0.08465510540652815,0.08965063216302423,-0.004995526756496074,4.037613951052859,3.7396506321630243,0.29796331888983474,7.967677951709942,3.65,4.09154406665992,0.0852,0.023318620070562426,natural,0.03,1.1,central
DE,s_c1,_ALL_,3.9529588456463305,6.693597769103538,5.250396549308458,1.44320121979508,10.64655661474987,8.900396549308457,1.746160065441412,19.61890187440115,3.65,4.09154406665992,0.0852,0.023318620070562426,natural,0.03,1.1,central
DE,s_c2,acidification,3.9058865568115997,0.008840986011642338,0.012984720676239155,-0.004143734664596816,3.914727542823242,3.662984720676239,0.25174282214700305,6.8726145846583755,3.65,4.168325852429414,0.0852,0.023318620070562426,natural,0.03,1.1,central
DE,s_c2,climate change,3.9058865568115997,1.7123893683440825,1.3789656199866647,0.33342374835741784,5.618275925155682,5.028965619986664,0.5893103051690183,11.718320420145982,3.65,4.168325852429414,0.0852,0.023318620070562426,natural,0.03,1.1,central
DE,s_c2,ecotoxicity: freshwater,3.9058865568115997,0.4317104306934788,0.26213411753369176,0.16957631315978705,4.337596987505078,3.9121341175336917,0.4254628699713865,10.87546738401722,3.65,4.168325852429414,0.0852,0.023318620070562426,natural,0.03,1.1,central
DE,s_c2,eutrophication,3.9058865568115997,0.5032998571974632,0.3694270839373155,0.13387277326014768,4.409186414009063,4.019427083937315,0.38975933007174746,9.696887689027323,3.65,4.168325852429414,0.0852,0.023318620070562426,natural,0.03,1.1,central
DE,s_c2,particulate matter formation,3.9058865568115997,2.8035359356168597,3.137234375011523,-0.33369843939466337,6.709422492428459,6.787234375011523,-0.07781188258306404,-1.146444608860762,3.65,4.168325852429414,0.0852,0.023318620070562426,natural,0.03,1.1,central
DE,s_c2,photochemical oxidant formation,3.9058865568115997,0.07918873833869403,0.08965063216302423,-0.010461893824330201,3.9850752951502937,3.7396506321630243,0.2454246629872694,6.562769818027496,3.65,4.168325852429414,0.0852,0.023318620070562426,natural,0.03,1.1,central
DE,s_c2,_ALL_,3.9058865568115997,5.538965316202221,5.250396549308458,0.2885687668937633,9.444851873013821,8.900396549308457,0.544455323705364,6.117202988530518,3.65,4.168325852429414,0.0852,0.023318620070562426,natural,0.03,1.1,central
DE,s_o1,acidification,5.021394093823938,0.011684423453243581,0.012984720676239162,-0.001300297222995581,5.033078517277182,3.662984720676239,1.3700937966009428,37.40375407157047,3.65,5.6007017446444065,0.0852,0.023318620070562426,natural,0.03,1.1,central
DE,s_o1,climate change,5.021394093823938,2.155609625487812,1.3789656199866647,0.7766440055011472,7.17700371931175,5.028965619986664,2.1480380993250856,42.713318436461726,3.65,5.6007017446444065,0.0852,0.023318620070562426,natural,0.03,1.1,central
DE,s_o1,ecotoxicity: freshwater,5.021394093823938,0.576027065887536,0.26213411753369176,0.3138929483538443,5.597421159711474,3.9121341175336917,1.6852870421777824,43.07845773038655,3.65,5.6007017446444065,0.0852,0.023318620070562426,natural,0.03,1.1,central
DE,s_o1,eutrophication,5.021394093823938,0.7278527050112764,0.36942708393731544,0.358425621073961,5.749246798835214,4.019427083937315,1.729819714897899,43.03647457148091,3.65,5.6007017446444065,0.0852,0.023318620070562426,natural,0.03,1.1,central
DE,s_o1,particulate matter formation,5.021394093823938,3.642082450260359,3.137234375011525,0.5048480752488342,8.663476544084297,6.787234375011525,1.8762421690727722,27.64369204606385,3.65,5.6007017446444065,0.0852,0.023318620070562426,natural,0.03,1.1,central
DE,s_o1,photochemical oxidant formation,5.021394093823938,0.10722756475790649,0.08965063216302427,0.017576932594882216,5.128621658581844,3.7396506321630243,1.3889710264188198,37.14173229105723,3.65,5.6007017446444065,0.0852,0.023318620070562426,natural,0.03,1.1,central
DE,s_o1,_ALL_,5.021394093823938,7.220483834858133,5.2503965493084594,1.9700872855496732,12.24187792868207,8.900396549308459,3.3414813793736116,37.54306182720856,3.65,5.6007017446444065,0.0852,0.023318620070562426,natural,0.03,1.1,central
DE,s_o2,acidification,4.047083403072646,0.0064219180082786,0.012984720676239162,-0.006562802667960562,4.053505321080925,3.662984720676239,0.39052060040468595,10.661267523185035,3.65,4.863278578499116,0.0852,0.023318620070562426,natural,0.03,1.1,central
DE,s_o2,climate change,4.047083403072646,1.1689306127928145,1.3789656199866647,-0.21003500719385015,5.21601401586546,5.028965619986664,0.1870483958787963,3.7194208513855838,3.65,4.863278578499116,0.0852,0.023318620070562426,natural,0.03,1.1,central
DE,s_o2,ecotoxicity: freshwater,4.047083403072646,0.3190451793527259,0.26213411753369176,0.05691106181903416,4.366128582425372,3.9121341175336917,0.45399446489168005,11.604777629093393,3.65,4.863278578499116,0.0852,0.023318620070562426,natural,0.03,1.1,central
DE,s_o2,eutrophication,4.047083403072646,0.4015617122587301,0.3694270839373155,0.032134628321414616,4.448645115331376,4.019427083937315,0.42921803139406123,10.67858733174509,3.65,4.863278578499116,0.0852,0.023318620070562426,natural,0.03,1.1,central
DE,s_o2,particulate matter formation,4.047083403072646,2.00767549495283,3.137234375011525,-1.1295588800586946,6.054758898025476,6.787234375011525,-0.7324754769860489,-10.791957909731165,3.65,4.863278578499116,0.0852,0.023318620070562426,natural,0.03,1.1,central
DE,s_o2,photochemical oxidant formation,4.047083403072646,0.05847929315772704,0.08965063216302427,-0.031171339005297227,4.105562696230373,3.7396506321630243,0.36591206406734855,9.784659051311005,3.65,4.863278578499116,0.0852,0.023318620070562426,natural,0.03,1.1,central
DE,s_o2,_ALL_,4.047083403072646,3.9621142105231066,5.2503965493084594,-1.2882823387853528,8.009197613595752,8.900396549308459,-0.8911989357127066,-10.013025046417182,3.65,4.863278578499116,0.0852,0.023318620070562426,natural,0.03,1.1,central
FL,s_c1,acidification,4.119046912826276,0.009501082645918991,0.012984720676239158,-0.0034836380303201672,4.128547995472195,3.662984720676239,0.4655632747959557,12.70994312829146,3.65,4.25821620033997,0.0901,0.05122124237721832,natural,0.03,1.1,central
FL,s_c1,climate change,4.119046912826276,1.7385878387015377,1.3789656199866647,0.359622218714873,5.857634751527813,5.028965619986664,0.8286691315411492,16.477923974022843,3.65,4.25821620033997,0.0901,0.05122124237721832,natural,0.03,1.1,central
FL,s_c1,ecotoxicity: freshwater,4.119046912826276,0.5676574079131418,0.26213411753369176,0.30552329037945003,4.686704320739418,3.9121341175336917,0.7745702032057262,19.7991730328007,3.65,4.25821620033997,0.0901,0.05122124237721832,natural,0.03,1.1,central
FL,s_c1,eutrophication,4.119046912826276,0.6649151328433093,0.3694270839373155,0.2954880489059938,4.783962045669585,4.019427083937315,0.7645349617322701,19.020993434301925,3.65,4.25821620033997,0.0901,0.05122124237721832,natural,0.03,1.1,central
FL,s_c1,particulate matter formation,4.119046912826276,3.8772828167647706,3.137234375011523,0.7400484417532476,7.9963297295910465,6.787234375011523,1.2090953545795236,17.814256702715838,3.65,4.25821620033997,0.0901,0.05122124237721832,natural,0.03,1.1,central
FL,s_c1,photochemical oxidant formation,4.119046912826276,0.0832175387938008,0.08965063216302423,-0.0064330933692234304,4.202264451620077,3.7396506321630243,0.4626138194570526,12.370509038419867,3.65,4.25821620033997,0.0901,0.05122124237721832,natural,0.03,1.1,central
FL,s_c1,_ALL_,4.119046912826276,6.941161817662479,5.250396549308458,1.6907652683540215,11.060208730488755,8.900396549308457,2.159812181180298,24.266471378155742,3.65,4.25821620033997,0.0901,0.05122124237721832,natural,0.03,1.1,central
FL,s_c2,acidification,4.074360267545611,0.007948793144365812,0.012984720676239155,-0.005035927531873343,4.082309060689977,3.662984720676239,0.4193243400137381,11.447613680908962,3.65,4.337391283037671,0.0901,0.05122124237721832,natural,0.03,1.1,central
FL,s_c2,climate change,4.074360267545611,1.7097596197429388,1.3789656199866647,0.3307939997562741,5.78411988728855,5.028965619986664,0.7551542673018856,15.01609524433154,3.65,4.337391283037671,0.0901,0.05122124237721832,natural,0.03,1.1,central
FL,s_c2,ecotoxicity: freshwater,4.074360267545611,0.4301194625727152,0.26213411753369176,0.16798534503902346,4.504479730118327,3.9121341175336917,0.5923456125846349,15.141239916336627,3.65,4.337391283037671,0.0901,0.05122124237721832,natural,0.03,1.1,central
FL,s_c2,eutrophication,4.074360267545611,0.511469170352337,0.3694270839373155,0.14204208641502147,4.585829437897948,4.019427083937315,0.5664023539606324,14.091619082334516,3.65,4.337391283037671,0.0901,0.05122124237721832,natural,0.03,1.1,central
FL,s_c2,particulate matter formation,4.074360267545611,2.999994998290538,3.137234375011523,-0.13723937672098518,7.074355265836148,6.787234375011523,0.28712089082462544,4.230307588636027,3.65,4.337391283037671,0.0901,0.05122124237721832,natural,0.03,1.1,central
FL,s_c2,photochemical oxidant formation,4.074360267545611,0.0780368712201185,0.08965063216302423,-0.011613760942905726,4.152397138765729,3.7396506321630243,0.41274650660270495,11.037033862277429,3.65,4.337391283037671,0.0901,0.05122124237721832,natural,0.03,1.1,central
FL,s_c2,_ALL_,4.074360267545611,5.737328915323013,5.250396549308458,0.48693236601455503,9.811689182868623,8.900396549308457,0.9112926335601657,10.23878687327669,3.65,4.337391283037671,0.0901,0.05122124237721832,natural,0.03,1.1,central
FL,s_o1,acidification,5.292456412575644,0.010691677482644992,0.012984720676239162,-0.00229304319359417,5.303148090058289,3.662984720676239,1.64016336938205,44.77669153583727,3.65,5.872717283110185,0.0901,0.05122124237721832,natural,0.03,1.1,central
FL,s_o1,climate change,5.292456412575644,2.1526834954735232,1.3789656199866647,0.7737178754868586,7.445139908049168,5.028965619986664,2.4161742880625035,48.04515422535163,3.65,5.872717283110185,0.0901,0.05122124237721832,natural,0.03,1.1,central
FL,s_o1,ecotoxicity: freshwater,5.292456412575644,0.5742567903684541,0.26213411753369176,0.31212267283476236,5.866713202944099,3.9121341175336917,1.954579085410407,49.96196517522827,3.65,5.872717283110185,0.0901,0.05122124237721832,natural,0.03,1.1,central
FL,s_o1,eutrophication,5.292456412575644,0.7369427269275189,0.36942708393731544,0.3675156429902035,6.029399139503163,4.019427083937315,2.0099720555658482,50.006431603106414,3.65,5.872717283110185,0.0901,0.05122124237721832,natural,0.03,1.1,central
FL,s_o1,particulate matter formation,5.292456412575644,3.860683102664386,3.137234375011525,0.7234487276528614,9.153139515240031,6.787234375011525,2.3659051402285067,34.85816180061543,3.65,5.872717283110185,0.0901,0.05122124237721832,natural,0.03,1.1,central
FL,s_o1,photochemical oxidant formation,5.292456412575644,0.1059458783842847,0.08965063216302427,0.016295246221260426,5.398402290959929,3.7396506321630243,1.6587516587969047,44.355792076691344,3.65,5.872717283110185,0.0901,0.05122124237721832,natural,0.03,1.1,central
FL,s_o1,_ALL_,5.292456412575644,7.441203671300812,5.2503965493084594,2.1908071219923526,12.733660083876456,8.900396549308459,3.8332635345679975,43.06845783029559,3.65,5.872717283110185,0.0901,0.05122124237721832,natural,0.03,1.1,central
FL,s_o2,acidification,4.317861009587071,0.005878140488540842,0.012984720676239162,-0.00710658018769832,4.323739150075612,3.662984720676239,0.6607544293993732,18.03868920527161,3.65,5.135008403506496,0.0901,0.05122124237721832,natural,0.03,1.1,central
FL,s_o2,climate change,4.317861009587071,1.1673278223824533,1.3789656199866647,-0.21163779760421142,5.485188831969524,5.028965619986664,0.4562232119828602,9.071909542783272,3.65,5.135008403506496,0.0901,0.05122124237721832,natural,0.03,1.1,central
FL,s_o2,ecotoxicity: freshwater,4.317861009587071,0.31807550930668343,0.26213411753369176,0.05594139177299168,4.635936518893755,3.9121341175336917,0.723802401360063,18.50147207673868,3.65,5.135008403506496,0.0901,0.05122124237721832,natural,0.03,1.1,central
FL,s_o2,eutrophication,4.317861009587071,0.40654078013547595,0.3694270839373155,0.03711369619816046,4.724401789722547,4.019427083937315,0.704974705785232,17.539183845441453,3.65,5.135008403506496,0.0901,0.05122124237721832,natural,0.03,1.1,central
FL,s_o2,particulate matter formation,4.317861009587071,2.127414203643476,3.137234375011525,-1.0098201713680486,6.4452752132305475,6.787234375011525,-0.3419591617809772,-5.0382695349369975,3.65,5.135008403506496,0.0901,0.05122124237721832,natural,0.03,1.1,central
FL,s_o2,photochemical oxidant formation,4.317861009587071,0.05777724826611241,0.08965063216302427,-0.031873383896911855,4.375638257853184,3.7396506321630243,0.6359876256901593,17.006605382340283,3.65,5.135008403506496,0.0901,0.05122124237721832,natural,0.03,1.1,central
FL,s_o2,_ALL_,4.317861009587071,4.083013704222742,5.2503965493084594,-1.1673828450857178,8.400874713809813,8.900396549308459,-0.4995218354986459,-5.612354828588594,3.65,5.135008403506496,0.0901,0.05122124237721832,natural,0.03,1.1,central
GA,s_c1,acidification,4.0740649448240855,0.009501082645918991,0.012984720676239155,-0.0034836380303201638,4.083566027470004,3.662984720676239,0.4205813067937654,11.481929051457254,3.65,4.213076048423284,0.0691,0.0657704668656889,natural,0.03,1.1,central
GA,s_c1,climate change,4.0740649448240855,1.7385878387015377,1.3789656199866647,0.359622218714873,5.812652783525623,5.028965619986664,0.7836871635389588,15.583466318090219,3.65,4.213076048423284,0.0691,0.0657704668656889,natural,0.03,1.1,central
GA,s_c1,ecotoxicity: freshwater,4.0740649448240855,0.5676574079131418,0.26213411753369176,0.30552329037945003,4.6417223527372276,3.9121341175336917,0.7295882352035359,18.64936664450264,3.65,4.213076048423284,0.0691,0.0657704668656889,natural,0.03,1.1,central
GA,s_c1,eutrophication,4.0740649448240855,0.6649151328433093,0.3694270839373155,0.2954880489059938,4.738980077667395,4.019427083937315,0.7195529937300797,17.901879514262173,3.65,4.213076048423284,0.0691,0.0657704668656889,natural,0.03,1.1,central
GA,s_c1,particulate matter formation,4.0740649448240855,3.8772828167647706,3.137234375011523,0.7400484417532476,7.951347761588856,6.787234375011523,1.1641133865773332,17.15151300599306,3.65,4.213076048423284,0.0691,0.0657704668656889,natural,0.03,1.1,central
GA,s_c1,photochemical oxidant formation,4.0740649448240855,0.0832175387938008,0.08965063216302423,-0.0064330933692234304,4.1572824836178865,3.7396506321630243,0.41763185145486226,11.167670259435514,3.65,4.213076048423284,0.0691,0.0657704668656889,natural,0.03,1.1,central
GA,s_c1,_ALL_,4.0740649448240855,6.941161817662479,5.250396549308458,1.6907652683540215,11.015226762486565,8.900396549308457,2.1148302131781076,23.761078525680137,3.65,4.213076048423284,0.0691,0.0657704668656889,natural,0.03,1.1,central
GA,s_c2,acidification,4.019154112883136,0.007948793144365812,0.012984720676239155,-0.005035927531873343,4.027102906027502,3.662984720676239,0.36411818535126317,9.94047786483919,3.65,4.281991231186417,0.0691,0.0657704668656889,natural,0.03,1.1,central
GA,s_c2,climate change,4.019154112883136,1.7097596197429388,1.3789656199866647,0.3307939997562741,5.728913732626075,5.028965619986664,0.6999481126394107,13.918331631809144,3.65,4.281991231186417,0.0691,0.0657704668656889,natural,0.03,1.1,central
GA,s_c2,ecotoxicity: freshwater,4.019154112883136,0.4301194625727152,0.26213411753369176,0.16798534503902346,4.449273575455852,3.9121341175336917,0.53713945792216,13.73008802317816,3.65,4.281991231186417,0.0691,0.0657704668656889,natural,0.03,1.1,central
GA,s_c2,eutrophication,4.019154112883136,0.511469170352337,0.3694270839373155,0.14204208641502147,4.530623283235473,4.019427083937315,0.5111961992981575,12.718135908996375,3.65,4.281991231186417,0.0691,0.0657704668656889,natural,0.03,1.1,central
GA,s_c2,particulate matter formation,4.019154112883136,2.999994998290538,3.137234375011523,-0.13723937672098518,7.0191491111736735,6.787234375011523,0.23191473616215053,3.4169254124476405,3.65,4.281991231186417,0.0691,0.0657704668656889,natural,0.03,1.1,central
GA,s_c2,photochemical oxidant formation,4.019154112883136,0.0780368712201185,0.08965063216302423,-0.011613760942905726,4.097190984103254,3.7396506321630243,0.35754035194023004,9.560795569115175,3.65,4.281991231186417,0.0691,0.0657704668656889,natural,0.03,1.1,central
GA,s_c2,_ALL_,4.019154112883136,5.737328915323013,5.250396549308458,0.48693236601455503,9.756483028206148,8.900396549308457,0.8560864788976907,9.618520637310333,3.65,4.281991231186417,0.0691,0.0657704668656889,natural,0.03,1.1,central
GA,s_o1,acidification,5.316220923320787,0.010691677482644992,0.012984720676239162,-0.00229304319359417,5.326912600803432,3.662984720676239,1.663927880127193,45.4254660341583,3.65,5.896565364305997,0.0691,0.0657704668656889,natural,0.03,1.1,central
GA,s_o1,climate change,5.316220923320787,2.1526834954735232,1.3789656199866647,0.7737178754868586,7.4689044187943106,5.028965619986664,2.4399387988076464,48.51770688410705,3.65,5.896565364305997,0.0691,0.0657704668656889,natural,0.03,1.1,central
GA,s_o1,ecotoxicity: freshwater,5.316220923320787,0.5742567903684541,0.26213411753369176,0.31212267283476236,5.890477713689242,3.9121341175336917,1.97834359615555,50.5694216179569,3.65,5.896565364305997,0.0691,0.0657704668656889,natural,0.03,1.1,central
GA,s_o1,eutrophication,5.316220923320787,0.7369427269275189,0.36942708393731544,0.3675156429902035,6.053163650248306,4.019427083937315,2.033736566310991,50.59767284841006,3.65,5.896565364305997,0.0691,0.0657704668656889,natural,0.03,1.1,central
GA,s_o1,particulate matter formation,5.316220923320787,3.860683102664386,3.137234375011525,0.7234487276528614,9.176904025985174,6.787234375011525,2.389669650973649,35.20829720823647,3.65,5.896565364305997,0.0691,0.0657704668656889,natural,0.03,1.1,central
GA,s_o1,photochemical oxidant formation,5.316220923320787,0.1059458783842847,0.08965063216302427,0.016295246221260426,5.422166801705072,3.7396506321630243,1.6825161695420476,44.991266164584886,3.65,5.896565364305997,0.0691,0.0657704668656889,natural,0.03,1.1,central
GA,s_o1,_ALL_,5.316220923320787,7.441203671300812,5.2503965493084594,2.1908071219923526,12.7574245946216,8.900396549308459,3.8570280453131414,43.33546290825462,3.65,5.896565364305997,0.0691,0.0657704668656889,natural,0.03,1.1,central
GA,s_o2,acidification,4.342845715634849,0.005878140488540842,0.012984720676239162,-0.00710658018769832,4.34872385612339,3.662984720676239,0.6857391354471507,18.72077520761685,3.65,5.1600809709525866,0.0691,0.0657704668656889,natural,0.03,1.1,central
GA,s_o2,climate change,4.342845715634849,1.1673278223824533,1.3789656199866647,-0.21163779760421142,5.510173538017302,5.028965619986664,0.48120791803063767,9.568725547022407,3.65,5.1600809709525866,0.0691,0.0657704668656889,natural,0.03,1.1,central
GA,s_o2,ecotoxicity: freshwater,4.342845715634849,0.31807550930668343,0.26213411753369176,0.05594139177299168,4.660921224941532,3.9121341175336917,0.7487871074078405,19.140118536628666,3.65,5.1600809709525866,0.0691,0.0657704668656889,natural,0.03,1.1,central
GA,s_o2,eutrophication,4.342845715634849,0.40654078013547595,0.36942708393731544,0.03711369619816052,4.749386495770325,4.019427083937315,0.7299594118330095,18.16078253416062,3.65,5.1600809709525866,0.0691,0.0657704668656889,natural,0.03,1.1,central
GA,s_o2,particulate matter formation,4.342845715634849,2.127414203643476,3.137234375011525,-1.0098201713680486,6.470259919278325,6.787234375011525,-0.3169744557331997,-4.670156329066822,3.65,5.1600809709525866,0.0691,0.0657704668656889,natural,0.03,1.1,central
GA,s_o2,photochemical oxidant formation,4.342845715634849,0.05777724826611241,0.08965063216302427,-0.031873383896911855,4.400622963900961,3.7396506321630243,0.6609723317379368,17.67470806104763,3.65,5.1600809709525866,0.0691,0.0657704668656889,natural,0.03,1.1,central
GA,s_o2,_ALL_,4.342845715634849,4.083013704222742,5.2503965493084594,-1.1673828450857178,8.425859419857591,8.900396549308459,-0.47453712945086757,-5.331640301888999,3.65,5.1600809709525866,0.0691,0.0657704668656889,natural,0.03,1.1,central
HI,s_c1,acidification,5.431109985717519,0.023042369095178847,0.012984720676239155,0.010057648418939693,5.454152354812698,3.662984720676239,1.791167634136459,48.89912928181104,3.65,5.574893283734455,0.3177,0.059392724624167545,natural,0.03,1.1,central
HI,s_c1,climate change,5.431109985717519,2.440762022139312,1.3789656199866647,1.0617964021526474,7.871872007856831,5.028965619986664,2.8429063878701673,56.53063875743311,3.65,5.574893283734455,0.3177,0.059392724624167545,natural,0.03,1.1,central
HI,s_c1,ecotoxicity: freshwater,5.431109985717519,0.6287349591759708,0.26213411753369176,0.366600841642279,6.05984494489349,3.9121341175336917,2.147710827359798,54.89870139507818,3.65,5.574893283734455,0.3177,0.059392724624167545,natural,0.03,1.1,central
HI,s_c1,eutrophication,5.431109985717519,0.9554651849042196,0.3694270839373155,0.5860381009669041,6.386575170621739,4.019427083937315,2.3671480866844234,58.89267393714313,3.65,5.574893283734455,0.3177,0.059392724624167545,natural,0.03,1.1,central
HI,s_c1,particulate matter formation,5.431109985717519,8.87082241088564,3.137234375011523,5.733588035874117,14.30193239660316,6.787234375011523,7.514698021591637,110.71811589796292,3.65,5.574893283734455,0.3177,0.059392724624167545,natural,0.03,1.1,central
HI,s_c1,photochemical oxidant formation,5.431109985717519,0.16925380413668928,0.08965063216302423,0.07960317197366505,5.6003637898542085,3.7396506321630243,1.8607131576911842,49.756336639793076,3.65,5.574893283734455,0.3177,0.059392724624167545,natural,0.03,1.1,central
HI,s_c1,_ALL_,5.431109985717519,13.088080750337012,5.250396549308458,7.837684201028554,18.519190736054533,8.900396549308457,9.618794186746076,108.07152393107064,3.65,5.574893283734455,0.3177,0.059392724624167545,natural,0.03,1.1,central
HI,s_c2,acidification,5.497234049193087,0.01878509945999576,0.012984720676239155,0.005800378783756605,5.516019148653083,3.662984720676239,1.8530344279768438,50.588101487760156,3.65,5.7652651808172735,0.3177,0.059392724624167545,natural,0.03,1.1,central
HI,s_c2,climate change,5.497234049193087,2.2843143315193553,1.3789656199866647,0.9053487115326906,7.781548380712442,5.028965619986664,2.752582760725778,54.734571057438984,3.65,5.7652651808172735,0.3177,0.059392724624167545,natural,0.03,1.1,central
HI,s_c2,ecotoxicity: freshwater,5.497234049193087,0.47831456992008775,0.26213411753369176,0.216180452386396,5.975548619113175,3.9121341175336917,2.063414501579483,52.74396121368947,3.65,5.7652651808172735,0.3177,0.059392724624167545,natural,0.03,1.1,central
HI,s_c2,eutrophication,5.497234049193087,0.7436945792425018,0.3694270839373155,0.3742674953051863,6.240928628435588,4.019427083937315,2.221501544498273,55.26910920653284,3.65,5.7652651808172735,0.3177,0.059392724624167545,natural,0.03,1.1,central
HI,s_c2,particulate matter formation,5.497234049193087,6.999754081861915,3.137234375011523,3.862519706850392,12.496988131055002,6.787234375011523,5.709753756043479,84.12489447933326,3.65,5.7652651808172735,0.3177,0.059392724624167545,natural,0.03,1.1,central
HI,s_c2,photochemical oxidant formation,5.497234049193087,0.1468581944745807,0.08965063216302423,0.05720756231155648,5.644092243667667,3.7396506321630243,1.9044416115046428,50.925655865427956,3.65,5.7652651808172735,0.3177,0.059392724624167545,natural,0.03,1.1,central
HI,s_c2,_ALL_,5.497234049193087,10.671720856478435,5.250396549308458,5.421324307169978,16.168954905671523,8.900396549308457,7.268558356363066,81.6655563164522,3.65,5.7652651808172735,0.3177,0.059392724624167545,natural,0.03,1.1,central
HI,s_o1,acidification,6.500744852963346,0.02274613363380439,0.012984720676239162,0.009761412957565227,6.52349098659715,3.662984720676239,2.8605062659209115,78.09222489447953,3.65,7.085254799381865,0.3177,0.059392724624167545,natural,0.03,1.1,central
HI,s_o1,climate change,6.500744852963346,2.7933124040200243,1.3789656199866647,1.4143467840333597,9.29405725698337,5.028965619986664,4.265091636996706,84.81051491077834,3.65,7.085254799381865,0.3177,0.059392724624167545,natural,0.03,1.1,central
HI,s_o1,ecotoxicity: freshwater,6.500744852963346,0.6277939703746496,0.26213411753369176,0.3656598528409578,7.128538823337996,3.9121341175336917,3.216404705804304,82.21611553113131,3.65,7.085254799381865,0.3177,0.059392724624167545,natural,0.03,1.1,central
HI,s_o1,eutrophication,6.500744852963346,0.9952593246298165,0.36942708393731544,0.625832240692501,7.4960041775931625,4.019427083937315,3.4765770936558473,86.49434412056287,3.65,7.085254799381865,0.3177,0.059392724624167545,natural,0.03,1.1,central
HI,s_o1,particulate matter formation,6.500744852963346,8.310898871974176,3.137234375011525,5.173664496962651,14.811643724937522,6.787234375011525,8.024409349925996,118.22796895697846,3.65,7.085254799381865,0.3177,0.059392724624167545,natural,0.03,1.1,central
HI,s_o1,photochemical oxidant formation,6.500744852963346,0.18250236099491643,0.08965063216302427,0.09285172883189216,6.683247213958262,3.7396506321630243,2.943596581795238,78.71314385570435,3.65,7.085254799381865,0.3177,0.059392724624167545,natural,0.03,1.1,central
HI,s_o1,_ALL_,6.500744852963346,12.932513065627388,5.2503965493084594,7.682116516318929,19.433257918590733,8.900396549308459,10.532861369282275,118.34148412298164,3.65,7.085254799381865,0.3177,0.059392724624167545,natural,0.03,1.1,central
HI,s_o2,acidification,5.512924857075718,0.012481595507447617,0.012984720676239162,-0.0005031251687915451,5.525406452583166,3.662984720676239,1.862421731906927,50.84437621031347,3.65,6.334274821179915,0.3177,0.059392724624167545,natural,0.03,1.1,central
HI,s_o2,climate change,5.512924857075718,1.517686020634998,1.3789656199866647,0.13872040064833335,7.030610877710716,5.028965619986664,2.0016452577240518,39.80232534835582,3.65,6.334274821179915,0.3177,0.059392724624167545,natural,0.03,1.1,central
HI,s_o2,ecotoxicity: freshwater,5.512924857075718,0.3474345761053683,0.26213411753369176,0.08530045857167656,5.860359433181086,3.9121341175336917,1.9482253156473948,49.799553315815395,3.65,6.334274821179915,0.3177,0.059392724624167545,natural,0.03,1.1,central
HI,s_o2,eutrophication,5.512924857075718,0.54806039451047,0.36942708393731544,0.1786333105731545,6.060985251586188,4.019427083937315,2.0415581676488728,50.792267778845265,3.65,6.334274821179915,0.3177,0.059392724624167545,natural,0.03,1.1,central
HI,s_o2,particulate matter formation,5.512924857075718,4.565085012956785,3.137234375011525,1.42785063794526,10.078009870032503,6.787234375011525,3.290775495020978,48.48477764576076,3.65,6.334274821179915,0.3177,0.059392724624167545,natural,0.03,1.1,central
HI,s_o2,photochemical oxidant formation,5.512924857075718,0.09971637033089042,0.08965063216302427,0.010065738167866156,5.612641227406608,3.7396506321630243,1.872990595243584,50.08464103932193,3.65,6.334274821179915,0.3177,0.059392724624167545,natural,0.03,1.1,central
HI,s_o2,_ALL_,5.512924857075718,7.090463970045959,5.2503965493084594,1.8400674207374994,12.603388827121677,8.900396549308459,3.702992277813218,41.60480105912733,3.65,6.334274821179915,0.3177,0.059392724624167545,natural,0.03,1.1,central
IA,s_c1,acidification,3.9672056403034537,0.011456654507346682,0.012984720676239158,-0.0015280661688924762,3.9786622948108006,3.662984720676239,0.31567757413456166,8.618042339971407,3.65,4.105840961698334,0.061500000000000006,0.05281567793759866,natural,0.03,1.1,central
IA,s_c1,climate change,3.9672056403034537,1.766752926696,1.3789656199866647,0.38778730670933537,5.733958566999454,5.028965619986664,0.7049929470127898,14.01864717887372,3.65,4.105840961698334,0.061500000000000006,0.05281567793759866,natural,0.03,1.1,central
IA,s_c1,ecotoxicity: freshwater,3.9672056403034537,0.6873024156500561,0.26213411753369176,0.42516829811636436,4.65450805595351,3.9121341175336917,0.7423739384198185,18.976188344172353,3.65,4.105840961698334,0.061500000000000006,0.05281567793759866,natural,0.03,1.1,central
IA,s_c1,eutrophication,3.9672056403034537,1.275951349234778,0.3694270839373155,0.9065242652974626,5.243156989538232,4.019427083937315,1.2237299056009165,30.44538139505658,3.65,4.105840961698334,0.061500000000000006,0.05281567793759866,natural,0.03,1.1,central
IA,s_c1,particulate matter formation,3.9672056403034537,11.009990161637381,3.137234375011523,7.8727557866258575,14.977195801940834,6.787234375011523,8.189961426929312,120.66713737015169,3.65,4.105840961698334,0.061500000000000006,0.05281567793759866,natural,0.03,1.1,central
IA,s_c1,photochemical oxidant formation,3.9672056403034537,0.08899920864856735,0.08965063216302423,-0.0006514235144568781,4.056204848952021,3.7396506321630243,0.31655421678899653,8.464807222002465,3.65,4.105840961698334,0.061500000000000006,0.05281567793759866,natural,0.03,1.1,central
IA,s_c1,_ALL_,3.9672056403034537,14.840452716374129,5.250396549308458,9.590056167065672,18.80765835667758,8.900396549308457,9.907261807369125,111.3125887423398,3.65,4.105840961698334,0.061500000000000006,0.05281567793759866,natural,0.03,1.1,central
IA,s_c2,acidification,3.908594626523543,0.009552712030337121,0.012984720676239158,-0.003432008645902037,3.9181473385538803,3.662984720676239,0.2551626178776414,6.965975490897891,3.65,4.171043433528402,0.061500000000000006,0.05281567793759866,natural,0.03,1.1,central
IA,s_c2,climate change,3.908594626523543,1.7531574912288237,1.3789656199866647,0.374191871242159,5.661752117752367,5.028965619986664,0.6327864977657027,12.58283602597746,3.65,4.171043433528402,0.061500000000000006,0.05281567793759866,natural,0.03,1.1,central
IA,s_c2,ecotoxicity: freshwater,3.908594626523543,0.5244174731816024,0.26213411753369176,0.2622833556479106,4.433012099705145,3.9121341175336917,0.5208779821714535,13.314420378303089,3.65,4.171043433528402,0.061500000000000006,0.05281567793759866,natural,0.03,1.1,central
IA,s_c2,eutrophication,3.908594626523543,1.0006868366250454,0.3694270839373155,0.6312597526877299,4.909281463148589,4.019427083937315,0.8898543792112736,22.13883622288771,3.65,4.171043433528402,0.061500000000000006,0.05281567793759866,natural,0.03,1.1,central
IA,s_c2,particulate matter formation,3.908594626523543,8.713971477850272,3.137234375011523,5.576737102838749,12.622566104373815,6.787234375011523,5.835331729362292,85.9751027730258,3.65,4.171043433528402,0.061500000000000006,0.05281567793759866,natural,0.03,1.1,central
IA,s_c2,photochemical oxidant formation,3.908594626523543,0.08371821576827167,0.08965063216302423,-0.00593241639475256,3.992312842291815,3.7396506321630243,0.25266221012879075,6.756305200163851,3.65,4.171043433528402,0.061500000000000006,0.05281567793759866,natural,0.03,1.1,central
IA,s_c2,_ALL_,3.908594626523543,12.085504206684352,5.250396549308458,6.835107657375894,15.994098833207895,8.900396549308457,7.093702283899438,79.70096887930914,3.65,4.171043433528402,0.061500000000000006,0.05281567793759866,natural,0.03,1.1,central
IA,s_o1,acidification,5.163790745688189,0.012477595860394201,0.012984720676239162,-0.0005071248158449605,5.1762683415485835,3.662984720676239,1.5132836208723446,41.312856489146675,3.65,5.743599149606321,0.061500000000000006,0.05281567793759866,natural,0.03,1.1,central
IA,s_o1,climate change,5.163790745688189,2.2026152708662172,1.3789656199866647,0.8236496508795526,7.366406016554406,5.028965619986664,2.337440396567742,46.479546157126855,3.65,5.743599149606321,0.061500000000000006,0.05281567793759866,natural,0.03,1.1,central
IA,s_o1,ecotoxicity: freshwater,5.163790745688189,0.6789795971511972,0.26213411753369176,0.4168454796175054,5.842770342839386,3.9121341175336917,1.9306362253056943,49.349949856085615,3.65,5.743599149606321,0.061500000000000006,0.05281567793759866,natural,0.03,1.1,central
IA,s_o1,eutrophication,5.163790745688189,1.2812328660450185,0.3694270839373155,0.911805782107703,6.445023611733207,4.019427083937315,2.425596527795892,60.34682249839067,3.65,5.743599149606321,0.061500000000000006,0.05281567793759866,natural,0.03,1.1,central
IA,s_o1,particulate matter formation,5.163790745688189,10.218183802580183,3.137234375011525,7.080949427568658,15.381974548268373,6.787234375011525,8.594740173256849,126.63096186717812,3.65,5.743599149606321,0.061500000000000006,0.05281567793759866,natural,0.03,1.1,central
IA,s_o1,photochemical oxidant formation,5.163790745688189,0.11236159734376322,0.08965063216302427,0.02271096518073895,5.276152343031952,3.7396506321630243,1.5365017108689276,41.08677151962216,3.65,5.743599149606321,0.061500000000000006,0.05281567793759866,natural,0.03,1.1,central
IA,s_o1,_ALL_,5.163790745688189,14.505850729846774,5.2503965493084594,9.255454180538315,19.669641475534963,8.900396549308459,10.769244926226504,120.99736080931417,3.65,5.743599149606321,0.061500000000000006,0.05281567793759866,natural,0.03,1.1,central
IA,s_o2,acidification,4.19085713249273,0.006854652008445387,0.012984720676239162,-0.006130068667793775,4.197711784501175,3.662984720676239,0.5347270638249362,14.598124333049853,3.65,5.007557903657774,0.061500000000000006,0.05281567793759866,natural,0.03,1.1,central
IA,s_o2,climate change,4.19085713249273,1.1937159061006364,1.3789656199866647,-0.1852497138860283,5.384573038593366,5.028965619986664,0.3556074186067022,7.071184125685973,3.65,5.007557903657774,0.061500000000000006,0.05281567793759866,natural,0.03,1.1,central
IA,s_o2,ecotoxicity: freshwater,4.19085713249273,0.3755091307521599,0.26213411753369176,0.11337501321846816,4.56636626324489,3.9121341175336917,0.6542321457111986,16.72315227586428,3.65,5.007557903657774,0.061500000000000006,0.05281567793759866,natural,0.03,1.1,central
IA,s_o2,eutrophication,4.19085713249273,0.7046934944698044,0.36942708393731544,0.335266410532489,4.895550626962534,4.019427083937315,0.8761235430252192,21.797224448390633,3.65,5.007557903657774,0.061500000000000006,0.05281567793759866,natural,0.03,1.1,central
IA,s_o2,particulate matter formation,4.19085713249273,5.609792014100968,3.137234375011525,2.4725576390894433,9.800649146593699,6.787234375011525,3.013414771582174,44.39827188930774,3.65,5.007557903657774,0.061500000000000006,0.05281567793759866,natural,0.03,1.1,central
IA,s_o2,photochemical oxidant formation,4.19085713249273,0.06124315018540001,0.08965063216302427,-0.028407481977624258,4.25210028267813,3.7396506321630243,0.5124496505151059,13.703142376663768,3.65,5.007557903657774,0.061500000000000006,0.05281567793759866,natural,0.03,1.1,central
IA,s_o2,_ALL_,4.19085713249273,7.951808347617415,5.2503965493084594,2.701411798308955,12.142665480110145,8.900396549308459,3.2422689308016857,36.428364880591786,3.65,5.007557903657774,0.061500000000000006,0.05281567793759866,natural,0.03,1.1,central
ID,s_c1,acidification,4.105780356202321,0.008673546467358512,0.012984720676239158,-0.004311174208880646,4.11445390266968,3.662984720676239,0.45146918199344066,12.325172405035122,3.65,4.244902990446897,0.0746,0.06596977131073645,natural,0.03,1.1,central
ID,s_c1,climate change,4.105780356202321,1.5385665821511505,1.3789656199866647,0.15960096216448583,5.644346938353472,5.028965619986664,0.6153813183668078,12.236737430080893,3.65,4.244902990446897,0.0746,0.06596977131073645,natural,0.03,1.1,central
ID,s_c1,ecotoxicity: freshwater,4.105780356202321,0.5933348503826459,0.26213411753369176,0.3312007328489541,4.699115206584967,3.9121341175336917,0.7869810890512752,20.116413839804856,3.65,4.244902990446897,0.0746,0.06596977131073645,natural,0.03,1.1,central
ID,s_c1,eutrophication,4.105780356202321,0.8284257558105221,0.3694270839373155,0.45899867187320664,4.934206112012843,4.019427083937315,0.9147790280755279,22.75894073887358,3.65,4.244902990446897,0.0746,0.06596977131073645,natural,0.03,1.1,central
ID,s_c1,particulate matter formation,4.105780356202321,6.340098210835963,3.137234375011523,3.20286383582444,10.445878567038285,6.787234375011523,3.6586441920267623,53.904786395718816,3.65,4.244902990446897,0.0746,0.06596977131073645,natural,0.03,1.1,central
ID,s_c1,photochemical oxidant formation,4.105780356202321,0.08141282364130249,0.08965063216302423,-0.008237808521721735,4.187193179843623,3.7396506321630243,0.447542547680599,11.967496210247296,3.65,4.244902990446897,0.0746,0.06596977131073645,natural,0.03,1.1,central
ID,s_c1,_ALL_,4.105780356202321,9.390511769288944,5.250396549308458,4.140115219980486,13.496292125491266,8.900396549308457,4.595895576182809,51.63697539453903,3.65,4.244902990446897,0.0746,0.06596977131073645,natural,0.03,1.1,central
ID,s_c2,acidification,4.053547287434303,0.007272102332413267,0.012984720676239155,-0.005712618343825888,4.060819389766716,3.662984720676239,0.39783466909047727,10.860942630878114,3.65,4.316505202773701,0.0746,0.06596977131073645,natural,0.03,1.1,central
ID,s_c2,climate change,4.053547287434303,1.5614582860207753,1.3789656199866647,0.18249266603411063,5.615005573455078,5.028965619986664,0.586039953468414,11.653290114756603,3.65,4.316505202773701,0.0746,0.06596977131073645,natural,0.03,1.1,central
ID,s_c2,ecotoxicity: freshwater,4.053547287434303,0.4499481255757886,0.26213411753369176,0.18781400804209686,4.503495413010092,3.9121341175336917,0.5913612954764003,15.116079298661912,3.65,4.316505202773701,0.0746,0.06596977131073645,natural,0.03,1.1,central
ID,s_c2,eutrophication,4.053547287434303,0.6419038493555775,0.3694270839373155,0.27247676541826205,4.695451136789881,4.019427083937315,0.6760240528525658,16.818915699556666,3.65,4.316505202773701,0.0746,0.06596977131073645,natural,0.03,1.1,central
ID,s_c2,particulate matter formation,4.053547287434303,4.971978726868122,3.137234375011523,1.8347443518565991,9.025526014302425,6.787234375011523,2.2382916392909022,32.97796297607746,3.65,4.316505202773701,0.0746,0.06596977131073645,natural,0.03,1.1,central
ID,s_c2,photochemical oxidant formation,4.053547287434303,0.07647916182807234,0.08965063216302423,-0.01317147033495189,4.130026449262376,3.7396506321630243,0.39037581709935143,10.438831203693404,3.65,4.316505202773701,0.0746,0.06596977131073645,natural,0.03,1.1,central
ID,s_c2,_ALL_,4.053547287434303,7.70904025198075,5.250396549308458,2.4586437026722923,11.762587539415053,8.900396549308457,2.862190990106596,32.15801649117513,3.65,4.316505202773701,0.0746,0.06596977131073645,natural,0.03,1.1,central
ID,s_o1,acidification,5.345435710142357,0.009934049269032115,0.012984720676239162,-0.003050671407207047,5.3553697594113885,3.662984720676239,1.6923850387351496,46.20235048162339,3.65,5.925882888058574,0.0746,0.06596977131073645,natural,0.03,1.1,central
ID,s_o1,climate change,5.345435710142357,1.9886771114761617,1.3789656199866647,0.609711491489497,7.334112821618518,5.028965619986664,2.305147201631854,45.83740227752774,3.65,5.925882888058574,0.0746,0.06596977131073645,natural,0.03,1.1,central
ID,s_o1,ecotoxicity: freshwater,5.345435710142357,0.5962441488604798,0.26213411753369176,0.33411003132678807,5.941679859002837,3.9121341175336917,2.029545741469145,51.87822504277082,3.65,5.925882888058574,0.0746,0.06596977131073645,natural,0.03,1.1,central
ID,s_o1,eutrophication,5.345435710142357,0.8819875597548629,0.36942708393731544,0.5125604758175475,6.227423269897219,4.019427083937315,2.207996185959904,54.933107128218246,3.65,5.925882888058574,0.0746,0.06596977131073645,natural,0.03,1.1,central
ID,s_o1,particulate matter formation,5.345435710142357,6.054609759158194,3.137234375011525,2.9173753841466694,11.40004546930055,6.787234375011525,4.612811094289026,67.96304414168979,3.65,5.925882888058574,0.0746,0.06596977131073645,natural,0.03,1.1,central
ID,s_o1,photochemical oxidant formation,5.345435710142357,0.10415448609682475,0.08965063216302427,0.014503853933800478,5.449590196239181,3.7396506321630243,1.7099395640761568,45.72458050946655,3.65,5.925882888058574,0.0746,0.06596977131073645,natural,0.03,1.1,central
ID,s_o1,_ALL_,5.345435710142357,9.635607114615555,5.2503965493084594,4.385210565307095,14.98104282475791,8.900396549308459,6.0806462754494515,68.31882424297044,3.65,5.925882888058574,0.0746,0.06596977131073645,natural,0.03,1.1,central
ID,s_o2,acidification,4.371740927496204,0.005463738898454298,0.012984720676239162,-0.007520981777784864,4.377204666394658,3.662984720676239,0.7142199457184195,19.49830534882942,3.65,5.18907779592533,0.0746,0.06596977131073645,natural,0.03,1.1,central
ID,s_o2,climate change,4.371740927496204,1.0769411095159453,1.3789656199866647,-0.3020245104707193,5.44868203701215,5.028965619986664,0.41971641702548546,8.345979048999713,3.65,5.18907779592533,0.0746,0.06596977131073645,natural,0.03,1.1,central
ID,s_o2,ecotoxicity: freshwater,4.371740927496204,0.33015335948923563,0.26213411753369176,0.06801924195554387,4.70189428698544,3.9121341175336917,0.7897601694517484,20.18745129192128,3.65,5.18907779592533,0.0746,0.06596977131073645,natural,0.03,1.1,central
ID,s_o2,eutrophication,4.371740927496204,0.48601553278965515,0.36942708393731544,0.11658844885233971,4.857756460285859,4.019427083937315,0.8383293763485442,20.856937042065727,3.65,5.18907779592533,0.0746,0.06596977131073645,natural,0.03,1.1,central
ID,s_o2,particulate matter formation,4.371740927496204,3.329200961555819,3.137234375011525,0.19196658654429433,7.700941889052023,6.787234375011525,0.9137075140404987,13.462147666573651,3.65,5.18907779592533,0.0746,0.06596977131073645,natural,0.03,1.1,central
ID,s_o2,photochemical oxidant formation,4.371740927496204,0.05680063415816108,0.08965063216302427,-0.03284999800486319,4.428541561654366,3.7396506321630243,0.6888909294913415,18.42126437070099,3.65,5.18907779592533,0.0746,0.06596977131073645,natural,0.03,1.1,central
ID,s_o2,_ALL_,4.371740927496204,5.284575336407271,5.2503965493084594,0.034178787098811725,9.656316263903475,8.900396549308459,0.7559197145950165,8.493101519771608,3.65,5.18907779592533,0.0746,0.06596977131073645,natural,0.03,1.1,central
IL,s_c1,acidification,4.184774209877787,0.00950676828747,0.012984720676239155,-0.003477952388769155,4.194280978165257,3.662984720676239,0.5312962574890183,14.504462835731772,3.65,4.324174634480367,0.1063,0.04623863125102977,natural,0.03,1.1,central
IL,s_c1,climate change,4.184774209877787,1.7436351142097115,1.3789656199866647,0.36466949422304684,5.928409324087498,5.028965619986664,0.8994437041008343,17.88526253840684,3.65,4.324174634480367,0.1063,0.04623863125102977,natural,0.03,1.1,central
IL,s_c1,ecotoxicity: freshwater,4.184774209877787,0.5671232364809642,0.26213411753369176,0.30498911894727243,4.751897446358751,3.9121341175336917,0.8397633288250597,21.465606842601495,3.65,4.324174634480367,0.1063,0.04623863125102977,natural,0.03,1.1,central
IL,s_c1,eutrophication,4.184774209877787,0.6647566811935103,0.3694270839373155,0.2953295972561948,4.849530891071297,4.019427083937315,0.8301038071339821,20.652291727129334,3.65,4.324174634480367,0.1063,0.04623863125102977,natural,0.03,1.1,central
IL,s_c1,particulate matter formation,4.184774209877787,3.876282395503501,3.137234375011523,0.7390480204919778,8.061056605381289,6.787234375011523,1.273822230369766,18.767912819683694,3.65,4.324174634480367,0.1063,0.04623863125102977,natural,0.03,1.1,central
IL,s_c1,photochemical oxidant formation,4.184774209877787,0.08349374522134338,0.08965063216302423,-0.006156886941680845,4.26826795509913,3.7396506321630243,0.528617322936106,14.135473468823806,3.65,4.324174634480367,0.1063,0.04623863125102977,natural,0.03,1.1,central
IL,s_c1,_ALL_,4.184774209877787,6.9447979408965,5.250396549308458,1.694401391588042,11.129572150774287,8.900396549308457,2.2291756014658297,25.04580092713995,3.65,4.324174634480367,0.1063,0.04623863125102977,natural,0.03,1.1,central
IL,s_c2,acidification,4.147974794306485,0.007990342814361546,0.012984720676239155,-0.004994377861877609,4.155965137120846,3.662984720676239,0.49298041644460744,13.458434965942098,3.65,4.411264361582842,0.1063,0.04623863125102977,natural,0.03,1.1,central
IL,s_c2,climate change,4.147974794306485,1.7346340726820961,1.3789656199866647,0.35566845269543146,5.882608866988582,5.028965619986664,0.8536432470019175,16.974529386505953,3.65,4.411264361582842,0.1063,0.04623863125102977,natural,0.03,1.1,central
IL,s_c2,ecotoxicity: freshwater,4.147974794306485,0.4281224955459958,0.26213411753369176,0.16598837801230404,4.5760972898524805,3.9121341175336917,0.6639631723187889,16.971891872085614,3.65,4.411264361582842,0.1063,0.04623863125102977,natural,0.03,1.1,central
IL,s_c2,eutrophication,4.147974794306485,0.5109599363669991,0.3694270839373155,0.1415328524296836,4.658934730673484,4.019427083937315,0.6395076467361687,15.910417912339023,3.65,4.411264361582842,0.1063,0.04623863125102977,natural,0.03,1.1,central
IL,s_c2,particulate matter formation,4.147974794306485,2.998004414767828,3.137234375011523,-0.13922996024369505,7.145979209074313,6.787234375011523,0.3587448340627901,5.285581935752456,3.65,4.411264361582842,0.1063,0.04623863125102977,natural,0.03,1.1,central
IL,s_c2,photochemical oxidant formation,4.147974794306485,0.07930689858950922,0.08965063216302423,-0.010343733573515007,4.227281692895994,3.7396506321630243,0.48763106073297013,13.03948172428404,3.65,4.411264361582842,0.1063,0.04623863125102977,natural,0.03,1.1,central
IL,s_c2,_ALL_,4.147974794306485,5.759018160766789,5.250396549308458,0.5086216114583317,9.906992955073274,8.900396549308457,1.0065964057648173,11.30956806461649,3.65,4.411264361582842,0.1063,0.04623863125102977,natural,0.03,1.1,central
IL,s_o1,acidification,5.329282539232059,0.010739142437782054,0.012984720676239162,-0.002245578238457108,5.340021681669841,3.662984720676239,1.6770369609936018,45.78334579249888,3.65,5.909672912790418,0.1063,0.04623863125102977,natural,0.03,1.1,central
IL,s_o1,climate change,5.329282539232059,2.182004201445645,1.3789656199866647,0.8030385814589804,7.511286740677704,5.028965619986664,2.48232112069104,49.360471084262905,3.65,5.909672912790418,0.1063,0.04623863125102977,natural,0.03,1.1,central
IL,s_o1,ecotoxicity: freshwater,5.329282539232059,0.5718318552863204,0.26213411753369176,0.30969773775262865,5.9011143945183795,3.9121341175336917,1.9889802769846878,50.84131109080154,3.65,5.909672912790418,0.1063,0.04623863125102977,natural,0.03,1.1,central
IL,s_o1,eutrophication,5.329282539232059,0.7363121154353556,0.36942708393731544,0.36688503149804014,6.065594654667414,4.019427083937315,2.0461675707300992,50.90694589055046,3.65,5.909672912790418,0.1063,0.04623863125102977,natural,0.03,1.1,central
IL,s_o1,particulate matter formation,5.329282539232059,3.858008241805843,3.137234375011525,0.720773866794318,9.187290781037902,6.787234375011525,2.400056406026377,35.36133089587468,3.65,5.909672912790418,0.1063,0.04623863125102977,natural,0.03,1.1,central
IL,s_o1,photochemical oxidant formation,5.329282539232059,0.10745311004816666,0.08965063216302427,0.017802477885142387,5.436735649280226,3.7396506321630243,1.6970850171172014,45.380843935563114,3.65,5.909672912790418,0.1063,0.04623863125102977,natural,0.03,1.1,central
IL,s_o1,_ALL_,5.329282539232059,7.466348666459113,5.2503965493084594,2.2159521171506533,12.795631205691173,8.900396549308459,3.895234656382714,43.76473154654401,3.65,5.909672912790418,0.1063,0.04623863125102977,natural,0.03,1.1,central
IL,s_o2,acidification,4.353745842724309,0.005902412545053107,0.012984720676239162,-0.007082308131186055,4.359648255269362,3.662984720676239,0.6966635345931231,19.019012846564898,3.65,5.171019429507943,0.1063,0.04623863125102977,natural,0.03,1.1,central
IL,s_o2,climate change,4.353745842724309,1.182426173842239,1.3789656199866647,-0.19653944614442564,5.536172016566548,5.028965619986664,0.5072063965798836,10.085700219625455,3.65,5.171019429507943,0.1063,0.04623863125102977,natural,0.03,1.1,central
IL,s_o2,ecotoxicity: freshwater,4.353745842724309,0.3168188564600846,0.26213411753369176,0.05468473892639286,4.670564699184394,3.9121341175336917,0.758430581650702,19.386620163442554,3.65,5.171019429507943,0.1063,0.04623863125102977,natural,0.03,1.1,central
IL,s_o2,eutrophication,4.353745842724309,0.40621265143853935,0.36942708393731544,0.036785567501223915,4.7599584941628486,4.019427083937315,0.7405314102255334,18.423805053831952,3.65,5.171019429507943,0.1063,0.04623863125102977,natural,0.03,1.1,central
IL,s_o2,particulate matter formation,4.353745842724309,2.125999992815611,3.137234375011525,-1.011234382195914,6.479745835539919,6.787234375011525,-0.30748853947160537,-4.53039518723093,3.65,5.171019429507943,0.1063,0.04623863125102977,natural,0.03,1.1,central
IL,s_o2,photochemical oxidant formation,4.353745842724309,0.05855452174840478,0.08965063216302427,-0.031096110414619488,4.4123003644727135,3.7396506321630243,0.6726497323096892,17.98696719219,3.65,5.171019429507943,0.1063,0.04623863125102977,natural,0.03,1.1,central
IL,s_o2,_ALL_,4.353745842724309,4.095914608849932,5.2503965493084594,-1.1544819404585276,8.44966045157424,8.900396549308459,-0.4507360977342181,-5.064224894218216,3.65,5.171019429507943,0.1063,0.04623863125102977,natural,0.03,1.1,central
IN,s_c1,acidification,4.088933844348602,0.010607455792925645,0.012984720676239155,-0.0023772648833135096,4.099541300141527,3.662984720676239,0.43655657946528814,11.918056250714953,3.65,4.227997236027568,0.084,0.052018460157408485,natural,0.03,1.1,central
IN,s_c1,climate change,4.088933844348602,1.7396706407850706,1.3789656199866647,0.36070502079840594,5.828604485133672,5.028965619986664,0.7996388651470081,15.900662791747791,3.65,4.227997236027568,0.084,0.052018460157408485,natural,0.03,1.1,central
IN,s_c1,ecotoxicity: freshwater,4.088933844348602,0.5696580159101086,0.26213411753369176,0.3075238983764168,4.65859186025871,3.9121341175336917,0.7464577427250183,19.080576490961512,3.65,4.227997236027568,0.084,0.052018460157408485,natural,0.03,1.1,central
IN,s_c1,eutrophication,4.088933844348602,0.6546955542331026,0.3694270839373155,0.28526847029578706,4.743629398581704,4.019427083937315,0.7242023146443888,18.01755074842609,3.65,4.227997236027568,0.084,0.052018460157408485,natural,0.03,1.1,central
IN,s_c1,particulate matter formation,4.088933844348602,3.6315245691445885,3.137234375011523,0.4942901941330655,7.720458413493191,6.787234375011523,0.9332240384816677,13.74969519127713,3.65,4.227997236027568,0.084,0.052018460157408485,natural,0.03,1.1,central
IN,s_c1,photochemical oxidant formation,4.088933844348602,0.08456599652131049,0.08965063216302423,-0.005084635641713742,4.173499840869912,3.7396506321630243,0.4338492087068877,11.601329947122577,3.65,4.227997236027568,0.084,0.052018460157408485,natural,0.03,1.1,central
IN,s_c1,_ALL_,4.088933844348602,6.690722232387107,5.250396549308458,1.4403256830786493,10.779656076735709,8.900396549308457,1.8792595274272514,21.11433481661293,3.65,4.227997236027568,0.084,0.052018460157408485,natural,0.03,1.1,central
IN,s_c2,acidification,4.04127731627614,0.00883574443463205,0.012984720676239155,-0.0041489762416071045,4.050113060710772,3.662984720676239,0.3871283400345331,10.568658336174105,3.65,4.304192136548901,0.084,0.052018460157408485,natural,0.03,1.1,central
IN,s_c2,climate change,4.04127731627614,1.7107684928791853,1.3789656199866647,0.33180287289252064,5.752045809155326,5.028965619986664,0.7230801891686616,14.3783084595949,3.65,4.304192136548901,0.084,0.052018460157408485,natural,0.03,1.1,central
IN,s_c2,ecotoxicity: freshwater,4.04127731627614,0.4317215077974507,0.26213411753369176,0.16958739026375896,4.472998824073591,3.9121341175336917,0.5608647065398995,14.336540867200197,3.65,4.304192136548901,0.084,0.052018460157408485,natural,0.03,1.1,central
IN,s_c2,eutrophication,4.04127731627614,0.5032821558037255,0.3694270839373155,0.13385507186641,4.544559472079866,4.019427083937315,0.5251323881425511,13.064856686693433,3.65,4.304192136548901,0.084,0.052018460157408485,natural,0.03,1.1,central
IN,s_c2,particulate matter formation,4.04127731627614,2.803115004094156,3.137234375011523,-0.3341193709173669,6.8443923203702965,6.787234375011523,0.05715794535877361,0.8421389656030048,3.65,4.304192136548901,0.084,0.052018460157408485,natural,0.03,1.1,central
IN,s_c2,photochemical oxidant formation,4.04127731627614,0.0791230626744599,0.08965063216302423,-0.010527569488564328,4.120400378950601,3.7396506321630243,0.38074974678757645,10.181425599303903,3.65,4.304192136548901,0.084,0.052018460157408485,natural,0.03,1.1,central
IN,s_c2,_ALL_,4.04127731627614,5.536845967683609,5.250396549308458,0.2864494183751516,9.57812328395975,8.900396549308457,0.6777267346512925,7.614567855450784,3.65,4.304192136548901,0.084,0.052018460157408485,natural,0.03,1.1,central
IN,s_o1,acidification,5.269053999021339,0.01167491455049936,0.012984720676239162,-0.0013098061257398024,5.2807289135718385,3.662984720676239,1.6177441928955996,44.16464485270746,3.65,5.849232572458814,0.084,0.052018460157408485,natural,0.03,1.1,central
IN,s_o1,climate change,5.269053999021339,2.15266914648198,1.3789656199866647,0.7737035264953152,7.421723145503319,5.028965619986664,2.3927575255166547,47.57951647167952,3.65,5.849232572458814,0.084,0.052018460157408485,natural,0.03,1.1,central
IN,s_o1,ecotoxicity: freshwater,5.269053999021339,0.5760471611955222,0.26213411753369176,0.3139130436618305,5.845101160216862,3.9121341175336917,1.93296704268317,49.409529034801125,3.65,5.849232572458814,0.084,0.052018460157408485,natural,0.03,1.1,central
IN,s_o1,eutrophication,5.269053999021339,0.7278205923796848,0.36942708393731544,0.35839350844236934,5.996874591401024,4.019427083937315,1.977447507463709,49.19724792038417,3.65,5.849232572458814,0.084,0.052018460157408485,natural,0.03,1.1,central
IN,s_o1,particulate matter formation,5.269053999021339,3.6413188257054747,3.137234375011525,0.5040844506939499,8.910372824726814,6.787234375011525,2.123138449715289,31.28134866731612,3.65,5.849232572458814,0.084,0.052018460157408485,natural,0.03,1.1,central
IN,s_o1,photochemical oxidant formation,5.269053999021339,0.10710842055709853,0.08965063216302427,0.01745778839407426,5.376162419578438,3.7396506321630243,1.6365117874154134,43.76108755562684,3.65,5.849232572458814,0.084,0.052018460157408485,natural,0.03,1.1,central
IN,s_o1,_ALL_,5.269053999021339,7.21663906087026,5.2503965493084594,1.9662425115618003,12.485693059891599,8.900396549308459,3.58529651058314,40.28243562767671,3.65,5.849232572458814,0.084,0.052018460157408485,natural,0.03,1.1,central
IN,s_o2,acidification,4.294813033715913,0.00641664815354489,0.012984720676239162,-0.006568072522694272,4.301229681869458,3.662984720676239,0.638244961193219,17.424177545446874,3.65,5.111879376956396,0.084,0.052018460157408485,natural,0.03,1.1,central
IN,s_o2,climate change,4.294813033715913,1.1673009928855482,1.3789656199866647,-0.21166462710111644,5.462114026601461,5.028965619986664,0.43314840661479703,8.61307154086183,3.65,5.111879376956396,0.084,0.052018460157408485,natural,0.03,1.1,central
IN,s_o2,ecotoxicity: freshwater,4.294813033715913,0.3190563162164383,0.26213411753369176,0.05692219868274656,4.613869349932352,3.9121341175336917,0.7017352323986601,17.93740222896683,3.65,5.111879376956396,0.084,0.052018460157408485,natural,0.03,1.1,central
IN,s_o2,eutrophication,4.294813033715913,0.40154391536794715,0.36942708393731544,0.03211683143063171,4.69635694908386,4.019427083937315,0.676929865146545,16.841451555415304,3.65,5.111879376956396,0.084,0.052018460157408485,natural,0.03,1.1,central
IN,s_o2,particulate matter formation,4.294813033715913,2.0072522925515033,3.137234375011525,-1.1299820824600215,6.3020653262674164,6.787234375011525,-0.48516904874410827,-7.148258361761442,3.65,5.111879376956396,0.084,0.052018460157408485,natural,0.03,1.1,central
IN,s_o2,photochemical oxidant formation,4.294813033715913,0.05841326318060872,0.08965063216302427,-0.031237368982415546,4.353226296896522,3.7396506321630243,0.6135756647334976,16.407299105868713,3.65,5.111879376956396,0.084,0.052018460157408485,natural,0.03,1.1,central
IN,s_o2,_ALL_,4.294813033715913,3.9599834283555904,5.2503965493084594,-1.290413120952869,8.254796462071504,8.900396549308459,-0.6456000872369554,-7.25361037185604,3.65,5.111879376956396,0.084,0.052018460157408485,natural,0.03,1.1,central
KS,s_c1,acidification,3.9139077151620736,0.011481977821473052,0.012984720676239155,-0.001502742854766103,3.9253896929835466,3.662984720676239,0.26240497230730764,7.163692789274425,3.65,4.052355608687323,0.0775,0.024115837850752594,natural,0.03,1.1,central
KS,s_c1,climate change,3.9139077151620736,1.7651782896477493,1.3789656199866647,0.3862126696610846,5.679086004809823,5.028965619986664,0.6501203848231585,12.927516987576512,3.65,4.052355608687323,0.0775,0.024115837850752594,natural,0.03,1.1,central
KS,s_c1,ecotoxicity: freshwater,3.9139077151620736,0.6892259413122384,0.26213411753369176,0.4270918237785466,4.603133656474312,3.9121341175336917,0.6909995389406203,17.662981845219658,3.65,4.052355608687323,0.0775,0.024115837850752594,natural,0.03,1.1,central
KS,s_c1,eutrophication,3.9139077151620736,1.2760402583027337,0.3694270839373155,0.9066131743654182,5.1899479734648075,4.019427083937315,1.1705208895274923,29.121585367357472,3.65,4.052355608687323,0.0775,0.024115837850752594,natural,0.03,1.1,central
KS,s_c1,particulate matter formation,3.9139077151620736,11.012852146658906,3.137234375011523,7.8756177716473825,14.92675986182098,6.787234375011523,8.139525486809458,119.92403734835867,3.65,4.052355608687323,0.0775,0.024115837850752594,natural,0.03,1.1,central
KS,s_c1,photochemical oxidant formation,3.9139077151620736,0.08930239658880773,0.08965063216302423,-0.0003482355742164961,4.003210111750882,3.7396506321630243,0.2635594795878573,7.0477032619331546,3.65,4.052355608687323,0.0775,0.024115837850752594,natural,0.03,1.1,central
KS,s_c1,_ALL_,3.9139077151620736,14.844081010331909,5.250396549308458,9.59368446102345,18.75798872549398,8.900396549308457,9.857592176185523,110.7545278637213,3.65,4.052355608687323,0.0775,0.024115837850752594,natural,0.03,1.1,central
KS,s_c2,acidification,3.8630865578852362,0.009645301709221525,0.012984720676239158,-0.003339418967017633,3.8727318595944578,3.662984720676239,0.20974713891821883,5.726126503729902,3.65,4.125375529693645,0.0775,0.024115837850752594,natural,0.03,1.1,central
KS,s_c2,climate change,3.8630865578852362,1.747400142963525,1.3789656199866647,0.3684345229768604,5.610486700848761,5.028965619986664,0.581521080862097,11.563433214793761,3.65,4.125375529693645,0.0775,0.024115837850752594,natural,0.03,1.1,central
KS,s_c2,ecotoxicity: freshwater,3.8630865578852362,0.5314504635121174,0.26213411753369176,0.2693163459784257,4.394537021397354,3.9121341175336917,0.48240290386366214,12.330939823908214,3.65,4.125375529693645,0.0775,0.024115837850752594,natural,0.03,1.1,central
KS,s_c2,eutrophication,3.8630865578852362,1.0010119150097645,0.3694270839373155,0.631584831072449,4.864098472895001,4.019427083937315,0.8446713889576856,21.014721036567973,3.65,4.125375529693645,0.0775,0.024115837850752594,natural,0.03,1.1,central
KS,s_c2,particulate matter formation,3.8630865578852362,8.724435758820489,3.137234375011523,5.587201383808965,12.587522316705725,6.787234375011523,5.800287941694202,85.45878366966448,3.65,4.125375529693645,0.0775,0.024115837850752594,natural,0.03,1.1,central
KS,s_c2,photochemical oxidant formation,3.8630865578852362,0.0848267623782611,0.08965063216302423,-0.004823869784763124,3.9479133202634973,3.7396506321630243,0.208262688100473,5.569041297850149,3.65,4.125375529693645,0.0775,0.024115837850752594,natural,0.03,1.1,central
KS,s_c2,_ALL_,3.8630865578852362,12.098770344393378,5.250396549308458,6.84837379508492,15.961856902278614,8.900396549308457,7.0614603529701565,79.33871613303361,3.65,4.125375529693645,0.0775,0.024115837850752594,natural,0.03,1.1,central
KS,s_o1,acidification,4.9900052568765725,0.012590334706729161,0.012984720676239162,-0.00039438596951000063,5.002595591583302,3.662984720676239,1.3396108709070629,36.57156589666996,3.65,5.5692025254856095,0.0775,0.024115837850752594,natural,0.03,1.1,central
KS,s_o1,climate change,4.9900052568765725,2.195605020812442,1.3789656199866647,0.8166394008257774,7.1856102776890145,5.028965619986664,2.1566446577023504,42.88445817030798,3.65,5.5692025254856095,0.0775,0.024115837850752594,natural,0.03,1.1,central
KS,s_o1,ecotoxicity: freshwater,4.9900052568765725,0.6875430917620505,0.26213411753369176,0.42540897422835877,5.677548348638623,3.9121341175336917,1.765414231104931,45.126628537415606,3.65,5.5692025254856095,0.0775,0.024115837850752594,natural,0.03,1.1,central
KS,s_o1,eutrophication,4.9900052568765725,1.281628687291006,0.36942708393731544,0.9122016033536906,6.271633944167578,4.019427083937315,2.252206860230263,56.03303190224976,3.65,5.5692025254856095,0.0775,0.024115837850752594,natural,0.03,1.1,central
KS,s_o1,particulate matter formation,4.9900052568765725,10.230925297944694,3.137234375011525,7.093690922933169,15.220930554821265,6.787234375011525,8.43369617980974,124.25821349060779,3.65,5.5692025254856095,0.0775,0.024115837850752594,natural,0.03,1.1,central
KS,s_o1,photochemical oxidant formation,4.9900052568765725,0.11371138349082159,0.08965063216302427,0.024060751327797322,5.103716640367394,3.7396506321630243,1.3640660082043699,36.4757605021352,3.65,5.5692025254856095,0.0775,0.024115837850752594,natural,0.03,1.1,central
KS,s_o1,_ALL_,4.9900052568765725,14.522003816007745,5.2503965493084594,9.271607266699284,19.512009072884318,8.900396549308459,10.61161252357586,119.22628912978442,3.65,5.5692025254856095,0.0775,0.024115837850752594,natural,0.03,1.1,central
KS,s_o2,acidification,4.016141971069584,0.006913109011643947,0.012984720676239162,-0.006071611664595215,4.023055080081228,3.662984720676239,0.3600703594049892,9.829971645050028,3.65,4.832228337632088,0.0775,0.024115837850752594,natural,0.03,1.1,central
KS,s_o2,climate change,4.016141971069584,1.1900809725960066,1.3789656199866647,-0.18888464739065802,5.2062229436655905,5.028965619986664,0.17725732367892633,3.5247272913231087,3.65,4.832228337632088,0.0775,0.024115837850752594,natural,0.03,1.1,central
KS,s_o2,ecotoxicity: freshwater,4.016141971069584,0.37994944789333596,0.26213411753369176,0.1178153303596442,4.39609141896292,3.9121341175336917,0.483957301429228,12.37067255082571,3.65,4.832228337632088,0.0775,0.024115837850752594,natural,0.03,1.1,central
KS,s_o2,eutrophication,4.016141971069584,0.7048987344966007,0.36942708393731544,0.33547165055928524,4.7210407055661845,4.019427083937315,0.7016136216288693,17.455562869462202,3.65,4.832228337632088,0.0775,0.024115837850752594,natural,0.03,1.1,central
KS,s_o2,particulate matter formation,4.016141971069584,5.61639869546672,3.137234375011525,2.479164320455195,9.632540666536304,6.787234375011525,2.8453062915247793,41.921438605395856,3.65,4.832228337632088,0.0775,0.024115837850752594,natural,0.03,1.1,central
KS,s_o2,photochemical oxidant formation,4.016141971069584,0.061943037186917925,0.08965063216302427,-0.027707594976106344,4.078085008256502,3.7396506321630243,0.3384343760934776,9.049892874557809,3.65,4.832228337632088,0.0775,0.024115837850752594,natural,0.03,1.1,central
KS,s_o2,_ALL_,4.016141971069584,7.960183996651225,5.2503965493084594,2.709787447342766,11.97632596772081,8.900396549308459,3.0759294184123505,34.559464866218164,3.65,4.832228337632088,0.0775,0.024115837850752594,natural,0.03,1.1,central
KY,s_c1,acidification,4.046501219681889,0.00949397086274,0.012984720676239155,-0.0034907498134991548,4.055995190544629,3.662984720676239,0.3930104698683903,10.729241311053979,3.65,4.185415392485595,0.06860000000000001,0.060787855739500345,natural,0.03,1.1,central
KY,s_c1,climate change,4.046501219681889,1.73638863131722,1.3789656199866647,0.35742301133055543,5.7828898509991085,5.028965619986664,0.7539242310124443,14.991636212745547,3.65,4.185415392485595,0.06860000000000001,0.060787855739500345,natural,0.03,1.1,central
KY,s_c1,ecotoxicity: freshwater,4.046501219681889,0.5676724373520956,0.26213411753369176,0.30553831981840385,4.614173657033985,3.9121341175336917,0.702039539500293,17.945180773681564,3.65,4.185415392485595,0.06860000000000001,0.060787855739500345,natural,0.03,1.1,central
KY,s_c1,eutrophication,4.046501219681889,0.6648911155534779,0.3694270839373155,0.2954640316161624,4.711392335235367,4.019427083937315,0.6919652512980514,17.21551944712036,3.65,4.185415392485595,0.06860000000000001,0.060787855739500345,natural,0.03,1.1,central
KY,s_c1,particulate matter formation,4.046501219681889,3.876711695951933,3.137234375011523,0.7394773209404102,7.9232129156338225,6.787234375011523,1.1359785406222995,16.736987082759626,3.65,4.185415392485595,0.06860000000000001,0.060787855739500345,natural,0.03,1.1,central
KY,s_c1,photochemical oxidant formation,4.046501219681889,0.08312842990858312,0.08965063216302423,-0.006522202254441112,4.129629649590472,3.7396506321630243,0.38997901742744734,10.428220595619713,3.65,4.185415392485595,0.06860000000000001,0.060787855739500345,natural,0.03,1.1,central
KY,s_c1,_ALL_,4.046501219681889,6.938286280946049,5.250396549308458,1.6878897316375916,10.984787500627938,8.900396549308457,2.084390951319481,23.419079585633,3.65,4.185415392485595,0.06860000000000001,0.060787855739500345,natural,0.03,1.1,central
KY,s_c2,acidification,3.991346954725219,0.007943551567355525,0.012984720676239155,-0.005041169108883629,3.9992905062925743,3.662984720676239,0.3363057856163354,9.181195425632259,3.65,4.254086407653548,0.06860000000000001,0.060787855739500345,natural,0.03,1.1,central
KY,s_c2,climate change,3.991346954725219,1.7081387442780422,1.3789656199866647,0.3291731242913776,5.699485699003262,5.028965619986664,0.6705200790165975,13.333160925812326,3.65,4.254086407653548,0.06860000000000001,0.060787855739500345,natural,0.03,1.1,central
KY,s_c2,ecotoxicity: freshwater,3.991346954725219,0.4301305396766871,0.26213411753369176,0.16799642214299532,4.421477494401906,3.9121341175336917,0.5093433768682147,13.01957861274239,3.65,4.254086407653548,0.06860000000000001,0.060787855739500345,natural,0.03,1.1,central
KY,s_c2,eutrophication,3.991346954725219,0.5114514689585992,0.3694270839373155,0.14202438502128367,4.502798423683818,4.019427083937315,0.4833713397465029,12.025876565299109,3.65,4.254086407653548,0.06860000000000001,0.060787855739500345,natural,0.03,1.1,central
KY,s_c2,particulate matter formation,3.991346954725219,2.999574066767834,3.137234375011523,-0.13766030824368913,6.990921021493053,6.787234375011523,0.2036866464815299,3.001025678904511,3.65,4.254086407653548,0.06860000000000001,0.060787855739500345,natural,0.03,1.1,central
KY,s_c2,photochemical oxidant formation,3.991346954725219,0.07797119555588437,0.08965063216302423,-0.011679436607139854,4.069318150281103,3.7396506321630243,0.3296675181180788,8.815463008302414,3.65,4.254086407653548,0.06860000000000001,0.060787855739500345,natural,0.03,1.1,central
KY,s_c2,_ALL_,3.991346954725219,5.735209566804402,5.250396549308458,0.4848130174959442,9.72655652152962,8.900396549308457,0.8261599722211628,9.282282734754709,3.65,4.254086407653548,0.06860000000000001,0.060787855739500345,natural,0.03,1.1,central
KY,s_o1,acidification,5.269688755812159,0.010682168579900774,0.012984720676239162,-0.002302552096338388,5.280370924392059,3.662984720676239,1.6173862037158204,44.15487169756002,3.65,5.849869561439965,0.06860000000000001,0.060787855739500345,natural,0.03,1.1,central
KY,s_o1,climate change,5.269688755812159,2.1497430164676903,1.3789656199866647,0.7707773964810256,7.419431772279849,5.028965619986664,2.390466152293185,47.533952962269886,3.65,5.849869561439965,0.06860000000000001,0.060787855739500345,natural,0.03,1.1,central
KY,s_o1,ecotoxicity: freshwater,5.269688755812159,0.5742768856764406,0.26213411753369176,0.3121427681427489,5.8439656414886,3.9121341175336917,1.9318315239549082,49.38050347754396,3.65,5.849869561439965,0.06860000000000001,0.060787855739500345,natural,0.03,1.1,central
KY,s_o1,eutrophication,5.269688755812159,0.7369106142959274,0.3694270839373155,0.3674835303586119,6.006599370108086,4.019427083937315,1.9871722861707708,49.43919231952316,3.65,5.849869561439965,0.06860000000000001,0.060787855739500345,natural,0.03,1.1,central
KY,s_o1,particulate matter formation,5.269688755812159,3.8599194781095014,3.137234375011525,0.7226851030979766,9.12960823392166,6.787234375011525,2.3423738589101353,34.5114626884556,3.65,5.849869561439965,0.06860000000000001,0.060787855739500345,natural,0.03,1.1,central
KY,s_o1,photochemical oxidant formation,5.269688755812159,0.10582673418347677,0.08965063216302427,0.0161761020204525,5.375515489995636,3.7396506321630243,1.6358648578326118,43.743788357214086,3.65,5.849869561439965,0.06860000000000001,0.060787855739500345,natural,0.03,1.1,central
KY,s_o1,_ALL_,5.269688755812159,7.437358897312937,5.2503965493084594,2.186962348004478,12.707047653125096,8.900396549308459,3.8066511038166375,42.76945507683482,3.65,5.849869561439965,0.06860000000000001,0.060787855739500345,natural,0.03,1.1,central
KY,s_o2,acidification,4.2963426003953336,0.005872870633807136,0.012984720676239162,-0.007111850042432026,4.3022154710291405,3.662984720676239,0.6392307503529016,17.451089728675978,3.65,5.113414322521085,0.06860000000000001,0.060787855739500345,natural,0.03,1.1,central
KY,s_o2,climate change,4.2963426003953336,1.165698202475187,1.3789656199866647,-0.2132674175114777,5.46204080287052,5.028965619986664,0.43307518288385616,8.611615501260966,3.65,5.113414322521085,0.06860000000000001,0.060787855739500345,natural,0.03,1.1,central
KY,s_o2,ecotoxicity: freshwater,4.2963426003953336,0.31808664617039595,0.26213411753369176,0.05595252863670419,4.614429246565729,3.9121341175336917,0.7022951290320374,17.9517140244359,3.65,5.113414322521085,0.06860000000000001,0.060787855739500345,natural,0.03,1.1,central
KY,s_o2,eutrophication,4.2963426003953336,0.4065229832446929,0.3694270839373155,0.03709589930737739,4.702865583640026,4.019427083937315,0.683438499702711,17.00338096526021,3.65,5.113414322521085,0.06860000000000001,0.060787855739500345,natural,0.03,1.1,central
KY,s_o2,particulate matter formation,4.2963426003953336,2.12699100124215,3.137234375011525,-1.010243373769375,6.423333601637483,6.787234375011525,-0.36390077337404136,-5.361547182071836,3.65,5.113414322521085,0.06860000000000001,0.060787855739500345,natural,0.03,1.1,central
KY,s_o2,photochemical oxidant formation,4.2963426003953336,0.05771121828899411,0.08965063216302427,-0.03193941387403016,4.354053818684328,3.7396506321630243,0.6144031865213035,16.42942742397118,3.65,5.113414322521085,0.06860000000000001,0.060787855739500345,natural,0.03,1.1,central
KY,s_o2,_ALL_,4.2963426003953336,4.080882922055227,5.2503965493084594,-1.1695136272532327,8.37722552245056,8.900396549308459,-0.5231710268578986,-5.878064240840459,3.65,5.113414322521085,0.06860000000000001,0.060787855739500345,natural,0.03,1.1,central
LA,s_c1,acidification,4.0424437301026614,0.009871022103671207,0.012984720676239155,-0.0031136985725679477,4.052314752206333,3.662984720676239,0.3893300315300938,10.628764824828917,3.65,4.181343634309122,0.0661,0.06278090018997577,natural,0.03,1.1,central
LA,s_c1,climate change,4.0424437301026614,1.7576093390195402,1.3789656199866647,0.3786437190328755,5.800053069122201,5.028965619986664,0.7710874491355373,15.332923455889166,3.65,4.181343634309122,0.0661,0.06278090018997577,natural,0.03,1.1,central
LA,s_c1,ecotoxicity: freshwater,4.0424437301026614,0.5686942343163489,0.26213411753369176,0.30656011678265715,4.611137964419011,3.9121341175336917,0.699003846885319,17.867583929509777,3.65,4.181343634309122,0.0661,0.06278090018997577,natural,0.03,1.1,central
LA,s_c1,eutrophication,4.0424437301026614,0.6661454747518569,0.3694270839373155,0.29671839081454143,4.708589204854518,4.019427083937315,0.689162120917203,17.14577989662446,3.65,4.181343634309122,0.0661,0.06278090018997577,natural,0.03,1.1,central
LA,s_c1,particulate matter formation,4.0424437301026614,3.886769471708021,3.137234375011523,0.7495350966964978,7.929213201810683,6.787234375011523,1.1419788267991597,16.825392548746645,3.65,4.181343634309122,0.0661,0.06278090018997577,natural,0.03,1.1,central
LA,s_c1,photochemical oxidant formation,4.0424437301026614,0.09093451423362113,0.08965063216302423,0.0012838820705969034,4.133378244336282,3.7396506321630243,0.393727612173258,10.52845976538522,3.65,4.181343634309122,0.0661,0.06278090018997577,natural,0.03,1.1,central
LA,s_c1,_ALL_,4.0424437301026614,6.980024056133058,5.250396549308458,1.7296275068246008,11.022467786235719,8.900396549308457,2.122071236927262,23.842434718171546,3.65,4.181343634309122,0.0661,0.06278090018997577,natural,0.03,1.1,central
LA,s_c2,acidification,3.9860723000673834,0.009304195635739717,0.012984720676239158,-0.003680525040499441,3.9953764957031233,3.662984720676239,0.33239177502688433,9.074342383975877,3.65,4.248793227149887,0.0661,0.06278090018997577,natural,0.03,1.1,central
LA,s_c2,climate change,3.9860723000673834,1.7831815100308046,1.3789656199866647,0.40421589004413994,5.7692538100981885,5.028965619986664,0.7402881901115244,14.720486200370713,3.65,4.248793227149887,0.0661,0.06278090018997577,natural,0.03,1.1,central
LA,s_c2,ecotoxicity: freshwater,3.9860723000673834,0.4338932002701148,0.26213411753369176,0.17175908273642304,4.419965500337498,3.9121341175336917,0.5078313828038064,12.980929782743647,3.65,4.248793227149887,0.0661,0.06278090018997577,natural,0.03,1.1,central
LA,s_c2,eutrophication,3.9860723000673834,0.5159743575659534,0.3694270839373155,0.14654727362863795,4.502046657633337,4.019427083937315,0.48261957369602193,12.007173251747652,3.65,4.248793227149887,0.0661,0.06278090018997577,natural,0.03,1.1,central
LA,s_c2,particulate matter formation,3.9860723000673834,3.0349862121275697,3.137234375011523,-0.10224816288395333,7.021058512194953,6.787234375011523,0.2338241371834302,3.445057651822039,3.65,4.248793227149887,0.0661,0.06278090018997577,natural,0.03,1.1,central
LA,s_c2,photochemical oxidant formation,3.9860723000673834,0.10628480665290271,0.08965063216302423,0.016634174489878487,4.092357106720286,3.7396506321630243,0.35270647455726145,9.431535436059038,3.65,4.248793227149887,0.0661,0.06278090018997577,natural,0.03,1.1,central
LA,s_c2,_ALL_,3.9860723000673834,5.883624282283085,5.250396549308458,0.6332277329746274,9.869696582350468,8.900396549308457,0.9693000330420105,10.89052636780912,3.65,4.248793227149887,0.0661,0.06278090018997577,natural,0.03,1.1,central
LA,s_o1,acidification,5.274824533339825,0.012341619252506035,0.012984720676239162,-0.0006431014237331268,5.287166152592332,3.662984720676239,1.6241814319160928,44.340382386750605,3.65,5.855023399480095,0.0661,0.06278090018997577,natural,0.03,1.1,central
LA,s_o1,climate change,5.274824533339825,2.24149994042906,1.3789656199866647,0.8625343204423954,7.5163244737688855,5.028965619986664,2.4873588537822213,49.46064542371672,3.65,5.855023399480095,0.0661,0.06278090018997577,natural,0.03,1.1,central
LA,s_o1,ecotoxicity: freshwater,5.274824533339825,0.5788543530005439,0.26213411753369176,0.31672023546685213,5.8536788863403695,3.9121341175336917,1.9415447688066778,49.628788545487716,3.65,5.855023399480095,0.0661,0.06278090018997577,natural,0.03,1.1,central
LA,s_o1,eutrophication,5.274824533339825,0.7424273164244856,0.3694270839373155,0.37300023248717007,6.017251849764311,4.019427083937315,1.997824765826996,49.70421714604123,3.65,5.855023399480095,0.0661,0.06278090018997577,natural,0.03,1.1,central
LA,s_o1,particulate matter formation,5.274824533339825,3.903243075008536,3.137234375011525,0.7660086999970113,9.17806760834836,6.787234375011525,2.390833233336836,35.22544089738725,3.65,5.855023399480095,0.0661,0.06278090018997577,natural,0.03,1.1,central
LA,s_o1,photochemical oxidant formation,5.274824533339825,0.1403361978940663,0.08965063216302427,0.05068556573104202,5.415160731233891,3.7396506321630243,1.6755100990708671,44.8039205764456,3.65,5.855023399480095,0.0661,0.06278090018997577,natural,0.03,1.1,central
LA,s_o1,_ALL_,5.274824533339825,7.618702502009197,5.2503965493084594,2.3683059527007373,12.893527035349022,8.900396549308459,3.993130486040563,44.86463568132614,3.65,5.855023399480095,0.0661,0.06278090018997577,natural,0.03,1.1,central
LA,s_o2,acidification,4.301623639268552,0.006733617633043289,0.012984720676239162,-0.006251103043195873,4.308357256901595,3.662984720676239,0.6453725362253562,17.618761350066762,3.65,5.118713932733868,0.0661,0.06278090018997577,natural,0.03,1.1,central
LA,s_o2,climate change,4.301623639268552,1.2133173446287189,1.3789656199866647,-0.1656482753579458,5.5149409838972705,5.028965619986664,0.48597536391060636,9.663525278025167,3.65,5.118713932733868,0.0661,0.06278090018997577,natural,0.03,1.1,central
LA,s_o2,ecotoxicity: freshwater,4.301623639268552,0.32045970480489544,0.26213411753369176,0.05832558727120368,4.622083344073448,3.9121341175336917,0.7099492265397562,18.147364206095425,3.65,5.118713932733868,0.0661,0.06278090018997577,natural,0.03,1.1,central
LA,s_o2,eutrophication,4.301623639268552,0.4093845234994427,0.36942708393731544,0.03995743956212727,4.711008162767995,4.019427083937315,0.69158107883068,17.20596155592471,3.65,5.118713932733868,0.0661,0.06278090018997577,natural,0.03,1.1,central
LA,s_o2,particulate matter formation,4.301623639268552,2.1494772835694107,3.137234375011525,-0.9877570914421141,6.451100922837963,6.787234375011525,-0.33613345217356194,-4.9524362000979405,3.65,5.118713932733868,0.0661,0.06278090018997577,natural,0.03,1.1,central
LA,s_o2,photochemical oxidant formation,4.301623639268552,0.07560868334155829,0.08965063216302427,-0.014041948821465977,4.37723232261011,3.7396506321630243,0.6375816904470861,17.049231416526926,3.65,5.118713932733868,0.0661,0.06278090018997577,natural,0.03,1.1,central
LA,s_o2,_ALL_,4.301623639268552,4.174981157477069,5.2503965493084594,-1.07541539183139,8.476604796745622,8.900396549308459,-0.4237917525628365,-4.761492931410615,3.65,5.118713932733868,0.0661,0.06278090018997577,natural,0.03,1.1,central
MA,s_c1,acidification,4.658091539734897,0.007243559588313006,0.012984720676239155,-0.005741161087926149,4.665335099323211,3.662984720676239,1.0023503786469719,27.36430684488151,3.65,4.799156435483875,0.1889,0.04863028459160027,natural,0.03,1.1,central
MA,s_c1,climate change,4.658091539734897,1.2406723504968242,1.3789656199866647,-0.13829326948984044,5.898763890231722,5.028965619986664,0.8697982702450577,17.295768871201076,3.65,4.799156435483875,0.1889,0.04863028459160027,natural,0.03,1.1,central
MA,s_c1,ecotoxicity: freshwater,4.658091539734897,0.5156157560992968,0.26213411753369176,0.253481638565605,5.173707295834194,3.9121341175336917,1.2615731783005022,32.24769755838099,3.65,4.799156435483875,0.1889,0.04863028459160027,natural,0.03,1.1,central
MA,s_c1,eutrophication,4.658091539734897,0.3966937873591618,0.3694270839373155,0.027266703421846283,5.054785327094059,4.019427083937315,1.035358243156744,25.758851237637998,3.65,4.799156435483875,0.1889,0.04863028459160027,natural,0.03,1.1,central
MA,s_c1,particulate matter formation,4.658091539734897,2.2053800163677346,3.137234375011523,-0.9318543586437884,6.863471556102632,6.787234375011523,0.07623718109110911,1.1232436789245204,3.65,4.799156435483875,0.1889,0.04863028459160027,natural,0.03,1.1,central
MA,s_c1,photochemical oxidant formation,4.658091539734897,0.06982055221827471,0.08965063216302423,-0.019830079944749515,4.727912091953172,3.7396506321630243,0.9882614597901478,26.426571811028634,3.65,4.799156435483875,0.1889,0.04863028459160027,natural,0.03,1.1,central
MA,s_c1,_ALL_,4.658091539734897,4.4354260221296045,5.250396549308458,-0.8149705271788532,9.093517561864502,8.900396549308457,0.19312101255604475,2.1698023395491277,3.65,4.799156435483875,0.1889,0.04863028459160027,natural,0.03,1.1,central
MA,s_c2,acidification,4.661507258360714,0.006139926301980664,0.012984720676239155,-0.006844794374258491,4.667647184662695,3.662984720676239,1.0046624639864556,27.42742710106038,3.65,4.926600474192842,0.1889,0.04863028459160027,natural,0.03,1.1,central
MA,s_c2,climate change,4.661507258360714,1.3107989916824505,1.3789656199866647,-0.06816662830421416,5.9723062500431645,5.028965619986664,0.9433406300565004,18.758144344979673,3.65,4.926600474192842,0.1889,0.04863028459160027,natural,0.03,1.1,central
MA,s_c2,ecotoxicity: freshwater,4.661507258360714,0.38842047833782334,0.26213411753369176,0.12628636080413158,5.049927736698537,3.9121341175336917,1.1377936191648454,29.08370687153587,3.65,4.926600474192842,0.1889,0.04863028459160027,natural,0.03,1.1,central
MA,s_c2,eutrophication,4.661507258360714,0.2965536696527709,0.3694270839373155,-0.07287341428454458,4.958060928013484,4.019427083937315,0.9386338440761692,23.35242870376219,3.65,4.926600474192842,0.1889,0.04863028459160027,natural,0.03,1.1,central
MA,s_c2,particulate matter formation,4.661507258360714,1.6603632593632853,3.137234375011523,-1.4768711156482377,6.321870517723999,6.787234375011523,-0.4653638572875236,-6.856457749578356,3.65,4.926600474192842,0.1889,0.04863028459160027,natural,0.03,1.1,central
MA,s_c2,photochemical oxidant formation,4.661507258360714,0.06730237851019835,0.08965063216302423,-0.022348253652825875,4.728809636870912,3.7396506321630243,0.9891590047078873,26.450572580245417,3.65,4.926600474192842,0.1889,0.04863028459160027,natural,0.03,1.1,central
MA,s_c2,_ALL_,4.661507258360714,3.7295787038485093,5.250396549308458,-1.5208178454599484,8.391085962209223,8.900396549308457,-0.5093105870992343,-5.722335901301012,3.65,4.926600474192842,0.1889,0.04863028459160027,natural,0.03,1.1,central
MA,s_o1,acidification,5.762719123793858,0.00867894533134583,0.012984720676239162,-0.004305775344893332,5.771398069125204,3.662984720676239,2.108413348448965,57.559982070024084,3.65,6.344633723585901,0.1889,0.04863028459160027,natural,0.03,1.1,central
MA,s_o1,climate change,5.762719123793858,1.7087586778009163,1.3789656199866647,0.3297930578142516,7.471477801594775,5.028965619986664,2.4425121816081106,48.568878098923804,3.65,6.344633723585901,0.1889,0.04863028459160027,natural,0.03,1.1,central
MA,s_o1,ecotoxicity: freshwater,5.762719123793858,0.5278581919313156,0.26213411753369176,0.2657240743976238,6.290577315725174,3.9121341175336917,2.378443198191482,60.79656593396427,3.65,6.344633723585901,0.1889,0.04863028459160027,natural,0.03,1.1,central
MA,s_o1,eutrophication,5.762719123793858,0.49780553455121573,0.36942708393731544,0.1283784506139003,6.260524658345074,4.019427083937315,2.2410975744077586,55.7566421185689,3.65,6.344633723585901,0.1889,0.04863028459160027,natural,0.03,1.1,central
MA,s_o1,particulate matter formation,5.762719123793858,2.370070411525469,3.137234375011525,-0.7671639634860559,8.132789535319327,6.787234375011525,1.3455551603078026,19.824792926876317,3.65,6.344633723585901,0.1889,0.04863028459160027,natural,0.03,1.1,central
MA,s_o1,photochemical oxidant formation,5.762719123793858,0.09400157264608354,0.08965063216302427,0.004350940483059271,5.856720696439942,3.7396506321630243,2.117070064276918,56.61143974436988,3.65,6.344633723585901,0.1889,0.04863028459160027,natural,0.03,1.1,central
MA,s_o1,_ALL_,5.762719123793858,5.207173333786346,5.2503965493084594,-0.04322321552211328,10.969892457580205,8.900396549308459,2.0694959082717457,23.251727007967315,3.65,6.344633723585901,0.1889,0.04863028459160027,natural,0.03,1.1,central
MA,s_o2,acidification,4.782382992429069,0.004775664598893098,0.012984720676239162,-0.008209056077346063,4.787158657027962,3.662984720676239,1.1241739363517227,30.69010716878405,3.65,5.6011639277189955,0.1889,0.04863028459160027,natural,0.03,1.1,central
MA,s_o2,climate change,4.782382992429069,0.9241675946370899,1.3789656199866647,-0.4547980253495748,5.706550587066158,5.028965619986664,0.6775849670794942,13.473644846299248,3.65,5.6011639277189955,0.1889,0.04863028459160027,natural,0.03,1.1,central
MA,s_o2,ecotoxicity: freshwater,4.782382992429069,0.29266063427854083,0.26213411753369176,0.030526516744849075,5.075043626707609,3.9121341175336917,1.1629095091739177,29.725706589707748,3.65,5.6011639277189955,0.1889,0.04863028459160027,natural,0.03,1.1,central
MA,s_o2,eutrophication,4.782382992429069,0.2755531627603797,0.36942708393731544,-0.09387392117693572,5.057936155189449,4.019427083937315,1.0385090712521334,25.83724121784142,3.65,5.6011639277189955,0.1889,0.04863028459160027,natural,0.03,1.1,central
MA,s_o2,particulate matter formation,4.782382992429069,1.3109297291828033,3.137234375011525,-1.8263046458287215,6.093312721611872,6.787234375011525,-0.6939216533996531,-10.22392354615682,3.65,5.6011639277189955,0.1889,0.04863028459160027,natural,0.03,1.1,central
MA,s_o2,photochemical oxidant formation,4.782382992429069,0.0512347437970264,0.08965063216302427,-0.038415888365997866,4.8336177362260955,3.7396506321630243,1.0939671040630712,29.253189981287573,3.65,5.6011639277189955,0.1889,0.04863028459160027,natural,0.03,1.1,central
MA,s_o2,_ALL_,4.782382992429069,2.859321529254733,5.2503965493084594,-2.3910750200537265,7.641704521683802,8.900396549308459,-1.2586920276246572,-14.141976940594347,3.65,5.6011639277189955,0.1889,0.04863028459160027,natural,0.03,1.1,central
MD,s_c1,acidification,4.368301172848859,0.010614567576104638,0.012984720676239155,-0.002370153100134517,4.378915740424964,3.662984720676239,0.7159310197487252,19.545017911419357,3.65,4.5083469896940045,0.1333,0.05281567793759866,natural,0.03,1.1,central
MD,s_c1,climate change,4.368301172848859,1.7418698481693882,1.3789656199866647,0.3629042281827235,6.110171021018248,5.028965619986664,1.0812054010315837,21.499558412858086,3.65,4.5083469896940045,0.1333,0.05281567793759866,natural,0.03,1.1,central
MD,s_c1,ecotoxicity: freshwater,4.368301172848859,0.5696429864711543,0.26213411753369176,0.30750886893746254,4.937944159320014,3.9121341175336917,1.0258100417863223,26.221239123392294,3.65,4.5083469896940045,0.1333,0.05281567793759866,natural,0.03,1.1,central
MD,s_c1,eutrophication,4.368301172848859,0.6547195715229339,0.3694270839373155,0.2852924875856184,5.023020744371793,4.019427083937315,1.0035936604344782,24.968574860957215,3.65,4.5083469896940045,0.1333,0.05281567793759866,natural,0.03,1.1,central
MD,s_c1,particulate matter formation,4.368301172848859,3.6320956899574277,3.137234375011523,0.4948613149459047,8.000396862806287,6.787234375011523,1.2131624877947642,17.87417997912743,3.65,4.5083469896940045,0.1333,0.05281567793759866,natural,0.03,1.1,central
MD,s_c1,photochemical oxidant formation,4.368301172848859,0.08465510540652815,0.08965063216302423,-0.004995526756496074,4.452956278255388,3.7396506321630243,0.7133056460923637,19.07412526607561,3.65,4.5083469896940045,0.1333,0.05281567793759866,natural,0.03,1.1,central
MD,s_c1,_ALL_,4.368301172848859,6.693597769103538,5.250396549308458,1.44320121979508,11.061898941952396,8.900396549308457,2.161502392643939,24.285461672063178,3.65,4.5083469896940045,0.1333,0.05281567793759866,natural,0.03,1.1,central
MD,s_c2,acidification,4.3446471401264946,0.008840986011642338,0.012984720676239155,-0.004143734664596816,4.353488126138137,3.662984720676239,0.6905034054618979,18.85084045162004,3.65,4.608627467612435,0.1333,0.05281567793759866,natural,0.03,1.1,central
MD,s_c2,climate change,4.3446471401264946,1.7123893683440825,1.3789656199866647,0.33342374835741784,6.057036508470577,5.028965619986664,1.0280708884839127,20.442988999527877,3.65,4.608627467612435,0.1333,0.05281567793759866,natural,0.03,1.1,central
MD,s_c2,ecotoxicity: freshwater,4.3446471401264946,0.4317104306934788,0.26213411753369176,0.16957631315978705,4.7763575708199735,3.9121341175336917,0.8642234532862818,22.090844212445102,3.65,4.608627467612435,0.1333,0.05281567793759866,natural,0.03,1.1,central
MD,s_c2,eutrophication,4.3446471401264946,0.5032998571974632,0.3694270839373155,0.13387277326014768,4.847946997323958,4.019427083937315,0.8285199133866428,20.612885769159135,3.65,4.608627467612435,0.1333,0.05281567793759866,natural,0.03,1.1,central
MD,s_c2,particulate matter formation,4.3446471401264946,2.8035359356168597,3.137234375011523,-0.33369843939466337,7.148183075743354,6.787234375011523,0.3609487007318313,5.318052696997347,3.65,4.608627467612435,0.1333,0.05281567793759866,natural,0.03,1.1,central
MD,s_c2,photochemical oxidant formation,4.3446471401264946,0.07918873833869403,0.08965063216302423,-0.010461893824330201,4.423835878465189,3.7396506321630243,0.6841852463021647,18.295432210105414,3.65,4.608627467612435,0.1333,0.05281567793759866,natural,0.03,1.1,central
MD,s_c2,_ALL_,4.3446471401264946,5.538965316202221,5.250396549308458,0.2885687668937633,9.883612456328716,8.900396549308457,0.9832159070202593,11.046877535997575,3.65,4.608627467612435,0.1333,0.05281567793759866,natural,0.03,1.1,central
MD,s_o1,acidification,5.522181495451664,0.011684423453243581,0.012984720676239162,-0.001300297222995581,5.533865918904908,3.662984720676239,1.8708811982286693,51.07532083517067,3.65,6.103250218877092,0.1333,0.05281567793759866,natural,0.03,1.1,central
MD,s_o1,climate change,5.522181495451664,2.155609625487812,1.3789656199866647,0.7766440055011472,7.677791120939476,5.028965619986664,2.648825500952812,52.67137819406759,3.65,6.103250218877092,0.1333,0.05281567793759866,natural,0.03,1.1,central
MD,s_o1,ecotoxicity: freshwater,5.522181495451664,0.576027065887536,0.26213411753369176,0.3138929483538443,6.0982085613392005,3.9121341175336917,2.186074443805509,55.879332817548324,3.65,6.103250218877092,0.1333,0.05281567793759866,natural,0.03,1.1,central
MD,s_o1,eutrophication,5.522181495451664,0.7278527050112764,0.36942708393731544,0.358425621073961,6.250034200462941,4.019427083937315,2.2306071165256256,55.4956482589202,3.65,6.103250218877092,0.1333,0.05281567793759866,natural,0.03,1.1,central
MD,s_o1,particulate matter formation,5.522181495451664,3.642082450260359,3.137234375011525,0.5048480752488342,9.164263945712023,6.787234375011525,2.377029570700498,35.02206405972921,3.65,6.103250218877092,0.1333,0.05281567793759866,natural,0.03,1.1,central
MD,s_o1,photochemical oxidant formation,5.522181495451664,0.10722756475790649,0.08965063216302427,0.017576932594882216,5.6294090602095705,3.7396506321630243,1.8897584280465463,50.533020699677095,3.65,6.103250218877092,0.1333,0.05281567793759866,natural,0.03,1.1,central
MD,s_o1,_ALL_,5.522181495451664,7.220483834858133,5.2503965493084594,1.9700872855496732,12.742665330309798,8.900396549308459,3.842268781001339,43.16963586639153,3.65,6.103250218877092,0.1333,0.05281567793759866,natural,0.03,1.1,central
MD,s_o2,acidification,4.545075976411953,0.0064219180082786,0.012984720676239162,-0.006562802667960562,4.551497894420232,3.662984720676239,0.8885131737439926,24.256535079948694,3.65,5.363022396129972,0.1333,0.05281567793759866,natural,0.03,1.1,central
MD,s_o2,climate change,4.545075976411953,1.1689306127928145,1.3789656199866647,-0.21003500719385015,5.714006589204767,5.028965619986664,0.685040969218103,13.62190599385962,3.65,5.363022396129972,0.1333,0.05281567793759866,natural,0.03,1.1,central
MD,s_o2,ecotoxicity: freshwater,4.545075976411953,0.3190451793527259,0.26213411753369176,0.05691106181903416,4.864121155764678,3.9121341175336917,0.9519870382309867,24.33421272456639,3.65,5.363022396129972,0.1333,0.05281567793759866,natural,0.03,1.1,central
MD,s_o2,eutrophication,4.545075976411953,0.4015617122587301,0.36942708393731544,0.03213462832141467,4.946637688670683,4.019427083937315,0.9272106047333679,23.068228017837285,3.65,5.363022396129972,0.1333,0.05281567793759866,natural,0.03,1.1,central
MD,s_o2,particulate matter formation,4.545075976411953,2.00767549495283,3.137234375011525,-1.1295588800586946,6.5527514713647825,6.787234375011525,-0.23448290364674218,-3.4547636149126504,3.65,5.363022396129972,0.1333,0.05281567793759866,natural,0.03,1.1,central
MD,s_o2,photochemical oxidant formation,4.545075976411953,0.05847929315772704,0.08965063216302427,-0.031171339005297227,4.6035552695696795,3.7396506321630243,0.8639046374066552,23.101212449542924,3.65,5.363022396129972,0.1333,0.05281567793759866,natural,0.03,1.1,central
MD,s_o2,_ALL_,4.545075976411953,3.9621142105231066,5.2503965493084594,-1.2882823387853528,8.507190186935059,8.900396549308459,-0.3932063623733999,-4.417852173159084,3.65,5.363022396129972,0.1333,0.05281567793759866,natural,0.03,1.1,central
ME,s_c1,acidification,4.59775307012503,0.007243559588313006,0.012984720676239155,-0.005741161087926149,4.604996629713344,3.662984720676239,0.9420119090371046,25.717058106188222,3.65,4.738605779174604,0.1632,0.0653718579755938,natural,0.03,1.1,central
ME,s_c1,climate change,4.59775307012503,1.2406723504968242,1.3789656199866647,-0.13829326948984044,5.838425420621855,5.028965619986664,0.8094598006351905,16.09595017747083,3.65,4.738605779174604,0.1632,0.0653718579755938,natural,0.03,1.1,central
ME,s_c1,ecotoxicity: freshwater,4.59775307012503,0.5156157560992968,0.26213411753369176,0.253481638565605,5.113368826224327,3.9121341175336917,1.201234708690635,30.705356018006963,3.65,4.738605779174604,0.1632,0.0653718579755938,natural,0.03,1.1,central
ME,s_c1,eutrophication,4.59775307012503,0.3966937873591618,0.3694270839373155,0.027266703421846283,4.994446857484192,4.019427083937315,0.9750197735468769,24.257680340646345,3.65,4.738605779174604,0.1632,0.0653718579755938,natural,0.03,1.1,central
ME,s_c1,particulate matter formation,4.59775307012503,2.2053800163677346,3.137234375011523,-0.9318543586437884,6.803133086492765,6.787234375011523,0.01589871148124189,0.23424432696439626,3.65,4.738605779174604,0.1632,0.0653718579755938,natural,0.03,1.1,central
ME,s_c1,photochemical oxidant formation,4.59775307012503,0.06982055221827471,0.08965063216302423,-0.019830079944749515,4.667573622343305,3.7396506321630243,0.9279229901802806,24.81309302531203,3.65,4.738605779174604,0.1632,0.0653718579755938,natural,0.03,1.1,central
ME,s_c1,_ALL_,4.59775307012503,4.4354260221296045,5.250396549308458,-0.8149705271788532,9.033179092254635,8.900396549308457,0.13278254294617753,1.4918722127779178,3.65,4.738605779174604,0.1632,0.0653718579755938,natural,0.03,1.1,central
ME,s_c2,acidification,4.588656331742785,0.006139926301980664,0.012984720676239155,-0.006844794374258491,4.594796258044766,3.662984720676239,0.9318115373685267,25.438586519588352,3.65,4.853493677736532,0.1632,0.0653718579755938,natural,0.03,1.1,central
ME,s_c2,climate change,4.588656331742785,1.3107989916824505,1.3789656199866647,-0.06816662830421416,5.899455323425235,5.028965619986664,0.8704897034385706,17.309517885327658,3.65,4.853493677736532,0.1632,0.0653718579755938,natural,0.03,1.1,central
ME,s_c2,ecotoxicity: freshwater,4.588656331742785,0.38842047833782334,0.26213411753369176,0.12628636080413158,4.977076810080608,3.9121341175336917,1.0649426925469165,27.22152821330889,3.65,4.853493677736532,0.1632,0.0653718579755938,natural,0.03,1.1,central
ME,s_c2,eutrophication,4.588656331742785,0.2965536696527709,0.3694270839373155,-0.07287341428454458,4.8852100013955555,4.019427083937315,0.8657829174582403,21.539958292019673,3.65,4.853493677736532,0.1632,0.0653718579755938,natural,0.03,1.1,central
ME,s_c2,particulate matter formation,4.588656331742785,1.6603632593632853,3.137234375011523,-1.4768711156482377,6.2490195911060695,6.787234375011523,-0.5382147839054534,-7.929809907360679,3.65,4.853493677736532,0.1632,0.0653718579755938,natural,0.03,1.1,central
ME,s_c2,photochemical oxidant formation,4.588656331742785,0.06730237851019835,0.08965063216302423,-0.022348253652825875,4.655958710252983,3.7396506321630243,0.9163080780899584,24.502504865273025,3.65,4.853493677736532,0.1632,0.0653718579755938,natural,0.03,1.1,central
ME,s_c2,_ALL_,4.588656331742785,3.7295787038485093,5.250396549308458,-1.5208178454599484,8.318235035591293,8.900396549308457,-0.5821615137171641,-6.540849168820426,3.65,4.853493677736532,0.1632,0.0653718579755938,natural,0.03,1.1,central
ME,s_o1,acidification,5.782399536309144,0.00867894533134583,0.012984720676239162,-0.004305775344893332,5.791078481640489,3.662984720676239,2.12809376096425,58.09726011009333,3.65,6.36438334438243,0.1632,0.0653718579755938,natural,0.03,1.1,central
ME,s_o1,climate change,5.782399536309144,1.7087586778009163,1.3789656199866647,0.3297930578142516,7.49115821411006,5.028965619986664,2.4621925941233958,48.96021926135031,3.65,6.36438334438243,0.1632,0.0653718579755938,natural,0.03,1.1,central
ME,s_o1,ecotoxicity: freshwater,5.782399536309144,0.5278581919313156,0.26213411753369176,0.2657240743976238,6.310257728240459,3.9121341175336917,2.3981236107067674,61.29962671674981,3.65,6.36438334438243,0.1632,0.0653718579755938,natural,0.03,1.1,central
ME,s_o1,eutrophication,5.782399536309144,0.49780553455121573,0.36942708393731544,0.1283784506139003,6.280205070860359,4.019427083937315,2.2607779869230438,56.24627439959554,3.65,6.36438334438243,0.1632,0.0653718579755938,natural,0.03,1.1,central
ME,s_o1,particulate matter formation,5.782399536309144,2.370070411525469,3.137234375011525,-0.7671639634860559,8.152469947834613,6.787234375011525,1.3652355728230878,20.114755103337206,3.65,6.36438334438243,0.1632,0.0653718579755938,natural,0.03,1.1,central
ME,s_o1,photochemical oxidant formation,5.782399536309144,0.09400157264608354,0.08965063216302427,0.004350940483059271,5.8764011089552275,3.7396506321630243,2.136750476792203,57.13770314304202,3.65,6.36438334438243,0.1632,0.0653718579755938,natural,0.03,1.1,central
ME,s_o1,_ALL_,5.782399536309144,5.207173333786346,5.2503965493084594,-0.04322321552211328,10.98957287009549,8.900396549308459,2.089176320787031,23.4728453863031,3.65,6.36438334438243,0.1632,0.0653718579755938,natural,0.03,1.1,central
ME,s_o2,acidification,4.80355669157663,0.004775664598893098,0.012984720676239162,-0.008209056077346063,4.808332356175523,3.662984720676239,1.145347635499284,31.268152144730667,3.65,5.622412086450391,0.1632,0.0653718579755938,natural,0.03,1.1,central
ME,s_o2,climate change,4.80355669157663,0.9241675946370899,1.3789656199866647,-0.4547980253495748,5.72772428621372,5.028965619986664,0.6987586662270555,13.894679722008291,3.65,5.622412086450391,0.1632,0.0653718579755938,natural,0.03,1.1,central
ME,s_o2,ecotoxicity: freshwater,4.80355669157663,0.29266063427854083,0.26213411753369176,0.030526516744849075,5.096217325855171,3.9121341175336917,1.184083208321479,30.266938012543264,3.65,5.622412086450391,0.1632,0.0653718579755938,natural,0.03,1.1,central
ME,s_o2,eutrophication,4.80355669157663,0.2755531627603797,0.3694270839373155,-0.09387392117693577,5.07910985433701,4.019427083937315,1.0596827703996947,26.364025227238606,3.65,5.622412086450391,0.1632,0.0653718579755938,natural,0.03,1.1,central
ME,s_o2,particulate matter formation,4.80355669157663,1.3109297291828033,3.137234375011525,-1.8263046458287215,6.114486420759434,6.787234375011525,-0.6727479542520909,-9.911959968981455,3.65,5.622412086450391,0.1632,0.0653718579755938,natural,0.03,1.1,central
ME,s_o2,photochemical oxidant formation,4.80355669157663,0.0512347437970264,0.08965063216302427,-0.038415888365997866,4.854791435373657,3.7396506321630243,1.1151408032106325,29.81938456014625,3.65,5.622412086450391,0.1632,0.0653718579755938,natural,0.03,1.1,central
ME,s_o2,_ALL_,4.80355669157663,2.859321529254733,5.2503965493084594,-2.3910750200537265,7.662878220831363,8.900396549308459,-1.2375183284770959,-13.904080808323627,3.65,5.622412086450391,0.1632,0.0653718579755938,natural,0.03,1.1,central
MI,s_c1,acidification,4.129198946173914,0.010607455792925645,0.012984720676239158,-0.002377264883313513,4.1398064019668395,3.662984720676239,0.47682168129060054,13.01729921501208,3.65,4.2684039344016105,0.085,0.05899411573407246,natural,0.03,1.1,central
MI,s_c1,climate change,4.129198946173914,1.7396706407850706,1.3789656199866647,0.36070502079840594,5.868869586958985,5.028965619986664,0.8399039669723205,16.70132648420348,3.65,4.2684039344016105,0.085,0.05899411573407246,natural,0.03,1.1,central
MI,s_c1,ecotoxicity: freshwater,4.129198946173914,0.5696580159101086,0.26213411753369176,0.3075238983764168,4.698856962084022,3.9121341175336917,0.7867228445503307,20.109812724066337,3.65,4.2684039344016105,0.085,0.05899411573407246,natural,0.03,1.1,central
MI,s_c1,eutrophication,4.129198946173914,0.6546955542331026,0.3694270839373155,0.28526847029578706,4.783894500407016,4.019427083937315,0.7644674164697012,19.019312964395183,3.65,4.2684039344016105,0.085,0.05899411573407246,natural,0.03,1.1,central
MI,s_c1,particulate matter formation,4.129198946173914,3.6315245691445885,3.137234375011523,0.4942901941330655,7.760723515318503,6.787234375011523,0.9734891403069801,14.342942743970402,3.65,4.2684039344016105,0.085,0.05899411573407246,natural,0.03,1.1,central
MI,s_c1,photochemical oxidant formation,4.129198946173914,0.08456599652131049,0.08965063216302423,-0.005084635641713742,4.213764942695224,3.7396506321630243,0.4741143105322001,12.678037527210693,3.65,4.2684039344016105,0.085,0.05899411573407246,natural,0.03,1.1,central
MI,s_c1,_ALL_,4.129198946173914,6.690722232387107,5.250396549308458,1.4403256830786493,10.819921178561021,8.900396549308457,1.9195246292525638,21.566731534020324,3.65,4.2684039344016105,0.085,0.05899411573407246,natural,0.03,1.1,central
MI,s_c2,acidification,4.082029284132893,0.00883574443463205,0.012984720676239155,-0.0041489762416071045,4.090865028567524,3.662984720676239,0.4278803078912854,11.681192811863344,3.65,4.345087235041231,0.085,0.05899411573407246,natural,0.03,1.1,central
MI,s_c2,climate change,4.082029284132893,1.7107684928791853,1.3789656199866647,0.33180287289252064,5.792797777012078,5.028965619986664,0.7638321570254138,15.188653388078627,3.65,4.345087235041231,0.085,0.05899411573407246,natural,0.03,1.1,central
MI,s_c2,ecotoxicity: freshwater,4.082029284132893,0.4317215077974507,0.26213411753369176,0.16958739026375896,4.5137507919303435,3.9121341175336917,0.6016166743966518,15.378222124345935,3.65,4.345087235041231,0.085,0.05899411573407246,natural,0.03,1.1,central
MI,s_c2,eutrophication,4.082029284132893,0.5032821558037255,0.3694270839373155,0.13385507186641,4.585311439936618,4.019427083937315,0.5658843559993025,14.078731724248085,3.65,4.345087235041231,0.085,0.05899411573407246,natural,0.03,1.1,central
MI,s_c2,particulate matter formation,4.082029284132893,2.803115004094156,3.137234375011523,-0.3341193709173669,6.885144288227049,6.787234375011523,0.09790991321552589,1.4425597792231784,3.65,4.345087235041231,0.085,0.05899411573407246,natural,0.03,1.1,central
MI,s_c2,photochemical oxidant formation,4.082029284132893,0.0791230626744599,0.08965063216302423,-0.010527569488564328,4.161152346807352,3.7396506321630243,0.42150171464432784,11.271152203876598,3.65,4.345087235041231,0.085,0.05899411573407246,natural,0.03,1.1,central
MI,s_c2,_ALL_,4.082029284132893,5.536845967683609,5.250396549308458,0.2864494183751516,9.618875251816501,8.900396549308457,0.7184787025080439,8.072434733976749,3.65,4.345087235041231,0.085,0.05899411573407246,natural,0.03,1.1,central
MI,s_o1,acidification,5.335696487919615,0.01167491455049936,0.012984720676239162,-0.0013098061257398024,5.347371402470115,3.662984720676239,1.684386681793876,45.983994207950566,3.65,5.9161094168164015,0.085,0.05899411573407246,natural,0.03,1.1,central
MI,s_o1,climate change,5.335696487919615,2.15266914648198,1.3789656199866647,0.7737035264953152,7.488365634401595,5.028965619986664,2.459400014414931,48.9046893587921,3.65,5.9161094168164015,0.085,0.05899411573407246,natural,0.03,1.1,central
MI,s_o1,ecotoxicity: freshwater,5.335696487919615,0.5760471611955224,0.26213411753369176,0.3139130436618306,5.911743649115138,3.9121341175336917,1.9996095315814464,51.113010738038064,3.65,5.9161094168164015,0.085,0.05899411573407246,natural,0.03,1.1,central
MI,s_o1,eutrophication,5.335696487919615,0.7278205923796848,0.3694270839373155,0.3583935084423693,6.063517080299301,4.019427083937315,2.0440899963619854,50.85525756968462,3.65,5.9161094168164015,0.085,0.05899411573407246,natural,0.03,1.1,central
MI,s_o1,particulate matter formation,5.335696487919615,3.6413188257054747,3.137234375011525,0.5040844506939499,8.97701531362509,6.787234375011525,2.1897809386135654,32.263228549696976,3.65,5.9161094168164015,0.085,0.05899411573407246,natural,0.03,1.1,central
MI,s_o1,photochemical oxidant formation,5.335696487919615,0.10710842055709853,0.08965063216302427,0.01745778839407426,5.442804908476714,3.7396506321630243,1.7031542763136898,45.543138753808684,3.65,5.9161094168164015,0.085,0.05899411573407246,natural,0.03,1.1,central
MI,s_o1,_ALL_,5.335696487919615,7.21663906087026,5.2503965493084594,1.9662425115618003,12.552335548789875,8.900396549308459,3.651938999481416,41.03119427600295,3.65,5.9161094168164015,0.085,0.05899411573407246,natural,0.03,1.1,central
MI,s_o2,acidification,4.36139741807597,0.006416648153544892,0.012984720676239162,-0.00656807252269427,4.367814066229514,3.662984720676239,0.7048293455532755,19.2419406385936,3.65,5.178697912444924,0.085,0.05899411573407246,natural,0.03,1.1,central
MI,s_o2,climate change,4.36139741807597,1.1673009928855482,1.3789656199866647,-0.21166462710111644,5.528698410961518,5.028965619986664,0.49973279097485346,9.937089030570439,3.65,5.178697912444924,0.085,0.05899411573407246,natural,0.03,1.1,central
MI,s_o2,ecotoxicity: freshwater,4.36139741807597,0.3190563162164383,0.26213411753369176,0.05692219868274656,4.680453734292408,3.9121341175336917,0.7683196167587165,19.63939869329134,3.65,5.178697912444924,0.085,0.05899411573407246,natural,0.03,1.1,central
MI,s_o2,eutrophication,4.36139741807597,0.40154391536794715,0.3694270839373155,0.032116831430631654,4.762941333443917,4.019427083937315,0.7435142495066014,18.49801561217218,3.65,5.178697912444924,0.085,0.05899411573407246,natural,0.03,1.1,central
MI,s_o2,particulate matter formation,4.36139741807597,2.0072522925515033,3.137234375011525,-1.1299820824600215,6.368649710627473,6.787234375011525,-0.41858466438405184,-6.1672345650114835,3.65,5.178697912444924,0.085,0.05899411573407246,natural,0.03,1.1,central
MI,s_o2,photochemical oxidant formation,4.36139741807597,0.05841326318060872,0.08965063216302427,-0.031237368982415546,4.419810681256578,3.7396506321630243,0.680160049093554,18.18779656163088,3.65,5.178697912444924,0.085,0.05899411573407246,natural,0.03,1.1,central
MI,s_o2,_ALL_,4.36139741807597,3.9599834283555904,5.2503965493084594,-1.290413120952869,8.321380846431559,8.900396549308459,-0.5790157028768999,-6.505504554422219,3.65,5.178697912444924,0.085,0.05899411573407246,natural,0.03,1.1,central
MN,s_c1,acidification,4.190080425594904,0.011481977821473052,0.012984720676239155,-0.001502742854766103,4.201562403416378,3.662984720676239,0.5385776827401387,14.703246773049864,3.65,4.329499510074108,0.0904,0.06517255353054627,natural,0.03,1.1,central
MN,s_c1,climate change,4.190080425594904,1.7651782896477493,1.3789656199866647,0.3862126696610846,5.955258715242653,5.028965619986664,0.9262930952559891,18.41915744213112,3.65,4.329499510074108,0.0904,0.06517255353054627,natural,0.03,1.1,central
MN,s_c1,ecotoxicity: freshwater,4.190080425594904,0.6892259413122384,0.26213411753369176,0.4270918237785466,4.879306366907143,3.9121341175336917,0.9671722493734509,24.722369436127124,3.65,4.329499510074108,0.0904,0.06517255353054627,natural,0.03,1.1,central
MN,s_c1,eutrophication,4.190080425594904,1.2760402583027337,0.3694270839373155,0.9066131743654182,5.466120683897638,4.019427083937315,1.446693599960323,35.99253251145394,3.65,4.329499510074108,0.0904,0.06517255353054627,natural,0.03,1.1,central
MN,s_c1,particulate matter formation,4.190080425594904,11.012852146658906,3.137234375011523,7.8756177716473825,15.202932572253811,6.787234375011523,8.415698197242289,123.99303946576916,3.65,4.329499510074108,0.0904,0.06517255353054627,natural,0.03,1.1,central
MN,s_c1,photochemical oxidant formation,4.190080425594904,0.08930239658880773,0.08965063216302423,-0.0003482355742164961,4.279382822183712,3.7396506321630243,0.539732190020688,14.432690192466064,3.65,4.329499510074108,0.0904,0.06517255353054627,natural,0.03,1.1,central
MN,s_c1,_ALL_,4.190080425594904,14.844081010331909,5.250396549308458,9.59368446102345,19.034161435926812,8.900396549308457,10.133764886618355,113.85745377160447,3.65,4.329499510074108,0.0904,0.06517255353054627,natural,0.03,1.1,central
MN,s_c2,acidification,4.145539840123672,0.009645301709221525,0.012984720676239155,-0.0033394189670176294,4.155185141832894,3.662984720676239,0.4922004211566553,13.437140984464389,3.65,4.408820855259897,0.0904,0.06517255353054627,natural,0.03,1.1,central
MN,s_c2,climate change,4.145539840123672,1.747400142963525,1.3789656199866647,0.3684345229768604,5.892939983087198,5.028965619986664,0.8639743631005334,17.179961614110706,3.65,4.408820855259897,0.0904,0.06517255353054627,natural,0.03,1.1,central
MN,s_c2,ecotoxicity: freshwater,4.145539840123672,0.5314504635121174,0.26213411753369176,0.2693163459784257,4.676990303635789,3.9121341175336917,0.7648561861020977,19.55086822494425,3.65,4.408820855259897,0.0904,0.06517255353054627,natural,0.03,1.1,central
MN,s_c2,eutrophication,4.145539840123672,1.0010119150097645,0.3694270839373155,0.631584831072449,5.146551755133437,4.019427083937315,1.127124671196122,28.041923579119217,3.65,4.408820855259897,0.0904,0.06517255353054627,natural,0.03,1.1,central
MN,s_c2,particulate matter formation,4.145539840123672,8.724435758820489,3.137234375011523,5.587201383808965,12.869975598944162,6.787234375011523,6.082741223932639,89.62032085303247,3.65,4.408820855259897,0.0904,0.06517255353054627,natural,0.03,1.1,central
MN,s_c2,photochemical oxidant formation,4.145539840123672,0.0848267623782611,0.08965063216302423,-0.004823869784763124,4.230366602501934,3.7396506321630243,0.49071597033890946,13.121973644235263,3.65,4.408820855259897,0.0904,0.06517255353054627,natural,0.03,1.1,central
MN,s_c2,_ALL_,4.145539840123672,12.098770344393378,5.250396549308458,6.84837379508492,16.24431018451705,8.900396549308457,7.343913635208594,82.51220711934684,3.65,4.408820855259897,0.0904,0.06517255353054627,natural,0.03,1.1,central
MN,s_o1,acidification,5.417255815517076,0.012590334706729161,0.012984720676239162,-0.00039438596951000063,5.429846150223805,3.662984720676239,1.7668614295475664,48.235566465081476,3.65,5.997955556536219,0.0904,0.06517255353054627,natural,0.03,1.1,central
MN,s_o1,climate change,5.417255815517076,2.195605020812442,1.3789656199866647,0.8166394008257774,7.612860836329518,5.028965619986664,2.583895216342854,51.380252155108316,3.65,5.997955556536219,0.0904,0.06517255353054627,natural,0.03,1.1,central
MN,s_o1,ecotoxicity: freshwater,5.417255815517076,0.6875430917620505,0.26213411753369176,0.42540897422835877,6.104798907279126,3.9121341175336917,2.1926647897454346,56.04779191792499,3.65,5.997955556536219,0.0904,0.06517255353054627,natural,0.03,1.1,central
MN,s_o1,eutrophication,5.417255815517076,1.281628687291006,0.36942708393731544,0.9122016033536906,6.698884502808082,4.019427083937315,2.6794574188707667,66.66267014964848,3.65,5.997955556536219,0.0904,0.06517255353054627,natural,0.03,1.1,central
MN,s_o1,particulate matter formation,5.417255815517076,10.230925297944694,3.137234375011525,7.093690922933169,15.64818111346177,6.787234375011525,8.860946738450245,130.55312736913112,3.65,5.997955556536219,0.0904,0.06517255353054627,natural,0.03,1.1,central
MN,s_o1,photochemical oxidant formation,5.417255815517076,0.11371138349082159,0.08965063216302427,0.024060751327797322,5.530967199007898,3.7396506321630243,1.7913165668448734,47.90063947253733,3.65,5.997955556536219,0.0904,0.06517255353054627,natural,0.03,1.1,central
MN,s_o1,_ALL_,5.417255815517076,14.522003816007745,5.2503965493084594,9.271607266699284,19.93925963152482,8.900396549308459,11.038863082216361,124.02664331932553,3.65,5.997955556536219,0.0904,0.06517255353054627,natural,0.03,1.1,central
MN,s_o2,acidification,4.442642981167036,0.006913109011643947,0.012984720676239162,-0.006071611664595215,4.44955609017868,3.662984720676239,0.786571369502441,21.473509432417963,3.65,5.260229184271812,0.0904,0.06517255353054627,natural,0.03,1.1,central
MN,s_o2,climate change,4.442642981167036,1.1900809725960066,1.3789656199866647,-0.18888464739065802,5.632723953763042,5.028965619986664,0.6037583337763781,12.005616649611916,3.65,5.260229184271812,0.0904,0.06517255353054627,natural,0.03,1.1,central
MN,s_o2,ecotoxicity: freshwater,4.442642981167036,0.37994944789333596,0.26213411753369176,0.1178153303596442,4.822592429060371,3.9121341175336917,0.9104583115266798,23.272676349364414,3.65,5.260229184271812,0.0904,0.06517255353054627,natural,0.03,1.1,central
MN,s_o2,eutrophication,4.442642981167036,0.7048987344966007,0.36942708393731544,0.33547165055928524,5.147541715663636,4.019427083937315,1.128114631726321,28.066552973048395,3.65,5.260229184271812,0.0904,0.06517255353054627,natural,0.03,1.1,central
MN,s_o2,particulate matter formation,4.442642981167036,5.61639869546672,3.137234375011525,2.479164320455195,10.059041676633756,6.787234375011525,3.271807301622231,48.20530897928032,3.65,5.260229184271812,0.0904,0.06517255353054627,natural,0.03,1.1,central
MN,s_o2,photochemical oxidant formation,4.442642981167036,0.061943037186917925,0.08965063216302427,-0.027707594976106344,4.504586018353954,3.7396506321630243,0.7649353861909294,20.454728567745608,3.65,5.260229184271812,0.0904,0.06517255353054627,natural,0.03,1.1,central
MN,s_o2,_ALL_,4.442642981167036,7.960183996651225,5.2503965493084594,2.709787447342766,12.402826977818261,8.900396549308459,3.5024304285098022,39.35139753724718,3.65,5.260229184271812,0.0904,0.06517255353054627,natural,0.03,1.1,central
MO,s_c1,acidification,4.055701218727761,0.00950676828747,0.012984720676239155,-0.003477952388769155,4.065207987015231,3.662984720676239,0.4022232663389924,10.980751955327193,3.65,4.194647744314752,0.0761,0.054210809052931457,natural,0.03,1.1,central
MO,s_c1,climate change,4.055701218727761,1.7436351142097115,1.3789656199866647,0.36466949422304684,5.7993363329374725,5.028965619986664,0.7703707129508084,15.318671296719886,3.65,4.194647744314752,0.0761,0.054210809052931457,natural,0.03,1.1,central
MO,s_c1,ecotoxicity: freshwater,4.055701218727761,0.5671232364809642,0.26213411753369176,0.30498911894727243,4.622824455208725,3.9121341175336917,0.7106903376750338,18.166308115302318,3.65,4.194647744314752,0.0761,0.054210809052931457,natural,0.03,1.1,central
MO,s_c1,eutrophication,4.055701218727761,0.6647566811935103,0.3694270839373155,0.2953295972561948,4.720457899921271,4.019427083937315,0.7010308159839562,17.441063150155383,3.65,4.194647744314752,0.0761,0.054210809052931457,natural,0.03,1.1,central
MO,s_c1,particulate matter formation,4.055701218727761,3.876282395503501,3.137234375011523,0.7390480204919778,7.931983614231262,6.787234375011523,1.1447492392197391,16.866210535389026,3.65,4.194647744314752,0.0761,0.054210809052931457,natural,0.03,1.1,central
MO,s_c1,photochemical oxidant formation,4.055701218727761,0.08349374522134338,0.08965063216302423,-0.006156886941680845,4.139194963949104,3.7396506321630243,0.39954433178608006,10.684001557519359,3.65,4.194647744314752,0.0761,0.054210809052931457,natural,0.03,1.1,central
MO,s_c1,_ALL_,4.055701218727761,6.9447979408965,5.250396549308458,1.694401391588042,11.000499159624262,8.900396549308457,2.1001026103158047,23.59560721459066,3.65,4.194647744314752,0.0761,0.054210809052931457,natural,0.03,1.1,central
MO,s_c2,acidification,4.004198449006907,0.007990342814361546,0.012984720676239155,-0.004994377861877609,4.012188791821268,3.662984720676239,0.34920407114502927,9.533320441493986,3.65,4.26698303944985,0.0761,0.054210809052931457,natural,0.03,1.1,central
MO,s_c2,climate change,4.004198449006907,1.7346340726820961,1.3789656199866647,0.35566845269543146,5.7388325216890035,5.028965619986664,0.7098669017023393,14.115564816770846,3.65,4.26698303944985,0.0761,0.054210809052931457,natural,0.03,1.1,central
MO,s_c2,ecotoxicity: freshwater,4.004198449006907,0.4281224955459958,0.26213411753369176,0.16598837801230404,4.432320944552902,3.9121341175336917,0.5201868270192107,13.296753418749091,3.65,4.26698303944985,0.0761,0.054210809052931457,natural,0.03,1.1,central
MO,s_c2,eutrophication,4.004198449006907,0.5109599363669991,0.3694270839373155,0.1415328524296836,4.515158385373906,4.019427083937315,0.4957313014365905,12.333382123478811,3.65,4.26698303944985,0.0761,0.054210809052931457,natural,0.03,1.1,central
MO,s_c2,particulate matter formation,4.004198449006907,2.998004414767828,3.137234375011523,-0.13922996024369505,7.002202863774735,6.787234375011523,0.21496848876321195,3.1672471714644006,3.65,4.26698303944985,0.0761,0.054210809052931457,natural,0.03,1.1,central
MO,s_c2,photochemical oxidant formation,4.004198449006907,0.07930689858950922,0.08965063216302423,-0.010343733573515007,4.083505347596416,3.7396506321630243,0.34385471543339197,9.194835273542797,3.65,4.26698303944985,0.0761,0.054210809052931457,natural,0.03,1.1,central
MO,s_c2,_ALL_,4.004198449006907,5.759018160766789,5.250396549308458,0.5086216114583317,9.763216609773696,8.900396549308457,0.8628200604652392,9.694175486285255,3.65,4.26698303944985,0.0761,0.054210809052931457,natural,0.03,1.1,central
MO,s_o1,acidification,5.2489970540053665,0.010739142437782054,0.012984720676239162,-0.002245578238457108,5.259736196443148,3.662984720676239,1.5967514757669092,43.59154071142635,3.65,5.829105095044678,0.0761,0.054210809052931457,natural,0.03,1.1,central
MO,s_o1,climate change,5.2489970540053665,2.182004201445645,1.3789656199866647,0.8030385814589804,7.431001255451012,5.028965619986664,2.4020356354643475,47.764009877457006,3.65,5.829105095044678,0.0761,0.054210809052931457,natural,0.03,1.1,central
MO,s_o1,ecotoxicity: freshwater,5.2489970540053665,0.5718318552863204,0.26213411753369176,0.30969773775262865,5.820828909291687,3.9121341175336917,1.9086947917579953,48.78909399356904,3.65,5.829105095044678,0.0761,0.054210809052931457,natural,0.03,1.1,central
MO,s_o1,eutrophication,5.2489970540053665,0.7363121154353556,0.36942708393731544,0.36688503149804014,5.985309169440722,4.019427083937315,1.9658820855034067,48.90950984929139,3.65,5.829105095044678,0.0761,0.054210809052931457,natural,0.03,1.1,central
MO,s_o1,particulate matter formation,5.2489970540053665,3.858008241805843,3.137234375011525,0.720773866794318,9.10700529581121,6.787234375011525,2.3197709207996846,34.17844135956695,3.65,5.829105095044678,0.0761,0.054210809052931457,natural,0.03,1.1,central
MO,s_o1,photochemical oxidant formation,5.2489970540053665,0.10745311004816666,0.08965063216302427,0.017802477885142387,5.356450164053533,3.7396506321630243,1.6167995318905088,43.23397266004358,3.65,5.829105095044678,0.0761,0.054210809052931457,natural,0.03,1.1,central
MO,s_o1,_ALL_,5.2489970540053665,7.466348666459113,5.2503965493084594,2.2159521171506533,12.71534572046448,8.900396549308459,3.8149491711560213,42.86268763443393,3.65,5.829105095044678,0.0761,0.054210809052931457,natural,0.03,1.1,central
MO,s_o2,acidification,4.275215114551885,0.005902412545053107,0.012984720676239162,-0.007082308131186055,4.281117527096938,3.662984720676239,0.6181328064206988,16.875112880803464,3.65,5.092212539607842,0.0761,0.054210809052931457,natural,0.03,1.1,central
MO,s_o2,climate change,4.275215114551885,1.182426173842239,1.3789656199866647,-0.19653944614442564,5.457641288394123,5.028965619986664,0.4286756684074593,8.524132014420017,3.65,5.092212539607842,0.0761,0.054210809052931457,natural,0.03,1.1,central
MO,s_o2,ecotoxicity: freshwater,4.275215114551885,0.3168188564600846,0.26213411753369176,0.05468473892639286,4.592033971011969,3.9121341175336917,0.6798998534782776,17.379257281366,3.65,5.092212539607842,0.0761,0.054210809052931457,natural,0.03,1.1,central
MO,s_o2,eutrophication,4.275215114551885,0.40621265143853935,0.3694270839373155,0.03678556750122386,4.681427765990424,4.019427083937315,0.662000682053109,16.470025907389573,3.65,5.092212539607842,0.0761,0.054210809052931457,natural,0.03,1.1,central
MO,s_o2,particulate matter formation,4.275215114551885,2.125999992815611,3.137234375011525,-1.011234382195914,6.401215107367495,6.787234375011525,-0.3860192676440297,-5.687430937485112,3.65,5.092212539607842,0.0761,0.054210809052931457,natural,0.03,1.1,central
MO,s_o2,photochemical oxidant formation,4.275215114551885,0.05855452174840478,0.08965063216302427,-0.031096110414619488,4.333769636300289,3.7396506321630243,0.5941190041372648,15.887018937745657,3.65,5.092212539607842,0.0761,0.054210809052931457,natural,0.03,1.1,central
MO,s_o2,_ALL_,4.275215114551885,4.095914608849932,5.2503965493084594,-1.1544819404585276,8.371129723401816,8.900396549308459,-0.5292668259066424,-5.946553313377541,3.65,5.092212539607842,0.0761,0.054210809052931457,natural,0.03,1.1,central
MS,s_c1,acidification,4.094302018859115,0.009507733200235945,0.012984720676239158,-0.0034769874760032134,4.103809752059351,3.662984720676239,0.4408250313831119,12.034585590674517,3.65,4.233384288299449,0.0729,0.06557116242064136,natural,0.03,1.1,central
MS,s_c1,climate change,4.094302018859115,1.7374215497392453,1.3789656199866647,0.35845592975258067,5.831723568598361,5.028965619986664,0.8027579486116965,15.962685157784499,3.65,4.233384288299449,0.0729,0.06557116242064136,natural,0.03,1.1,central
MS,s_c1,ecotoxicity: freshwater,4.094302018859115,0.5680559660930569,0.26213411753369176,0.3059218485593651,4.6623579849521715,3.9121341175336917,0.7502238674184798,19.176844271674405,3.65,4.233384288299449,0.0729,0.06557116242064136,natural,0.03,1.1,central
MS,s_c1,eutrophication,4.094302018859115,0.6647546385285197,0.3694270839373155,0.2953275545912042,4.759056657387635,4.019427083937315,0.73962957345032,18.40136810557091,3.65,4.233384288299449,0.0729,0.06557116242064136,natural,0.03,1.1,central
MS,s_c1,particulate matter formation,4.094302018859115,3.8777448078680115,3.137234375011523,0.7405104328564884,7.9720468267271265,6.787234375011523,1.1848124517156036,17.456483543248677,3.65,4.233384288299449,0.0729,0.06557116242064136,natural,0.03,1.1,central
MS,s_c1,photochemical oxidant formation,4.094302018859115,0.08332150465904191,0.08965063216302423,-0.006329127503982318,4.177623523518157,3.7396506321630243,0.43797289135513306,11.71159914213185,3.65,4.233384288299449,0.0729,0.06557116242064136,natural,0.03,1.1,central
MS,s_c1,_ALL_,4.094302018859115,6.940806200088112,5.250396549308458,1.690409650779654,11.035108218947226,8.900396549308457,2.1347116696387687,23.984455724106265,3.65,4.233384288299449,0.0729,0.06557116242064136,natural,0.03,1.1,central
MS,s_c2,acidification,4.0412412778376465,0.007975901766166237,0.012984720676239158,-0.0050088189100729215,4.049217179603812,3.662984720676239,0.3862324589275734,10.544200655477193,3.65,4.304155971534811,0.0729,0.06557116242064136,natural,0.03,1.1,central
MS,s_c2,climate change,4.0412412778376465,1.7093688598570955,1.3789656199866647,0.33040323987043085,5.750610137694742,5.028965619986664,0.7216445177080777,14.349760412758426,3.65,4.304155971534811,0.0729,0.06557116242064136,natural,0.03,1.1,central
MS,s_c2,ecotoxicity: freshwater,4.0412412778376465,0.43155949901988194,0.26213411753369176,0.16942538148619019,4.472800776857529,3.9121341175336917,0.5606666593238372,14.331478484109223,3.65,4.304155971534811,0.0729,0.06557116242064136,natural,0.03,1.1,central
MS,s_c2,eutrophication,4.0412412778376465,0.510889040586629,0.3694270839373155,0.1414619566493135,4.552130318424275,4.019427083937315,0.5327032344869602,13.253213041624315,3.65,4.304155971534811,0.0729,0.06557116242064136,natural,0.03,1.1,central
MS,s_c2,particulate matter formation,4.0412412778376465,3.001989317534059,3.137234375011523,-0.13524505747746396,7.043230595371705,6.787234375011523,0.2559962203601822,3.771730961622312,3.65,4.304155971534811,0.0729,0.06557116242064136,natural,0.03,1.1,central
MS,s_c2,photochemical oxidant formation,4.0412412778376465,0.07844934608337881,0.08965063216302423,-0.01120128607964542,4.119690623921025,3.7396506321630243,0.38003999175800107,10.162446419177527,3.65,4.304155971534811,0.0729,0.06557116242064136,natural,0.03,1.1,central
MS,s_c2,_ALL_,4.0412412778376465,5.740231964847211,5.250396549308458,0.489835415538753,9.781473242684857,8.900396549308457,0.8810766933764,9.899297053734735,3.65,4.304155971534811,0.0729,0.06557116242064136,natural,0.03,1.1,central
MS,s_o1,acidification,5.333427222471369,0.010724264918266668,0.012984720676239162,-0.0022604557579724936,5.344151487389635,3.662984720676239,1.6811667667133965,45.89609007167874,3.65,5.913832171252837,0.0729,0.06557116242064136,natural,0.03,1.1,central
MS,s_o1,climate change,5.333427222471369,2.151624339543787,1.3789656199866647,0.7726587195571222,7.485051562015156,5.028965619986664,2.4560859420284915,48.838789676096546,3.65,5.913832171252837,0.0729,0.06557116242064136,natural,0.03,1.1,central
MS,s_o1,ecotoxicity: freshwater,5.333427222471369,0.5760127966865815,0.26213411753369176,0.3138786791528897,5.90944001915795,3.9121341175336917,1.9973059016242583,51.05412651045334,3.65,5.913832171252837,0.0729,0.06557116242064136,natural,0.03,1.1,central
MS,s_o1,eutrophication,5.333427222471369,0.7362353436646234,0.36942708393731544,0.36680825972730796,6.069662566135992,4.019427083937315,2.0502354821986772,51.00815214168099,3.65,5.913832171252837,0.0729,0.06557116242064136,natural,0.03,1.1,central
MS,s_o1,particulate matter formation,5.333427222471369,3.863065466943242,3.137234375011525,0.7258310919317172,9.196492689414612,6.787234375011525,2.409258314403087,35.49690759572445,3.65,5.913832171252837,0.0729,0.06557116242064136,natural,0.03,1.1,central
MS,s_o1,photochemical oxidant formation,5.333427222471369,0.10644324406139943,0.08965063216302427,0.016792611898375165,5.439870466532768,3.7396506321630243,1.7002198343697437,45.464670409233705,3.65,5.913832171252837,0.0729,0.06557116242064136,natural,0.03,1.1,central
MS,s_o1,_ALL_,5.333427222471369,7.444105455817899,5.2503965493084594,2.19370890650944,12.777532678289269,8.900396549308459,3.87713612898081,43.561386366341786,3.65,5.913832171252837,0.0729,0.06557116242064136,natural,0.03,1.1,central
MS,s_o2,acidification,4.359831217540194,0.0058949919901221965,0.012984720676239162,-0.007089728686116965,4.365726209530316,3.662984720676239,0.7027414888540773,19.18494185595023,3.65,5.177126204196995,0.0729,0.06557116242064136,natural,0.03,1.1,central
MS,s_o2,climate change,4.359831217540194,1.1667153218191788,1.3789656199866647,-0.21225029816748586,5.526546539359373,5.028965619986664,0.49758091937270876,9.894299483678479,3.65,5.177126204196995,0.0729,0.06557116242064136,natural,0.03,1.1,central
MS,s_o2,ecotoxicity: freshwater,4.359831217540194,0.3189863096803732,0.26213411753369176,0.05685219214668147,4.678817527220567,3.9121341175336917,0.7666834096868755,19.59757479301891,3.65,5.177126204196995,0.0729,0.06557116242064136,natural,0.03,1.1,central
MS,s_o2,eutrophication,4.359831217540194,0.40617388064477633,0.36942708393731544,0.036746796707460894,4.76600509818497,4.019427083937315,0.746578014247655,18.57423952859293,3.65,5.177126204196995,0.0729,0.06557116242064136,natural,0.03,1.1,central
MS,s_o2,particulate matter formation,4.359831217540194,2.1286445126165745,3.137234375011525,-1.0085898623949503,6.488475730156768,6.787234375011525,-0.29875864485475656,-4.401772921746927,3.65,5.177126204196995,0.0729,0.06557116242064136,natural,0.03,1.1,central
MS,s_o2,photochemical oxidant formation,4.359831217540194,0.058034612158336274,0.08965063216302427,-0.031616020004687995,4.41786582969853,3.7396506321630243,0.678215197535506,18.13579032497013,3.65,5.177126204196995,0.0729,0.06557116242064136,natural,0.03,1.1,central
MS,s_o2,_ALL_,4.359831217540194,4.084449628909361,5.2503965493084594,-1.1659469203990982,8.444280846449555,8.900396549308459,-0.456115702858904,-5.124667202545522,3.65,5.177126204196995,0.0729,0.06557116242064136,natural,0.03,1.1,central
MT,s_c1,acidification,4.014468463536401,0.008666915368608375,0.012984720676239155,-0.0043178053076307794,4.0231353789050095,3.662984720676239,0.36015065822877057,9.832163814275525,3.65,4.153269989717816,0.0673,0.055805244613311794,natural,0.03,1.1,central
MT,s_c1,climate change,4.014468463536401,1.53396513338534,1.3789656199866647,0.15499951339867524,5.5484335969217415,5.028965619986664,0.5194679769350774,10.32951935226105,3.65,4.153269989717816,0.0673,0.055805244613311794,natural,0.03,1.1,central
MT,s_c1,ecotoxicity: freshwater,4.014468463536401,0.5931671021309118,0.26213411753369176,0.3310329845972201,4.607635565667313,3.9121341175336917,0.6955014481336215,17.778057378362153,3.65,4.153269989717816,0.0673,0.055805244613311794,natural,0.03,1.1,central
MT,s_c1,eutrophication,4.014468463536401,0.8284011855627236,0.3694270839373155,0.4589741016254081,4.842869649099125,4.019427083937315,0.8234425651618098,20.48656557180754,3.65,4.153269989717816,0.0673,0.055805244613311794,natural,0.03,1.1,central
MT,s_c1,particulate matter formation,4.014468463536401,6.339749260733064,3.137234375011523,3.202514885721541,10.354217724269464,6.787234375011523,3.5669833492579412,52.55429755587136,3.65,4.153269989717816,0.0673,0.055805244613311794,natural,0.03,1.1,central
MT,s_c1,photochemical oxidant formation,4.014468463536401,0.08128382167459812,0.08965063216302423,-0.008366810488426107,4.095752285210999,3.7396506321630243,0.3561016530479746,9.52232409052619,3.65,4.153269989717816,0.0673,0.055805244613311794,natural,0.03,1.1,central
MT,s_c1,_ALL_,4.014468463536401,9.385233418855245,5.250396549308458,4.134836869546787,13.399701882391646,8.900396549308457,4.499305333083189,50.551740118059975,3.65,4.153269989717816,0.0673,0.055805244613311794,natural,0.03,1.1,central
MT,s_c2,acidification,3.958681272738855,0.007247857034153248,0.012984720676239158,-0.0057368636420859105,3.9659291297730084,3.662984720676239,0.30294440909676945,8.270425136822345,3.65,4.221305995997178,0.0673,0.055805244613311794,natural,0.03,1.1,central
MT,s_c2,climate change,3.958681272738855,1.5446340006407746,1.3789656199866647,0.16566838065410994,5.50331527337963,5.028965619986664,0.47434965339296564,9.432350293025538,3.65,4.221305995997178,0.0673,0.055805244613311794,natural,0.03,1.1,central
MT,s_c2,ecotoxicity: freshwater,3.958681272738855,0.4493347873419391,0.26213411753369176,0.18720066980824734,4.408016060080794,3.9121341175336917,0.49588194254710194,12.67548421524256,3.65,4.221305995997178,0.0673,0.055805244613311794,natural,0.03,1.1,central
MT,s_c2,eutrophication,3.958681272738855,0.6418140131144591,0.3694270839373155,0.2723869291771436,4.600495285853314,4.019427083937315,0.5810682019159987,14.456493171330305,3.65,4.221305995997178,0.0673,0.055805244613311794,natural,0.03,1.1,central
MT,s_c2,particulate matter formation,3.958681272738855,4.9707028599806735,3.137234375011523,1.8334684849691505,8.929384132719528,6.787234375011523,2.1421497577080055,31.561452564460303,3.65,4.221305995997178,0.0673,0.055805244613311794,natural,0.03,1.1,central
MT,s_c2,photochemical oxidant formation,3.958681272738855,0.07600749170570954,0.08965063216302423,-0.013643140457314684,4.034688764444565,3.7396506321630243,0.2950381322815403,7.889457099121835,3.65,4.221305995997178,0.0673,0.055805244613311794,natural,0.03,1.1,central
MT,s_c2,_ALL_,3.958681272738855,7.689741009817709,5.250396549308458,2.4393444605092514,11.648422282556563,8.900396549308457,2.748025733248106,30.87531794818313,3.65,4.221305995997178,0.0673,0.055805244613311794,natural,0.03,1.1,central
MT,s_o1,acidification,5.219163376607001,0.009904527760935146,0.012984720676239162,-0.0030801929153040156,5.229067904367936,3.662984720676239,1.5660831836916969,42.75429200814618,3.65,5.799166504320219,0.0673,0.055805244613311794,natural,0.03,1.1,central
MT,s_o1,climate change,5.219163376607001,1.9681915611750365,1.3789656199866647,0.5892259411883718,7.187354937782037,5.028965619986664,2.158389317795373,42.91915039580439,3.65,5.799166504320219,0.0673,0.055805244613311794,natural,0.03,1.1,central
MT,s_o1,ecotoxicity: freshwater,5.219163376607001,0.5954973372748854,0.26213411753369176,0.33336321974119365,5.814660713881886,3.9121341175336917,1.9025265963481943,48.63142569221515,3.65,5.799166504320219,0.0673,0.055805244613311794,natural,0.03,1.1,central
MT,s_o1,eutrophication,5.219163376607001,0.8818781735435184,0.36942708393731544,0.5124510896062029,6.101041550150519,4.019427083937315,2.081614466213204,51.788835143492996,3.65,5.799166504320219,0.0673,0.055805244613311794,natural,0.03,1.1,central
MT,s_o1,particulate matter formation,5.219163376607001,6.053056240853554,3.137234375011525,2.915821865842029,11.272219617460554,6.787234375011525,4.484985242449029,66.07971663629803,3.65,5.799166504320219,0.0673,0.055805244613311794,natural,0.03,1.1,central
MT,s_o1,photochemical oxidant formation,5.219163376607001,0.10358017213347,0.08965063216302427,0.013929539970445728,5.322743548740471,3.7396506321630243,1.5830929165774466,42.3326420645284,3.65,5.799166504320219,0.0673,0.055805244613311794,natural,0.03,1.1,central
MT,s_o1,_ALL_,5.219163376607001,9.612108012741398,5.2503965493084594,4.361711463432939,14.831271389348398,8.900396549308459,5.930874840039939,66.63607410279664,3.65,5.799166504320219,0.0673,0.055805244613311794,natural,0.03,1.1,central
MT,s_o2,acidification,4.245892757089863,0.005448431495998506,0.012984720676239162,-0.007536289180240656,4.251341188585862,3.662984720676239,0.5883564679096227,16.06221463574666,3.65,5.0627870669311195,0.0673,0.055805244613311794,natural,0.03,1.1,central
MT,s_o2,climate change,4.245892757089863,1.0663190043728858,1.3789656199866647,-0.3126466156137788,5.312211761462749,5.028965619986664,0.2832461414760852,5.632294250538867,3.65,5.0627870669311195,0.0673,0.055805244613311794,natural,0.03,1.1,central
MT,s_o2,ecotoxicity: freshwater,4.245892757089863,0.3297661250206647,0.26213411753369176,0.06763200748697296,4.5756588821105275,3.9121341175336917,0.6635247645768358,16.96068551441019,3.65,5.0627870669311195,0.0673,0.055805244613311794,natural,0.03,1.1,central
MT,s_o2,eutrophication,4.245892757089863,0.4859588141845398,0.36942708393731544,0.11653173024722435,4.731851571274403,4.019427083937315,0.7124244873370875,17.724528209110264,3.65,5.0627870669311195,0.0673,0.055805244613311794,natural,0.03,1.1,central
MT,s_o2,particulate matter formation,4.245892757089863,3.3283954359765193,3.137234375011525,0.19116106096499452,7.574288193066383,6.787234375011525,0.7870538180548579,11.596090168221448,3.65,5.0627870669311195,0.0673,0.055805244613311794,natural,0.03,1.1,central
MT,s_o2,photochemical oxidant formation,4.245892757089863,0.05650284263124531,0.08965063216302427,-0.03314778953177896,4.302395599721109,3.7396506321630243,0.5627449675580847,15.048062584193632,3.65,5.0627870669311195,0.0673,0.055805244613311794,natural,0.03,1.1,central
MT,s_o2,_ALL_,4.245892757089863,5.272390653681854,5.2503965493084594,0.021994104373394663,9.518283410771717,8.900396549308459,0.6178868614632584,6.942239686065077,3.65,5.0627870669311195,0.0673,0.055805244613311794,natural,0.03,1.1,central
NC,s_c1,acidification,4.1138540294985155,0.009501082645918991,0.012984720676239158,-0.0034836380303201672,4.123355112144434,3.662984720676239,0.46037039146819536,12.568176680333094,3.65,4.253005055681085,0.0764,0.06557116242064136,natural,0.03,1.1,central
NC,s_c1,climate change,4.1138540294985155,1.7385878387015377,1.3789656199866647,0.359622218714873,5.852441868200053,5.028965619986664,0.8234762482133888,16.374664502390704,3.65,4.253005055681085,0.0764,0.06557116242064136,natural,0.03,1.1,central
NC,s_c1,ecotoxicity: freshwater,4.1138540294985155,0.5676574079131418,0.26213411753369176,0.30552329037945003,4.6815114374116575,3.9121341175336917,0.7693773198779659,19.666435167181863,3.65,4.253005055681085,0.0764,0.06557116242064136,natural,0.03,1.1,central
NC,s_c1,eutrophication,4.1138540294985155,0.6649151328433093,0.3694270839373155,0.2954880489059938,4.778769162341825,4.019427083937315,0.7593420784045097,18.89179881976314,3.65,4.253005055681085,0.0764,0.06557116242064136,natural,0.03,1.1,central
NC,s_c1,particulate matter formation,4.1138540294985155,3.8772828167647706,3.137234375011523,0.7400484417532476,7.991136846263286,6.787234375011523,1.2039024712517632,17.73774714019242,3.65,4.253005055681085,0.0764,0.06557116242064136,natural,0.03,1.1,central
NC,s_c1,photochemical oxidant formation,4.1138540294985155,0.0832175387938008,0.08965063216302423,-0.0064330933692234304,4.1970715682923165,3.7396506321630243,0.45742093612929224,12.231648919159026,3.65,4.253005055681085,0.0764,0.06557116242064136,natural,0.03,1.1,central
NC,s_c1,_ALL_,4.1138540294985155,6.941161817662479,5.250396549308458,1.6907652683540215,11.055015847160995,8.900396549308457,2.1546192978525376,24.20812697407226,3.65,4.253005055681085,0.0764,0.06557116242064136,natural,0.03,1.1,central
NC,s_c2,acidification,4.062497319587093,0.007948793144365812,0.012984720676239158,-0.0050359275318733465,4.070446112731459,3.662984720676239,0.40746139205522036,11.123753526877863,3.65,4.325486669575119,0.0764,0.06557116242064136,natural,0.03,1.1,central
NC,s_c2,climate change,4.062497319587093,1.7097596197429388,1.3789656199866647,0.3307939997562741,5.772256939330032,5.028965619986664,0.7432913193433679,14.780202839114635,3.65,4.325486669575119,0.0764,0.06557116242064136,natural,0.03,1.1,central
NC,s_c2,ecotoxicity: freshwater,4.062497319587093,0.4301194625727152,0.26213411753369176,0.16798534503902346,4.492616782159809,3.9121341175336917,0.5804826646261172,14.838005221356475,3.65,4.325486669575119,0.0764,0.06557116242064136,natural,0.03,1.1,central
NC,s_c2,eutrophication,4.062497319587093,0.511469170352337,0.3694270839373155,0.14204208641502147,4.57396648993943,4.019427083937315,0.5545394060021147,13.796478812072486,3.65,4.325486669575119,0.0764,0.06557116242064136,natural,0.03,1.1,central
NC,s_c2,particulate matter formation,4.062497319587093,2.999994998290538,3.137234375011523,-0.13723937672098518,7.062492317877631,6.787234375011523,0.2752579428661077,4.055524351413611,3.65,4.325486669575119,0.0764,0.06557116242064136,natural,0.03,1.1,central
NC,s_c2,photochemical oxidant formation,4.062497319587093,0.0780368712201185,0.08965063216302423,-0.011613760942905726,4.1405341908072115,3.7396506321630243,0.40088355864418723,10.719813107576712,3.65,4.325486669575119,0.0764,0.06557116242064136,natural,0.03,1.1,central
NC,s_c2,_ALL_,4.062497319587093,5.737328915323013,5.250396549308458,0.48693236601455503,9.799826234910107,8.900396549308457,0.8994296856016497,10.10550126186831,3.65,4.325486669575119,0.0764,0.06557116242064136,natural,0.03,1.1,central
NC,s_o1,acidification,5.350897523643682,0.010691677482644992,0.012984720676239162,-0.00229304319359417,5.361589201126327,3.662984720676239,1.6986044804500877,46.37214211847712,3.65,5.931363908612832,0.0764,0.06557116242064136,natural,0.03,1.1,central
NC,s_o1,climate change,5.350897523643682,2.1526834954735232,1.3789656199866647,0.7737178754868586,7.503581019117205,5.028965619986664,2.474615399130541,49.20724431472855,3.65,5.931363908612832,0.0764,0.06557116242064136,natural,0.03,1.1,central
NC,s_o1,ecotoxicity: freshwater,5.350897523643682,0.5742567903684541,0.26213411753369176,0.31212267283476236,5.925154314012136,3.9121341175336917,2.0130201964784447,51.45580739311421,3.65,5.931363908612832,0.0764,0.06557116242064136,natural,0.03,1.1,central
NC,s_o1,eutrophication,5.350897523643682,0.7369427269275189,0.3694270839373155,0.36751564299020345,6.087840250571201,4.019427083937315,2.068413166633886,51.460397798975066,3.65,5.931363908612832,0.0764,0.06557116242064136,natural,0.03,1.1,central
NC,s_o1,particulate matter formation,5.350897523643682,3.860683102664386,3.137234375011525,0.7234487276528614,9.211580626308068,6.787234375011525,2.4243462512965435,35.71920634157306,3.65,5.931363908612832,0.0764,0.06557116242064136,natural,0.03,1.1,central
NC,s_o1,photochemical oxidant formation,5.350897523643682,0.1059458783842847,0.08965063216302427,0.016295246221260426,5.456843402027967,3.7396506321630243,1.7171927698649423,45.918534611125246,3.65,5.931363908612832,0.0764,0.06557116242064136,natural,0.03,1.1,central
NC,s_o1,_ALL_,5.350897523643682,7.441203671300812,5.2503965493084594,2.1908071219923526,12.792101194944493,8.900396549308459,3.8917046456360342,43.725070271598305,3.65,5.931363908612832,0.0764,0.06557116242064136,natural,0.03,1.1,central
NC,s_o2,acidification,4.377098152828733,0.005878140488540842,0.012984720676239162,-0.00710658018769832,4.382976293317274,3.662984720676239,0.7199915726410349,19.655871578632034,3.65,5.194453860515278,0.0764,0.06557116242064136,natural,0.03,1.1,central
NC,s_o2,climate change,4.377098152828733,1.1673278223824533,1.3789656199866647,-0.21163779760421142,5.544425975211186,5.028965619986664,0.5154603552245218,10.249828576594817,3.65,5.194453860515278,0.0764,0.06557116242064136,natural,0.03,1.1,central
NC,s_o2,ecotoxicity: freshwater,4.377098152828733,0.31807550930668343,0.26213411753369176,0.05594139177299168,4.695173662135416,3.9121341175336917,0.7830395446017246,20.015662067725135,3.65,5.194453860515278,0.0764,0.06557116242064136,natural,0.03,1.1,central
NC,s_o2,eutrophication,4.377098152828733,0.40654078013547595,0.36942708393731544,0.03711369619816052,4.783638932964209,4.019427083937315,0.7642118490268937,19.012954659157387,3.65,5.194453860515278,0.0764,0.06557116242064136,natural,0.03,1.1,central
NC,s_o2,particulate matter formation,4.377098152828733,2.127414203643476,3.137234375011525,-1.0098201713680486,6.504512356472209,6.787234375011525,-0.28272201853931556,-4.165496620835869,3.65,5.194453860515278,0.0764,0.06557116242064136,natural,0.03,1.1,central
NC,s_o2,photochemical oxidant formation,4.377098152828733,0.05777724826611241,0.08965063216302427,-0.031873383896911855,4.434875401094845,3.7396506321630243,0.695224768931821,18.590634187924156,3.65,5.194453860515278,0.0764,0.06557116242064136,natural,0.03,1.1,central
NC,s_o2,_ALL_,4.377098152828733,4.083013704222742,5.2503965493084594,-1.1673828450857178,8.460111857051475,8.900396549308459,-0.4402846922569843,-4.946798604059877,3.65,5.194453860515278,0.0764,0.06557116242064136,natural,0.03,1.1,central
ND,s_c1,acidification,4.030172030841317,0.011432334593049837,0.012984720676239155,-0.0015523860831893176,4.041604365434368,3.662984720676239,0.3786196447581287,10.336369753904682,3.65,4.169028780301266,0.07490000000000001,0.050424024597028154,natural,0.03,1.1,central
ND,s_c1,climate change,4.030172030841317,1.7590712552252232,1.3789656199866647,0.38010563523855856,5.78924328606654,5.028965619986664,0.760277666079876,15.117973029250738,3.65,4.169028780301266,0.07490000000000001,0.050424024597028154,natural,0.03,1.1,central
ND,s_c1,ecotoxicity: freshwater,4.030172030841317,0.6874237177123782,0.26213411753369176,0.42528960017868644,4.717595748553696,3.9121341175336917,0.805461631020004,20.588804136597123,3.65,4.169028780301266,0.07490000000000001,0.050424024597028154,natural,0.03,1.1,central
ND,s_c1,eutrophication,4.030172030841317,1.2758574920262555,0.3694270839373155,0.90643040808894,5.306029522867573,4.019427083937315,1.2866024389302577,32.0095976879854,3.65,4.169028780301266,0.07490000000000001,0.050424024597028154,natural,0.03,1.1,central
ND,s_c1,particulate matter formation,4.030172030841317,11.009583361534744,3.137234375011523,7.872348986523221,15.039755392376062,6.787234375011523,8.25252101736454,121.58886169818659,3.65,4.169028780301266,0.07490000000000001,0.050424024597028154,natural,0.03,1.1,central
ND,s_c1,photochemical oxidant formation,4.030172030841317,0.08846393567958899,0.08965063216302423,-0.0011866964834352373,4.118635966520906,3.7396506321630243,0.37898533435788195,10.134244388991915,3.65,4.169028780301266,0.07490000000000001,0.050424024597028154,natural,0.03,1.1,central
ND,s_c1,_ALL_,4.030172030841317,14.831832096771242,5.250396549308458,9.581435547462785,18.862004127612558,8.900396549308457,9.9616075783041,111.92318817612792,3.65,4.169028780301266,0.07490000000000001,0.050424024597028154,natural,0.03,1.1,central
ND,s_c2,acidification,3.9780850218827326,0.00946379108405006,0.012984720676239155,-0.0035209295921890954,3.9875488129667827,3.662984720676239,0.3245640922905437,8.860645540192824,3.65,4.240777895738281,0.07490000000000001,0.050424024597028154,natural,0.03,1.1,central
ND,s_c2,climate change,3.9780850218827326,1.7250709820450127,1.3789656199866647,0.3461053620583481,5.703156003927745,5.028965619986664,0.674190383941081,13.406144223011587,3.65,4.240777895738281,0.07490000000000001,0.050424024597028154,natural,0.03,1.1,central
ND,s_c2,ecotoxicity: freshwater,3.9780850218827326,0.5248609901297542,0.26213411753369176,0.2627268725960624,4.502946012012487,3.9121341175336917,0.590811894478795,15.102035787343041,3.65,4.240777895738281,0.07490000000000001,0.050424024597028154,natural,0.03,1.1,central
ND,s_c2,eutrophication,3.9780850218827326,1.0003436663450915,0.3694270839373155,0.630916582407776,4.978428688227824,4.019427083937315,0.959001604290509,23.859161623379883,3.65,4.240777895738281,0.07490000000000001,0.050424024597028154,natural,0.03,1.1,central
ND,s_c2,particulate matter formation,3.9780850218827326,8.712484093904996,3.137234375011523,5.575249718893472,12.690569115787728,6.787234375011523,5.903334740776205,86.97702797048588,3.65,4.240777895738281,0.07490000000000001,0.050424024597028154,natural,0.03,1.1,central
ND,s_c2,photochemical oxidant formation,3.9780850218827326,0.08176109625121757,0.08965063216302423,-0.007889535911806661,4.05984611813395,3.7396506321630243,0.32019548597092573,8.562176456192748,3.65,4.240777895738281,0.07490000000000001,0.050424024597028154,natural,0.03,1.1,central
ND,s_c2,_ALL_,3.9780850218827326,12.053984619760122,5.250396549308458,6.8035880704516645,16.032069641642856,8.900396549308457,7.131673092334399,80.12758816783861,3.65,4.240777895738281,0.07490000000000001,0.050424024597028154,natural,0.03,1.1,central
ND,s_o1,acidification,5.209539564709867,0.012369324128380396,0.012984720676239162,-0.000615396547858766,5.221908888838247,3.662984720676239,1.5589241681620085,42.5588498735045,3.65,5.789508849256438,0.07490000000000001,0.050424024597028154,natural,0.03,1.1,central
ND,s_o1,climate change,5.209539564709867,2.1684166357579504,1.3789656199866647,0.7894510157712857,7.377956200467818,5.028965619986664,2.3489905804811535,46.70921931033966,3.65,5.789508849256438,0.07490000000000001,0.050424024597028154,natural,0.03,1.1,central
ND,s_o1,ecotoxicity: freshwater,5.209539564709867,0.6795196313069163,0.26213411753369176,0.4173855137732245,5.889059196016783,3.9121341175336917,1.9769250784830912,50.53316218436281,3.65,5.789508849256438,0.07490000000000001,0.050424024597028154,natural,0.03,1.1,central
ND,s_o1,eutrophication,5.209539564709867,1.2808150157843348,0.3694270839373155,0.9113879318470193,6.490354580494202,4.019427083937315,2.470927496556887,61.47461926679455,3.65,5.789508849256438,0.07490000000000001,0.050424024597028154,natural,0.03,1.1,central
ND,s_o1,particulate matter formation,5.209539564709867,10.216372737328973,3.137234375011525,7.0791383623174475,15.425912302038839,6.787234375011525,8.638677927027313,127.27832059008047,3.65,5.789508849256438,0.07490000000000001,0.050424024597028154,natural,0.03,1.1,central
ND,s_o1,photochemical oxidant formation,5.209539564709867,0.1099785736725418,0.08965063216302427,0.020327941509517528,5.319518138382408,3.7396506321630243,1.5798675062193839,42.246393089013885,3.65,5.789508849256438,0.07490000000000001,0.050424024597028154,natural,0.03,1.1,central
ND,s_o1,_ALL_,5.209539564709867,14.467471917979097,5.2503965493084594,9.217075368670638,19.677011482688965,8.900396549308459,10.776614933380506,121.08016618897531,3.65,5.789508849256438,0.07490000000000001,0.050424024597028154,natural,0.03,1.1,central
ND,s_o2,acidification,4.235827350702248,0.006798511279757779,0.012984720676239162,-0.006186209396481383,4.242625861982006,3.662984720676239,0.5796411413057672,15.824284989066436,3.65,5.052686264462475,0.07490000000000001,0.050424024597028154,natural,0.03,1.1,central
ND,s_o2,climate change,4.235827350702248,1.1759833339934975,1.3789656199866647,-0.20298228599316714,5.411810684695745,5.028965619986664,0.3828450647090813,7.6127994032716515,3.65,5.052686264462475,0.07490000000000001,0.050424024597028154,natural,0.03,1.1,central
ND,s_o2,ecotoxicity: freshwater,4.235827350702248,0.37578914761763693,0.26213411753369176,0.11365503008394517,4.611616498319885,3.9121341175336917,0.699482380786193,17.87981597182983,3.65,5.052686264462475,0.07490000000000001,0.050424024597028154,natural,0.03,1.1,central
ND,s_o2,eutrophication,4.235827350702248,0.7044768320254087,0.36942708393731544,0.33504974808809324,4.940304182727656,4.019427083937315,0.9208770987903412,22.910655662106862,3.65,5.052686264462475,0.07490000000000001,0.050424024597028154,natural,0.03,1.1,central
ND,s_o2,particulate matter formation,4.235827350702248,5.608852946063424,3.137234375011525,2.471618571051899,9.844680296765672,6.787234375011525,3.057445921754147,45.04700667197684,3.65,5.052686264462475,0.07490000000000001,0.050424024597028154,natural,0.03,1.1,central
ND,s_o2,photochemical oxidant formation,4.235827350702248,0.060007512010099295,0.08965063216302427,-0.029643120152924973,4.295834862712347,3.7396506321630243,0.5561842305493228,14.872625420295593,3.65,5.052686264462475,0.07490000000000001,0.050424024597028154,natural,0.03,1.1,central
ND,s_o2,_ALL_,4.235827350702248,7.9319082829898235,5.2503965493084594,2.681511733681364,12.167735633692072,8.900396549308459,3.2673390843836128,36.71003944916901,3.65,5.052686264462475,0.07490000000000001,0.050424024597028154,natural,0.03,1.1,central
NE,s_c1,acidification,3.91015598541782,0.011481977821473052,0.012984720676239155,-0.001502742854766103,3.921637963239293,3.662984720676239,0.2586532425630539,7.061270037602091,3.65,4.048590685583075,0.0747,0.0265074911913231,natural,0.03,1.1,central
NE,s_c1,climate change,3.91015598541782,1.7651782896477493,1.3789656199866647,0.3862126696610846,5.675334275065569,5.028965619986664,0.6463686550789047,12.852914573725378,3.65,4.048590685583075,0.0747,0.0265074911913231,natural,0.03,1.1,central
NE,s_c1,ecotoxicity: freshwater,3.91015598541782,0.6892259413122384,0.26213411753369176,0.4270918237785466,4.599381926730058,3.9121341175336917,0.6872478091963665,17.567082020941168,3.65,4.048590685583075,0.0747,0.0265074911913231,natural,0.03,1.1,central
NE,s_c1,eutrophication,3.91015598541782,1.2760402583027337,0.3694270839373155,0.9066131743654182,5.186196243720554,4.019427083937315,1.1667691597832386,29.02824545433239,3.65,4.048590685583075,0.0747,0.0265074911913231,natural,0.03,1.1,central
NE,s_c1,particulate matter formation,3.91015598541782,11.012852146658906,3.137234375011523,7.8756177716473825,14.923008132076726,6.787234375011523,8.135773757065202,119.86876108210703,3.65,4.048590685583075,0.0747,0.0265074911913231,natural,0.03,1.1,central
NE,s_c1,photochemical oxidant formation,3.91015598541782,0.08930239658880773,0.08965063216302423,-0.0003482355742164961,3.9994583820066274,3.7396506321630243,0.2598077498436031,6.947380260848847,3.65,4.048590685583075,0.0747,0.0265074911913231,natural,0.03,1.1,central
NE,s_c1,_ALL_,3.91015598541782,14.844081010331909,5.250396549308458,9.59368446102345,18.75423699574973,8.900396549308457,9.853840446441271,110.71237547507808,3.65,4.048590685583075,0.0747,0.0265074911913231,natural,0.03,1.1,central
NE,s_c2,acidification,3.8579716032529454,0.009645301709221525,0.012984720676239158,-0.003339418967017633,3.867616904962167,3.662984720676239,0.204632184285928,5.586487520159516,3.65,4.120242610120127,0.0747,0.0265074911913231,natural,0.03,1.1,central
NE,s_c2,climate change,3.8579716032529454,1.747400142963525,1.3789656199866647,0.3684345229768604,5.605371746216471,5.028965619986664,0.5764061262298066,11.461723340064017,3.65,4.120242610120127,0.0747,0.0265074911913231,natural,0.03,1.1,central
NE,s_c2,ecotoxicity: freshwater,3.8579716032529454,0.5314504635121174,0.26213411753369176,0.2693163459784257,4.3894220667650625,3.9121341175336917,0.47728794923137086,12.200193932315011,3.65,4.120242610120127,0.0747,0.0265074911913231,natural,0.03,1.1,central
NE,s_c2,eutrophication,3.8579716032529454,1.0010119150097645,0.3694270839373155,0.631584831072449,4.8589835182627095,4.019427083937315,0.8395564343253943,20.887465223103113,3.65,4.120242610120127,0.0747,0.0265074911913231,natural,0.03,1.1,central
NE,s_c2,particulate matter formation,3.8579716032529454,8.724435758820489,3.137234375011523,5.587201383808965,12.582407362073434,6.787234375011523,5.795172987061911,85.38342227281746,3.65,4.120242610120127,0.0747,0.0265074911913231,natural,0.03,1.1,central
NE,s_c2,photochemical oxidant formation,3.8579716032529454,0.0848267623782611,0.08965063216302423,-0.004823869784763124,3.9427983656312064,3.7396506321630243,0.20314773346818216,5.432265028208823,3.65,4.120242610120127,0.0747,0.0265074911913231,natural,0.03,1.1,central
NE,s_c2,_ALL_,3.8579716032529454,12.098770344393378,5.250396549308458,6.84837379508492,15.956741947646323,8.900396549308457,7.056345398337866,79.28124729325829,3.65,4.120242610120127,0.0747,0.0265074911913231,natural,0.03,1.1,central
NE,s_o1,acidification,4.997166492833907,0.012590334706729161,0.012984720676239162,-0.00039438596951000063,5.009756827540636,3.662984720676239,1.3467721068643974,36.76706864929986,3.65,5.576388944697195,0.0747,0.0265074911913231,natural,0.03,1.1,central
NE,s_o1,climate change,4.997166492833907,2.195605020812442,1.3789656199866647,0.8166394008257774,7.192771513646349,5.028965619986664,2.163805893659685,43.02685794987445,3.65,5.576388944697195,0.0747,0.0265074911913231,natural,0.03,1.1,central
NE,s_o1,ecotoxicity: freshwater,4.997166492833907,0.6875430917620505,0.26213411753369176,0.42540897422835877,5.684709584595957,3.9121341175336917,1.7725754670622655,45.30968044060161,3.65,5.576388944697195,0.0747,0.0265074911913231,natural,0.03,1.1,central
NE,s_o1,eutrophication,4.997166492833907,1.281628687291006,0.3694270839373155,0.9122016033536906,6.278795180124913,4.019427083937315,2.2593680961875977,56.2111974917178,3.65,5.576388944697195,0.0747,0.0265074911913231,natural,0.03,1.1,central
NE,s_o1,particulate matter formation,4.997166492833907,10.230925297944694,3.137234375011525,7.093690922933169,15.2280917907786,6.787234375011525,8.440857415767077,124.36372385847874,3.65,5.576388944697195,0.0747,0.0265074911913231,natural,0.03,1.1,central
NE,s_o1,photochemical oxidant formation,4.997166492833907,0.11371138349082159,0.08965063216302427,0.024060751327797322,5.110877876324729,3.7396506321630243,1.3712272441617044,36.66725528765725,3.65,5.576388944697195,0.0747,0.0265074911913231,natural,0.03,1.1,central
NE,s_o1,_ALL_,4.997166492833907,14.522003816007745,5.2503965493084594,9.271607266699284,19.51917030884165,8.900396549308459,10.618773759533193,119.30674887017531,3.65,5.576388944697195,0.0747,0.0265074911913231,natural,0.03,1.1,central
NE,s_o2,acidification,4.023465899733932,0.006913109011643947,0.012984720676239162,-0.006071611664595215,4.030379008745576,3.662984720676239,0.3673942880693368,10.029915931549684,3.65,4.839578021677044,0.0747,0.0265074911913231,natural,0.03,1.1,central
NE,s_o2,climate change,4.023465899733932,1.1900809725960066,1.3789656199866647,-0.18888464739065802,5.213546872329938,5.028965619986664,0.18458125234327394,3.670362183620643,3.65,4.839578021677044,0.0747,0.0265074911913231,natural,0.03,1.1,central
NE,s_o2,ecotoxicity: freshwater,4.023465899733932,0.37994944789333596,0.26213411753369176,0.1178153303596442,4.403415347627267,3.9121341175336917,0.4912812300935756,12.557883122966441,3.65,4.839578021677044,0.0747,0.0265074911913231,natural,0.03,1.1,central
NE,s_o2,eutrophication,4.023465899733932,0.7048987344966007,0.36942708393731544,0.33547165055928524,4.728364634230532,4.019427083937315,0.7089375502932169,17.63777611805218,3.65,4.839578021677044,0.0747,0.0265074911913231,natural,0.03,1.1,central
NE,s_o2,particulate matter formation,4.023465899733932,5.61639869546672,3.137234375011525,2.479164320455195,9.639864595200653,6.787234375011525,2.852630220189128,42.02934601303324,3.65,4.839578021677044,0.0747,0.0265074911913231,natural,0.03,1.1,central
NE,s_o2,photochemical oxidant formation,4.023465899733932,0.061943037186917925,0.08965063216302427,-0.027707594976106344,4.0854089369208495,3.7396506321630243,0.3457583047578252,9.245738138854904,3.65,4.839578021677044,0.0747,0.0265074911913231,natural,0.03,1.1,central
NE,s_o2,_ALL_,4.023465899733932,7.960183996651225,5.2503965493084594,2.709787447342766,11.983649896385156,8.900396549308459,3.083253347076697,34.64175253310774,3.65,4.839578021677044,0.0747,0.0265074911913231,natural,0.03,1.1,central
NH,s_c1,acidification,4.451511188487184,0.007243559588313006,0.012984720676239158,-0.005741161087926152,4.458754748075497,3.662984720676239,0.7957700273992585,21.72463409163083,3.65,4.591849622276211,0.1654,0.03348314676798707,natural,0.03,1.1,central
NH,s_c1,climate change,4.451511188487184,1.2406723504968242,1.3789656199866647,-0.13829326948984044,5.6921835389840085,5.028965619986664,0.6632179189973444,13.187958898774557,3.65,4.591849622276211,0.1654,0.03348314676798707,natural,0.03,1.1,central
NH,s_c1,ecotoxicity: freshwater,4.451511188487184,0.5156157560992968,0.26213411753369176,0.253481638565605,4.9671269445864805,3.9121341175336917,1.0549928270527889,26.96719476779807,3.65,4.591849622276211,0.1654,0.03348314676798707,natural,0.03,1.1,central
NH,s_c1,eutrophication,4.451511188487184,0.3966937873591618,0.3694270839373155,0.027266703421846283,4.848204975846346,4.019427083937315,0.8287778919090307,20.619304060049863,3.65,4.591849622276211,0.1654,0.03348314676798707,natural,0.03,1.1,central
NH,s_c1,particulate matter formation,4.451511188487184,2.2053800163677346,3.137234375011523,-0.9318543586437884,6.656891204854919,6.787234375011523,-0.13034317015660424,-1.9204165195250524,3.65,4.591849622276211,0.1654,0.03348314676798707,natural,0.03,1.1,central
NH,s_c1,photochemical oxidant formation,4.451511188487184,0.06982055221827471,0.08965063216302423,-0.019830079944749515,4.521331740705459,3.7396506321630243,0.7816811085424344,20.902516984328773,3.65,4.591849622276211,0.1654,0.03348314676798707,natural,0.03,1.1,central
NH,s_c1,_ALL_,4.451511188487184,4.4354260221296045,5.250396549308458,-0.8149705271788532,8.88693721061679,8.900396549308457,-0.01345933869166771,-0.15122178677211268,3.65,4.591849622276211,0.1654,0.03348314676798707,natural,0.03,1.1,central
NH,s_c2,acidification,4.443485555374111,0.006139926301980664,0.012984720676239155,-0.006844794374258491,4.449625481676092,3.662984720676239,0.7866407609998531,21.47540383009373,3.65,4.707813026959782,0.1654,0.03348314676798707,natural,0.03,1.1,central
NH,s_c2,climate change,4.443485555374111,1.3107989916824505,1.3789656199866647,-0.06816662830421416,5.754284547056562,5.028965619986664,0.7253189270698979,14.422825325893188,3.65,4.707813026959782,0.1654,0.03348314676798707,natural,0.03,1.1,central
NH,s_c2,ecotoxicity: freshwater,4.443485555374111,0.38842047833782334,0.26213411753369176,0.12628636080413158,4.831906033711935,3.9121341175336917,0.9197719161782429,23.510746015990126,3.65,4.707813026959782,0.1654,0.03348314676798707,natural,0.03,1.1,central
NH,s_c2,eutrophication,4.443485555374111,0.2965536696527709,0.3694270839373155,-0.07287341428454458,4.740039225026882,4.019427083937315,0.7206121410895667,17.928230218911594,3.65,4.707813026959782,0.1654,0.03348314676798707,natural,0.03,1.1,central
NH,s_c2,particulate matter formation,4.443485555374111,1.6603632593632853,3.137234375011523,-1.4768711156482377,6.103848814737397,6.787234375011523,-0.6833855602741261,-10.068689579810862,3.65,4.707813026959782,0.1654,0.03348314676798707,natural,0.03,1.1,central
NH,s_c2,photochemical oxidant formation,4.443485555374111,0.06730237851019835,0.08965063216302423,-0.022348253652825875,4.510787933884309,3.7396506321630243,0.7711373017212848,20.62057067815602,3.65,4.707813026959782,0.1654,0.03348314676798707,natural,0.03,1.1,central
NH,s_c2,_ALL_,4.443485555374111,3.7295787038485093,5.250396549308458,-1.5208178454599484,8.17306425922262,8.900396549308457,-0.7273322900858368,-8.171908813909521,3.65,4.707813026959782,0.1654,0.03348314676798707,natural,0.03,1.1,central
NH,s_o1,acidification,5.511547843205497,0.00867894533134583,0.012984720676239162,-0.004305775344893332,5.520226788536842,3.662984720676239,1.8572420678606032,50.70297065060456,3.65,6.092579172252389,0.1654,0.03348314676798707,natural,0.03,1.1,central
NH,s_o1,climate change,5.511547843205497,1.7087586778009163,1.3789656199866647,0.3297930578142516,7.220306521006413,5.028965619986664,2.191340901019749,43.57438619804205,3.65,6.092579172252389,0.1654,0.03348314676798707,natural,0.03,1.1,central
NH,s_o1,ecotoxicity: freshwater,5.511547843205497,0.5278581919313156,0.26213411753369176,0.2657240743976238,6.039406035136812,3.9121341175336917,2.1272719176031205,54.37625228820648,3.65,6.092579172252389,0.1654,0.03348314676798707,natural,0.03,1.1,central
NH,s_o1,eutrophication,5.511547843205497,0.49780553455121573,0.36942708393731544,0.1283784506139003,6.009353377756712,4.019427083937315,1.989926293819397,49.50770973733207,3.65,6.092579172252389,0.1654,0.03348314676798707,natural,0.03,1.1,central
NH,s_o1,particulate matter formation,5.511547843205497,2.370070411525469,3.137234375011525,-0.7671639634860559,7.881618254730966,6.787234375011525,1.094383879719441,16.124150416090245,3.65,6.092579172252389,0.1654,0.03348314676798707,natural,0.03,1.1,central
NH,s_o1,photochemical oxidant formation,5.511547843205497,0.09400157264608354,0.08965063216302427,0.004350940483059271,5.605549415851581,3.7396506321630243,1.8658987836885563,49.895002694658544,3.65,6.092579172252389,0.1654,0.03348314676798707,natural,0.03,1.1,central
NH,s_o1,_ALL_,5.511547843205497,5.207173333786346,5.2503965493084594,-0.04322321552211328,10.718721176991842,8.900396549308459,1.818324627683383,20.429703526239656,3.65,6.092579172252389,0.1654,0.03348314676798707,natural,0.03,1.1,central
NH,s_o2,acidification,4.532577168488896,0.004775664598893098,0.012984720676239162,-0.008209056077346063,4.537352833087788,3.662984720676239,0.8743681124115494,23.870372908629786,3.65,5.350479634808415,0.1654,0.03348314676798707,natural,0.03,1.1,central
NH,s_o2,climate change,4.532577168488896,0.9241675946370899,1.3789656199866647,-0.4547980253495748,5.456744763125985,5.028965619986664,0.42777914313932097,8.50630478441122,3.65,5.350479634808415,0.1654,0.03348314676798707,natural,0.03,1.1,central
NH,s_o2,ecotoxicity: freshwater,4.532577168488896,0.29266063427854083,0.26213411753369176,0.030526516744849075,4.825237802767436,3.9121341175336917,0.9131036852337444,23.340296058392497,3.65,5.350479634808415,0.1654,0.03348314676798707,natural,0.03,1.1,central
NH,s_o2,eutrophication,4.532577168488896,0.2755531627603797,0.36942708393731544,-0.09387392117693572,4.808130331249275,4.019427083937315,0.7887032473119602,19.62228026137917,3.65,5.350479634808415,0.1654,0.03348314676798707,natural,0.03,1.1,central
NH,s_o2,particulate matter formation,4.532577168488896,1.3109297291828033,3.137234375011525,-1.8263046458287215,5.843506897671698,6.787234375011525,-0.9437274773398263,-13.904448044616462,3.65,5.350479634808415,0.1654,0.03348314676798707,natural,0.03,1.1,central
NH,s_o2,photochemical oxidant formation,4.532577168488896,0.0512347437970264,0.08965063216302427,-0.038415888365997866,4.583811912285922,3.7396506321630243,0.8441612801228979,22.57326587843936,3.65,5.350479634808415,0.1654,0.03348314676798707,natural,0.03,1.1,central
NH,s_o2,_ALL_,4.532577168488896,2.859321529254733,5.2503965493084594,-2.3910750200537265,7.3918986977436285,8.900396549308459,-1.5084978515648304,-16.94865889635038,3.65,5.350479634808415,0.1654,0.03348314676798707,natural,0.03,1.1,central
NJ,s_c1,acidification,4.308072518960087,0.010614567576104638,0.012984720676239155,-0.002370153100134517,4.318687086536191,3.662984720676239,0.6557023658599523,17.900767157415288,3.65,4.447906535284586,0.1305,0.04384697791045927,natural,0.03,1.1,central
NJ,s_c1,climate change,4.308072518960087,1.7418698481693882,1.3789656199866647,0.3629042281827235,6.049942367129475,5.028965619986664,1.0209767471428108,20.30192338331234,3.65,4.447906535284586,0.1305,0.04384697791045927,natural,0.03,1.1,central
NJ,s_c1,ecotoxicity: freshwater,4.308072518960087,0.5696429864711543,0.26213411753369176,0.30750886893746254,4.877715505431241,3.9121341175336917,0.9655813878975494,24.681704637117,3.65,4.447906535284586,0.1305,0.04384697791045927,natural,0.03,1.1,central
NJ,s_c1,eutrophication,4.308072518960087,0.6547195715229339,0.3694270839373155,0.2852924875856184,4.9627920904830205,4.019427083937315,0.9433650065457053,23.470136087693675,3.65,4.447906535284586,0.1305,0.04384697791045927,natural,0.03,1.1,central
NJ,s_c1,particulate matter formation,4.308072518960087,3.6320956899574277,3.137234375011523,0.4948613149459047,7.940168208917514,6.787234375011523,1.1529338339059914,16.986798601662166,3.65,4.447906535284586,0.1305,0.04384697791045927,natural,0.03,1.1,central
NJ,s_c1,photochemical oxidant formation,4.308072518960087,0.08465510540652815,0.08965063216302423,-0.004995526756496074,4.392727624366615,3.7396506321630243,0.6530769922035908,17.46358300389813,3.65,4.447906535284586,0.1305,0.04384697791045927,natural,0.03,1.1,central
NJ,s_c1,_ALL_,4.308072518960087,6.693597769103538,5.250396549308458,1.44320121979508,11.001670288063625,8.900396549308457,2.101273738755168,23.608765374824035,3.65,4.447906535284586,0.1305,0.04384697791045927,natural,0.03,1.1,central
NJ,s_c2,acidification,4.283055261349684,0.008840986011642338,0.012984720676239158,-0.00414373466459682,4.2918962473613265,3.662984720676239,0.6289115266850875,17.16937346571791,3.65,4.54681926345996,0.1305,0.04384697791045927,natural,0.03,1.1,central
NJ,s_c2,climate change,4.283055261349684,1.7123893683440825,1.3789656199866647,0.33342374835741784,5.9954446296937665,5.028965619986664,0.9664790097071023,19.2182465091035,3.65,4.54681926345996,0.1305,0.04384697791045927,natural,0.03,1.1,central
NJ,s_c2,ecotoxicity: freshwater,4.283055261349684,0.43171043069347886,0.26213411753369176,0.1695763131597871,4.714765692043163,3.9121341175336917,0.8026315745094714,20.5164636588551,3.65,4.54681926345996,0.1305,0.04384697791045927,natural,0.03,1.1,central
NJ,s_c2,eutrophication,4.283055261349684,0.5032998571974632,0.3694270839373155,0.13387277326014768,4.786355118547148,4.019427083937315,0.7669280346098324,19.080531095455818,3.65,4.54681926345996,0.1305,0.04384697791045927,natural,0.03,1.1,central
NJ,s_c2,particulate matter formation,4.283055261349684,2.8035359356168597,3.137234375011523,-0.33369843939466337,7.086591196966544,6.787234375011523,0.2993568219550209,4.410586188936678,3.65,4.54681926345996,0.1305,0.04384697791045927,natural,0.03,1.1,central
NJ,s_c2,photochemical oxidant formation,4.283055261349684,0.07918873833869403,0.08965063216302423,-0.010461893824330201,4.362243999688379,3.7396506321630243,0.6225933675253543,16.648436679370892,3.65,4.54681926345996,0.1305,0.04384697791045927,natural,0.03,1.1,central
NJ,s_c2,_ALL_,4.283055261349684,5.538965316202221,5.250396549308458,0.2885687668937633,9.822020577551905,8.900396549308457,0.921624028243448,10.354864787626305,3.65,4.54681926345996,0.1305,0.04384697791045927,natural,0.03,1.1,central
NJ,s_o1,acidification,5.428939716156878,0.011684423453243581,0.012984720676239162,-0.001300297222995581,5.440624139610122,3.662984720676239,1.7776394189338833,48.52980709692138,3.65,6.009680544865666,0.1305,0.04384697791045927,natural,0.03,1.1,central
NJ,s_o1,climate change,5.428939716156878,2.155609625487812,1.3789656199866647,0.7766440055011472,7.58454934164469,5.028965619986664,2.555583721658026,50.81728360801168,3.65,6.009680544865666,0.1305,0.04384697791045927,natural,0.03,1.1,central
NJ,s_o1,ecotoxicity: freshwater,5.428939716156878,0.576027065887536,0.26213411753369176,0.3138929483538443,6.004966782044415,3.9121341175336917,2.092832664510723,53.49593346329592,3.65,6.009680544865666,0.1305,0.04384697791045927,natural,0.03,1.1,central
NJ,s_o1,eutrophication,5.428939716156878,0.7278527050112764,0.3694270839373155,0.3584256210739609,6.156792421168155,4.019427083937315,2.1373653372308397,53.17587040631517,3.65,6.009680544865666,0.1305,0.04384697791045927,natural,0.03,1.1,central
NJ,s_o1,particulate matter formation,5.428939716156878,3.642082450260359,3.137234375011525,0.5048480752488342,9.071022166417237,6.787234375011525,2.283787791405712,33.64828242581256,3.65,6.009680544865666,0.1305,0.04384697791045927,natural,0.03,1.1,central
NJ,s_o1,photochemical oxidant formation,5.428939716156878,0.10722756475790649,0.08965063216302427,0.017576932594882216,5.536167280914785,3.7396506321630243,1.7965166487517603,48.039692085157434,3.65,6.009680544865666,0.1305,0.04384697791045927,natural,0.03,1.1,central
NJ,s_o1,_ALL_,5.428939716156878,7.220483834858133,5.2503965493084594,1.9700872855496732,12.649423551015012,8.900396549308459,3.749027001706553,42.122022102462886,3.65,6.009680544865666,0.1305,0.04384697791045927,natural,0.03,1.1,central
NJ,s_o2,acidification,4.4519968898241835,0.0064219180082786,0.012984720676239162,-0.006562802667960562,4.458418807832462,3.662984720676239,0.7954340871562233,21.71546287556927,3.65,5.269615986951916,0.1305,0.04384697791045927,natural,0.03,1.1,central
NJ,s_o2,climate change,4.4519968898241835,1.1689306127928145,1.3789656199866647,-0.21003500719385015,5.620927502616998,5.028965619986664,0.5919618826303337,11.771046520534842,3.65,5.269615986951916,0.1305,0.04384697791045927,natural,0.03,1.1,central
NJ,s_o2,ecotoxicity: freshwater,4.4519968898241835,0.3190451793527259,0.26213411753369176,0.05691106181903416,4.771042069176909,3.9121341175336917,0.8589079516432174,21.954972039268807,3.65,5.269615986951916,0.1305,0.04384697791045927,natural,0.03,1.1,central
NJ,s_o2,eutrophication,4.4519968898241835,0.4015617122587301,0.3694270839373155,0.032134628321414616,4.853558602082914,4.019427083937315,0.8341315181455986,20.752497824354293,3.65,5.269615986951916,0.1305,0.04384697791045927,natural,0.03,1.1,central
NJ,s_o2,particulate matter formation,4.4519968898241835,2.00767549495283,3.137234375011525,-1.1295588800586946,6.459672384777013,6.787234375011525,-0.3275619902345115,-4.8261482090627705,3.65,5.269615986951916,0.1305,0.04384697791045927,natural,0.03,1.1,central
NJ,s_o2,photochemical oxidant formation,4.4519968898241835,0.05847929315772704,0.08965063216302427,-0.031171339005297227,4.51047618298191,3.7396506321630243,0.7708255508188859,20.612234313798403,3.65,5.269615986951916,0.1305,0.04384697791045927,natural,0.03,1.1,central
NJ,s_o2,_ALL_,4.4519968898241835,3.9621142105231066,5.2503965493084594,-1.2882823387853528,8.41411110034729,8.900396549308459,-0.4862854489611692,-5.463638010589006,3.65,5.269615986951916,0.1305,0.04384697791045927,natural,0.03,1.1,central
NM,s_c1,acidification,4.081106489027411,0.008748860668374603,0.012984720676239155,-0.004235860007864552,4.089855349695785,3.662984720676239,0.4268706290195463,11.65362843612244,3.65,4.2201423549719586,0.0677,0.06876003354140203,natural,0.03,1.1,central
NM,s_c1,climate change,4.081106489027411,1.550658052783333,1.3789656199866647,0.17169243279666824,5.631764541810743,5.028965619986664,0.6027989218240792,11.986538930160307,3.65,4.2201423549719586,0.0677,0.06876003354140203,natural,0.03,1.1,central
NM,s_c1,ecotoxicity: freshwater,4.081106489027411,0.5928824862511345,0.26213411753369176,0.33074836871744273,4.6739889752785455,3.9121341175336917,0.7618548577448538,19.47414978260373,3.65,4.2201423549719586,0.0677,0.06876003354140203,natural,0.03,1.1,central
NM,s_c1,eutrophication,4.081106489027411,0.8287205703424176,0.3694270839373155,0.45929348640510215,4.909827059369828,4.019427083937315,0.8903999754325129,22.152410202707365,3.65,4.2201423549719586,0.0677,0.06876003354140203,natural,0.03,1.1,central
NM,s_c1,particulate matter formation,4.081106489027411,6.341346172520108,3.137234375011523,3.204111797508585,10.422452661547519,6.787234375011523,3.635218286535996,53.55963984269844,3.65,4.2201423549719586,0.0677,0.06876003354140203,natural,0.03,1.1,central
NM,s_c1,photochemical oxidant formation,4.081106489027411,0.0830966467990763,0.08965063216302423,-0.006553985363947926,4.164203135826487,3.7396506321630243,0.4245525036634623,11.352731723441769,3.65,4.2201423549719586,0.0677,0.06876003354140203,natural,0.03,1.1,central
NM,s_c1,_ALL_,4.081106489027411,9.405452789364444,5.250396549308458,4.155056240055987,13.486559278391855,8.900396549308457,4.586162729083398,51.52762243430304,3.65,4.2201423549719586,0.0677,0.06876003354140203,natural,0.03,1.1,central
NM,s_c2,acidification,4.025514044642442,0.007534478608667664,0.012984720676239155,-0.005450242067571491,4.03304852325111,3.662984720676239,0.37006380257487104,10.102794054422155,3.65,4.288373500543705,0.0677,0.06876003354140203,natural,0.03,1.1,central
NM,s_c2,climate change,4.025514044642442,1.6062149151651108,1.3789656199866647,0.22724929517844616,5.631728959807553,5.028965619986664,0.6027633398208891,11.985831388970354,3.65,4.288373500543705,0.0677,0.06876003354140203,natural,0.03,1.1,central
NM,s_c2,ecotoxicity: freshwater,4.025514044642442,0.44841094951225885,0.26213411753369176,0.1862768319785671,4.473924994154701,3.9121341175336917,0.5617908766210093,14.360215159882518,3.65,4.288373500543705,0.0677,0.06876003354140203,natural,0.03,1.1,central
NM,s_c2,eutrophication,4.025514044642442,0.6429200204710984,0.3694270839373155,0.2734929365337829,4.668434065113541,4.019427083937315,0.6490069811762256,16.14675344577907,3.65,4.288373500543705,0.0677,0.06876003354140203,natural,0.03,1.1,central
NM,s_c2,particulate matter formation,4.025514044642442,4.9761729710413904,3.137234375011523,1.8389385960298674,9.001687015683832,6.787234375011523,2.2144526406723086,32.626730098274365,3.65,4.288373500543705,0.0677,0.06876003354140203,natural,0.03,1.1,central
NM,s_c2,photochemical oxidant formation,4.025514044642442,0.08242856862242058,0.08965063216302423,-0.007222063540603646,4.107942613264862,3.7396506321630243,0.36829198110183814,9.848299141484695,3.65,4.288373500543705,0.0677,0.06876003354140203,natural,0.03,1.1,central
NM,s_c2,_ALL_,4.025514044642442,7.763681903420947,5.250396549308458,2.5132853541124893,11.789195948063389,8.900396549308457,2.888799398754932,32.45697405448059,3.65,4.288373500543705,0.0677,0.06876003354140203,natural,0.03,1.1,central
NM,s_o1,acidification,5.33565464897084,0.010255480394138502,0.012984720676239162,-0.0027292402821006596,5.345910129364978,3.662984720676239,1.6829254086887393,45.944101245883644,3.65,5.916067430736475,0.0677,0.06876003354140203,natural,0.03,1.1,central
NM,s_o1,climate change,5.33565464897084,2.0430912693226246,1.3789656199866647,0.66412564933596,7.378745918293465,5.028965619986664,2.3497802983068006,46.724922695196945,3.65,5.916067430736475,0.0677,0.06876003354140203,natural,0.03,1.1,central
NM,s_o1,ecotoxicity: freshwater,5.33565464897084,0.5943548650785746,0.26213411753369176,0.33222074754488284,5.930009514049415,3.9121341175336917,2.017875396515723,51.579913568705635,3.65,5.916067430736475,0.0677,0.06876003354140203,natural,0.03,1.1,central
NM,s_o1,eutrophication,5.33565464897084,0.8832341689365037,0.36942708393731544,0.5138070849991883,6.218888817907343,4.019427083937315,2.199461733970028,54.720777066952,3.65,5.916067430736475,0.0677,0.06876003354140203,natural,0.03,1.1,central
NM,s_o1,particulate matter formation,5.33565464897084,6.059772269393913,3.137234375011525,2.9225378943823883,11.395426918364752,6.787234375011525,4.608192543353227,67.89499652935446,3.65,5.916067430736475,0.0677,0.06876003354140203,natural,0.03,1.1,central
NM,s_o1,photochemical oxidant formation,5.33565464897084,0.11142978837520359,0.08965063216302427,0.021779156212179324,5.447084437346043,3.7396506321630243,1.707433805183019,45.65757534936985,3.65,5.916067430736475,0.0677,0.06876003354140203,natural,0.03,1.1,central
NM,s_o1,_ALL_,5.33565464897084,9.70213784150096,5.2503965493084594,4.451741292192501,15.0377924904718,8.900396549308459,6.137395941163341,68.95643252704512,3.65,5.916067430736475,0.0677,0.06876003354140203,natural,0.03,1.1,central
NM,s_o2,acidification,4.362360787638412,0.0056306187829614236,0.012984720676239162,-0.007354101893277738,4.367991406421374,3.662984720676239,0.7050066857451349,19.246782050867544,3.65,5.179664669799751,0.0677,0.06876003354140203,natural,0.03,1.1,central
NM,s_o2,climate change,4.362360787638412,1.1051468397175255,1.3789656199866647,-0.2738187802691392,5.467507627355937,5.028965619986664,0.4385420073692732,8.720322239356173,3.65,5.179664669799751,0.0677,0.06876003354140203,natural,0.03,1.1,central
NM,s_o2,ecotoxicity: freshwater,4.362360787638412,0.32917182474586587,0.26213411753369176,0.06703770721217411,4.691532612384278,3.9121341175336917,0.7793984948505863,19.92259138963106,3.65,5.179664669799751,0.0677,0.06876003354140203,natural,0.03,1.1,central
NM,s_o2,eutrophication,4.362360787638412,0.4866629302039517,0.36942708393731544,0.11723584626663625,4.849023717842364,4.019427083937315,0.8295966339050489,20.639673679374223,3.65,5.179664669799751,0.0677,0.06876003354140203,natural,0.03,1.1,central
NM,s_o2,particulate matter formation,4.362360787638412,3.3318838364496597,3.137234375011525,0.19464946143813489,7.694244624088071,6.787234375011525,0.9070102490765466,13.363473234634046,3.65,5.179664669799751,0.0677,0.06876003354140203,natural,0.03,1.1,central
NM,s_o2,photochemical oxidant formation,4.362360787638412,0.06057638759488642,0.08965063216302427,-0.02907424456813785,4.422937175233298,3.7396506321630243,0.6832865430702739,18.27140046702863,3.65,5.179664669799751,0.0677,0.06876003354140203,natural,0.03,1.1,central
NM,s_o2,_ALL_,4.362360787638412,5.31907243749485,5.2503965493084594,0.06867588818639092,9.681433225133262,8.900396549308459,0.7810366758248026,8.77530199354418,3.65,5.179664669799751,0.0677,0.06876003354140203,natural,0.03,1.1,central
NV,s_c1,acidification,4.087786865667793,0.00867651408690137,0.012984720676239155,-0.004308206589337785,4.096463379754694,3.662984720676239,0.4334786590784554,11.834028589625923,3.65,4.226846223873222,0.0767,0.059990637959310165,natural,0.03,1.1,central
NV,s_c1,climate change,4.087786865667793,1.5391680993832955,1.3789656199866647,0.1602024793966308,5.626954965051088,5.028965619986664,0.5979893450644242,11.890901434836413,3.65,4.226846223873222,0.0767,0.059990637959310165,natural,0.03,1.1,central
NV,s_c1,ecotoxicity: freshwater,4.087786865667793,0.5933085133968075,0.26213411753369176,0.3311743958631157,4.6810953790646,3.9121341175336917,0.7689612615309085,19.65580009347126,3.65,4.226846223873222,0.0767,0.059990637959310165,natural,0.03,1.1,central
NV,s_c1,eutrophication,4.087786865667793,0.8284429351304203,0.3694270839373155,0.45901585119310484,4.916229800798213,4.019427083937315,0.8968027168608979,22.31170507968055,3.65,4.226846223873222,0.0767,0.059990637959310165,natural,0.03,1.1,central
NV,s_c1,particulate matter formation,4.087786865667793,6.340053201522312,3.137234375011523,3.202818826510789,10.427840067190104,6.787234375011523,3.640605692178581,53.639015407839075,3.65,4.226846223873222,0.0767,0.059990637959310165,natural,0.03,1.1,central
NV,s_c1,photochemical oxidant formation,4.087786865667793,0.0814841840128694,0.08965063216302423,-0.008166448150154826,4.169271049680662,3.7396506321630243,0.42962041751763813,11.488250100762608,3.65,4.226846223873222,0.0767,0.059990637959310165,natural,0.03,1.1,central
NV,s_c1,_ALL_,4.087786865667793,9.391133447532605,5.250396549308458,4.140736898224147,13.478920313200398,8.900396549308457,4.5785237638919405,51.44179518886361,3.65,4.226846223873222,0.0767,0.059990637959310165,natural,0.03,1.1,central
NV,s_c2,acidification,4.036576215565802,0.0072742895484714095,0.012984720676239155,-0.005710431127767745,4.043850505114273,3.662984720676239,0.3808657844380341,10.397689684267121,3.65,4.299474524451065,0.0767,0.059990637959310165,natural,0.03,1.1,central
NV,s_c2,climate change,4.036576215565802,1.5619016205285843,1.3789656199866647,0.1829360005419196,5.598477836094386,5.028965619986664,0.5695122161077215,11.324639282565462,3.65,4.299474524451065,0.0767,0.059990637959310165,natural,0.03,1.1,central
NV,s_c2,ecotoxicity: freshwater,4.036576215565802,0.4499287145032045,0.26213411753369176,0.18779459696951273,4.486504930069007,3.9121341175336917,0.5743708125353151,14.681777139517216,3.65,4.299474524451065,0.0767,0.059990637959310165,natural,0.03,1.1,central
NV,s_c2,eutrophication,4.036576215565802,0.6419165109800907,0.3694270839373155,0.27248942704277523,4.678492726545892,4.019427083937315,0.659065642608577,16.397004569192863,3.65,4.299474524451065,0.0767,0.059990637959310165,natural,0.03,1.1,central
NV,s_c2,particulate matter formation,4.036576215565802,4.971945553783713,3.137234375011523,1.83471117877219,9.008521769349514,6.787234375011523,2.221287394337991,32.72743022572018,3.65,4.299474524451065,0.0767,0.059990637959310165,natural,0.03,1.1,central
NV,s_c2,photochemical oxidant formation,4.036576215565802,0.07653175635656634,0.08965063216302423,-0.013118875806457889,4.113107971922368,3.7396506321630243,0.3734573397593435,9.9864232382407,3.65,4.299474524451065,0.0767,0.059990637959310165,natural,0.03,1.1,central
NV,s_c2,_ALL_,4.036576215565802,7.70949844570063,5.250396549308458,2.4591018963921725,11.746074661266432,8.900396549308457,2.845678111957975,31.97248680092887,3.65,4.299474524451065,0.0767,0.059990637959310165,natural,0.03,1.1,central
NV,s_o1,acidification,5.3030741986077885,0.009938017163567792,0.012984720676239162,-0.00304670351267137,5.313012215771356,3.662984720676239,1.650027495095117,45.045983560381835,3.65,5.883372407725619,0.0767,0.059990637959310165,natural,0.03,1.1,central
NV,s_o1,climate change,5.3030741986077885,1.9894813779611602,1.3789656199866647,0.6105157579744955,7.292555576568949,5.028965619986664,2.263589956582285,45.01104456920681,3.65,5.883372407725619,0.0767,0.059990637959310165,natural,0.03,1.1,central
NV,s_o1,ecotoxicity: freshwater,5.3030741986077885,0.596208934648993,0.26213411753369176,0.3340748171153013,5.899283133256781,3.9121341175336917,1.9871490157230896,50.7945013136676,3.65,5.883372407725619,0.0767,0.059990637959310165,natural,0.03,1.1,central
NV,s_o1,eutrophication,5.3030741986077885,0.8820105295892926,0.36942708393731544,0.5125834456519771,6.185084728197081,4.019427083937315,2.165657644259766,53.87975945413469,3.65,5.883372407725619,0.0767,0.059990637959310165,natural,0.03,1.1,central
NV,s_o1,particulate matter formation,5.3030741986077885,6.054549578866514,3.137234375011525,2.9173152038549888,11.357623777474302,6.787234375011525,4.570389402462777,67.33802238050777,3.65,5.883372407725619,0.0767,0.059990637959310165,natural,0.03,1.1,central
NV,s_o1,photochemical oxidant formation,5.3030741986077885,0.10424989941524895,0.08965063216302427,0.014599267252224685,5.407324098023038,3.7396506321630243,1.6676734658600134,44.5943653537343,3.65,5.883372407725619,0.0767,0.059990637959310165,natural,0.03,1.1,central
NV,s_o1,_ALL_,5.3030741986077885,9.636438337644776,5.2503965493084594,4.386041788336317,14.939512536252565,8.900396549308459,6.039115986944106,67.85221257825116,3.65,5.883372407725619,0.0767,0.059990637959310165,natural,0.03,1.1,central
NV,s_o2,acidification,4.329257396431372,0.005465937914299147,0.012984720676239162,-0.0075187827619400145,4.3347233343456715,3.662984720676239,0.6717386136694325,18.338558986547454,3.65,5.146444866967345,0.0767,0.059990637959310165,natural,0.03,1.1,central
NV,s_o2,climate change,4.329257396431372,1.0773868357639826,1.3789656199866647,-0.30157878422268203,5.4066442321953545,5.028965619986664,0.37767861220869037,7.510065503484032,3.65,5.146444866967345,0.0767,0.059990637959310165,natural,0.03,1.1,central
NV,s_o2,ecotoxicity: freshwater,4.329257396431372,0.3301338436960796,0.26213411753369176,0.06799972616238786,4.6593912401274515,3.9121341175336917,0.7472571225937599,19.101009836156887,3.65,5.146444866967345,0.0767,0.059990637959310165,natural,0.03,1.1,central
NV,s_o2,eutrophication,4.329257396431372,0.4860282627222203,0.36942708393731544,0.11660117878490484,4.815285659153592,4.019427083937315,0.7958585752162772,19.800298863406102,3.65,5.146444866967345,0.0767,0.059990637959310165,natural,0.03,1.1,central
NV,s_o2,particulate matter formation,4.329257396431372,3.329167609506319,3.137234375011525,0.19193323449479438,7.6584250059376915,6.787234375011525,0.8711906309261668,12.835723400588881,3.65,5.146444866967345,0.0767,0.059990637959310165,natural,0.03,1.1,central
NV,s_o2,photochemical oxidant formation,4.329257396431372,0.056853512428270817,0.08965063216302427,-0.03279711973475345,4.386110908859643,3.7396506321630243,0.6464602766966188,17.28664894888067,3.65,5.146444866967345,0.0767,0.059990637959310165,natural,0.03,1.1,central
NV,s_o2,_ALL_,4.329257396431372,5.2850360020311715,5.2503965493084594,0.03463945272271207,9.614293398462543,8.900396549308459,0.713896849154084,8.020955529330344,3.65,5.146444866967345,0.0767,0.059990637959310165,natural,0.03,1.1,central
NY,s_c1,acidification,4.163695916996926,0.007243559588313006,0.012984720676239158,-0.005741161087926152,4.1709394765852394,3.662984720676239,0.5079547559090005,13.86723654733741,3.65,4.303022217522088,0.0949,0.054808722388074084,natural,0.03,1.1,central
NY,s_c1,climate change,4.163695916996926,1.2406723504968242,1.3789656199866647,-0.13829326948984044,5.4043682674937505,5.028965619986664,0.3754026475070864,7.4648083895248805,3.65,4.303022217522088,0.0949,0.054808722388074084,natural,0.03,1.1,central
NY,s_c1,ecotoxicity: freshwater,4.163695916996926,0.5156157560992968,0.26213411753369176,0.253481638565605,4.6793116730962225,3.9121341175336917,0.7671775555625309,19.610205900767507,3.65,4.303022217522088,0.0949,0.054808722388074084,natural,0.03,1.1,central
NY,s_c1,eutrophication,4.163695916996926,0.3966937873591618,0.3694270839373155,0.027266703421846283,4.560389704356088,4.019427083937315,0.5409626204187727,13.458699688336212,3.65,4.303022217522088,0.0949,0.054808722388074084,natural,0.03,1.1,central
NY,s_c1,particulate matter formation,4.163695916996926,2.2053800163677346,3.137234375011523,-0.9318543586437884,6.369075933364661,6.787234375011523,-0.4181584416468622,-6.160954794583064,3.65,4.303022217522088,0.0949,0.054808722388074084,natural,0.03,1.1,central
NY,s_c1,photochemical oxidant formation,4.163695916996926,0.06982055221827471,0.08965063216302423,-0.019830079944749515,4.233516469215201,3.7396506321630243,0.49386583705217646,13.206202547496344,3.65,4.303022217522088,0.0949,0.054808722388074084,natural,0.03,1.1,central
NY,s_c1,_ALL_,4.163695916996926,4.4354260221296045,5.250396549308458,-0.8149705271788532,8.59912193912653,8.900396549308457,-0.30127461018192747,-3.3849571590755234,3.65,4.303022217522088,0.0949,0.054808722388074084,natural,0.03,1.1,central
NY,s_c2,acidification,4.121346228667183,0.006139926301980664,0.012984720676239155,-0.006844794374258491,4.127486154969164,3.662984720676239,0.464501434292925,12.680954732652324,3.65,4.384542270066757,0.0949,0.054808722388074084,natural,0.03,1.1,central
NY,s_c2,climate change,4.121346228667183,1.3107989916824505,1.3789656199866647,-0.06816662830421416,5.432145220349634,5.028965619986664,0.40317960036296974,8.017147676663553,3.65,4.384542270066757,0.0949,0.054808722388074084,natural,0.03,1.1,central
NY,s_c2,ecotoxicity: freshwater,4.121346228667183,0.38842047833782334,0.26213411753369176,0.12628636080413158,4.5097667070050065,3.9121341175336917,0.5976325894713148,15.276382954071051,3.65,4.384542270066757,0.0949,0.054808722388074084,natural,0.03,1.1,central
NY,s_c2,eutrophication,4.121346228667183,0.2965536696527709,0.3694270839373155,-0.07287341428454458,4.417899898319954,4.019427083937315,0.3984728143826386,9.913671925410478,3.65,4.384542270066757,0.0949,0.054808722388074084,natural,0.03,1.1,central
NY,s_c2,particulate matter formation,4.121346228667183,1.6603632593632853,3.137234375011523,-1.4768711156482377,5.781709488030469,6.787234375011523,-1.0055248869810542,-14.814942750217714,3.65,4.384542270066757,0.0949,0.054808722388074084,natural,0.03,1.1,central
NY,s_c2,photochemical oxidant formation,4.121346228667183,0.06730237851019835,0.08965063216302423,-0.022348253652825875,4.188648607177381,3.7396506321630243,0.4489979750143567,12.006415015154905,3.65,4.384542270066757,0.0949,0.054808722388074084,natural,0.03,1.1,central
NY,s_c2,_ALL_,4.121346228667183,3.7295787038485093,5.250396549308458,-1.5208178454599484,7.850924932515692,8.900396549308457,-1.049471616792765,-11.791290545074721,3.65,4.384542270066757,0.0949,0.054808722388074084,natural,0.03,1.1,central
NY,s_o1,acidification,5.348121898097593,0.00867894533134583,0.012984720676239162,-0.004305775344893332,5.356800843428938,3.662984720676239,1.693816122752699,46.241419277337215,3.65,5.928578522281837,0.0949,0.054808722388074084,natural,0.03,1.1,central
NY,s_o1,climate change,5.348121898097593,1.7087586778009163,1.3789656199866647,0.3297930578142516,7.056880575898509,5.028965619986664,2.027914955911845,40.32469317054553,3.65,5.928578522281837,0.0949,0.054808722388074084,natural,0.03,1.1,central
NY,s_o1,ecotoxicity: freshwater,5.348121898097593,0.5278581919313156,0.26213411753369176,0.2657240743976238,5.875980090028908,3.9121341175336917,1.9638459724952164,50.19884067096541,3.65,5.928578522281837,0.0949,0.054808722388074084,natural,0.03,1.1,central
NY,s_o1,eutrophication,5.348121898097593,0.49780553455121573,0.36942708393731544,0.1283784506139003,5.845927432648808,4.019427083937315,1.8265003487114928,45.44180826194527,3.65,5.928578522281837,0.0949,0.054808722388074084,natural,0.03,1.1,central
NY,s_o1,particulate matter formation,5.348121898097593,2.370070411525469,3.137234375011525,-0.7671639634860559,7.718192309623062,6.787234375011525,0.9309579346115369,13.716307455641035,3.65,5.928578522281837,0.0949,0.054808722388074084,natural,0.03,1.1,central
NY,s_o1,photochemical oxidant formation,5.348121898097593,0.09400157264608354,0.08965063216302427,0.004350940483059271,5.4421234707436765,3.7396506321630243,1.7024728385806522,45.52491679138319,3.65,5.928578522281837,0.0949,0.054808722388074084,natural,0.03,1.1,central
NY,s_o1,_ALL_,5.348121898097593,5.207173333786346,5.2503965493084594,-0.04322321552211328,10.555295231883939,8.900396549308459,1.65489868257548,18.59353876433811,3.65,5.928578522281837,0.0949,0.054808722388074084,natural,0.03,1.1,central
NY,s_o2,acidification,4.373247593325558,0.004775664598893098,0.012984720676239162,-0.008209056077346063,4.3780232579244505,3.662984720676239,0.7150385372482115,19.520653013158224,3.65,5.190589760106656,0.0949,0.054808722388074084,natural,0.03,1.1,central
NY,s_o2,climate change,4.373247593325558,0.9241675946370899,1.3789656199866647,-0.4547980253495748,5.297415187962647,5.028965619986664,0.26844956797598307,5.338067273895878,3.65,5.190589760106656,0.0949,0.054808722388074084,natural,0.03,1.1,central
NY,s_o2,ecotoxicity: freshwater,4.373247593325558,0.29266063427854083,0.26213411753369176,0.030526516744849075,4.665908227604098,3.9121341175336917,0.7537741100704065,19.267593784479065,3.65,5.190589760106656,0.0949,0.054808722388074084,natural,0.03,1.1,central
NY,s_o2,eutrophication,4.373247593325558,0.2755531627603797,0.36942708393731544,-0.09387392117693572,4.6488007560859375,4.019427083937315,0.6293736721486223,15.658293060316097,3.65,5.190589760106656,0.0949,0.054808722388074084,natural,0.03,1.1,central
NY,s_o2,particulate matter formation,4.373247593325558,1.3109297291828033,3.137234375011525,-1.8263046458287215,5.684177322508361,6.787234375011525,-1.1030570525031633,-16.251936968086362,3.65,5.190589760106656,0.0949,0.054808722388074084,natural,0.03,1.1,central
NY,s_o2,photochemical oxidant formation,4.373247593325558,0.0512347437970264,0.08965063216302427,-0.038415888365997866,4.424482337122584,3.7396506321630243,0.68483170495956,18.312718815753424,3.65,5.190589760106656,0.0949,0.054808722388074084,natural,0.03,1.1,central
NY,s_o2,_ALL_,4.373247593325558,2.859321529254733,5.2503965493084594,-2.3910750200537265,7.232569122580291,8.900396549308459,-1.6678274267281683,-18.7387990803371,3.65,5.190589760106656,0.0949,0.054808722388074084,natural,0.03,1.1,central
OH,s_c1,acidification,4.020663755027045,0.010607455792925645,0.012984720676239155,-0.0023772648833135096,4.031271210819971,3.662984720676239,0.3682864901437317,10.054273174138187,3.65,4.159487067615392,0.0771,0.04603932680598223,natural,0.03,1.1,central
OH,s_c1,climate change,4.020663755027045,1.7396706407850706,1.3789656199866647,0.36070502079840594,5.760334395812116,5.028965619986664,0.7313687758254517,14.543125387828583,3.65,4.159487067615392,0.0771,0.04603932680598223,natural,0.03,1.1,central
OH,s_c1,ecotoxicity: freshwater,4.020663755027045,0.5696580159101086,0.26213411753369176,0.3075238983764168,4.5903217709371535,3.9121341175336917,0.6781876534034619,17.335490886263596,3.65,4.159487067615392,0.0771,0.04603932680598223,natural,0.03,1.1,central
OH,s_c1,eutrophication,4.020663755027045,0.6546955542331026,0.3694270839373155,0.28526847029578706,4.6753593092601475,4.019427083937315,0.6559322253228324,16.31904775544031,3.65,4.159487067615392,0.0771,0.04603932680598223,natural,0.03,1.1,central
OH,s_c1,particulate matter formation,4.020663755027045,3.6315245691445885,3.137234375011523,0.4942901941330655,7.652188324171634,6.787234375011523,0.8649539491601113,12.743834990354857,3.65,4.159487067615392,0.0771,0.04603932680598223,natural,0.03,1.1,central
OH,s_c1,photochemical oxidant formation,4.020663755027045,0.08456599652131049,0.08965063216302423,-0.005084635641713742,4.105229751548356,3.7396506321630243,0.3655791193853313,9.775755955413388,3.65,4.159487067615392,0.0771,0.04603932680598223,natural,0.03,1.1,central
OH,s_c1,_ALL_,4.020663755027045,6.690722232387107,5.250396549308458,1.4403256830786493,10.711385987414152,8.900396549308457,1.810989438105695,20.34728933787119,3.65,4.159487067615392,0.0771,0.04603932680598223,natural,0.03,1.1,central
OH,s_c2,acidification,3.969647851337632,0.00883574443463205,0.012984720676239155,-0.0041489762416071045,3.978483595772264,3.662984720676239,0.31549887509602526,8.613163830991349,3.65,4.232311091836902,0.0771,0.04603932680598223,natural,0.03,1.1,central
OH,s_c2,climate change,3.969647851337632,1.7107684928791853,1.3789656199866647,0.33180287289252064,5.680416344216818,5.028965619986664,0.6514507242301537,12.953970527081893,3.65,4.232311091836902,0.0771,0.04603932680598223,natural,0.03,1.1,central
OH,s_c2,ecotoxicity: freshwater,3.969647851337632,0.4317215077974507,0.26213411753369176,0.16958739026375896,4.401369359135082,3.9121341175336917,0.48923524160139076,12.50558459661953,3.65,4.232311091836902,0.0771,0.04603932680598223,natural,0.03,1.1,central
OH,s_c2,eutrophication,3.969647851337632,0.5032821558037255,0.3694270839373155,0.13385507186641,4.472930007141358,4.019427083937315,0.4535029232040424,11.282775224766707,3.65,4.232311091836902,0.0771,0.04603932680598223,natural,0.03,1.1,central
OH,s_c2,particulate matter formation,3.969647851337632,2.803115004094156,3.137234375011523,-0.3341193709173669,6.772762855431788,6.787234375011523,-0.014471519579735137,-0.21321673571513536,3.65,4.232311091836902,0.0771,0.04603932680598223,natural,0.03,1.1,central
OH,s_c2,photochemical oxidant formation,3.969647851337632,0.0791230626744599,0.08965063216302423,-0.010527569488564328,4.048770914012092,3.7396506321630243,0.3091202818490677,8.266020338650502,3.65,4.232311091836902,0.0771,0.04603932680598223,natural,0.03,1.1,central
OH,s_c2,_ALL_,3.969647851337632,5.536845967683609,5.250396549308458,0.2864494183751516,9.506493819021241,8.900396549308457,0.6060972697127838,6.809778264990634,3.65,4.232311091836902,0.0771,0.04603932680598223,natural,0.03,1.1,central
OH,s_o1,acidification,5.1817688559008195,0.01167491455049936,0.012984720676239162,-0.0013098061257398024,5.193443770451319,3.662984720676239,1.53045904977508,41.781748122949736,3.65,5.761640481771583,0.0771,0.04603932680598223,natural,0.03,1.1,central
OH,s_o1,climate change,5.1817688559008195,2.15266914648198,1.3789656199866647,0.7737035264953152,7.334438002382799,5.028965619986664,2.305472382396135,45.84386843356962,3.65,5.761640481771583,0.0771,0.04603932680598223,natural,0.03,1.1,central
OH,s_o1,ecotoxicity: freshwater,5.1817688559008195,0.5760471611955224,0.26213411753369176,0.3139130436618306,5.757816017096342,3.9121341175336917,1.8456818995626505,47.178390211381995,3.65,5.761640481771583,0.0771,0.04603932680598223,natural,0.03,1.1,central
OH,s_o1,eutrophication,5.1817688559008195,0.7278205923796848,0.3694270839373155,0.3583935084423693,5.909589448280505,4.019427083937315,1.8901623643431895,47.025666217376454,3.65,5.761640481771583,0.0771,0.04603932680598223,natural,0.03,1.1,central
OH,s_o1,particulate matter formation,5.1817688559008195,3.6413188257054747,3.137234375011525,0.5040844506939499,8.823087681606294,6.787234375011525,2.0358533065947695,29.995329380257516,3.65,5.761640481771583,0.0771,0.04603932680598223,natural,0.03,1.1,central
OH,s_o1,photochemical oxidant formation,5.1817688559008195,0.10710842055709853,0.08965063216302427,0.01745778839407426,5.288877276457918,3.7396506321630243,1.5492266442948939,41.427042167273704,3.65,5.761640481771583,0.0771,0.04603932680598223,natural,0.03,1.1,central
OH,s_o1,_ALL_,5.1817688559008195,7.21663906087026,5.2503965493084594,1.9662425115618003,12.39840791677108,8.900396549308459,3.4980113674626203,39.30174737814809,3.65,5.761640481771583,0.0771,0.04603932680598223,natural,0.03,1.1,central
OH,s_o2,acidification,4.207928811909115,0.00641664815354489,0.012984720676239162,-0.006568072522694272,4.21434546006266,3.662984720676239,0.5513607393864208,15.0522260241542,3.65,5.024689617465686,0.0771,0.04603932680598223,natural,0.03,1.1,central
OH,s_o2,climate change,4.207928811909115,1.1673009928855482,1.3789656199866647,-0.21166462710111644,5.375229804794663,5.028965619986664,0.3462641848079988,6.885395744839414,3.65,5.024689617465686,0.0771,0.04603932680598223,natural,0.03,1.1,central
OH,s_o2,ecotoxicity: freshwater,4.207928811909115,0.3190563162164383,0.26213411753369176,0.05692219868274656,4.5269851281255535,3.9121341175336917,0.6148510105918619,15.716511554043539,3.65,5.024689617465686,0.0771,0.04603932680598223,natural,0.03,1.1,central
OH,s_o2,eutrophication,4.207928811909115,0.40154391536794715,0.36942708393731544,0.03211683143063171,4.609472727277062,4.019427083937315,0.5900456433397467,14.67984444095836,3.65,5.024689617465686,0.0771,0.04603932680598223,natural,0.03,1.1,central
OH,s_o2,particulate matter formation,4.207928811909115,2.0072522925515033,3.137234375011525,-1.1299820824600215,6.215181104460618,6.787234375011525,-0.5720532705509065,-8.428370657966783,3.65,5.024689617465686,0.0771,0.04603932680598223,natural,0.03,1.1,central
OH,s_o2,photochemical oxidant formation,4.207928811909115,0.05841326318060872,0.08965063216302427,-0.031237368982415546,4.266342075089724,3.7396506321630243,0.5266914429266993,14.083974540211516,3.65,5.024689617465686,0.0771,0.04603932680598223,natural,0.03,1.1,central
OH,s_o2,_ALL_,4.207928811909115,3.9599834283555904,5.2503965493084594,-1.290413120952869,8.167912240264705,8.900396549308459,-0.7324843090437536,-8.22979408822707,3.65,5.024689617465686,0.0771,0.04603932680598223,natural,0.03,1.1,central
OK,s_c1,acidification,3.9159382182858185,0.011481977821473052,0.012984720676239158,-0.0015027428547661065,3.9274201961072914,3.662984720676239,0.2644354754310525,7.219125811210972,3.65,4.054393252293063,0.0525,0.05261637349255112,natural,0.03,1.1,central
OK,s_c1,climate change,3.9159382182858185,1.7651782896477493,1.3789656199866647,0.3862126696610846,5.6811165079335675,5.028965619986664,0.6521508879469033,12.96789314595936,3.65,4.054393252293063,0.0525,0.05261637349255112,natural,0.03,1.1,central
OK,s_c1,ecotoxicity: freshwater,3.9159382182858185,0.6892259413122384,0.26213411753369176,0.4270918237785466,4.605164159598057,3.9121341175336917,0.6930300420643651,17.714884542385494,3.65,4.054393252293063,0.0525,0.05261637349255112,natural,0.03,1.1,central
OK,s_c1,eutrophication,3.9159382182858185,1.2760402583027337,0.3694270839373155,0.9066131743654182,5.191978476588552,4.019427083937315,1.1725513926512372,29.172102594846415,3.65,4.054393252293063,0.0525,0.05261637349255112,natural,0.03,1.1,central
OK,s_c1,particulate matter formation,3.9159382182858185,11.012852146658906,3.137234375011523,7.8756177716473825,14.928790364944724,6.787234375011523,8.141555989933202,119.95395385059736,3.65,4.054393252293063,0.0525,0.05261637349255112,natural,0.03,1.1,central
OK,s_c1,photochemical oxidant formation,3.9159382182858185,0.08930239658880773,0.08965063216302423,-0.0003482355742164961,4.0052406148746265,3.7396506321630243,0.26558998271160217,7.101999861360958,3.65,4.054393252293063,0.0525,0.05261637349255112,natural,0.03,1.1,central
OK,s_c1,_ALL_,3.9159382182858185,14.844081010331909,5.250396549308458,9.59368446102345,18.76001922861773,8.900396549308457,9.859622679309272,110.77734148907494,3.65,4.054393252293063,0.0525,0.05261637349255112,natural,0.03,1.1,central
OK,s_c2,acidification,3.852945410222929,0.009645301709221525,0.012984720676239155,-0.0033394189670176294,3.8625907119321505,3.662984720676239,0.1996059912559116,5.449271740862231,3.65,4.1151987639008105,0.0525,0.05261637349255112,natural,0.03,1.1,central
OK,s_c2,climate change,3.852945410222929,1.747400142963525,1.3789656199866647,0.3684345229768604,5.600345553186454,5.028965619986664,0.5713799331997897,11.361778472474523,3.65,4.1151987639008105,0.0525,0.05261637349255112,natural,0.03,1.1,central
OK,s_c2,ecotoxicity: freshwater,3.852945410222929,0.5314504635121174,0.26213411753369176,0.2693163459784257,4.384395873735047,3.9121341175336917,0.4722617562013549,12.071716920049782,3.65,4.1151987639008105,0.0525,0.05261637349255112,natural,0.03,1.1,central
OK,s_c2,eutrophication,3.852945410222929,1.0010119150097645,0.3694270839373155,0.631584831072449,4.8539573252326935,4.019427083937315,0.8345302412953783,20.762417724416,3.65,4.1151987639008105,0.0525,0.05261637349255112,natural,0.03,1.1,central
OK,s_c2,particulate matter formation,3.852945410222929,8.724435758820489,3.137234375011523,5.587201383808965,12.577381169043418,6.787234375011523,5.790146794031895,85.30936864872986,3.65,4.1151987639008105,0.0525,0.05261637349255112,natural,0.03,1.1,central
OK,s_c2,photochemical oxidant formation,3.852945410222929,0.0848267623782611,0.08965063216302423,-0.004823869784763124,3.93777217260119,3.7396506321630243,0.19812154043816577,5.297862285161427,3.65,4.1151987639008105,0.0525,0.05261637349255112,natural,0.03,1.1,central
OK,s_c2,_ALL_,3.852945410222929,12.098770344393378,5.250396549308458,6.84837379508492,15.951715754616307,8.900396549308457,7.05131920530785,79.22477573042207,3.65,4.1151987639008105,0.0525,0.05261637349255112,natural,0.03,1.1,central
OK,s_o1,acidification,5.117105657694306,0.012590334706729161,0.012984720676239162,-0.00039438596951000063,5.129695992401035,3.662984720676239,1.466711271724796,40.04142478252053,3.65,5.6967498884937475,0.0525,0.05261637349255112,natural,0.03,1.1,central
OK,s_o1,climate change,5.117105657694306,2.195605020812442,1.3789656199866647,0.8166394008257774,7.312710678506748,5.028965619986664,2.2837450585200836,45.411824838169,3.65,5.6967498884937475,0.0525,0.05261637349255112,natural,0.03,1.1,central
OK,s_o1,ecotoxicity: freshwater,5.117105657694306,0.6875430917620505,0.26213411753369176,0.42540897422835877,5.804648749456356,3.9121341175336917,1.8925146319226642,48.37550490512716,3.65,5.6967498884937475,0.0525,0.05261637349255112,natural,0.03,1.1,central
OK,s_o1,eutrophication,5.117105657694306,1.281628687291006,0.36942708393731544,0.9122016033536906,6.398734344985312,4.019427083937315,2.3793072610479964,59.195184073778385,3.65,5.6967498884937475,0.0525,0.05261637349255112,natural,0.03,1.1,central
OK,s_o1,particulate matter formation,5.117105657694306,10.230925297944694,3.137234375011525,7.093690922933169,15.348030955639,6.787234375011525,8.560796580627475,126.13085253318572,3.65,5.6967498884937475,0.0525,0.05261637349255112,natural,0.03,1.1,central
OK,s_o1,photochemical oxidant formation,5.117105657694306,0.11371138349082159,0.08965063216302427,0.024060751327797322,5.230817041185127,3.7396506321630243,1.491166409022103,39.874484429033636,3.65,5.6967498884937475,0.0525,0.05261637349255112,natural,0.03,1.1,central
OK,s_o1,_ALL_,5.117105657694306,14.522003816007745,5.2503965493084594,9.271607266699284,19.63910947370205,8.900396549308459,10.73871292439359,120.6543198935104,3.65,5.6967498884937475,0.0525,0.05261637349255112,natural,0.03,1.1,central
OK,s_o2,acidification,4.144694985342833,0.006913109011643947,0.012984720676239162,-0.006071611664595215,4.1516080943544775,3.662984720676239,0.4886233736782386,13.33948708331035,3.65,4.961233422366749,0.0525,0.05261637349255112,natural,0.03,1.1,central
OK,s_o2,climate change,4.144694985342833,1.1900809725960066,1.3789656199866647,-0.18888464739065802,5.33477595793884,5.028965619986664,0.3058103379521757,6.080978894283764,3.65,4.961233422366749,0.0525,0.05261637349255112,natural,0.03,1.1,central
OK,s_o2,ecotoxicity: freshwater,4.144694985342833,0.37994944789333596,0.26213411753369176,0.1178153303596442,4.524644433236169,3.9121341175336917,0.6125103157024774,15.656679891348393,3.65,4.961233422366749,0.0525,0.05261637349255112,natural,0.03,1.1,central
OK,s_o2,eutrophication,4.144694985342833,0.7048987344966007,0.36942708393731544,0.33547165055928524,4.849593719839434,4.019427083937315,0.8301666359021187,20.6538548545807,3.65,4.961233422366749,0.0525,0.05261637349255112,natural,0.03,1.1,central
OK,s_o2,particulate matter formation,4.144694985342833,5.61639869546672,3.137234375011525,2.479164320455195,9.761093680809553,6.787234375011525,2.9738593057980287,43.81547978874649,3.65,4.961233422366749,0.0525,0.05261637349255112,natural,0.03,1.1,central
OK,s_o2,photochemical oxidant formation,4.144694985342833,0.061943037186917925,0.08965063216302427,-0.027707594976106344,4.206638022529751,3.7396506321630243,0.466987390366727,12.487460361948843,3.65,4.961233422366749,0.0525,0.05261637349255112,natural,0.03,1.1,central
OK,s_o2,_ALL_,4.144694985342833,7.960183996651225,5.2503965493084594,2.709787447342766,12.104878981994059,8.900396549308459,3.2044824326856,36.00381640225436,3.65,4.961233422366749,0.0525,0.05261637349255112,natural,0.03,1.1,central
OR,s_c1,acidification,4.120831097975017,0.00867651408690137,0.012984720676239155,-0.004308206589337785,4.129507612061919,3.662984720676239,0.4665228913856798,12.73614079666576,3.65,4.2600066597671296,0.0796,0.0633788135251184,natural,0.03,1.1,central
OR,s_c1,climate change,4.120831097975017,1.5391680993832955,1.3789656199866647,0.1602024793966308,5.659999197358313,5.028965619986664,0.6310335773716487,12.54797954600696,3.65,4.2600066597671296,0.0796,0.0633788135251184,natural,0.03,1.1,central
OR,s_c1,ecotoxicity: freshwater,4.120831097975017,0.5933085133968075,0.26213411753369176,0.3311743958631157,4.714139611371825,3.9121341175336917,0.8020054938381329,20.50046010037451,3.65,4.2600066597671296,0.0796,0.0633788135251184,natural,0.03,1.1,central
OR,s_c1,eutrophication,4.120831097975017,0.8284429351304203,0.3694270839373155,0.45901585119310484,4.9492740331054375,4.019427083937315,0.9298469491681223,23.133818072830195,3.65,4.2600066597671296,0.0796,0.0633788135251184,natural,0.03,1.1,central
OR,s_c1,particulate matter formation,4.120831097975017,6.340053201522312,3.137234375011523,3.202818826510789,10.46088429949733,6.787234375011523,3.673649924485807,54.12587397911348,3.65,4.2600066597671296,0.0796,0.0633788135251184,natural,0.03,1.1,central
OR,s_c1,photochemical oxidant formation,4.120831097975017,0.0814841840128694,0.08965063216302423,-0.008166448150154826,4.202315281987887,3.7396506321630243,0.46266464982486255,12.371868266134156,3.65,4.2600066597671296,0.0796,0.0633788135251184,natural,0.03,1.1,central
OR,s_c1,_ALL_,4.120831097975017,9.391133447532605,5.250396549308458,4.140736898224147,13.511964545507622,8.900396549308457,4.611567996199165,51.81306215572467,3.65,4.2600066597671296,0.0796,0.0633788135251184,natural,0.03,1.1,central
OR,s_c2,acidification,4.071032359364211,0.0072742895484714095,0.012984720676239155,-0.005710431127767745,4.078306648912682,3.662984720676239,0.4153219282364433,11.338347274344322,3.65,4.334051686448615,0.0796,0.0633788135251184,natural,0.03,1.1,central
OR,s_c2,climate change,4.071032359364211,1.5619016205285843,1.3789656199866647,0.1829360005419196,5.632933979892796,5.028965619986664,0.6039683599061316,12.009792978217522,3.65,4.334051686448615,0.0796,0.0633788135251184,natural,0.03,1.1,central
OR,s_c2,ecotoxicity: freshwater,4.071032359364211,0.4499287145032045,0.26213411753369176,0.18779459696951273,4.520961073867415,3.9121341175336917,0.6088269563337234,15.562527716139327,3.65,4.334051686448615,0.0796,0.0633788135251184,natural,0.03,1.1,central
OR,s_c2,eutrophication,4.071032359364211,0.6419165109800907,0.3694270839373155,0.27248942704277523,4.712948870344301,4.019427083937315,0.6935217864069863,17.25424474494092,3.65,4.334051686448615,0.0796,0.0633788135251184,natural,0.03,1.1,central
OR,s_c2,particulate matter formation,4.071032359364211,4.971945553783713,3.137234375011523,1.83471117877219,9.042977913147924,6.787234375011523,2.255743538136401,33.23509125368271,3.65,4.334051686448615,0.0796,0.0633788135251184,natural,0.03,1.1,central
OR,s_c2,photochemical oxidant formation,4.071032359364211,0.07653175635656634,0.08965063216302423,-0.013118875806457889,4.147564115720777,3.7396506321630243,0.4079134835577527,10.907796574617839,3.65,4.334051686448615,0.0796,0.0633788135251184,natural,0.03,1.1,central
OR,s_c2,_ALL_,4.071032359364211,7.70949844570063,5.250396549308458,2.4591018963921725,11.780530805064842,8.900396549308457,2.880134255756385,32.35961723503394,3.65,4.334051686448615,0.0796,0.0633788135251184,natural,0.03,1.1,central
OR,s_o1,acidification,5.347494349942548,0.009938017163567792,0.012984720676239162,-0.00304670351267137,5.3574323671061155,3.662984720676239,1.6944476464298766,46.258659962880145,3.65,5.927948767286403,0.0796,0.0633788135251184,natural,0.03,1.1,central
OR,s_o1,climate change,5.347494349942548,1.9894813779611602,1.3789656199866647,0.6105157579744955,7.336975727903708,5.028965619986664,2.3080101079170436,45.89433061034058,3.65,5.927948767286403,0.0796,0.0633788135251184,natural,0.03,1.1,central
OR,s_o1,ecotoxicity: freshwater,5.347494349942548,0.596208934648993,0.26213411753369176,0.3340748171153013,5.943703284591541,3.9121341175336917,2.031569167057849,51.929946827554105,3.65,5.927948767286403,0.0796,0.0633788135251184,natural,0.03,1.1,central
OR,s_o1,eutrophication,5.347494349942548,0.8820105295892926,0.36942708393731544,0.5125834456519771,6.229504879531841,4.019427083937315,2.2100777955945254,54.98489584315576,3.65,5.927948767286403,0.0796,0.0633788135251184,natural,0.03,1.1,central
OR,s_o1,particulate matter formation,5.347494349942548,6.054549578866514,3.137234375011525,2.9173152038549888,11.40204392880906,6.787234375011525,4.614809553797536,67.99248852799046,3.65,5.927948767286403,0.0796,0.0633788135251184,natural,0.03,1.1,central
OR,s_o1,photochemical oxidant formation,5.347494349942548,0.10424989941524895,0.08965063216302427,0.014599267252224685,5.451744249357797,3.7396506321630243,1.712093617194773,45.78218089331231,3.65,5.927948767286403,0.0796,0.0633788135251184,natural,0.03,1.1,central
OR,s_o1,_ALL_,5.347494349942548,9.636438337644776,5.2503965493084594,4.386041788336317,14.983932687587323,8.900396549308459,6.083536138278864,68.35129316515163,3.65,5.927948767286403,0.0796,0.0633788135251184,natural,0.03,1.1,central
OR,s_o2,acidification,4.373509044605291,0.005465937914299147,0.012984720676239162,-0.0075187827619400145,4.3789749825195905,3.662984720676239,0.7159902618433516,19.54663522896622,3.65,5.190852130807854,0.0796,0.0633788135251184,natural,0.03,1.1,central
OR,s_o2,climate change,4.373509044605291,1.0773868357639826,1.3789656199866647,-0.30157878422268203,5.4508958803692735,5.028965619986664,0.4219302603826094,8.39000089214625,3.65,5.190852130807854,0.0796,0.0633788135251184,natural,0.03,1.1,central
OR,s_o2,ecotoxicity: freshwater,4.373509044605291,0.3301338436960796,0.26213411753369176,0.06799972616238786,4.703642888301371,3.9121341175336917,0.7915087707676789,20.23214815719728,3.65,5.190852130807854,0.0796,0.0633788135251184,natural,0.03,1.1,central
OR,s_o2,eutrophication,4.373509044605291,0.4860282627222203,0.36942708393731544,0.11660117878490484,4.859537307327511,4.019427083937315,0.8401102233901963,20.901243034050726,3.65,5.190852130807854,0.0796,0.0633788135251184,natural,0.03,1.1,central
OR,s_o2,particulate matter formation,4.373509044605291,3.329167609506319,3.137234375011525,0.19193323449479438,7.7026766541116105,6.787234375011525,0.9154422791000858,13.487706899741934,3.65,5.190852130807854,0.0796,0.0633788135251184,natural,0.03,1.1,central
OR,s_o2,photochemical oxidant formation,4.373509044605291,0.056853512428270817,0.08965063216302427,-0.03279711973475345,4.430362557033562,3.7396506321630243,0.6907119248705378,18.469958635441518,3.65,5.190852130807854,0.0796,0.0633788135251184,natural,0.03,1.1,central
OR,s_o2,_ALL_,4.373509044605291,5.2850360020311715,5.2503965493084594,0.03463945272271207,9.658545046636462,8.900396549308459,0.758148497328003,8.518142906642844,3.65,5.190852130807854,0.0796,0.0633788135251184,natural,0.03,1.1,central
PA,s_c1,acidification,4.066239106701481,0.010614567576104638,0.012984720676239155,-0.002370153100134517,4.076853674277586,3.662984720676239,0.4138689536013467,11.298680861681033,3.65,4.2052226899016505,0.08650000000000001,0.04464419569064944,natural,0.03,1.1,central
PA,s_c1,climate change,4.066239106701481,1.7418698481693882,1.3789656199866647,0.3629042281827235,5.808108954870869,5.028965619986664,0.7791433348842052,15.493113171974146,3.65,4.2052226899016505,0.08650000000000001,0.04464419569064944,natural,0.03,1.1,central
PA,s_c1,ecotoxicity: freshwater,4.066239106701481,0.5696429864711543,0.26213411753369176,0.30750886893746254,4.635882093172635,3.9121341175336917,0.7237479756389438,18.500080873894294,3.65,4.2052226899016505,0.08650000000000001,0.04464419569064944,natural,0.03,1.1,central
PA,s_c1,eutrophication,4.066239106701481,0.6547195715229339,0.3694270839373155,0.2852924875856184,4.720958678224415,4.019427083937315,0.7015315942870997,17.45352209748011,3.65,4.2052226899016505,0.08650000000000001,0.04464419569064944,natural,0.03,1.1,central
PA,s_c1,particulate matter formation,4.066239106701481,3.6320956899574277,3.137234375011523,0.4948613149459047,7.698334796658909,6.787234375011523,0.9111004216473857,13.423735962349745,3.65,4.2052226899016505,0.08650000000000001,0.04464419569064944,natural,0.03,1.1,central
PA,s_c1,photochemical oxidant formation,4.066239106701481,0.08465510540652815,0.08965063216302423,-0.004995526756496074,4.1508942121080095,3.7396506321630243,0.41124357994498517,10.996844903319772,3.65,4.2052226899016505,0.08650000000000001,0.04464419569064944,natural,0.03,1.1,central
PA,s_c1,_ALL_,4.066239106701481,6.693597769103538,5.250396549308458,1.44320121979508,10.759836875805018,8.900396549308457,1.8594403264965607,20.891657087357927,3.65,4.2052226899016505,0.08650000000000001,0.04464419569064944,natural,0.03,1.1,central
PA,s_c2,acidification,4.019799743707624,0.008840986011642338,0.012984720676239155,-0.004143734664596816,4.028640729719267,3.662984720676239,0.36565600904302764,9.98246066872816,3.65,4.282639129620424,0.08650000000000001,0.04464419569064944,natural,0.03,1.1,central
PA,s_c2,climate change,4.019799743707624,1.7123893683440825,1.3789656199866647,0.33342374835741784,5.732189112051707,5.028965619986664,0.7032234920650424,13.983461912529584,3.65,4.282639129620424,0.08650000000000001,0.04464419569064944,natural,0.03,1.1,central
PA,s_c2,ecotoxicity: freshwater,4.019799743707624,0.4317104306934788,0.26213411753369176,0.16957631315978705,4.451510174401103,3.9121341175336917,0.5393760568674115,13.787258837829615,3.65,4.282639129620424,0.08650000000000001,0.04464419569064944,natural,0.03,1.1,central
PA,s_c2,eutrophication,4.019799743707624,0.5032998571974632,0.3694270839373155,0.13387277326014768,4.523099600905088,4.019427083937315,0.5036725169677725,12.530952955474175,3.65,4.282639129620424,0.08650000000000001,0.04464419569064944,natural,0.03,1.1,central
PA,s_c2,particulate matter formation,4.019799743707624,2.8035359356168597,3.137234375011523,-0.33369843939466337,6.823335679324484,6.787234375011523,0.03610130431296099,0.5319000688391536,3.65,4.282639129620424,0.08650000000000001,0.04464419569064944,natural,0.03,1.1,central
PA,s_c2,photochemical oxidant formation,4.019799743707624,0.07918873833869403,0.08965063216302423,-0.010461893824330201,4.098988482046319,3.7396506321630243,0.3593378498832944,9.608861501467382,3.65,4.282639129620424,0.08650000000000001,0.04464419569064944,natural,0.03,1.1,central
PA,s_c2,_ALL_,4.019799743707624,5.538965316202221,5.250396549308458,0.2885687668937633,9.558765059909845,8.900396549308457,0.6583685106013881,7.397069410941493,3.65,4.282639129620424,0.08650000000000001,0.04464419569064944,natural,0.03,1.1,central
PA,s_o1,acidification,5.216358898479512,0.011684423453243581,0.012984720676239162,-0.001300297222995581,5.228043321932756,3.662984720676239,1.5650586012565166,42.7263207630193,3.65,5.796352163944625,0.08650000000000001,0.04464419569064944,natural,0.03,1.1,central
PA,s_o1,climate change,5.216358898479512,2.155609625487812,1.3789656199866647,0.7766440055011472,7.371968523967324,5.028965619986664,2.3430029039806595,46.590155531563816,3.65,5.796352163944625,0.08650000000000001,0.04464419569064944,natural,0.03,1.1,central
PA,s_o1,ecotoxicity: freshwater,5.216358898479512,0.576027065887536,0.26213411753369176,0.3138929483538443,5.792385964367048,3.9121341175336917,1.8802518468333562,48.06204977498866,3.65,5.796352163944625,0.08650000000000001,0.04464419569064944,natural,0.03,1.1,central
PA,s_o1,eutrophication,5.216358898479512,0.7278527050112764,0.36942708393731544,0.358425621073961,5.944211603490788,4.019427083937315,1.924784519553473,47.88703661886085,3.65,5.796352163944625,0.08650000000000001,0.04464419569064944,natural,0.03,1.1,central
PA,s_o1,particulate matter formation,5.216358898479512,3.642082450260359,3.137234375011525,0.5048480752488342,8.85844134873987,6.787234375011525,2.071206973728345,30.51621410561394,3.65,5.796352163944625,0.08650000000000001,0.04464419569064944,natural,0.03,1.1,central
PA,s_o1,photochemical oxidant formation,5.216358898479512,0.10722756475790649,0.08965063216302427,0.017576932594882216,5.323586463237418,3.7396506321630243,1.5839358310743936,42.3551819908439,3.65,5.796352163944625,0.08650000000000001,0.04464419569064944,natural,0.03,1.1,central
PA,s_o1,_ALL_,5.216358898479512,7.220483834858133,5.2503965493084594,1.9700872855496732,12.436842733337645,8.900396549308459,3.5364461840291863,39.733580008903765,3.65,5.796352163944625,0.08650000000000001,0.04464419569064944,natural,0.03,1.1,central
PA,s_o2,acidification,4.241972671828533,0.0064219180082786,0.012984720676239162,-0.006562802667960562,4.248394589836812,3.662984720676239,0.5854098691605727,15.981772073908562,3.65,5.058853196269556,0.08650000000000001,0.04464419569064944,natural,0.03,1.1,central
PA,s_o2,climate change,4.241972671828533,1.1689306127928145,1.3789656199866647,-0.21003500719385015,5.410903284621347,5.028965619986664,0.38193766463468304,7.594755929862489,3.65,5.058853196269556,0.08650000000000001,0.04464419569064944,natural,0.03,1.1,central
PA,s_o2,ecotoxicity: freshwater,4.241972671828533,0.3190451793527259,0.26213411753369176,0.05691106181903416,4.5610178511812585,3.9121341175336917,0.6488837336475668,16.58643886310931,3.65,5.058853196269556,0.08650000000000001,0.04464419569064944,natural,0.03,1.1,central
PA,s_o2,eutrophication,4.241972671828533,0.4015617122587301,0.36942708393731544,0.03213462832141467,4.643534384087263,4.019427083937315,0.624107300149948,15.527270108818355,3.65,5.058853196269556,0.08650000000000001,0.04464419569064944,natural,0.03,1.1,central
PA,s_o2,particulate matter formation,4.241972671828533,2.00767549495283,3.137234375011525,-1.1295588800586946,6.249648166781363,6.787234375011525,-0.5375862082301621,-7.920548761501246,3.65,5.058853196269556,0.08650000000000001,0.04464419569064944,natural,0.03,1.1,central
PA,s_o2,photochemical oxidant formation,4.241972671828533,0.05847929315772704,0.08965063216302427,-0.031171339005297227,4.30045196498626,3.7396506321630243,0.5608013328232353,14.996088885952062,3.65,5.058853196269556,0.08650000000000001,0.04464419569064944,natural,0.03,1.1,central
PA,s_o2,_ALL_,4.241972671828533,3.9621142105231066,5.2503965493084594,-1.2882823387853528,8.204086882351639,8.900396549308459,-0.6963096669568198,-7.823355544882117,3.65,5.058853196269556,0.08650000000000001,0.04464419569064944,natural,0.03,1.1,central
RI,s_c1,acidification,5.012041615568718,0.007243559588313006,0.012984720676239155,-0.005741161087926149,5.019285175157031,3.662984720676239,1.3563004544807922,37.027193884401456,3.65,5.154351214718877,0.24960000000000002,0.0516198512673134,natural,0.03,1.1,central
RI,s_c1,climate change,5.012041615568718,1.2406723504968242,1.3789656199866647,-0.13829326948984044,6.252713966065542,5.028965619986664,1.223748346078878,24.333997059262522,3.65,5.154351214718877,0.24960000000000002,0.0516198512673134,natural,0.03,1.1,central
RI,s_c1,ecotoxicity: freshwater,5.012041615568718,0.5156157560992968,0.26213411753369176,0.253481638565605,5.527657371668014,3.9121341175336917,1.6155232541343225,41.29519095201136,3.65,5.154351214718877,0.24960000000000002,0.0516198512673134,natural,0.03,1.1,central
RI,s_c1,eutrophication,5.012041615568718,0.3966937873591618,0.3694270839373155,0.027266703421846283,5.40873540292788,4.019427083937315,1.3893083189905644,34.5648344895372,3.65,5.154351214718877,0.24960000000000002,0.0516198512673134,natural,0.03,1.1,central
RI,s_c1,particulate matter formation,5.012041615568718,2.2053800163677346,3.137234375011523,-0.9318543586437884,7.217421631936452,6.787234375011523,0.43018725692492943,6.33818184485782,3.65,5.154351214718877,0.24960000000000002,0.0516198512673134,natural,0.03,1.1,central
RI,s_c1,photochemical oxidant formation,5.012041615568718,0.06982055221827471,0.08965063216302423,-0.019830079944749515,5.081862167786992,3.7396506321630243,1.342211535623968,35.891361724547764,3.65,5.154351214718877,0.24960000000000002,0.0516198512673134,natural,0.03,1.1,central
RI,s_c1,_ALL_,5.012041615568718,4.4354260221296045,5.250396549308458,-0.8149705271788532,9.447467637698322,8.900396549308457,0.5470710883898651,6.146592293490242,3.65,5.154351214718877,0.24960000000000002,0.0516198512673134,natural,0.03,1.1,central
RI,s_c2,acidification,5.045010102303074,0.006139926301980664,0.012984720676239158,-0.006844794374258494,5.051150028605055,3.662984720676239,1.388165307928816,37.897108882085135,3.65,5.31145093992009,0.24960000000000002,0.0516198512673134,natural,0.03,1.1,central
RI,s_c2,climate change,5.045010102303074,1.3107989916824505,1.3789656199866647,-0.06816662830421416,6.355809093985524,5.028965619986664,1.32684347399886,26.384023559945884,3.65,5.31145093992009,0.24960000000000002,0.0516198512673134,natural,0.03,1.1,central
RI,s_c2,ecotoxicity: freshwater,5.045010102303074,0.38842047833782334,0.26213411753369176,0.12628636080413158,5.433430580640898,3.9121341175336917,1.521296463107206,38.8866132244533,3.65,5.31145093992009,0.24960000000000002,0.0516198512673134,natural,0.03,1.1,central
RI,s_c2,eutrophication,5.045010102303074,0.2965536696527709,0.3694270839373155,-0.07287341428454458,5.341563771955845,4.019427083937315,1.3221366880185297,32.89366022590968,3.65,5.31145093992009,0.24960000000000002,0.0516198512673134,natural,0.03,1.1,central
RI,s_c2,particulate matter formation,5.045010102303074,1.6603632593632853,3.137234375011523,-1.4768711156482377,6.705373361666359,6.787234375011523,-0.08186101334516405,-1.2061026453801378,3.65,5.31145093992009,0.24960000000000002,0.0516198512673134,natural,0.03,1.1,central
RI,s_c2,photochemical oxidant formation,5.045010102303074,0.06730237851019835,0.08965063216302423,-0.022348253652825875,5.112312480813272,3.7396506321630243,1.3726618486502478,36.70561727998362,3.65,5.31145093992009,0.24960000000000002,0.0516198512673134,natural,0.03,1.1,central
RI,s_c2,_ALL_,5.045010102303074,3.7295787038485093,5.250396549308458,-1.5208178454599484,8.774588806151584,8.900396549308457,-0.12580774315687293,-1.4135071674603974,3.65,5.31145093992009,0.24960000000000002,0.0516198512673134,natural,0.03,1.1,central
RI,s_o1,acidification,6.092125907386972,0.00867894533134583,0.012984720676239162,-0.004305775344893332,6.100804852718317,3.662984720676239,2.4378201320420785,66.55283376644887,3.65,6.6751989014608775,0.24960000000000002,0.0516198512673134,natural,0.03,1.1,central
RI,s_o1,climate change,6.092125907386972,1.7087586778009163,1.3789656199866647,0.3297930578142516,7.800884585187888,5.028965619986664,2.771918965201224,55.119067710162135,3.65,6.6751989014608775,0.24960000000000002,0.0516198512673134,natural,0.03,1.1,central
RI,s_o1,ecotoxicity: freshwater,6.092125907386972,0.5278581919313156,0.26213411753369176,0.2657240743976238,6.6199840993182875,3.9121341175336917,2.707849981784596,69.2166960649011,3.65,6.6751989014608775,0.24960000000000002,0.0516198512673134,natural,0.03,1.1,central
RI,s_o1,eutrophication,6.092125907386972,0.49780553455121573,0.36942708393731544,0.1283784506139003,6.589931441938187,4.019427083937315,2.570504358000872,63.9520086898275,3.65,6.6751989014608775,0.24960000000000002,0.0516198512673134,natural,0.03,1.1,central
RI,s_o1,particulate matter formation,6.092125907386972,2.370070411525469,3.137234375011525,-0.7671639634860559,8.46219631891244,6.787234375011525,1.6749619439009154,24.67812147562786,3.65,6.6751989014608775,0.24960000000000002,0.0516198512673134,natural,0.03,1.1,central
RI,s_o1,photochemical oxidant formation,6.092125907386972,0.09400157264608354,0.08965063216302427,0.004350940483059271,6.186127480033056,3.7396506321630243,2.4464768478700316,65.41993059001297,3.65,6.6751989014608775,0.24960000000000002,0.0516198512673134,natural,0.03,1.1,central
RI,s_o1,_ALL_,6.092125907386972,5.207173333786346,5.2503965493084594,-0.04322321552211328,11.299299241173319,8.900396549308459,2.39890269186486,26.952761919930968,3.65,6.6751989014608775,0.24960000000000002,0.0516198512673134,natural,0.03,1.1,central
RI,s_o2,acidification,5.108262830552183,0.004775664598893098,0.012984720676239162,-0.008209056077346063,5.113038495151076,3.662984720676239,1.4500537744748372,39.586672755957785,3.65,5.928189757241975,0.24960000000000002,0.0516198512673134,natural,0.03,1.1,central
RI,s_o2,climate change,5.108262830552183,0.9241675946370899,1.3789656199866647,-0.4547980253495748,6.032430425189273,5.028965619986664,1.0034648052026087,19.95370183511554,3.65,5.928189757241975,0.24960000000000002,0.0516198512673134,natural,0.03,1.1,central
RI,s_o2,ecotoxicity: freshwater,5.108262830552183,0.29266063427854083,0.26213411753369176,0.030526516744849075,5.400923464830724,3.9121341175336917,1.4887893472970322,38.05568271865901,3.65,5.928189757241975,0.24960000000000002,0.0516198512673134,natural,0.03,1.1,central
RI,s_o2,eutrophication,5.108262830552183,0.2755531627603797,0.3694270839373155,-0.09387392117693577,5.383815993312563,4.019427083937315,1.364388909375248,33.94486032170366,3.65,5.928189757241975,0.24960000000000002,0.0516198512673134,natural,0.03,1.1,central
RI,s_o2,particulate matter formation,5.108262830552183,1.3109297291828033,3.137234375011525,-1.8263046458287215,6.419192559734986,6.787234375011525,-0.36804181527653856,-5.422559395201578,3.65,5.928189757241975,0.24960000000000002,0.0516198512673134,natural,0.03,1.1,central
RI,s_o2,photochemical oxidant formation,5.108262830552183,0.0512347437970264,0.08965063216302427,-0.038415888365997866,5.15949757434921,3.7396506321630243,1.4198469421861857,37.96736866205446,3.65,5.928189757241975,0.24960000000000002,0.0516198512673134,natural,0.03,1.1,central
RI,s_o2,_ALL_,5.108262830552183,2.859321529254733,5.2503965493084594,-2.3910750200537265,7.967584359806916,8.900396549308459,-0.9328121895015427,-10.480568863799895,3.65,5.928189757241975,0.24960000000000002,0.0516198512673134,natural,0.03,1.1,central
SC,s_c1,acidification,4.055324432100532,0.009501082645918991,0.012984720676239155,-0.0034836380303201638,4.064825514746451,3.662984720676239,0.4018407940702118,10.970310408393576,3.65,4.194269632676941,0.0661,0.0653718579755938,natural,0.03,1.1,central
SC,s_c1,climate change,4.055324432100532,1.7385878387015377,1.3789656199866647,0.359622218714873,5.793912270802069,5.028965619986664,0.7649466508154052,15.210814879610048,3.65,4.194269632676941,0.0661,0.0653718579755938,natural,0.03,1.1,central
SC,s_c1,ecotoxicity: freshwater,4.055324432100532,0.5676574079131418,0.26213411753369176,0.30552329037945003,4.622981840013674,3.9121341175336917,0.7108477224799823,18.170331106340463,3.65,4.194269632676941,0.0661,0.0653718579755938,natural,0.03,1.1,central
SC,s_c1,eutrophication,4.055324432100532,0.6649151328433093,0.3694270839373155,0.2954880489059938,4.720239564943841,4.019427083937315,0.7008124810065262,17.435631157663156,3.65,4.194269632676941,0.0661,0.0653718579755938,natural,0.03,1.1,central
SC,s_c1,particulate matter formation,4.055324432100532,3.8772828167647706,3.137234375011523,0.7400484417532476,7.9326072488653026,6.787234375011523,1.1453728738537796,16.875398882211652,3.65,4.194269632676941,0.0661,0.0653718579755938,natural,0.03,1.1,central
SC,s_c1,photochemical oxidant formation,4.055324432100532,0.0832175387938008,0.08965063216302423,-0.0064330933692234304,4.138541970894333,3.7396506321630243,0.39889133873130866,10.666540219041499,3.65,4.194269632676941,0.0661,0.0653718579755938,natural,0.03,1.1,central
SC,s_c1,_ALL_,4.055324432100532,6.941161817662479,5.250396549308458,1.6907652683540215,10.996486249763011,8.900396549308457,2.096089700454554,23.550520348640152,3.65,4.194269632676941,0.0661,0.0653718579755938,natural,0.03,1.1,central
SC,s_c2,acidification,3.9989530020652566,0.007948793144365812,0.012984720676239158,-0.0050359275318733465,4.006901795209623,3.662984720676239,0.3439170745333837,9.388984687599017,3.65,4.261719169246843,0.0661,0.0653718579755938,natural,0.03,1.1,central
SC,s_c2,climate change,3.9989530020652566,1.7097596197429388,1.3789656199866647,0.3307939997562741,5.708712621808195,5.028965619986664,0.6797470018215312,13.51663648524473,3.65,4.261719169246843,0.0661,0.0653718579755938,natural,0.03,1.1,central
SC,s_c2,ecotoxicity: freshwater,3.9989530020652566,0.4301194625727152,0.26213411753369176,0.16798534503902346,4.429072464637972,3.9121341175336917,0.5169383471042805,13.213717412893082,3.65,4.261719169246843,0.0661,0.0653718579755938,natural,0.03,1.1,central
SC,s_c2,eutrophication,3.9989530020652566,0.511469170352337,0.3694270839373155,0.14204208641502147,4.510422172417593,4.019427083937315,0.49099508848027806,12.215549087640456,3.65,4.261719169246843,0.0661,0.0653718579755938,natural,0.03,1.1,central
SC,s_c2,particulate matter formation,3.9989530020652566,2.999994998290538,3.137234375011523,-0.13723937672098518,6.998948000355794,6.787234375011523,0.21171362534427107,3.1192915058854385,3.65,4.261719169246843,0.0661,0.0653718579755938,natural,0.03,1.1,central
SC,s_c2,photochemical oxidant formation,3.9989530020652566,0.0780368712201185,0.08965063216302423,-0.011613760942905726,4.076989873285375,3.7396506321630243,0.3373392411223506,9.020608455267187,3.65,4.261719169246843,0.0661,0.0653718579755938,natural,0.03,1.1,central
SC,s_c2,_ALL_,3.9989530020652566,5.737328915323013,5.250396549308458,0.48693236601455503,9.736281917388268,8.900396549308457,0.8358853680798113,9.391551976914533,3.65,4.261719169246843,0.0661,0.0653718579755938,natural,0.03,1.1,central
SC,s_o1,acidification,5.29772346664294,0.010691677482644992,0.012984720676239162,-0.00229304319359417,5.3084151441255845,3.662984720676239,1.6454304234493455,44.92048285545607,3.65,5.8780028593379745,0.0661,0.0653718579755938,natural,0.03,1.1,central
SC,s_o1,climate change,5.29772346664294,2.1526834954735232,1.3789656199866647,0.7737178754868586,7.450406962116463,5.028965619986664,2.421441342129799,48.14988856766573,3.65,5.8780028593379745,0.0661,0.0653718579755938,natural,0.03,1.1,central
SC,s_o1,ecotoxicity: freshwater,5.29772346664294,0.5742567903684541,0.26213411753369176,0.31212267283476236,5.871980257011394,3.9121341175336917,1.9598461394777025,50.09659895589773,3.65,5.8780028593379745,0.0661,0.0653718579755938,natural,0.03,1.1,central
SC,s_o1,eutrophication,5.29772346664294,0.7369427269275189,0.36942708393731544,0.3675156429902035,6.034666193570459,4.019427083937315,2.0152391096331437,50.137471523903685,3.65,5.8780028593379745,0.0661,0.0653718579755938,natural,0.03,1.1,central
SC,s_o1,particulate matter formation,5.29772346664294,3.860683102664386,3.137234375011525,0.7234487276528614,9.158406569307326,6.787234375011525,2.3711721942958013,34.93576416081513,3.65,5.8780028593379745,0.0661,0.0653718579755938,natural,0.03,1.1,central
SC,s_o1,photochemical oxidant formation,5.29772346664294,0.1059458783842847,0.08965063216302427,0.016295246221260426,5.403669345027224,3.7396506321630243,1.6640187128642001,44.49663555607939,3.65,5.8780028593379745,0.0661,0.0653718579755938,natural,0.03,1.1,central
SC,s_o1,_ALL_,5.29772346664294,7.441203671300812,5.2503965493084594,2.1908071219923526,12.738927137943751,8.900396549308459,3.838530588635292,43.12763557634449,3.65,5.8780028593379745,0.0661,0.0653718579755938,natural,0.03,1.1,central
SC,s_o2,acidification,4.324522572571665,0.005878140488540842,0.012984720676239162,-0.00710658018769832,4.330400713060206,3.662984720676239,0.6674159923839666,18.22055081520384,3.65,5.141693392591748,0.0661,0.0653718579755938,natural,0.03,1.1,central
SC,s_o2,climate change,4.324522572571665,1.1673278223824533,1.3789656199866647,-0.21163779760421142,5.491850394954118,5.028965619986664,0.4628847749674536,9.204373422793077,3.65,5.141693392591748,0.0661,0.0653718579755938,natural,0.03,1.1,central
SC,s_o2,ecotoxicity: freshwater,4.324522572571665,0.31807550930668343,0.26213411753369176,0.05594139177299168,4.642598081878348,3.9121341175336917,0.7304639643446564,18.67175159130688,3.65,5.141693392591748,0.0661,0.0653718579755938,natural,0.03,1.1,central
SC,s_o2,eutrophication,4.324522572571665,0.40654078013547595,0.36942708393731544,0.03711369619816052,4.731063352707141,4.019427083937315,0.7116362687698254,17.70491798728507,3.65,5.141693392591748,0.0661,0.0653718579755938,natural,0.03,1.1,central
SC,s_o2,particulate matter formation,4.324522572571665,2.127414203643476,3.137234375011525,-1.0098201713680486,6.451936776215141,6.787234375011525,-0.33529759879638377,-4.940121119595409,3.65,5.141693392591748,0.0661,0.0653718579755938,natural,0.03,1.1,central
SC,s_o2,photochemical oxidant formation,4.324522572571665,0.05777724826611241,0.08965063216302427,-0.031873383896911855,4.382299820837777,3.7396506321630243,0.6426491886747527,17.184738679801292,3.65,5.141693392591748,0.0661,0.0653718579755938,natural,0.03,1.1,central
SC,s_o2,_ALL_,4.324522572571665,4.083013704222742,5.2503965493084594,-1.1673828450857178,8.407536276794406,8.900396549308459,-0.4928602725140525,-5.537509141121882,3.65,5.141693392591748,0.0661,0.0653718579755938,natural,0.03,1.1,central
SD,s_c1,acidification,4.145895853642858,0.011481977821473052,0.012984720676239155,-0.001502742854766103,4.1573778314643315,3.662984720676239,0.49439311078809256,13.497001720957782,3.65,4.285159558336301,0.0832,0.0643753357503561,natural,0.03,1.1,central
SD,s_c1,climate change,4.145895853642858,1.7651782896477493,1.3789656199866647,0.3862126696610846,5.911074143290607,5.028965619986664,0.882108523303943,17.540555851051575,3.65,4.285159558336301,0.0832,0.0643753357503561,natural,0.03,1.1,central
SD,s_c1,ecotoxicity: freshwater,4.145895853642858,0.6892259413122384,0.26213411753369176,0.4270918237785466,4.835121794955096,3.9121341175336917,0.9229876774214048,23.592945683653593,3.65,4.285159558336301,0.0832,0.0643753357503561,natural,0.03,1.1,central
SD,s_c1,eutrophication,4.145895853642858,1.2760402583027337,0.3694270839373155,0.9066131743654182,5.421936111945592,4.019427083937315,1.4025090280082768,34.89325714137397,3.65,4.285159558336301,0.0832,0.0643753357503561,natural,0.03,1.1,central
SD,s_c1,particulate matter formation,4.145895853642858,11.012852146658906,3.137234375011523,7.8756177716473825,15.158748000301763,6.787234375011523,8.371513625290241,123.3420442369213,3.65,4.285159558336301,0.0832,0.0643753357503561,natural,0.03,1.1,central
SD,s_c1,photochemical oxidant formation,4.145895853642858,0.08930239658880773,0.08965063216302423,-0.0003482355742164961,4.235198250231666,3.7396506321630243,0.4955476180686418,13.25117415532519,3.65,4.285159558336301,0.0832,0.0643753357503561,natural,0.03,1.1,central
SD,s_c1,_ALL_,4.145895853642858,14.844081010331909,5.250396549308458,9.59368446102345,18.989976863974768,8.900396549308457,10.08958031466631,113.36102002612738,3.65,4.285159558336301,0.0832,0.0643753357503561,natural,0.03,1.1,central
SD,s_c2,acidification,4.0978498327452435,0.009645301709221525,0.012984720676239158,-0.003339418967017633,4.1074951344544655,3.662984720676239,0.44451041377822653,12.135197050348701,3.65,4.3609633491954956,0.0832,0.0643753357503561,natural,0.03,1.1,central
SD,s_c2,climate change,4.0978498327452435,1.747400142963525,1.3789656199866647,0.3684345229768604,5.845249975708769,5.028965619986664,0.8162843557221047,16.23165512362897,3.65,4.3609633491954956,0.0832,0.0643753357503561,natural,0.03,1.1,central
SD,s_c2,ecotoxicity: freshwater,4.0978498327452435,0.5314504635121174,0.26213411753369176,0.2693163459784257,4.629300296257361,3.9121341175336917,0.717166178723669,18.331840299375745,3.65,4.3609633491954956,0.0832,0.0643753357503561,natural,0.03,1.1,central
SD,s_c2,eutrophication,4.0978498327452435,1.0010119150097645,0.3694270839373155,0.631584831072449,5.098861747755008,4.019427083937315,1.0794346638176924,26.855435893622662,3.65,4.3609633491954956,0.0832,0.0643753357503561,natural,0.03,1.1,central
SD,s_c2,particulate matter formation,4.0978498327452435,8.724435758820489,3.137234375011523,5.587201383808965,12.822285591565732,6.787234375011523,6.035051216554209,88.91767814551068,3.65,4.3609633491954956,0.0832,0.0643753357503561,natural,0.03,1.1,central
SD,s_c2,photochemical oxidant formation,4.0978498327452435,0.0848267623782611,0.08965063216302423,-0.004823869784763124,4.182676595123505,3.7396506321630243,0.4430259629604807,11.84672063080484,3.65,4.3609633491954956,0.0832,0.0643753357503561,natural,0.03,1.1,central
SD,s_c2,_ALL_,4.0978498327452435,12.098770344393378,5.250396549308458,6.84837379508492,16.19662017713862,8.900396549308457,7.296223627830162,81.97638821381575,3.65,4.3609633491954956,0.0832,0.0643753357503561,natural,0.03,1.1,central
SD,s_o1,acidification,5.374271084616586,0.012590334706729161,0.012984720676239162,-0.00039438596951000063,5.386861419323315,3.662984720676239,1.7238766986470764,47.062077243085646,3.65,5.954819665219605,0.0832,0.0643753357503561,natural,0.03,1.1,central
SD,s_o1,climate change,5.374271084616586,2.195605020812442,1.3789656199866647,0.8166394008257774,7.569876105429028,5.028965619986664,2.540910485442364,50.52550916920172,3.65,5.954819665219605,0.0832,0.0643753357503561,natural,0.03,1.1,central
SD,s_o1,ecotoxicity: freshwater,5.374271084616586,0.6875430917620505,0.26213411753369176,0.42540897422835877,6.061814176378636,3.9121341175336917,2.1496800588449445,54.94903789750841,3.65,5.954819665219605,0.0832,0.0643753357503561,natural,0.03,1.1,central
SD,s_o1,eutrophication,5.374271084616586,1.281628687291006,0.3694270839373155,0.9122016033536906,6.655899771907592,4.019427083937315,2.6364726879702767,65.59324582616047,3.65,5.954819665219605,0.0832,0.0643753357503561,natural,0.03,1.1,central
SD,s_o1,particulate matter formation,5.374271084616586,10.230925297944694,3.137234375011525,7.093690922933169,15.60519638256128,6.787234375011525,8.817962007549756,129.91981004832743,3.65,5.954819665219605,0.0832,0.0643753357503561,natural,0.03,1.1,central
SD,s_o1,photochemical oxidant formation,5.374271084616586,0.11371138349082159,0.08965063216302427,0.024060751327797322,5.487982468107408,3.7396506321630243,1.7483318359443834,46.75120774405451,3.65,5.954819665219605,0.0832,0.0643753357503561,natural,0.03,1.1,central
SD,s_o1,_ALL_,5.374271084616586,14.522003816007745,5.2503965493084594,9.271607266699284,19.89627490062433,8.900396549308459,10.995878351315872,123.5436903333282,3.65,5.954819665219605,0.0832,0.0643753357503561,natural,0.03,1.1,central
SD,s_o2,acidification,4.400076602941739,0.006913109011643947,0.012984720676239162,-0.006071611664595215,4.406989711953383,3.662984720676239,0.7440049912771438,20.31144129751625,3.65,5.2175131168124365,0.0832,0.0643753357503561,natural,0.03,1.1,central
SD,s_o2,climate change,4.400076602941739,1.1900809725960066,1.3789656199866647,-0.18888464739065802,5.590157575537745,5.028965619986664,0.5611919555510809,11.159192525014102,3.65,5.2175131168124365,0.0832,0.0643753357503561,natural,0.03,1.1,central
SD,s_o2,ecotoxicity: freshwater,4.400076602941739,0.37994944789333596,0.26213411753369176,0.1178153303596442,4.780026050835074,3.9121341175336917,0.8678919333013826,22.18461604911755,3.65,5.2175131168124365,0.0832,0.0643753357503561,natural,0.03,1.1,central
SD,s_o2,eutrophication,4.400076602941739,0.7048987344966007,0.36942708393731544,0.33547165055928524,5.104975337438339,4.019427083937315,1.085548253501024,27.00753691587439,3.65,5.2175131168124365,0.0832,0.0643753357503561,natural,0.03,1.1,central
SD,s_o2,particulate matter formation,4.400076602941739,5.61639869546672,3.137234375011525,2.479164320455195,10.016475298408459,6.787234375011525,3.229240923396934,47.578155475019244,3.65,5.2175131168124365,0.0832,0.0643753357503561,natural,0.03,1.1,central
SD,s_o2,photochemical oxidant formation,4.400076602941739,0.061943037186917925,0.08965063216302427,-0.027707594976106344,4.4620196401286565,3.7396506321630243,0.7223690079656322,19.316483784684774,3.65,5.2175131168124365,0.0832,0.0643753357503561,natural,0.03,1.1,central
SD,s_o2,_ALL_,4.400076602941739,7.960183996651225,5.2503965493084594,2.709787447342766,12.360260599592964,8.900396549308459,3.459864050284505,38.87314493367522,3.65,5.2175131168124365,0.0832,0.0643753357503561,natural,0.03,1.1,central
TN,s_c1,acidification,4.044698898535437,0.00949397086274,0.012984720676239155,-0.0034907498134991548,4.054192869398177,3.662984720676239,0.3912081487219381,10.680037689311343,3.65,4.183606733283545,0.0681,0.060987160184547896,natural,0.03,1.1,central
TN,s_c1,climate change,4.044698898535437,1.73638863131722,1.3789656199866647,0.35742301133055543,5.781087529852657,5.028965619986664,0.752121909865993,14.955797408453698,3.65,4.183606733283545,0.0681,0.060987160184547896,natural,0.03,1.1,central
TN,s_c1,ecotoxicity: freshwater,4.044698898535437,0.5676724373520956,0.26213411753369176,0.30553831981840385,4.6123713358875325,3.9121341175336917,0.7002372183538408,17.899110749180757,3.65,4.183606733283545,0.0681,0.060987160184547896,natural,0.03,1.1,central
TN,s_c1,eutrophication,4.044698898535437,0.6648911155534779,0.3694270839373155,0.2954640316161624,4.709590014088914,4.019427083937315,0.6901629301515992,17.1706791972834,3.65,4.183606733283545,0.0681,0.060987160184547896,natural,0.03,1.1,central
TN,s_c1,particulate matter formation,4.044698898535437,3.876711695951933,3.137234375011523,0.7394773209404102,7.921410594487369,6.787234375011523,1.1341762194758465,16.7104325091753,3.65,4.183606733283545,0.0681,0.060987160184547896,natural,0.03,1.1,central
TN,s_c1,photochemical oxidant formation,4.044698898535437,0.08312842990858312,0.08965063216302423,-0.006522202254441112,4.1278273284440195,3.7396506321630243,0.38817669628099516,10.380025688562053,3.65,4.183606733283545,0.0681,0.060987160184547896,natural,0.03,1.1,central
TN,s_c1,_ALL_,4.044698898535437,6.938286280946049,5.250396549308458,1.6878897316375916,10.982985179481485,8.900396549308457,2.082588630173028,23.398829688491137,3.65,4.183606733283545,0.0681,0.060987160184547896,natural,0.03,1.1,central
TN,s_c2,acidification,3.989301200563046,0.007943551567355525,0.012984720676239155,-0.005041169108883629,3.9972447521304013,3.662984720676239,0.3342600314541624,9.12534604819354,3.65,4.252033468314589,0.0681,0.060987160184547896,natural,0.03,1.1,central
TN,s_c2,climate change,3.989301200563046,1.7081387442780422,1.3789656199866647,0.3291731242913776,5.697439944841088,5.028965619986664,0.668474324854424,13.292481503506414,3.65,4.252033468314589,0.0681,0.060987160184547896,natural,0.03,1.1,central
TN,s_c2,ecotoxicity: freshwater,3.989301200563046,0.4301305396766871,0.26213411753369176,0.16799642214299532,4.419431740239733,3.9121341175336917,0.5072976227060413,12.967286076221091,3.65,4.252033468314589,0.0681,0.060987160184547896,natural,0.03,1.1,central
TN,s_c2,eutrophication,3.989301200563046,0.5114514689585992,0.3694270839373155,0.14202438502128367,4.5007526695216455,4.019427083937315,0.48132558558433036,11.97497990466934,3.65,4.252033468314589,0.0681,0.060987160184547896,natural,0.03,1.1,central
TN,s_c2,particulate matter formation,3.989301200563046,2.999574066767834,3.137234375011523,-0.13766030824368913,6.988875267330879,6.787234375011523,0.20164089231935645,2.9708844748567285,3.65,4.252033468314589,0.0681,0.060987160184547896,natural,0.03,1.1,central
TN,s_c2,photochemical oxidant formation,3.989301200563046,0.07797119555588437,0.08965063216302423,-0.011679436607139854,4.0672723961189305,3.7396506321630243,0.32762176395590625,8.760758589002442,3.65,4.252033468314589,0.0681,0.060987160184547896,natural,0.03,1.1,central
TN,s_c2,_ALL_,3.989301200563046,5.735209566804402,5.250396549308458,0.4848130174959442,9.724510767367448,8.900396549308457,0.8241142180589911,9.259297757053568,3.65,4.252033468314589,0.0681,0.060987160184547896,natural,0.03,1.1,central
TN,s_o1,acidification,5.26895445490976,0.010682168579900774,0.012984720676239162,-0.002302552096338388,5.279636623489661,3.662984720676239,1.6166519028134219,44.13482517925887,3.65,5.849132678289691,0.0681,0.060987160184547896,natural,0.03,1.1,central
TN,s_o1,climate change,5.26895445490976,2.1497430164676903,1.3789656199866647,0.7707773964810256,7.418697471377451,5.028965619986664,2.3897318513907866,47.51935153211733,3.65,5.849132678289691,0.0681,0.060987160184547896,natural,0.03,1.1,central
TN,s_o1,ecotoxicity: freshwater,5.26895445490976,0.5742768856764406,0.26213411753369176,0.3121427681427489,5.843231340586201,3.9121341175336917,1.9310972230525096,49.361733648076516,3.65,5.849132678289691,0.0681,0.060987160184547896,natural,0.03,1.1,central
TN,s_o1,eutrophication,5.26895445490976,0.7369106142959274,0.3694270839373155,0.3674835303586119,6.005865069205688,4.019427083937315,1.9864379852683731,49.42092352431769,3.65,5.849132678289691,0.0681,0.060987160184547896,natural,0.03,1.1,central
TN,s_o1,particulate matter formation,5.26895445490976,3.8599194781095014,3.137234375011525,0.7226851030979766,9.128873933019262,6.787234375011525,2.3416395580077376,34.50064383556464,3.65,5.849132678289691,0.0681,0.060987160184547896,natural,0.03,1.1,central
TN,s_o1,photochemical oxidant formation,5.26895445490976,0.10582673418347677,0.08965063216302427,0.0161761020204525,5.3747811890932375,3.7396506321630243,1.6351305569302133,43.72415280901385,3.65,5.849132678289691,0.0681,0.060987160184547896,natural,0.03,1.1,central
TN,s_o1,_ALL_,5.26895445490976,7.437358897312937,5.2503965493084594,2.186962348004478,12.706313352222697,8.900396549308459,3.805916802914238,42.761204872494694,3.65,5.849132678289691,0.0681,0.060987160184547896,natural,0.03,1.1,central
TN,s_o2,acidification,4.295637351762045,0.005872870633807136,0.012984720676239162,-0.007111850042432026,4.301510222395852,3.662984720676239,0.6385255017196134,17.43183634142303,3.65,5.112706593805344,0.0681,0.060987160184547896,natural,0.03,1.1,central
TN,s_o2,climate change,4.295637351762045,1.165698202475187,1.3789656199866647,-0.2132674175114777,5.461335554237232,5.028965619986664,0.432369934250568,8.5975917698104,3.65,5.112706593805344,0.0681,0.060987160184547896,natural,0.03,1.1,central
TN,s_o2,ecotoxicity: freshwater,4.295637351762045,0.31808664617039595,0.26213411753369176,0.05595252863670419,4.613723997932441,3.9121341175336917,0.7015898803987493,17.93368681442469,3.65,5.112706593805344,0.0681,0.060987160184547896,natural,0.03,1.1,central
TN,s_o2,eutrophication,4.295637351762045,0.4065229832446929,0.3694270839373155,0.03709589930737739,4.702160335006738,4.019427083937315,0.6827332510694228,16.985834966326518,3.65,5.112706593805344,0.0681,0.060987160184547896,natural,0.03,1.1,central
TN,s_o2,particulate matter formation,4.295637351762045,2.12699100124215,3.137234375011525,-1.010243373769375,6.422628353004195,6.787234375011525,-0.3646060220073295,-5.37193799214736,3.65,5.112706593805344,0.0681,0.060987160184547896,natural,0.03,1.1,central
TN,s_o2,photochemical oxidant formation,4.295637351762045,0.05771121828899411,0.08965063216302427,-0.03193941387403016,4.35334857005104,3.7396506321630243,0.6136979378880154,16.410568746980807,3.65,5.112706593805344,0.0681,0.060987160184547896,natural,0.03,1.1,central
TN,s_o2,_ALL_,4.295637351762045,4.080882922055227,5.2503965493084594,-1.1695136272532327,8.376520273817272,8.900396549308459,-0.5238762754911868,-5.885988029734369,3.65,5.112706593805344,0.0681,0.060987160184547896,natural,0.03,1.1,central
TX,s_c1,acidification,3.987874908693675,0.009608620417362646,0.012984720676239158,-0.003376100258876512,3.9974835291110375,3.662984720676239,0.3344988084347986,9.131864693474489,3.65,4.126582915787499,0.0652,0.05281567793759866,natural,0.03,1.1,central
TX,s_c1,climate change,3.987874908693675,1.703805116428048,1.3789656199866647,0.32483949644138344,5.691680025121723,5.028965619986664,0.6627144051350591,13.177946623878817,3.65,4.126582915787499,0.0652,0.05281567793759866,natural,0.03,1.1,central
TX,s_c1,ecotoxicity: freshwater,3.987874908693675,0.6092462166476742,0.26213411753369176,0.34711209911398244,4.597121125341349,3.9121341175336917,0.6849870078076576,17.509292555631777,3.65,4.126582915787499,0.0652,0.05281567793759866,natural,0.03,1.1,central
TX,s_c1,eutrophication,3.987874908693675,0.8622516136531505,0.3694270839373155,0.492824529715835,4.850126522346826,4.019427083937315,0.8306994384095105,20.667110537449563,3.65,4.126582915787499,0.0652,0.05281567793759866,natural,0.03,1.1,central
TX,s_c1,particulate matter formation,3.987874908693675,6.723301726921999,3.137234375011523,3.586067351910476,10.711176635615674,6.787234375011523,3.923942260604151,57.81356652498816,3.65,4.126582915787499,0.0652,0.05281567793759866,natural,0.03,1.1,central
TX,s_c1,photochemical oxidant formation,3.987874908693675,0.08538395769389809,0.08965063216302423,-0.004266674469126139,4.073258866387573,3.7396506321630243,0.333608234224549,8.92083959275065,3.65,4.126582915787499,0.0652,0.05281567793759866,natural,0.03,1.1,central
TX,s_c1,_ALL_,3.987874908693675,9.993597251762132,5.250396549308458,4.743200702453675,13.981472160455807,8.900396549308457,5.08107561114735,57.088193576522606,3.65,4.126582915787499,0.0652,0.05281567793759866,natural,0.03,1.1,central
TX,s_c2,acidification,3.9310652992301014,0.00909394320524944,0.012984720676239158,-0.0038907774709897192,3.940159242435351,3.662984720676239,0.27717452175911195,7.566903574414627,3.65,4.193593028599585,0.0652,0.05281567793759866,natural,0.03,1.1,central
TX,s_c2,climate change,3.9310652992301014,1.740070245276207,1.3789656199866647,0.36110462528954224,5.671135544506308,5.028965619986664,0.6421699245196439,12.769423635895661,3.65,4.193593028599585,0.0652,0.05281567793759866,natural,0.03,1.1,central
TX,s_c2,ecotoxicity: freshwater,3.9310652992301014,0.4663859519986004,0.26213411753369176,0.20425183446490863,4.397451251228702,3.9121341175336917,0.4853171336950104,12.405431897640733,3.65,4.193593028599585,0.0652,0.05281567793759866,natural,0.03,1.1,central
TX,s_c2,eutrophication,3.9310652992301014,0.6731067027048344,0.3694270839373155,0.3036796187675189,4.604172001934936,4.019427083937315,0.5847449179976207,14.547966806871925,3.65,4.193593028599585,0.0652,0.05281567793759866,natural,0.03,1.1,central
TX,s_c2,particulate matter formation,3.9310652992301014,5.307790968883256,3.137234375011523,2.170556593871733,9.238856268113357,6.787234375011523,2.4516218931018345,36.12107314472505,3.65,4.193593028599585,0.0652,0.05281567793759866,natural,0.03,1.1,central
TX,s_c2,photochemical oxidant formation,3.9310652992301014,0.10183735808857387,0.08965063216302423,0.012186725925549646,4.032902657318675,3.7396506321630243,0.29325202515565074,7.841695762527233,3.65,4.193593028599585,0.0652,0.05281567793759866,natural,0.03,1.1,central
TX,s_c2,_ALL_,3.9310652992301014,8.29828517015672,5.250396549308458,3.047888620848263,12.229350469386823,8.900396549308457,3.3289539200783658,37.40231012894609,3.65,4.193593028599585,0.0652,0.05281567793759866,natural,0.03,1.1,central
TX,s_o1,acidification,5.182259349784635,0.012107670673859653,0.012984720676239162,-0.0008770500023795088,5.194367020458495,3.662984720676239,1.5313822997822562,41.806952978486386,3.65,5.762132700529745,0.0652,0.05281567793759866,natural,0.03,1.1,central
TX,s_o1,climate change,5.182259349784635,2.193529892760802,1.3789656199866647,0.8145642727741373,7.375789242545437,5.028965619986664,2.346823622558773,46.66612977491376,3.65,5.762132700529745,0.0652,0.05281567793759866,natural,0.03,1.1,central
TX,s_o1,ecotoxicity: freshwater,5.182259349784635,0.6150091459104904,0.26213411753369176,0.3528750283767986,5.797268495695126,3.9121341175336917,1.885134378161434,48.18685457925636,3.65,5.762132700529745,0.0652,0.05281567793759866,natural,0.03,1.1,central
TX,s_o1,eutrophication,5.182259349784635,0.9172689994380562,0.36942708393731544,0.5478419155007408,6.099528349222691,4.019427083937315,2.080101265285376,51.75118796402617,3.65,5.762132700529745,0.0652,0.05281567793759866,natural,0.03,1.1,central
TX,s_o1,particulate matter formation,5.182259349784635,6.432200486553489,3.137234375011525,3.294966111541964,11.614459836338124,6.787234375011525,4.8272254613265995,71.1221271376591,3.65,5.762132700529745,0.0652,0.05281567793759866,natural,0.03,1.1,central
TX,s_o1,photochemical oxidant formation,5.182259349784635,0.13538750708558717,0.08965063216302427,0.0457368749225629,5.317646856870223,3.7396506321630243,1.5779962247071984,42.196354149651704,3.65,5.762132700529745,0.0652,0.05281567793759866,natural,0.03,1.1,central
TX,s_o1,_ALL_,5.182259349784635,10.305503702422286,5.2503965493084594,5.055107153113826,15.48776305220692,8.900396549308459,6.587366502898462,74.0120562764171,3.65,5.762132700529745,0.0652,0.05281567793759866,natural,0.03,1.1,central
TX,s_o2,acidification,4.20911074979776,0.006605472083617596,0.012984720676239162,-0.006379248592621566,4.215716221881378,3.662984720676239,0.5527315012051388,15.089648015323874,3.65,5.025875711765673,0.0652,0.05281567793759866,natural,0.03,1.1,central
TX,s_o2,climate change,4.20911074979776,1.1870417068368884,1.3789656199866647,-0.1919239131497763,5.396152456634648,5.028965619986664,0.367186836647984,7.301438593826731,3.65,5.025875711765673,0.0652,0.05281567793759866,natural,0.03,1.1,central
TX,s_o2,ecotoxicity: freshwater,4.20911074979776,0.3402635259207329,0.26213411753369176,0.07812940838704113,4.549374275718493,3.9121341175336917,0.6372401581848011,16.28881165726837,3.65,5.025875711765673,0.0652,0.05281567793759866,natural,0.03,1.1,central
TX,s_o2,eutrophication,4.20911074979776,0.5051542164034265,0.36942708393731544,0.13572713246611107,4.714264966201187,4.019427083937315,0.6948378822638714,17.28698811431674,3.65,5.025875711765673,0.0652,0.05281567793759866,natural,0.03,1.1,central
TX,s_o2,particulate matter formation,4.20911074979776,3.534716034972387,3.137234375011525,0.3974816599608624,7.743826784770147,6.787234375011525,0.9565924097586223,14.093994061564993,3.65,5.025875711765673,0.0652,0.05281567793759866,natural,0.03,1.1,central
TX,s_o2,photochemical oxidant formation,4.20911074979776,0.0728980333933533,0.08965063216302427,-0.016752598769670973,4.282008783191113,3.7396506321630243,0.5423581510280888,14.502909613093655,3.65,5.025875711765673,0.0652,0.05281567793759866,natural,0.03,1.1,central
TX,s_o2,_ALL_,4.20911074979776,5.646678989610406,5.2503965493084594,0.39628244030194626,9.855789739408166,8.900396549308459,0.9553931900997075,10.73427666741365,3.65,5.025875711765673,0.0652,0.05281567793759866,natural,0.03,1.1,central
UT,s_c1,acidification,4.111102190983722,0.008673546467358512,0.012984720676239155,-0.004311174208880643,4.11977573745108,3.662984720676239,0.45679101677484146,12.470459245882724,3.65,4.250243540031039,0.0791,0.061983682409785586,natural,0.03,1.1,central
UT,s_c1,climate change,4.111102190983722,1.5385665821511505,1.3789656199866647,0.15960096216448583,5.649668773134873,5.028965619986664,0.6207031531482086,12.342561076205062,3.65,4.250243540031039,0.0791,0.061983682409785586,natural,0.03,1.1,central
UT,s_c1,ecotoxicity: freshwater,4.111102190983722,0.5933348503826459,0.26213411753369176,0.3312007328489541,4.704437041366368,3.9121341175336917,0.792302923832676,20.252447897470443,3.65,4.250243540031039,0.0791,0.061983682409785586,natural,0.03,1.1,central
UT,s_c1,eutrophication,4.111102190983722,0.8284257558105221,0.3694270839373155,0.45899867187320664,4.939527946794244,4.019427083937315,0.9201008628569287,22.891343558237267,3.65,4.250243540031039,0.0791,0.061983682409785586,natural,0.03,1.1,central
UT,s_c1,particulate matter formation,4.111102190983722,6.340098210835963,3.137234375011523,3.20286383582444,10.451200401819685,6.787234375011523,3.663966026808162,53.98319586984856,3.65,4.250243540031039,0.0791,0.061983682409785586,natural,0.03,1.1,central
UT,s_c1,photochemical oxidant formation,4.111102190983722,0.08141282364130249,0.08965063216302423,-0.008237808521721735,4.192515014625024,3.7396506321630243,0.4528643824619998,12.109804551449818,3.65,4.250243540031039,0.0791,0.061983682409785586,natural,0.03,1.1,central
UT,s_c1,_ALL_,4.111102190983722,9.390511769288944,5.250396549308458,4.140115219980486,13.501613960272666,8.900396549308457,4.6012174109642086,51.69676862680589,3.65,4.250243540031039,0.0791,0.061983682409785586,natural,0.03,1.1,central
UT,s_c2,acidification,4.061060019357194,0.007272102332413267,0.012984720676239155,-0.005712618343825888,4.068332121689608,3.662984720676239,0.40534740101336864,11.066041272990507,3.65,4.324044321203837,0.0791,0.061983682409785586,natural,0.03,1.1,central
UT,s_c2,climate change,4.061060019357194,1.5614582860207753,1.3789656199866647,0.18249266603411063,5.6225183053779695,5.028965619986664,0.5935526853913053,11.80267932300717,3.65,4.324044321203837,0.0791,0.061983682409785586,natural,0.03,1.1,central
UT,s_c2,ecotoxicity: freshwater,4.061060019357194,0.4499481255757886,0.26213411753369176,0.18781400804209686,4.511008144932983,3.9121341175336917,0.5988740273992916,15.308115964511897,3.65,4.324044321203837,0.0791,0.061983682409785586,natural,0.03,1.1,central
UT,s_c2,eutrophication,4.061060019357194,0.6419038493555775,0.3694270839373155,0.27247676541826205,4.7029638687127715,4.019427083937315,0.6835367847754563,17.00582621605573,3.65,4.324044321203837,0.0791,0.061983682409785586,natural,0.03,1.1,central
UT,s_c2,particulate matter formation,4.061060019357194,4.971978726868122,3.137234375011523,1.8347443518565991,9.033038746225316,6.787234375011523,2.2458043712137927,33.08865212437842,3.65,4.324044321203837,0.0791,0.061983682409785586,natural,0.03,1.1,central
UT,s_c2,photochemical oxidant formation,4.061060019357194,0.07647916182807234,0.08965063216302423,-0.01317147033495189,4.137539181185267,3.7396506321630243,0.3978885490222428,10.639725155076931,3.65,4.324044321203837,0.0791,0.061983682409785586,natural,0.03,1.1,central
UT,s_c2,_ALL_,4.061060019357194,7.70904025198075,5.250396549308458,2.4586437026722923,11.770100271337945,8.900396549308457,2.869703722029488,32.24242544847576,3.65,4.324044321203837,0.0791,0.061983682409785586,natural,0.03,1.1,central
UT,s_o1,acidification,5.332668397776694,0.009934049269032115,0.012984720676239162,-0.003050671407207047,5.342602447045726,3.662984720676239,1.6796177263694871,45.853801051602694,3.65,5.913070678069743,0.0791,0.061983682409785586,natural,0.03,1.1,central
UT,s_o1,climate change,5.332668397776694,1.9886771114761617,1.3789656199866647,0.609711491489497,7.321345509252856,5.028965619986664,2.2923798892661917,45.58352676255263,3.65,5.913070678069743,0.0791,0.061983682409785586,natural,0.03,1.1,central
UT,s_o1,ecotoxicity: freshwater,5.332668397776694,0.5962441488604798,0.26213411753369176,0.33411003132678807,5.928912546637174,3.9121341175336917,2.0167784291034825,51.551873440752864,3.65,5.913070678069743,0.0791,0.061983682409785586,natural,0.03,1.1,central
UT,s_o1,eutrophication,5.332668397776694,0.8819875597548629,0.36942708393731544,0.5125604758175475,6.214655957531557,4.019427083937315,2.1952288735942416,54.61546702431677,3.65,5.913070678069743,0.0791,0.061983682409785586,natural,0.03,1.1,central
UT,s_o1,particulate matter formation,5.332668397776694,6.054609759158194,3.137234375011525,2.9173753841466694,11.387278156934888,6.787234375011525,4.600043781923364,67.77493641385492,3.65,5.913070678069743,0.0791,0.061983682409785586,natural,0.03,1.1,central
UT,s_o1,photochemical oxidant formation,5.332668397776694,0.10415448609682475,0.08965063216302427,0.014503853933800478,5.436822883873519,3.7396506321630243,1.6971722517104944,45.38317662922553,3.65,5.913070678069743,0.0791,0.061983682409785586,natural,0.03,1.1,central
UT,s_o1,_ALL_,5.332668397776694,9.635607114615555,5.2503965493084594,4.385210565307095,14.96827551239225,8.900396549308459,6.067878963083791,68.17537768646108,3.65,5.913070678069743,0.0791,0.061983682409785586,natural,0.03,1.1,central
UT,s_o2,acidification,4.358712144708549,0.005463738898454298,0.012984720676239162,-0.007520981777784864,4.364175883607003,3.662984720676239,0.7011911629307641,19.142617739374963,3.65,5.176003196025724,0.0791,0.061983682409785586,natural,0.03,1.1,central
UT,s_o2,climate change,4.358712144708549,1.0769411095159453,1.3789656199866647,-0.3020245104707193,5.435653254224494,5.028965619986664,0.40668763423783005,8.086904245706664,3.65,5.176003196025724,0.0791,0.061983682409785586,natural,0.03,1.1,central
UT,s_o2,ecotoxicity: freshwater,4.358712144708549,0.33015335948923563,0.26213411753369176,0.06801924195554387,4.688865504197785,3.9121341175336917,0.776731386664093,19.854416114797313,3.65,5.176003196025724,0.0791,0.061983682409785586,natural,0.03,1.1,central
UT,s_o2,eutrophication,4.358712144708549,0.48601553278965515,0.36942708393731544,0.11658844885233971,4.844727677498204,4.019427083937315,0.8253005935608888,20.532791771718074,3.65,5.176003196025724,0.0791,0.061983682409785586,natural,0.03,1.1,central
UT,s_o2,particulate matter formation,4.358712144708549,3.329200961555819,3.137234375011525,0.19196658654429433,7.687913106264368,6.787234375011525,0.9006787312528433,13.27018755339967,3.65,5.176003196025724,0.0791,0.061983682409785586,natural,0.03,1.1,central
UT,s_o2,photochemical oxidant formation,4.358712144708549,0.05680063415816108,0.08965063216302427,-0.03284999800486319,4.41551277886671,3.7396506321630243,0.675862146703686,18.072868649571298,3.65,5.176003196025724,0.0791,0.061983682409785586,natural,0.03,1.1,central
UT,s_o2,_ALL_,4.358712144708549,5.284575336407271,5.2503965493084594,0.034178787098811725,9.64328748111582,8.900396549308459,0.7428909318073611,8.346717224246396,3.65,5.176003196025724,0.0791,0.061983682409785586,natural,0.03,1.1,central
VA,s_c1,acidification,4.172330736101956,0.009501082645918991,0.012984720676239158,-0.0034836380303201672,4.181831818747875,3.662984720676239,0.5188470980716358,14.16459902611467,3.65,4.311687401894525,0.0874,0.06497324908549872,natural,0.03,1.1,central
VA,s_c1,climate change,4.172330736101956,1.7385878387015377,1.3789656199866647,0.359622218714873,5.910918574803493,5.028965619986664,0.8819529548168292,17.537462402042987,3.65,4.311687401894525,0.0874,0.06497324908549872,natural,0.03,1.1,central
VA,s_c1,ecotoxicity: freshwater,4.172330736101956,0.5676574079131418,0.26213411753369176,0.30552329037945003,4.739988144015098,3.9121341175336917,0.8278540264814063,21.161187260198187,3.65,4.311687401894525,0.0874,0.06497324908549872,natural,0.03,1.1,central
VA,s_c1,eutrophication,4.172330736101956,0.6649151328433093,0.3694270839373155,0.2954880489059938,4.837245868945265,4.019427083937315,0.8178187850079501,20.346650602922207,3.65,4.311687401894525,0.0874,0.06497324908549872,natural,0.03,1.1,central
VA,s_c1,particulate matter formation,4.172330736101956,3.8772828167647706,3.137234375011523,0.7400484417532476,8.049613552866727,6.787234375011523,1.2623791778552045,18.59931612945164,3.65,4.311687401894525,0.0874,0.06497324908549872,natural,0.03,1.1,central
VA,s_c1,photochemical oxidant formation,4.172330736101956,0.0832175387938008,0.08965063216302423,-0.0064330933692234304,4.255548274895757,3.7396506321630243,0.5158976427327326,13.795343294791577,3.65,4.311687401894525,0.0874,0.06497324908549872,natural,0.03,1.1,central
VA,s_c1,_ALL_,4.172330736101956,6.941161817662479,5.250396549308458,1.6907652683540215,11.113492553764434,8.900396549308457,2.213096004455977,24.86513934739155,3.65,4.311687401894525,0.0874,0.06497324908549872,natural,0.03,1.1,central
VA,s_c2,acidification,4.126329552536396,0.007948793144365812,0.012984720676239155,-0.005035927531873343,4.134278345680762,3.662984720676239,0.47129362500452343,12.86638249797329,3.65,4.3895430965585485,0.0874,0.06497324908549872,natural,0.03,1.1,central
VA,s_c2,climate change,4.126329552536396,1.7097596197429388,1.3789656199866647,0.3307939997562741,5.836089172279335,5.028965619986664,0.807123552292671,16.049494335075835,3.65,4.3895430965585485,0.0874,0.06497324908549872,natural,0.03,1.1,central
VA,s_c2,ecotoxicity: freshwater,4.126329552536396,0.4301194625727152,0.26213411753369176,0.16798534503902346,4.556449015109112,3.9121341175336917,0.6443148975754203,16.469652578823464,3.65,4.3895430965585485,0.0874,0.06497324908549872,natural,0.03,1.1,central
VA,s_c2,eutrophication,4.126329552536396,0.511469170352337,0.3694270839373155,0.14204208641502147,4.637798722888733,4.019427083937315,0.6183716389514178,15.384571632673548,3.65,4.3895430965585485,0.0874,0.06497324908549872,natural,0.03,1.1,central
VA,s_c2,particulate matter formation,4.126329552536396,2.999994998290538,3.137234375011523,-0.13723937672098518,7.126324550826935,6.787234375011523,0.3390901758154117,4.995999210869095,3.65,4.3895430965585485,0.0874,0.06497324908549872,natural,0.03,1.1,central
VA,s_c2,photochemical oxidant formation,4.126329552536396,0.0780368712201185,0.08965063216302423,-0.011613760942905726,4.204366423756515,3.7396506321630243,0.4647157915934903,12.426716752540528,3.65,4.3895430965585485,0.0874,0.06497324908549872,natural,0.03,1.1,central
VA,s_c2,_ALL_,4.126329552536396,5.737328915323013,5.250396549308458,0.48693236601455503,9.863658467859409,8.900396549308457,0.9632619185509519,10.82268540749227,3.65,4.3895430965585485,0.0874,0.06497324908549872,natural,0.03,1.1,central
VA,s_o1,acidification,5.4005198152471605,0.010691677482644992,0.012984720676239162,-0.00229304319359417,5.411211492729805,3.662984720676239,1.7482267720535662,47.72683768472883,3.65,5.981160702326495,0.0874,0.06497324908549872,natural,0.03,1.1,central
VA,s_o1,climate change,5.4005198152471605,2.1526834954735232,1.3789656199866647,0.7737178754868586,7.553203310720684,5.028965619986664,2.5242376907340196,50.19397389995904,3.65,5.981160702326495,0.0874,0.06497324908549872,natural,0.03,1.1,central
VA,s_o1,ecotoxicity: freshwater,5.4005198152471605,0.5742567903684541,0.26213411753369176,0.31212267283476236,5.974776605615615,3.9121341175336917,2.062642488081923,52.72422739387742,3.65,5.981160702326495,0.0874,0.06497324908549872,natural,0.03,1.1,central
VA,s_o1,eutrophication,5.4005198152471605,0.7369427269275189,0.36942708393731544,0.3675156429902035,6.13746254217468,4.019427083937315,2.1180354582373644,52.69495910752031,3.65,5.981160702326495,0.0874,0.06497324908549872,natural,0.03,1.1,central
VA,s_o1,particulate matter formation,5.4005198152471605,3.860683102664386,3.137234375011525,0.7234487276528614,9.261202917911547,6.787234375011525,2.473968542900022,36.45031843910387,3.65,5.981160702326495,0.0874,0.06497324908549872,natural,0.03,1.1,central
VA,s_o1,photochemical oxidant formation,5.4005198152471605,0.1059458783842847,0.08965063216302427,0.016295246221260426,5.506465693631445,3.7396506321630243,1.7668150614684208,47.24545780487762,3.65,5.981160702326495,0.0874,0.06497324908549872,natural,0.03,1.1,central
VA,s_o1,_ALL_,5.4005198152471605,7.441203671300812,5.2503965493084594,2.1908071219923526,12.841723486547973,8.900396549308459,3.9413269372395145,44.282599268520755,3.65,5.981160702326495,0.0874,0.06497324908549872,natural,0.03,1.1,central
VA,s_o2,acidification,4.426081294511782,0.005878140488540842,0.012984720676239162,-0.00710658018769832,4.431959435000323,3.662984720676239,0.7689747143240839,20.993118261823387,3.65,5.243609256669271,0.0874,0.06497324908549872,natural,0.03,1.1,central
VA,s_o2,climate change,4.426081294511782,1.1673278223824533,1.3789656199866647,-0.21163779760421142,5.593409116894235,5.028965619986664,0.5644434969075709,11.223848790381425,3.65,5.243609256669271,0.0874,0.06497324908549872,natural,0.03,1.1,central
VA,s_o2,ecotoxicity: freshwater,4.426081294511782,0.31807550930668343,0.26213411753369176,0.05594139177299168,4.744156803818465,3.9121341175336917,0.8320226862847737,21.267744440451388,3.65,5.243609256669271,0.0874,0.06497324908549872,natural,0.03,1.1,central
VA,s_o2,eutrophication,4.426081294511782,0.40654078013547595,0.36942708393731544,0.03711369619816052,4.832622074647258,4.019427083937315,0.8131949907099427,20.231614449723025,3.65,5.243609256669271,0.0874,0.06497324908549872,natural,0.03,1.1,central
VA,s_o2,particulate matter formation,4.426081294511782,2.127414203643476,3.137234375011525,-1.0098201713680486,6.553495498155258,6.787234375011525,-0.2337388768562665,-3.4438014652451074,3.65,5.243609256669271,0.0874,0.06497324908549872,natural,0.03,1.1,central
VA,s_o2,photochemical oxidant formation,4.426081294511782,0.05777724826611241,0.08965063216302427,-0.031873383896911855,4.483858542777894,3.7396506321630243,0.74420791061487,19.900466215059723,3.65,5.243609256669271,0.0874,0.06497324908549872,natural,0.03,1.1,central
VA,s_o2,_ALL_,4.426081294511782,4.083013704222742,5.2503965493084594,-1.1673828450857178,8.509094998734524,8.900396549308459,-0.39130155057393523,-4.396450746953949,3.65,5.243609256669271,0.0874,0.06497324908549872,natural,0.03,1.1,central
VT,s_c1,acidification,4.357098874410644,0.007243559588313006,0.012984720676239155,-0.005741161087926149,4.364342433998957,3.662984720676239,0.7013577133227185,19.147164588588232,3.65,4.497105297171936,0.1242,0.060787855739500345,natural,0.03,1.1,central
VT,s_c1,climate change,4.357098874410644,1.2406723504968242,1.3789656199866647,-0.13829326948984044,5.5977712249074685,5.028965619986664,0.5688056049208043,11.310588457001874,3.65,4.497105297171936,0.1242,0.060787855739500345,natural,0.03,1.1,central
VT,s_c1,ecotoxicity: freshwater,4.357098874410644,0.5156157560992968,0.26213411753369176,0.253481638565605,4.8727146305099405,3.9121341175336917,0.9605805129762488,24.553874793582565,3.65,4.497105297171936,0.1242,0.060787855739500345,natural,0.03,1.1,central
VT,s_c1,eutrophication,4.357098874410644,0.3966937873591618,0.3694270839373155,0.027266703421846283,4.753792661769806,4.019427083937315,0.7343655778324907,18.270404276450446,3.65,4.497105297171936,0.1242,0.060787855739500345,natural,0.03,1.1,central
VT,s_c1,particulate matter formation,4.357098874410644,2.2053800163677346,3.137234375011523,-0.9318543586437884,6.562478890778379,6.787234375011523,-0.2247554842331443,-3.311444276340652,3.65,4.497105297171936,0.1242,0.060787855739500345,natural,0.03,1.1,central
VT,s_c1,photochemical oxidant formation,4.357098874410644,0.06982055221827471,0.08965063216302423,-0.019830079944749515,4.426919426628919,3.7396506321630243,0.6872687944658944,18.37788772445773,3.65,4.497105297171936,0.1242,0.060787855739500345,natural,0.03,1.1,central
VT,s_c1,_ALL_,4.357098874410644,4.4354260221296045,5.250396549308458,-0.8149705271788532,8.792524896540248,8.900396549308457,-0.10787165276820865,-1.2119870409211155,3.65,4.497105297171936,0.1242,0.060787855739500345,natural,0.03,1.1,central
VT,s_c2,acidification,4.329014360802157,0.006139926301980664,0.012984720676239158,-0.006844794374258494,4.335154287104138,3.662984720676239,0.672169566427899,18.35032405769378,3.65,4.592939782236727,0.1242,0.060787855739500345,natural,0.03,1.1,central
VT,s_c2,climate change,4.329014360802157,1.3107989916824505,1.3789656199866647,-0.06816662830421416,5.639813352484607,5.028965619986664,0.6108477324979429,12.146587959763439,3.65,4.592939782236727,0.1242,0.060787855739500345,natural,0.03,1.1,central
VT,s_c2,ecotoxicity: freshwater,4.329014360802157,0.38842047833782334,0.26213411753369176,0.12628636080413158,4.7174348391399805,3.9121341175336917,0.8053007216062888,20.584691051286626,3.65,4.592939782236727,0.1242,0.060787855739500345,natural,0.03,1.1,central
VT,s_c2,eutrophication,4.329014360802157,0.2965536696527709,0.3694270839373155,-0.07287341428454458,4.625568030454928,4.019427083937315,0.6061409465176126,15.080282185983938,3.65,4.592939782236727,0.1242,0.060787855739500345,natural,0.03,1.1,central
VT,s_c2,particulate matter formation,4.329014360802157,1.6603632593632853,3.137234375011523,-1.4768711156482377,5.989377620165442,6.787234375011523,-0.7978567548460811,-11.755255686816128,3.65,4.592939782236727,0.1242,0.060787855739500345,natural,0.03,1.1,central
VT,s_c2,photochemical oxidant formation,4.329014360802157,0.06730237851019835,0.08965063216302423,-0.022348253652825875,4.396316739312355,3.7396506321630243,0.6566661071493307,17.55955760951694,3.65,4.592939782236727,0.1242,0.060787855739500345,natural,0.03,1.1,central
VT,s_c2,_ALL_,4.329014360802157,3.7295787038485093,5.250396549308458,-1.5208178454599484,8.058593064650665,8.900396549308457,-0.8418034846577918,-9.458044706145124,3.65,4.592939782236727,0.1242,0.060787855739500345,natural,0.03,1.1,central
VT,s_o1,acidification,5.547216968720924,0.00867894533134583,0.012984720676239162,-0.004305775344893332,5.555895914052269,3.662984720676239,1.89291119337603,51.67674281280026,3.65,6.128373732073041,0.1242,0.060787855739500345,natural,0.03,1.1,central
VT,s_o1,climate change,5.547216968720924,1.7087586778009163,1.3789656199866647,0.3297930578142516,7.25597564652184,5.028965619986664,2.2270100265351758,44.28365979843547,3.65,6.128373732073041,0.1242,0.060787855739500345,natural,0.03,1.1,central
VT,s_o1,ecotoxicity: freshwater,5.547216968720924,0.5278581919313156,0.26213411753369176,0.2657240743976238,6.075075160652239,3.9121341175336917,2.1629410431185474,55.288008491951196,3.65,6.128373732073041,0.1242,0.060787855739500345,natural,0.03,1.1,central
VT,s_o1,eutrophication,5.547216968720924,0.49780553455121573,0.36942708393731544,0.1283784506139003,6.045022503272139,4.019427083937315,2.025595419334824,50.39512788849023,3.65,6.128373732073041,0.1242,0.060787855739500345,natural,0.03,1.1,central
VT,s_o1,particulate matter formation,5.547216968720924,2.370070411525469,3.137234375011525,-0.7671639634860559,7.917287380246393,6.787234375011525,1.1300530052348678,16.64968296063813,3.65,6.128373732073041,0.1242,0.060787855739500345,natural,0.03,1.1,central
VT,s_o1,photochemical oxidant formation,5.547216968720924,0.09400157264608354,0.08965063216302427,0.004350940483059271,5.6412185413670075,3.7396506321630243,1.9015679092039832,50.84881172720969,3.65,6.128373732073041,0.1242,0.060787855739500345,natural,0.03,1.1,central
VT,s_o1,_ALL_,5.547216968720924,5.207173333786346,5.2503965493084594,-0.04322321552211328,10.75439030250727,8.900396549308459,1.8539937531988109,20.830462361172682,3.65,6.128373732073041,0.1242,0.060787855739500345,natural,0.03,1.1,central
VT,s_o2,acidification,4.570640200979019,0.004775664598893098,0.012984720676239162,-0.008209056077346063,4.575415865577912,3.662984720676239,0.9124311449016731,24.90949906919692,3.65,5.388676520034376,0.1242,0.060787855739500345,natural,0.03,1.1,central
VT,s_o2,climate change,4.570640200979019,0.9241675946370899,1.3789656199866647,-0.4547980253495748,5.494807795616109,5.028965619986664,0.46584217562944463,9.263180757848966,3.65,5.388676520034376,0.1242,0.060787855739500345,natural,0.03,1.1,central
VT,s_o2,ecotoxicity: freshwater,4.570640200979019,0.29266063427854083,0.26213411753369176,0.030526516744849075,4.86330083525756,3.9121341175336917,0.9511667177238681,24.313244105330103,3.65,5.388676520034376,0.1242,0.060787855739500345,natural,0.03,1.1,central
VT,s_o2,eutrophication,4.570640200979019,0.2755531627603797,0.36942708393731544,-0.09387392117693572,4.846193363739399,4.019427083937315,0.8267662798020838,20.569256825333607,3.65,5.388676520034376,0.1242,0.060787855739500345,natural,0.03,1.1,central
VT,s_o2,particulate matter formation,4.570640200979019,1.3109297291828033,3.137234375011525,-1.8263046458287215,5.881569930161822,6.787234375011525,-0.9056644448497027,-13.343644772075,3.65,5.388676520034376,0.1242,0.060787855739500345,natural,0.03,1.1,central
VT,s_o2,photochemical oxidant formation,4.570640200979019,0.0512347437970264,0.08965063216302427,-0.038415888365997866,4.621874944776046,3.7396506321630243,0.8822243126130216,23.591089098682477,3.65,5.388676520034376,0.1242,0.060787855739500345,natural,0.03,1.1,central
VT,s_o2,_ALL_,4.570640200979019,2.859321529254733,5.2503965493084594,-2.3910750200537265,7.429961730233752,8.900396549308459,-1.4704348190747067,-16.52100342865011,3.65,5.388676520034376,0.1242,0.060787855739500345,natural,0.03,1.1,central
WA,s_c1,acidification,4.035972399707025,0.008669882988151233,0.012984720676239155,-0.004314837688087922,4.044642282695176,3.662984720676239,0.3816575620189373,10.419305324005771,3.65,4.174849546786142,0.0637,0.06417603130530856,natural,0.03,1.1,central
WA,s_c1,climate change,4.035972399707025,1.5345666506174849,1.3789656199866647,0.1556010306308202,5.57053905032451,5.028965619986664,0.5415734303378459,10.76908197951216,3.65,4.174849546786142,0.0637,0.06417603130530856,natural,0.03,1.1,central
WA,s_c1,ecotoxicity: freshwater,4.035972399707025,0.5931407651450734,0.26213411753369176,0.33100664761138165,4.6291131648520984,3.9121341175336917,0.7169790473184068,18.327056940737208,3.65,4.174849546786142,0.0637,0.06417603130530856,natural,0.03,1.1,central
WA,s_c1,eutrophication,4.035972399707025,0.8284183648826219,0.3694270839373155,0.4589912809453064,4.864390764589647,4.019427083937315,0.8449636806523317,21.021993010621543,3.65,4.174849546786142,0.0637,0.06417603130530856,natural,0.03,1.1,central
WA,s_c1,particulate matter formation,4.035972399707025,6.339704251419412,3.137234375011523,3.2024698764078887,10.375676651126437,6.787234375011523,3.5884422761149137,52.87046354736824,3.65,4.174849546786142,0.0637,0.06417603130530856,natural,0.03,1.1,central
WA,s_c1,photochemical oxidant formation,4.035972399707025,0.08135518204616503,0.08965063216302423,-0.008295450116859199,4.11732758175319,3.7396506321630243,0.37767694959016573,10.099257570799237,3.65,4.174849546786142,0.0637,0.06417603130530856,natural,0.03,1.1,central
WA,s_c1,_ALL_,4.035972399707025,9.385855097098908,5.250396549308458,4.13545854779045,13.421827496805932,8.900396549308457,4.521430947497475,50.800331450948455,3.65,4.174849546786142,0.0637,0.06417603130530856,natural,0.03,1.1,central
WA,s_c2,acidification,3.978432491196287,0.0072500442502113896,0.012984720676239158,-0.005734676426027769,3.9856825354464984,3.662984720676239,0.3226978147702595,8.809695900415466,3.65,4.241126585446981,0.0637,0.06417603130530856,natural,0.03,1.1,central
WA,s_c2,climate change,3.978432491196287,1.5450773351485838,1.3789656199866647,0.16611171516191914,5.5235098263448705,5.028965619986664,0.4945442063582064,9.833915037969932,3.65,4.241126585446981,0.0637,0.06417603130530856,natural,0.03,1.1,central
WA,s_c2,ecotoxicity: freshwater,3.978432491196287,0.4493153762693548,0.26213411753369176,0.18718125873566305,4.427747867465642,3.9121341175336917,0.51561374993195,13.179858727773011,3.65,4.241126585446981,0.0637,0.06417603130530856,natural,0.03,1.1,central
WA,s_c2,eutrophication,3.978432491196287,0.6418266747389725,0.3694270839373155,0.272399590801657,4.620259165935259,4.019427083937315,0.600832081997944,14.948202055935448,3.65,4.241126585446981,0.0637,0.06417603130530856,natural,0.03,1.1,central
WA,s_c2,particulate matter formation,3.978432491196287,4.970669686896267,3.137234375011523,1.833435311884744,8.949102178092554,6.787234375011523,2.161867803081031,31.851969206196163,3.65,4.241126585446981,0.0637,0.06417603130530856,natural,0.03,1.1,central
WA,s_c2,photochemical oxidant formation,3.978432491196287,0.07606008623420357,0.08965063216302423,-0.013590545928820655,4.054492577430491,3.7396506321630243,0.31484194526746645,8.41902028386435,3.65,4.241126585446981,0.0637,0.06417603130530856,natural,0.03,1.1,central
WA,s_c2,_ALL_,3.978432491196287,7.690199203537594,5.250396549308458,2.439802654229136,11.66863169473388,8.900396549308457,2.7682351454254235,31.102379878124754,3.65,4.241126585446981,0.0637,0.06417603130530856,natural,0.03,1.1,central
WA,s_o1,acidification,5.275175093105761,0.009908495655470823,0.012984720676239162,-0.0030762250207683386,5.285083588761232,3.662984720676239,1.622098868084993,44.283528100153546,3.65,5.855375192027044,0.0637,0.06417603130530856,natural,0.03,1.1,central
WA,s_o1,climate change,5.275175093105761,1.9689958276600348,1.3789656199866647,0.5900302076733701,7.2441709207657965,5.028965619986664,2.2152053007791324,44.04892513035328,3.65,5.855375192027044,0.0637,0.06417603130530856,natural,0.03,1.1,central
WA,s_o1,ecotoxicity: freshwater,5.275175093105761,0.5954621230633987,0.26213411753369176,0.333328005529707,5.87063721616916,3.9121341175336917,1.9585030986354686,50.06226882298602,3.65,5.855375192027044,0.0637,0.06417603130530856,natural,0.03,1.1,central
WA,s_o1,eutrophication,5.275175093105761,0.881901143377949,0.3694270839373155,0.5124740594406335,6.15707623648371,4.019427083937315,2.1376491525463948,53.18293149511286,3.65,5.855375192027044,0.0637,0.06417603130530856,natural,0.03,1.1,central
WA,s_o1,particulate matter formation,5.275175093105761,6.0529960605618705,3.137234375011525,2.9157616855503456,11.328171153667633,6.787234375011525,4.540936778656108,66.90408092248026,3.65,5.855375192027044,0.0637,0.06417603130530856,natural,0.03,1.1,central
WA,s_o1,photochemical oxidant formation,5.275175093105761,0.10367558545189419,0.08965063216302427,0.01402495328886992,5.378850678557655,3.7396506321630243,1.639200046394631,43.83297285304198,3.65,5.855375192027044,0.0637,0.06417603130530856,natural,0.03,1.1,central
WA,s_o1,_ALL_,5.275175093105761,9.612939235770618,5.2503965493084594,4.362542686462159,14.88811432887638,8.900396549308459,5.987717779567921,67.27473036056077,3.65,5.855375192027044,0.0637,0.06417603130530856,natural,0.03,1.1,central
WA,s_o2,acidification,4.302113649926216,0.005450630511843356,0.012984720676239162,-0.007534090164395806,4.30756428043806,3.662984720676239,0.6445795597618207,17.597112980662995,3.65,5.119205666566563,0.0637,0.06417603130530856,natural,0.03,1.1,central
WA,s_o2,climate change,4.302113649926216,1.0667647306209225,1.3789656199866647,-0.3122008893657422,5.368878380547139,5.028965619986664,0.33991276056047504,6.7590989130957,3.65,5.119205666566563,0.0637,0.06417603130530856,natural,0.03,1.1,central
WA,s_o2,ecotoxicity: freshwater,4.302113649926216,0.3297466092275086,0.26213411753369176,0.06761249169381683,4.631860259153725,3.9121341175336917,0.7197261416200331,18.39727678032078,3.65,5.119205666566563,0.0637,0.06417603130530856,natural,0.03,1.1,central
WA,s_o2,eutrophication,4.302113649926216,0.4859715441171051,0.3694270839373155,0.11654446017978959,4.788085194043322,4.019427083937315,0.7686581101060064,19.12357393365253,3.65,5.119205666566563,0.0637,0.06417603130530856,natural,0.03,1.1,central
WA,s_o2,particulate matter formation,4.302113649926216,3.328362083927021,3.137234375011525,0.19112770891549635,7.630475733853237,6.787234375011525,0.8432413588417127,12.423931637697143,3.65,5.119205666566563,0.0637,0.06417603130530856,natural,0.03,1.1,central
WA,s_o2,photochemical oxidant formation,4.302113649926216,0.05655572090135504,0.08965063216302427,-0.033094911261669226,4.358669370827571,3.7396506321630243,0.6190187386645469,16.55284943841144,3.65,5.119205666566563,0.0637,0.06417603130530856,natural,0.03,1.1,central
WA,s_o2,_ALL_,4.302113649926216,5.272851319305755,5.2503965493084594,0.022454769997295898,9.57496496923197,8.900396549308459,0.6745684199235118,7.57908275419396,3.65,5.119205666566563,0.0637,0.06417603130530856,natural,0.03,1.1,central
WI,s_c1,acidification,4.116350482039451,0.011456654507346682,0.012984720676239155,-0.0015280661688924727,4.127807136546798,3.662984720676239,0.4648224158705587,12.689717575036621,3.65,4.255510287265107,0.0827,0.05899411573407246,natural,0.03,1.1,central
WI,s_c1,climate change,4.116350482039451,1.766752926696,1.3789656199866647,0.38778730670933537,5.883103408735451,5.028965619986664,0.8541377887487869,16.984363252637465,3.65,4.255510287265107,0.0827,0.05899411573407246,natural,0.03,1.1,central
WI,s_c1,ecotoxicity: freshwater,4.116350482039451,0.6873024156500561,0.26213411753369176,0.42516829811636436,4.803652897689507,3.9121341175336917,0.8915187801558155,22.788553596875445,3.65,4.255510287265107,0.0827,0.05899411573407246,natural,0.03,1.1,central
WI,s_c1,eutrophication,4.116350482039451,1.275951349234778,0.3694270839373155,0.9065242652974626,5.392301831274229,4.019427083937315,1.3728747473369136,34.15598090641527,3.65,4.255510287265107,0.0827,0.05899411573407246,natural,0.03,1.1,central
WI,s_c1,particulate matter formation,4.116350482039451,11.009990161637381,3.137234375011523,7.8727557866258575,15.126340643676832,6.787234375011523,8.339106268665308,122.86456910000476,3.65,4.255510287265107,0.0827,0.05899411573407246,natural,0.03,1.1,central
WI,s_c1,photochemical oxidant formation,4.116350482039451,0.08899920864856735,0.08965063216302423,-0.0006514235144568781,4.205349690688018,3.7396506321630243,0.4656990585249936,12.453009768338493,3.65,4.255510287265107,0.0827,0.05899411573407246,natural,0.03,1.1,central
WI,s_c1,_ALL_,4.116350482039451,14.840452716374129,5.250396549308458,9.590056167065672,18.95680319841358,8.900396549308457,10.056406649105124,112.98829881783736,3.65,4.255510287265107,0.0827,0.05899411573407246,natural,0.03,1.1,central
WI,s_c2,acidification,4.068061028126113,0.009552712030337121,0.012984720676239155,-0.0034320086459020335,4.07761374015645,3.662984720676239,0.41462901948021136,11.319430767477101,3.65,4.331069919186173,0.0827,0.05899411573407246,natural,0.03,1.1,central
WI,s_c2,climate change,4.068061028126113,1.7531574912288237,1.3789656199866647,0.374191871242159,5.821218519354937,5.028965619986664,0.7922528993682727,15.75379430353659,3.65,4.331069919186173,0.0827,0.05899411573407246,natural,0.03,1.1,central
WI,s_c2,ecotoxicity: freshwater,4.068061028126113,0.5244174731816024,0.26213411753369176,0.2622833556479106,4.592478501307715,3.9121341175336917,0.6803443837740235,17.390620140674773,3.65,4.331069919186173,0.0827,0.05899411573407246,natural,0.03,1.1,central
WI,s_c2,eutrophication,4.068061028126113,1.0006868366250454,0.3694270839373155,0.6312597526877299,5.068747864751159,4.019427083937315,1.0493207808138436,26.106227551861924,3.65,4.331069919186173,0.0827,0.05899411573407246,natural,0.03,1.1,central
WI,s_c2,particulate matter formation,4.068061028126113,8.713971477850272,3.137234375011523,5.576737102838749,12.782032505976385,6.787234375011523,5.994798130964862,88.32460763452987,3.65,4.331069919186173,0.0827,0.05899411573407246,natural,0.03,1.1,central
WI,s_c2,photochemical oxidant formation,4.068061028126113,0.08371821576827167,0.08965063216302423,-0.00593241639475256,4.151779243894385,3.7396506321630243,0.41212861173136073,11.020511065574713,3.65,4.331069919186173,0.0827,0.05899411573407246,natural,0.03,1.1,central
WI,s_c2,_ALL_,4.068061028126113,12.085504206684352,5.250396549308458,6.835107657375894,16.153565234810465,8.900396549308457,7.253168685502008,81.49264637052114,3.65,4.331069919186173,0.0827,0.05899411573407246,natural,0.03,1.1,central
WI,s_o1,acidification,5.324216004292095,0.012477595860394201,0.012984720676239162,-0.0005071248158449605,5.33669360015249,3.662984720676239,1.673708879476251,45.692488697229955,3.65,5.9045885608369755,0.0827,0.05899411573407246,natural,0.03,1.1,central
WI,s_o1,climate change,5.324216004292095,2.2026152708662172,1.3789656199866647,0.8236496508795526,7.526831275158313,5.028965619986664,2.4978656551716485,49.669571119046,3.65,5.9045885608369755,0.0827,0.05899411573407246,natural,0.03,1.1,central
WI,s_o1,ecotoxicity: freshwater,5.324216004292095,0.6789795971511972,0.26213411753369176,0.4168454796175054,6.003195601443292,3.9121341175336917,2.0910614839096007,53.45065943771526,3.65,5.9045885608369755,0.0827,0.05899411573407246,natural,0.03,1.1,central
WI,s_o1,eutrophication,5.324216004292095,1.2812328660450185,0.36942708393731544,0.911805782107703,6.6054488703371135,4.019427083937315,2.5860217863997983,64.33806939138714,3.65,5.9045885608369755,0.0827,0.05899411573407246,natural,0.03,1.1,central
WI,s_o1,particulate matter formation,5.324216004292095,10.218183802580183,3.137234375011525,7.080949427568658,15.542399806872279,6.787234375011525,8.755165431860753,128.9945940881979,3.65,5.9045885608369755,0.0827,0.05899411573407246,natural,0.03,1.1,central
WI,s_o1,photochemical oxidant formation,5.324216004292095,0.11236159734376322,0.08965063216302427,0.02271096518073895,5.436577601635858,3.7396506321630243,1.696926969472834,45.376617667927086,3.65,5.9045885608369755,0.0827,0.05899411573407246,natural,0.03,1.1,central
WI,s_o1,_ALL_,5.324216004292095,14.505850729846774,5.2503965493084594,9.255454180538315,19.830066734138867,8.900396549308459,10.929670184830409,122.79981149468694,3.65,5.9045885608369755,0.0827,0.05899411573407246,natural,0.03,1.1,central
WI,s_o2,acidification,4.350050574886356,0.006854652008445387,0.012984720676239162,-0.006130068667793775,4.356905226894801,3.662984720676239,0.693920506218562,18.9441277846896,3.65,5.167311166864338,0.0827,0.05899411573407246,natural,0.03,1.1,central
WI,s_o2,climate change,4.350050574886356,1.1937159061006364,1.3789656199866647,-0.1852497138860283,5.543766480986992,5.028965619986664,0.5148008610003281,10.23671466264057,3.65,5.167311166864338,0.0827,0.05899411573407246,natural,0.03,1.1,central
WI,s_o2,ecotoxicity: freshwater,4.350050574886356,0.3755091307521599,0.26213411753369176,0.11337501321846816,4.725559705638516,3.9121341175336917,0.8134255881048245,20.792374792550017,3.65,5.167311166864338,0.0827,0.05899411573407246,natural,0.03,1.1,central
WI,s_o2,eutrophication,4.350050574886356,0.7046934944698044,0.3694270839373155,0.33526641053248896,5.05474406935616,4.019427083937315,1.035316985418845,25.75782477946281,3.65,5.167311166864338,0.0827,0.05899411573407246,natural,0.03,1.1,central
WI,s_o2,particulate matter formation,4.350050574886356,5.609792014100968,3.137234375011525,2.4725576390894433,9.959842588987325,6.787234375011525,3.1726082139758,46.74375509495225,3.65,5.167311166864338,0.0827,0.05899411573407246,natural,0.03,1.1,central
WI,s_o2,photochemical oxidant formation,4.350050574886356,0.06124315018540001,0.08965063216302427,-0.028407481977624258,4.411293725071756,3.7396506321630243,0.6716430929087318,17.960049185670897,3.65,5.167311166864338,0.0827,0.05899411573407246,natural,0.03,1.1,central
WI,s_o2,_ALL_,4.350050574886356,7.951808347617415,5.2503965493084594,2.701411798308955,12.30185892250377,8.900396549308459,3.4014623731953115,38.21697555104551,3.65,5.167311166864338,0.0827,0.05899411573407246,natural,0.03,1.1,central
WV,s_c1,acidification,4.051779231667604,0.010614567576104638,0.012984720676239155,-0.002370153100134517,4.062393799243709,3.662984720676239,0.39940907856746977,10.903924231868846,3.65,4.190711965166489,0.0793,0.04982611126188553,natural,0.03,1.1,central
WV,s_c1,climate change,4.051779231667604,1.7418698481693882,1.3789656199866647,0.3629042281827235,5.793649079836992,5.028965619986664,0.7646834598503283,15.205581378628635,3.65,4.190711965166489,0.0793,0.04982611126188553,natural,0.03,1.1,central
WV,s_c1,ecotoxicity: freshwater,4.051779231667604,0.5696429864711543,0.26213411753369176,0.30750886893746254,4.6214222181387585,3.9121341175336917,0.7092881006050669,18.130464838261222,3.65,4.190711965166489,0.0793,0.04982611126188553,natural,0.03,1.1,central
WV,s_c1,eutrophication,4.051779231667604,0.6547195715229339,0.3694270839373155,0.2852924875856184,4.706498803190538,4.019427083937315,0.6870717192532227,17.093772443315157,3.65,4.190711965166489,0.0793,0.04982611126188553,natural,0.03,1.1,central
WV,s_c1,particulate matter formation,4.051779231667604,3.6320956899574277,3.137234375011523,0.4948613149459047,7.683874921625032,6.787234375011523,0.8966405466135088,13.2106907920354,3.65,4.190711965166489,0.0793,0.04982611126188553,natural,0.03,1.1,central
WV,s_c1,photochemical oxidant formation,4.051779231667604,0.08465510540652815,0.08965063216302423,-0.004995526756496074,4.1364343370741326,3.7396506321630243,0.39678370491110826,10.610181108859559,3.65,4.190711965166489,0.0793,0.04982611126188553,natural,0.03,1.1,central
WV,s_c1,_ALL_,4.051779231667604,6.693597769103538,5.250396549308458,1.44320121979508,10.745377000771143,8.900396549308457,1.8449804514626855,20.72919382008925,3.65,4.190711965166489,0.0793,0.04982611126188553,natural,0.03,1.1,central
WV,s_c2,acidification,4.001834433247364,0.008840986011642338,0.012984720676239155,-0.004143734664596816,4.010675419259006,3.662984720676239,0.34769069858276724,9.492005156892343,3.65,4.264610720702844,0.0793,0.04982611126188553,natural,0.03,1.1,central
WV,s_c2,climate change,4.001834433247364,1.7123893683440825,1.3789656199866647,0.33342374835741784,5.714223801591446,5.028965619986664,0.685258181604782,13.626225219781858,3.65,4.264610720702844,0.0793,0.04982611126188553,natural,0.03,1.1,central
WV,s_c2,ecotoxicity: freshwater,4.001834433247364,0.4317104306934788,0.26213411753369176,0.16957631315978705,4.433544863940843,3.9121341175336917,0.5214107464071511,13.328038629101542,3.65,4.264610720702844,0.0793,0.04982611126188553,natural,0.03,1.1,central
WV,s_c2,eutrophication,4.001834433247364,0.5032998571974632,0.3694270839373155,0.13387277326014768,4.505134290444827,4.019427083937315,0.4857072065075121,12.08399098589263,3.65,4.264610720702844,0.0793,0.04982611126188553,natural,0.03,1.1,central
WV,s_c2,particulate matter formation,4.001834433247364,2.8035359356168597,3.137234375011523,-0.33369843939466337,6.8053703688642235,6.787234375011523,0.018135993852700594,0.2672074198508845,3.65,4.264610720702844,0.0793,0.04982611126188553,natural,0.03,1.1,central
WV,s_c2,photochemical oxidant formation,4.001834433247364,0.07918873833869403,0.08965063216302423,-0.010461893824330201,4.081023171586058,3.7396506321630243,0.341372539423034,9.128460730717597,3.65,4.264610720702844,0.0793,0.04982611126188553,natural,0.03,1.1,central
WV,s_c2,_ALL_,4.001834433247364,5.538965316202221,5.250396549308458,0.2885687668937633,9.540799749449585,8.900396549308457,0.6404032001411277,7.195220983618824,3.65,4.264610720702844,0.0793,0.04982611126188553,natural,0.03,1.1,central
WV,s_o1,acidification,5.2262178598169795,0.011684423453243581,0.012984720676239162,-0.001300297222995581,5.237902283270223,3.662984720676239,1.5749175625939844,42.99547179938092,3.65,5.806245795376965,0.0793,0.04982611126188553,natural,0.03,1.1,central
WV,s_o1,climate change,5.2262178598169795,2.155609625487812,1.3789656199866647,0.7766440055011472,7.381827485304791,5.028965619986664,2.3528618653181272,46.78619905387952,3.65,5.806245795376965,0.0793,0.04982611126188553,natural,0.03,1.1,central
WV,s_o1,ecotoxicity: freshwater,5.2262178598169795,0.576027065887536,0.26213411753369176,0.3138929483538443,5.802244925704516,3.9121341175336917,1.890110808170824,48.3140595742765,3.65,5.806245795376965,0.0793,0.04982611126188553,natural,0.03,1.1,central
WV,s_o1,eutrophication,5.2262178598169795,0.7278527050112764,0.3694270839373155,0.3584256210739609,5.954070564828256,4.019427083937315,1.9346434808909407,48.13231937014814,3.65,5.806245795376965,0.0793,0.04982611126188553,natural,0.03,1.1,central
WV,s_o1,particulate matter formation,5.2262178598169795,3.642082450260359,3.137234375011525,0.5048480752488342,8.868300310077338,6.787234375011525,2.081065935065813,30.661471522593168,3.65,5.806245795376965,0.0793,0.04982611126188553,natural,0.03,1.1,central
WV,s_o1,photochemical oxidant formation,5.2262178598169795,0.10722756475790649,0.08965063216302427,0.017576932594882216,5.333445424574886,3.7396506321630243,1.5937947924118614,42.61881520975145,3.65,5.806245795376965,0.0793,0.04982611126188553,natural,0.03,1.1,central
WV,s_o1,_ALL_,5.2262178598169795,7.220483834858133,5.2503965493084594,1.9700872855496732,12.446701694675113,8.900396549308459,3.546305145366654,39.84434991991671,3.65,5.806245795376965,0.0793,0.04982611126188553,natural,0.03,1.1,central
WV,s_o2,acidification,4.25224998584119,0.0064219180082786,0.012984720676239162,-0.006562802667960562,4.258671903849469,3.662984720676239,0.5956871831732298,16.262344197364204,3.65,5.069166651559134,0.0793,0.04982611126188553,natural,0.03,1.1,central
WV,s_o2,climate change,4.25224998584119,1.1689306127928145,1.3789656199866647,-0.21003500719385015,5.421180598634004,5.028965619986664,0.3922149786473401,7.799118313486903,3.65,5.069166651559134,0.0793,0.04982611126188553,natural,0.03,1.1,central
WV,s_o2,ecotoxicity: freshwater,4.25224998584119,0.3190451793527259,0.26213411753369176,0.05691106181903416,4.5712951651939155,3.9121341175336917,0.6591610476602239,16.84914238256677,3.65,5.069166651559134,0.0793,0.04982611126188553,natural,0.03,1.1,central
WV,s_o2,eutrophication,4.25224998584119,0.4015617122587301,0.36942708393731544,0.03213462832141467,4.65381169809992,4.019427083937315,0.634384614162605,15.782961126419544,3.65,5.069166651559134,0.0793,0.04982611126188553,natural,0.03,1.1,central
WV,s_o2,particulate matter formation,4.25224998584119,2.00767549495283,3.137234375011525,-1.1295588800586946,6.259925480794021,6.787234375011525,-0.5273088942175042,-7.769127527979448,3.65,5.069166651559134,0.0793,0.04982611126188553,natural,0.03,1.1,central
WV,s_o2,photochemical oxidant formation,4.25224998584119,0.05847929315772704,0.08965063216302427,-0.031171339005297227,4.310729278998917,3.7396506321630243,0.5710786468358924,15.270909050281494,3.65,5.069166651559134,0.0793,0.04982611126188553,natural,0.03,1.1,central
WV,s_o2,_ALL_,4.25224998584119,3.9621142105231066,5.2503965493084594,-1.2882823387853528,8.214364196364297,8.900396549308459,-0.6860323529441619,-7.707885251443825,3.65,5.069166651559134,0.0793,0.04982611126188553,natural,0.03,1.1,central
WY,s_c1,acidification,4.127775928588113,0.008666915368608375,0.012984720676239155,-0.0043178053076307794,4.136442843956721,3.662984720676239,0.4734581232804822,12.925473606482178,3.65,4.26697591262186,0.0851,0.05859550684397738,natural,0.03,1.1,central
WY,s_c1,climate change,4.127775928588113,1.53396513338534,1.3789656199866647,0.15499951339867524,5.661741061973453,5.028965619986664,0.632775441986789,12.582616183971188,3.65,4.26697591262186,0.0851,0.05859550684397738,natural,0.03,1.1,central
WY,s_c1,ecotoxicity: freshwater,4.127775928588113,0.5931671021309118,0.26213411753369176,0.3310329845972201,4.720943030719025,3.9121341175336917,0.8088089131853331,20.67436567576642,3.65,4.26697591262186,0.0851,0.05859550684397738,natural,0.03,1.1,central
WY,s_c1,eutrophication,4.127775928588113,0.8284011855627236,0.3694270839373155,0.4589741016254081,4.956177114150837,4.019427083937315,0.9367500302135214,23.30556098298238,3.65,4.26697591262186,0.0851,0.05859550684397738,natural,0.03,1.1,central
WY,s_c1,particulate matter formation,4.127775928588113,6.339749260733064,3.137234375011523,3.202514885721541,10.467525189321176,6.787234375011523,3.680290814309653,54.223717805581224,3.65,4.26697591262186,0.0851,0.05859550684397738,natural,0.03,1.1,central
WY,s_c1,photochemical oxidant formation,4.127775928588113,0.08128382167459812,0.08965063216302423,-0.008366810488426107,4.2090597502627105,3.7396506321630243,0.4694091180996862,12.552218489676902,3.65,4.26697591262186,0.0851,0.05859550684397738,natural,0.03,1.1,central
WY,s_c1,_ALL_,4.127775928588113,9.385233418855245,5.250396549308458,4.134836869546787,13.513009347443358,8.900396549308457,4.612612798134901,51.82480098028095,3.65,4.26697591262186,0.0851,0.05859550684397738,natural,0.03,1.1,central
WY,s_c2,acidification,4.080654953150237,0.007247857034153248,0.012984720676239155,-0.005736863642085907,4.08790281018439,3.662984720676239,0.42491808950815146,11.60032383180964,3.65,4.343708077080215,0.0851,0.05859550684397738,natural,0.03,1.1,central
WY,s_c2,climate change,4.080654953150237,1.5446340006407746,1.3789656199866647,0.16566838065410994,5.625288953791012,5.028965619986664,0.5963233338043477,11.857773126035587,3.65,4.343708077080215,0.0851,0.05859550684397738,natural,0.03,1.1,central
WY,s_c2,ecotoxicity: freshwater,4.080654953150237,0.4493347873419391,0.26213411753369176,0.18720066980824734,4.5299897404921765,3.9121341175336917,0.6178556229584848,15.793313940576166,3.65,4.343708077080215,0.0851,0.05859550684397738,natural,0.03,1.1,central
WY,s_c2,eutrophication,4.080654953150237,0.6418140131144591,0.3694270839373155,0.2723869291771436,4.722468966264696,4.019427083937315,0.7030418823273807,17.49109680672951,3.65,4.343708077080215,0.0851,0.05859550684397738,natural,0.03,1.1,central
WY,s_c2,particulate matter formation,4.080654953150237,4.9707028599806735,3.137234375011523,1.8334684849691505,9.05135781313091,6.787234375011523,2.2641234381193867,33.358556858669594,3.65,4.343708077080215,0.0851,0.05859550684397738,natural,0.03,1.1,central
WY,s_c2,photochemical oxidant formation,4.080654953150237,0.07600749170570954,0.08965063216302423,-0.013643140457314684,4.156662444855947,3.7396506321630243,0.4170118126929223,11.151090134099547,3.65,4.343708077080215,0.0851,0.05859550684397738,natural,0.03,1.1,central
WY,s_c2,_ALL_,4.080654953150237,7.689741009817709,5.250396549308458,2.4393444605092514,11.770395962967946,8.900396549308457,2.869999413659489,32.24574767831532,3.65,4.343708077080215,0.0851,0.05859550684397738,natural,0.03,1.1,central
WY,s_o1,acidification,5.332672726565819,0.009904527760935146,0.012984720676239162,-0.0030801929153040156,5.342577254326754,3.662984720676239,1.6795925336505149,45.85311328681814,3.65,5.91307502208152,0.0851,0.05859550684397738,natural,0.03,1.1,central
WY,s_o1,climate change,5.332672726565819,1.9681915611750365,1.3789656199866647,0.5892259411883718,7.300864287740855,5.028965619986664,2.271898667754191,45.17626166949647,3.65,5.91307502208152,0.0851,0.05859550684397738,natural,0.03,1.1,central
WY,s_o1,ecotoxicity: freshwater,5.332672726565819,0.5954973372748854,0.26213411753369176,0.33336321974119365,5.928170063840704,3.9121341175336917,2.0160359463070123,51.53289446983408,3.65,5.91307502208152,0.0851,0.05859550684397738,natural,0.03,1.1,central
WY,s_o1,eutrophication,5.332672726565819,0.8818781735435184,0.36942708393731544,0.5124510896062029,6.214550900109337,4.019427083937315,2.195123816172022,54.61285328310377,3.65,5.91307502208152,0.0851,0.05859550684397738,natural,0.03,1.1,central
WY,s_o1,particulate matter formation,5.332672726565819,6.053056240853554,3.137234375011525,2.915821865842029,11.385728967419372,6.787234375011525,4.598494592407847,67.75211136568477,3.65,5.91307502208152,0.0851,0.05859550684397738,natural,0.03,1.1,central
WY,s_o1,photochemical oxidant formation,5.332672726565819,0.10358017213347,0.08965063216302427,0.013929539970445728,5.436252898699289,3.7396506321630243,1.6966022665362646,45.36793496014212,3.65,5.91307502208152,0.0851,0.05859550684397738,natural,0.03,1.1,central
WY,s_o1,_ALL_,5.332672726565819,9.612108012741398,5.2503965493084594,4.361711463432939,14.944780739307216,8.900396549308459,6.044384189998757,67.91140323369515,3.65,5.91307502208152,0.0851,0.05859550684397738,natural,0.03,1.1,central
WY,s_o2,acidification,4.358367846268348,0.005448431495998506,0.012984720676239162,-0.007536289180240656,4.3638162777643466,3.662984720676239,0.7008315570881076,19.132800449102724,3.65,5.175657686823134,0.0851,0.05859550684397738,natural,0.03,1.1,central
WY,s_o2,climate change,4.358367846268348,1.0663190043728858,1.3789656199866647,-0.3126466156137788,5.424686850641234,5.028965619986664,0.3957212306545701,7.868839450439899,3.65,5.175657686823134,0.0851,0.05859550684397738,natural,0.03,1.1,central
WY,s_o2,ecotoxicity: freshwater,4.358367846268348,0.3297661250206647,0.26213411753369176,0.06763200748697296,4.688133971289012,3.9121341175336917,0.7759998537553208,19.83571703938746,3.65,5.175657686823134,0.0851,0.05859550684397738,natural,0.03,1.1,central
WY,s_o2,eutrophication,4.358367846268348,0.4859588141845398,0.3694270839373155,0.1165317302472243,4.844326660452888,4.019427083937315,0.8248995765155724,20.522814801444902,3.65,5.175657686823134,0.0851,0.05859550684397738,natural,0.03,1.1,central
WY,s_o2,particulate matter formation,4.358367846268348,3.3283954359765193,3.137234375011525,0.19116106096499452,7.6867632822448675,6.787234375011525,0.8995289072333428,13.253246573377915,3.65,5.175657686823134,0.0851,0.05859550684397738,natural,0.03,1.1,central
WY,s_o2,photochemical oxidant formation,4.358367846268348,0.05650284263124531,0.08965063216302427,-0.03314778953177896,4.414870688899594,3.7396506321630243,0.6752200567365696,18.055698864736478,3.65,5.175657686823134,0.0851,0.05859550684397738,natural,0.03,1.1,central
WY,s_o2,_ALL_,4.358367846268348,5.272390653681854,5.2503965493084594,0.021994104373394663,9.630758499950202,8.900396549308459,0.7303619506417434,8.205948427078688,3.65,5.175657686823134,0.0851,0.05859550684397738,natural,0.03,1.1,central
